DECLARE @ThemeId INT;

-- ======================
-- Questions / Réponses - Thème : Général (185 questions)
-- ======================
SET @ThemeId = (SELECT Id FROM [dbo].[Theme_THM] WHERE Label = N'Général');

-- Question 1
SET IDENTITY_INSERT [dbo].[Question_QST] ON;
IF NOT EXISTS (SELECT 1 FROM [dbo].[Question_QST] WHERE Id = 1)
BEGIN
    INSERT INTO [dbo].[Question_QST] ([Id], [Question], [Id_Difficulty])
    VALUES (1, N'Quelle est la capitale de la France ?', 1);
END
SET IDENTITY_INSERT [dbo].[Question_QST] OFF;

INSERT INTO [dbo].[Answer_ANS] ([Id_Question], [Value], [Valid]) VALUES
    (1, N'Paris', 1),
    (1, N'Lyon', 0),
    (1, N'Marseille', 0),
    (1, N'Bordeaux', 0);

IF NOT EXISTS (SELECT 1 FROM [dbo].[QuestionTheme_QTH] WHERE Id_Question = 1 AND Id_Theme = @ThemeId)
BEGIN
    INSERT INTO [dbo].[QuestionTheme_QTH] ([Id_Question], [Id_Theme]) VALUES (1, @ThemeId);
END

-- Question 2
SET IDENTITY_INSERT [dbo].[Question_QST] ON;
IF NOT EXISTS (SELECT 1 FROM [dbo].[Question_QST] WHERE Id = 2)
BEGIN
    INSERT INTO [dbo].[Question_QST] ([Id], [Question], [Id_Difficulty])
    VALUES (2, N'Quel est l''élément chimique dont le symbole est O ?', 1);
END
SET IDENTITY_INSERT [dbo].[Question_QST] OFF;

INSERT INTO [dbo].[Answer_ANS] ([Id_Question], [Value], [Valid]) VALUES
    (2, N'Or', 0),
    (2, N'Oxygène', 1),
    (2, N'Osmium', 0),
    (2, N'Oganesson', 0);

IF NOT EXISTS (SELECT 1 FROM [dbo].[QuestionTheme_QTH] WHERE Id_Question = 2 AND Id_Theme = @ThemeId)
BEGIN
    INSERT INTO [dbo].[QuestionTheme_QTH] ([Id_Question], [Id_Theme]) VALUES (2, @ThemeId);
END

-- Question 3
SET IDENTITY_INSERT [dbo].[Question_QST] ON;
IF NOT EXISTS (SELECT 1 FROM [dbo].[Question_QST] WHERE Id = 3)
BEGIN
    INSERT INTO [dbo].[Question_QST] ([Id], [Question], [Id_Difficulty])
    VALUES (3, N'Combien de continents y a-t-il sur Terre ?', 1);
END
SET IDENTITY_INSERT [dbo].[Question_QST] OFF;

INSERT INTO [dbo].[Answer_ANS] ([Id_Question], [Value], [Valid]) VALUES
    (3, N'5', 0),
    (3, N'6', 0),
    (3, N'7', 1),
    (3, N'8', 0);

IF NOT EXISTS (SELECT 1 FROM [dbo].[QuestionTheme_QTH] WHERE Id_Question = 3 AND Id_Theme = @ThemeId)
BEGIN
    INSERT INTO [dbo].[QuestionTheme_QTH] ([Id_Question], [Id_Theme]) VALUES (3, @ThemeId);
END

-- Question 4
SET IDENTITY_INSERT [dbo].[Question_QST] ON;
IF NOT EXISTS (SELECT 1 FROM [dbo].[Question_QST] WHERE Id = 4)
BEGIN
    INSERT INTO [dbo].[Question_QST] ([Id], [Question], [Id_Difficulty])
    VALUES (4, N'Quel animal est connu pour aboyer ?', 1);
END
SET IDENTITY_INSERT [dbo].[Question_QST] OFF;

INSERT INTO [dbo].[Answer_ANS] ([Id_Question], [Value], [Valid]) VALUES
    (4, N'Chat', 0),
    (4, N'Chien', 1),
    (4, N'Cheval', 0),
    (4, N'Dauphin', 0);

IF NOT EXISTS (SELECT 1 FROM [dbo].[QuestionTheme_QTH] WHERE Id_Question = 4 AND Id_Theme = @ThemeId)
BEGIN
    INSERT INTO [dbo].[QuestionTheme_QTH] ([Id_Question], [Id_Theme]) VALUES (4, @ThemeId);
END

-- Question 5
SET IDENTITY_INSERT [dbo].[Question_QST] ON;
IF NOT EXISTS (SELECT 1 FROM [dbo].[Question_QST] WHERE Id = 5)
BEGIN
    INSERT INTO [dbo].[Question_QST] ([Id], [Question], [Id_Difficulty])
    VALUES (5, N'Quelle couleur obtient-on en mélangeant le bleu et le jaune (peinture) ?', 1);
END
SET IDENTITY_INSERT [dbo].[Question_QST] OFF;

INSERT INTO [dbo].[Answer_ANS] ([Id_Question], [Value], [Valid]) VALUES
    (5, N'Vert', 1),
    (5, N'Orange', 0),
    (5, N'Violet', 0),
    (5, N'Rose', 0);

IF NOT EXISTS (SELECT 1 FROM [dbo].[QuestionTheme_QTH] WHERE Id_Question = 5 AND Id_Theme = @ThemeId)
BEGIN
    INSERT INTO [dbo].[QuestionTheme_QTH] ([Id_Question], [Id_Theme]) VALUES (5, @ThemeId);
END

-- Question 6
SET IDENTITY_INSERT [dbo].[Question_QST] ON;
IF NOT EXISTS (SELECT 1 FROM [dbo].[Question_QST] WHERE Id = 6)
BEGIN
    INSERT INTO [dbo].[Question_QST] ([Id], [Question], [Id_Difficulty])
    VALUES (6, N'Quel est le principal organe de la respiration chez l''humain ?', 1);
END
SET IDENTITY_INSERT [dbo].[Question_QST] OFF;

INSERT INTO [dbo].[Answer_ANS] ([Id_Question], [Value], [Valid]) VALUES
    (6, N'Cœur', 0),
    (6, N'Foie', 0),
    (6, N'Poumons', 1),
    (6, N'Rein', 0);

IF NOT EXISTS (SELECT 1 FROM [dbo].[QuestionTheme_QTH] WHERE Id_Question = 6 AND Id_Theme = @ThemeId)
BEGIN
    INSERT INTO [dbo].[QuestionTheme_QTH] ([Id_Question], [Id_Theme]) VALUES (6, @ThemeId);
END

-- Question 7
SET IDENTITY_INSERT [dbo].[Question_QST] ON;
IF NOT EXISTS (SELECT 1 FROM [dbo].[Question_QST] WHERE Id = 7)
BEGIN
    INSERT INTO [dbo].[Question_QST] ([Id], [Question], [Id_Difficulty])
    VALUES (7, N'Quel fruit est jaune à maturité et courbé ?', 1);
END
SET IDENTITY_INSERT [dbo].[Question_QST] OFF;

INSERT INTO [dbo].[Answer_ANS] ([Id_Question], [Value], [Valid]) VALUES
    (7, N'Pomme', 0),
    (7, N'Raisin', 0),
    (7, N'Banane', 1),
    (7, N'Cerise', 0);

IF NOT EXISTS (SELECT 1 FROM [dbo].[QuestionTheme_QTH] WHERE Id_Question = 7 AND Id_Theme = @ThemeId)
BEGIN
    INSERT INTO [dbo].[QuestionTheme_QTH] ([Id_Question], [Id_Theme]) VALUES (7, @ThemeId);
END

-- Question 8
SET IDENTITY_INSERT [dbo].[Question_QST] ON;
IF NOT EXISTS (SELECT 1 FROM [dbo].[Question_QST] WHERE Id = 8)
BEGIN
    INSERT INTO [dbo].[Question_QST] ([Id], [Question], [Id_Difficulty])
    VALUES (8, N'Combien de jours y a-t-il en février lors d''une année non bissextile ?', 1);
END
SET IDENTITY_INSERT [dbo].[Question_QST] OFF;

INSERT INTO [dbo].[Answer_ANS] ([Id_Question], [Value], [Valid]) VALUES
    (8, N'28', 1),
    (8, N'29', 0),
    (8, N'30', 0),
    (8, N'31', 0);

IF NOT EXISTS (SELECT 1 FROM [dbo].[QuestionTheme_QTH] WHERE Id_Question = 8 AND Id_Theme = @ThemeId)
BEGIN
    INSERT INTO [dbo].[QuestionTheme_QTH] ([Id_Question], [Id_Theme]) VALUES (8, @ThemeId);
END

-- Question 9
SET IDENTITY_INSERT [dbo].[Question_QST] ON;
IF NOT EXISTS (SELECT 1 FROM [dbo].[Question_QST] WHERE Id = 9)
BEGIN
    INSERT INTO [dbo].[Question_QST] ([Id], [Question], [Id_Difficulty])
    VALUES (9, N'Quel instrument a des touches blanches et noires et se joue avec les doigts ?', 1);
END
SET IDENTITY_INSERT [dbo].[Question_QST] OFF;

INSERT INTO [dbo].[Answer_ANS] ([Id_Question], [Value], [Valid]) VALUES
    (9, N'Guitare', 0),
    (9, N'Piano', 1),
    (9, N'Violon', 0),
    (9, N'Trompette', 0);

IF NOT EXISTS (SELECT 1 FROM [dbo].[QuestionTheme_QTH] WHERE Id_Question = 9 AND Id_Theme = @ThemeId)
BEGIN
    INSERT INTO [dbo].[QuestionTheme_QTH] ([Id_Question], [Id_Theme]) VALUES (9, @ThemeId);
END

-- Question 10
SET IDENTITY_INSERT [dbo].[Question_QST] ON;
IF NOT EXISTS (SELECT 1 FROM [dbo].[Question_QST] WHERE Id = 10)
BEGIN
    INSERT INTO [dbo].[Question_QST] ([Id], [Question], [Id_Difficulty])
    VALUES (10, N'Quel est le plus grand océan du monde ?', 1);
END
SET IDENTITY_INSERT [dbo].[Question_QST] OFF;

INSERT INTO [dbo].[Answer_ANS] ([Id_Question], [Value], [Valid]) VALUES
    (10, N'Atlantique', 0),
    (10, N'Indien', 0),
    (10, N'Arctique', 0),
    (10, N'Pacifique', 1);

IF NOT EXISTS (SELECT 1 FROM [dbo].[QuestionTheme_QTH] WHERE Id_Question = 10 AND Id_Theme = @ThemeId)
BEGIN
    INSERT INTO [dbo].[QuestionTheme_QTH] ([Id_Question], [Id_Theme]) VALUES (10, @ThemeId);
END

-- Question 11
SET IDENTITY_INSERT [dbo].[Question_QST] ON;
IF NOT EXISTS (SELECT 1 FROM [dbo].[Question_QST] WHERE Id = 11)
BEGIN
    INSERT INTO [dbo].[Question_QST] ([Id], [Question], [Id_Difficulty])
    VALUES (11, N'Quel pays est célèbre pour la pizza napolitaine et le Colisée ?', 1);
END
SET IDENTITY_INSERT [dbo].[Question_QST] OFF;

INSERT INTO [dbo].[Answer_ANS] ([Id_Question], [Value], [Valid]) VALUES
    (11, N'Espagne', 0),
    (11, N'Italie', 1),
    (11, N'Grèce', 0),
    (11, N'Portugal', 0);

IF NOT EXISTS (SELECT 1 FROM [dbo].[QuestionTheme_QTH] WHERE Id_Question = 11 AND Id_Theme = @ThemeId)
BEGIN
    INSERT INTO [dbo].[QuestionTheme_QTH] ([Id_Question], [Id_Theme]) VALUES (11, @ThemeId);
END

-- Question 12
SET IDENTITY_INSERT [dbo].[Question_QST] ON;
IF NOT EXISTS (SELECT 1 FROM [dbo].[Question_QST] WHERE Id = 12)
BEGIN
    INSERT INTO [dbo].[Question_QST] ([Id], [Question], [Id_Difficulty])
    VALUES (12, N'Quel métal est utilisé pour fabriquer des pièces de monnaie anciennes et conduit bien l''électricité ?', 1);
END
SET IDENTITY_INSERT [dbo].[Question_QST] OFF;

INSERT INTO [dbo].[Answer_ANS] ([Id_Question], [Value], [Valid]) VALUES
    (12, N'Plastique', 0),
    (12, N'Aluminium', 0),
    (12, N'Cuivre', 1),
    (12, N'Verre', 0);

IF NOT EXISTS (SELECT 1 FROM [dbo].[QuestionTheme_QTH] WHERE Id_Question = 12 AND Id_Theme = @ThemeId)
BEGIN
    INSERT INTO [dbo].[QuestionTheme_QTH] ([Id_Question], [Id_Theme]) VALUES (12, @ThemeId);
END

-- Question 13
SET IDENTITY_INSERT [dbo].[Question_QST] ON;
IF NOT EXISTS (SELECT 1 FROM [dbo].[Question_QST] WHERE Id = 13)
BEGIN
    INSERT INTO [dbo].[Question_QST] ([Id], [Question], [Id_Difficulty])
    VALUES (13, N'Quel sport utilise une balle et un panier surélevé ?', 1);
END
SET IDENTITY_INSERT [dbo].[Question_QST] OFF;

INSERT INTO [dbo].[Answer_ANS] ([Id_Question], [Value], [Valid]) VALUES
    (13, N'Football', 0),
    (13, N'Basket-ball', 1),
    (13, N'Tennis', 0),
    (13, N'Rugby', 0);

IF NOT EXISTS (SELECT 1 FROM [dbo].[QuestionTheme_QTH] WHERE Id_Question = 13 AND Id_Theme = @ThemeId)
BEGIN
    INSERT INTO [dbo].[QuestionTheme_QTH] ([Id_Question], [Id_Theme]) VALUES (13, @ThemeId);
END

-- Question 14
SET IDENTITY_INSERT [dbo].[Question_QST] ON;
IF NOT EXISTS (SELECT 1 FROM [dbo].[Question_QST] WHERE Id = 14)
BEGIN
    INSERT INTO [dbo].[Question_QST] ([Id], [Question], [Id_Difficulty])
    VALUES (14, N'Comment s''appelle la fête nationale française (14 juillet) ?', 1);
END
SET IDENTITY_INSERT [dbo].[Question_QST] OFF;

INSERT INTO [dbo].[Answer_ANS] ([Id_Question], [Value], [Valid]) VALUES
    (14, N'Jour de la Bastille', 0),
    (14, N'Fête de la Révolution', 0),
    (14, N'Fête Nationale', 1),
    (14, N'Jour de la Liberté', 0);

IF NOT EXISTS (SELECT 1 FROM [dbo].[QuestionTheme_QTH] WHERE Id_Question = 14 AND Id_Theme = @ThemeId)
BEGIN
    INSERT INTO [dbo].[QuestionTheme_QTH] ([Id_Question], [Id_Theme]) VALUES (14, @ThemeId);
END

-- Question 15
SET IDENTITY_INSERT [dbo].[Question_QST] ON;
IF NOT EXISTS (SELECT 1 FROM [dbo].[Question_QST] WHERE Id = 15)
BEGIN
    INSERT INTO [dbo].[Question_QST] ([Id], [Question], [Id_Difficulty])
    VALUES (15, N'Combien de paires de jambes a une araignée ?', 1);
END
SET IDENTITY_INSERT [dbo].[Question_QST] OFF;

INSERT INTO [dbo].[Answer_ANS] ([Id_Question], [Value], [Valid]) VALUES
    (15, N'2', 0),
    (15, N'4', 0),
    (15, N'6', 0),
    (15, N'8', 1);

IF NOT EXISTS (SELECT 1 FROM [dbo].[QuestionTheme_QTH] WHERE Id_Question = 15 AND Id_Theme = @ThemeId)
BEGIN
    INSERT INTO [dbo].[QuestionTheme_QTH] ([Id_Question], [Id_Theme]) VALUES (15, @ThemeId);
END

-- Question 16
SET IDENTITY_INSERT [dbo].[Question_QST] ON;
IF NOT EXISTS (SELECT 1 FROM [dbo].[Question_QST] WHERE Id = 16)
BEGIN
    INSERT INTO [dbo].[Question_QST] ([Id], [Question], [Id_Difficulty])
    VALUES (16, N'Qui a peint la Joconde ?', 1);
END
SET IDENTITY_INSERT [dbo].[Question_QST] OFF;

INSERT INTO [dbo].[Answer_ANS] ([Id_Question], [Value], [Valid]) VALUES
    (16, N'Van Gogh', 0),
    (16, N'Picasso', 0),
    (16, N'Leonard de Vinci', 1),
    (16, N'Monet', 0);

IF NOT EXISTS (SELECT 1 FROM [dbo].[QuestionTheme_QTH] WHERE Id_Question = 16 AND Id_Theme = @ThemeId)
BEGIN
    INSERT INTO [dbo].[QuestionTheme_QTH] ([Id_Question], [Id_Theme]) VALUES (16, @ThemeId);
END

-- Question 17
SET IDENTITY_INSERT [dbo].[Question_QST] ON;
IF NOT EXISTS (SELECT 1 FROM [dbo].[Question_QST] WHERE Id = 17)
BEGIN
    INSERT INTO [dbo].[Question_QST] ([Id], [Question], [Id_Difficulty])
    VALUES (17, N'Quel est le plus petit nombre premier ?', 1);
END
SET IDENTITY_INSERT [dbo].[Question_QST] OFF;

INSERT INTO [dbo].[Answer_ANS] ([Id_Question], [Value], [Valid]) VALUES
    (17, N'0', 0),
    (17, N'1', 0),
    (17, N'2', 1),
    (17, N'3', 0);

IF NOT EXISTS (SELECT 1 FROM [dbo].[QuestionTheme_QTH] WHERE Id_Question = 17 AND Id_Theme = @ThemeId)
BEGIN
    INSERT INTO [dbo].[QuestionTheme_QTH] ([Id_Question], [Id_Theme]) VALUES (17, @ThemeId);
END

-- Question 18
SET IDENTITY_INSERT [dbo].[Question_QST] ON;
IF NOT EXISTS (SELECT 1 FROM [dbo].[Question_QST] WHERE Id = 18)
BEGIN
    INSERT INTO [dbo].[Question_QST] ([Id], [Question], [Id_Difficulty])
    VALUES (18, N'Quel est le principal gaz présent dans l''air que nous respirons ?', 1);
END
SET IDENTITY_INSERT [dbo].[Question_QST] OFF;

INSERT INTO [dbo].[Answer_ANS] ([Id_Question], [Value], [Valid]) VALUES
    (18, N'Oxygène', 0),
    (18, N'Azote', 1),
    (18, N'Dioxyde de carbone', 0),
    (18, N'Hélium', 0);

IF NOT EXISTS (SELECT 1 FROM [dbo].[QuestionTheme_QTH] WHERE Id_Question = 18 AND Id_Theme = @ThemeId)
BEGIN
    INSERT INTO [dbo].[QuestionTheme_QTH] ([Id_Question], [Id_Theme]) VALUES (18, @ThemeId);
END

-- Question 19
SET IDENTITY_INSERT [dbo].[Question_QST] ON;
IF NOT EXISTS (SELECT 1 FROM [dbo].[Question_QST] WHERE Id = 19)
BEGIN
    INSERT INTO [dbo].[Question_QST] ([Id], [Question], [Id_Difficulty])
    VALUES (19, N'Quelle planète est la plus proche du Soleil ?', 1);
END
SET IDENTITY_INSERT [dbo].[Question_QST] OFF;

INSERT INTO [dbo].[Answer_ANS] ([Id_Question], [Value], [Valid]) VALUES
    (19, N'Vénus', 0),
    (19, N'Mars', 0),
    (19, N'Mercure', 1),
    (19, N'Terre', 0);

IF NOT EXISTS (SELECT 1 FROM [dbo].[QuestionTheme_QTH] WHERE Id_Question = 19 AND Id_Theme = @ThemeId)
BEGIN
    INSERT INTO [dbo].[QuestionTheme_QTH] ([Id_Question], [Id_Theme]) VALUES (19, @ThemeId);
END

-- Question 20
SET IDENTITY_INSERT [dbo].[Question_QST] ON;
IF NOT EXISTS (SELECT 1 FROM [dbo].[Question_QST] WHERE Id = 20)
BEGIN
    INSERT INTO [dbo].[Question_QST] ([Id], [Question], [Id_Difficulty])
    VALUES (20, N'Quel animal est considéré comme le roi de la jungle ?', 1);
END
SET IDENTITY_INSERT [dbo].[Question_QST] OFF;

INSERT INTO [dbo].[Answer_ANS] ([Id_Question], [Value], [Valid]) VALUES
    (20, N'Tigre', 0),
    (20, N'Lion', 1),
    (20, N'Éléphant', 0),
    (20, N'Panthère', 0);

IF NOT EXISTS (SELECT 1 FROM [dbo].[QuestionTheme_QTH] WHERE Id_Question = 20 AND Id_Theme = @ThemeId)
BEGIN
    INSERT INTO [dbo].[QuestionTheme_QTH] ([Id_Question], [Id_Theme]) VALUES (20, @ThemeId);
END

-- Question 21
SET IDENTITY_INSERT [dbo].[Question_QST] ON;
IF NOT EXISTS (SELECT 1 FROM [dbo].[Question_QST] WHERE Id = 21)
BEGIN
    INSERT INTO [dbo].[Question_QST] ([Id], [Question], [Id_Difficulty])
    VALUES (21, N'Quel pays est connu pour les tulipes et les moulins à vent ?', 1);
END
SET IDENTITY_INSERT [dbo].[Question_QST] OFF;

INSERT INTO [dbo].[Answer_ANS] ([Id_Question], [Value], [Valid]) VALUES
    (21, N'Suisse', 0),
    (21, N'Pays-Bas', 1),
    (21, N'Belgique', 0),
    (21, N'Suède', 0);

IF NOT EXISTS (SELECT 1 FROM [dbo].[QuestionTheme_QTH] WHERE Id_Question = 21 AND Id_Theme = @ThemeId)
BEGIN
    INSERT INTO [dbo].[QuestionTheme_QTH] ([Id_Question], [Id_Theme]) VALUES (21, @ThemeId);
END

-- Question 22
SET IDENTITY_INSERT [dbo].[Question_QST] ON;
IF NOT EXISTS (SELECT 1 FROM [dbo].[Question_QST] WHERE Id = 22)
BEGIN
    INSERT INTO [dbo].[Question_QST] ([Id], [Question], [Id_Difficulty])
    VALUES (22, N'Combien de couleurs y a-t-il dans un arc-en-ciel traditionnel ?', 1);
END
SET IDENTITY_INSERT [dbo].[Question_QST] OFF;

INSERT INTO [dbo].[Answer_ANS] ([Id_Question], [Value], [Valid]) VALUES
    (22, N'5', 0),
    (22, N'6', 0),
    (22, N'7', 1),
    (22, N'8', 0);

IF NOT EXISTS (SELECT 1 FROM [dbo].[QuestionTheme_QTH] WHERE Id_Question = 22 AND Id_Theme = @ThemeId)
BEGIN
    INSERT INTO [dbo].[QuestionTheme_QTH] ([Id_Question], [Id_Theme]) VALUES (22, @ThemeId);
END

-- Question 23
SET IDENTITY_INSERT [dbo].[Question_QST] ON;
IF NOT EXISTS (SELECT 1 FROM [dbo].[Question_QST] WHERE Id = 23)
BEGIN
    INSERT INTO [dbo].[Question_QST] ([Id], [Question], [Id_Difficulty])
    VALUES (23, N'Quel est le contraire d''« ouvrir » ?', 1);
END
SET IDENTITY_INSERT [dbo].[Question_QST] OFF;

INSERT INTO [dbo].[Answer_ANS] ([Id_Question], [Value], [Valid]) VALUES
    (23, N'Fermer', 1),
    (23, N'Couvrir', 0),
    (23, N'Soulever', 0),
    (23, N'Retourner', 0);

IF NOT EXISTS (SELECT 1 FROM [dbo].[QuestionTheme_QTH] WHERE Id_Question = 23 AND Id_Theme = @ThemeId)
BEGIN
    INSERT INTO [dbo].[QuestionTheme_QTH] ([Id_Question], [Id_Theme]) VALUES (23, @ThemeId);
END

-- Question 24
SET IDENTITY_INSERT [dbo].[Question_QST] ON;
IF NOT EXISTS (SELECT 1 FROM [dbo].[Question_QST] WHERE Id = 24)
BEGIN
    INSERT INTO [dbo].[Question_QST] ([Id], [Question], [Id_Difficulty])
    VALUES (24, N'Quel est l''instrument national écossais à vent ?', 1);
END
SET IDENTITY_INSERT [dbo].[Question_QST] OFF;

INSERT INTO [dbo].[Answer_ANS] ([Id_Question], [Value], [Valid]) VALUES
    (24, N'Violon', 0),
    (24, N'Cornemuse', 1),
    (24, N'Guitare', 0),
    (24, N'Flûte', 0);

IF NOT EXISTS (SELECT 1 FROM [dbo].[QuestionTheme_QTH] WHERE Id_Question = 24 AND Id_Theme = @ThemeId)
BEGIN
    INSERT INTO [dbo].[QuestionTheme_QTH] ([Id_Question], [Id_Theme]) VALUES (24, @ThemeId);
END

-- Question 25
SET IDENTITY_INSERT [dbo].[Question_QST] ON;
IF NOT EXISTS (SELECT 1 FROM [dbo].[Question_QST] WHERE Id = 25)
BEGIN
    INSERT INTO [dbo].[Question_QST] ([Id], [Question], [Id_Difficulty])
    VALUES (25, N'Quel est le symbole chimique du fer ?', 1);
END
SET IDENTITY_INSERT [dbo].[Question_QST] OFF;

INSERT INTO [dbo].[Answer_ANS] ([Id_Question], [Value], [Valid]) VALUES
    (25, N'Fe', 1),
    (25, N'Ir', 0),
    (25, N'Fr', 0),
    (25, N'Fi', 0);

IF NOT EXISTS (SELECT 1 FROM [dbo].[QuestionTheme_QTH] WHERE Id_Question = 25 AND Id_Theme = @ThemeId)
BEGIN
    INSERT INTO [dbo].[QuestionTheme_QTH] ([Id_Question], [Id_Theme]) VALUES (25, @ThemeId);
END

-- Question 26
SET IDENTITY_INSERT [dbo].[Question_QST] ON;
IF NOT EXISTS (SELECT 1 FROM [dbo].[Question_QST] WHERE Id = 26)
BEGIN
    INSERT INTO [dbo].[Question_QST] ([Id], [Question], [Id_Difficulty])
    VALUES (26, N'Quel animal pond des œufs et peut voler ?', 1);
END
SET IDENTITY_INSERT [dbo].[Question_QST] OFF;

INSERT INTO [dbo].[Answer_ANS] ([Id_Question], [Value], [Valid]) VALUES
    (26, N'Chien', 0),
    (26, N'Poisson', 0),
    (26, N'Oiseau', 1),
    (26, N'Singe', 0);

IF NOT EXISTS (SELECT 1 FROM [dbo].[QuestionTheme_QTH] WHERE Id_Question = 26 AND Id_Theme = @ThemeId)
BEGIN
    INSERT INTO [dbo].[QuestionTheme_QTH] ([Id_Question], [Id_Theme]) VALUES (26, @ThemeId);
END

-- Question 27
SET IDENTITY_INSERT [dbo].[Question_QST] ON;
IF NOT EXISTS (SELECT 1 FROM [dbo].[Question_QST] WHERE Id = 27)
BEGIN
    INSERT INTO [dbo].[Question_QST] ([Id], [Question], [Id_Difficulty])
    VALUES (27, N'Dans quel pays se trouve la Tour Eiffel ?', 1);
END
SET IDENTITY_INSERT [dbo].[Question_QST] OFF;

INSERT INTO [dbo].[Answer_ANS] ([Id_Question], [Value], [Valid]) VALUES
    (27, N'Italie', 0),
    (27, N'Espagne', 0),
    (27, N'France', 1),
    (27, N'Allemagne', 0);

IF NOT EXISTS (SELECT 1 FROM [dbo].[QuestionTheme_QTH] WHERE Id_Question = 27 AND Id_Theme = @ThemeId)
BEGIN
    INSERT INTO [dbo].[QuestionTheme_QTH] ([Id_Question], [Id_Theme]) VALUES (27, @ThemeId);
END

-- Question 28
SET IDENTITY_INSERT [dbo].[Question_QST] ON;
IF NOT EXISTS (SELECT 1 FROM [dbo].[Question_QST] WHERE Id = 28)
BEGIN
    INSERT INTO [dbo].[Question_QST] ([Id], [Question], [Id_Difficulty])
    VALUES (28, N'Quel jour de la semaine suit le vendredi ?', 1);
END
SET IDENTITY_INSERT [dbo].[Question_QST] OFF;

INSERT INTO [dbo].[Answer_ANS] ([Id_Question], [Value], [Valid]) VALUES
    (28, N'Mercredi', 0),
    (28, N'Samedi', 1),
    (28, N'Dimanche', 0),
    (28, N'Lundi', 0);

IF NOT EXISTS (SELECT 1 FROM [dbo].[QuestionTheme_QTH] WHERE Id_Question = 28 AND Id_Theme = @ThemeId)
BEGIN
    INSERT INTO [dbo].[QuestionTheme_QTH] ([Id_Question], [Id_Theme]) VALUES (28, @ThemeId);
END

-- Question 29
SET IDENTITY_INSERT [dbo].[Question_QST] ON;
IF NOT EXISTS (SELECT 1 FROM [dbo].[Question_QST] WHERE Id = 29)
BEGIN
    INSERT INTO [dbo].[Question_QST] ([Id], [Question], [Id_Difficulty])
    VALUES (29, N'Combien y a-t-il de minutes dans une heure ?', 1);
END
SET IDENTITY_INSERT [dbo].[Question_QST] OFF;

INSERT INTO [dbo].[Answer_ANS] ([Id_Question], [Value], [Valid]) VALUES
    (29, N'30', 0),
    (29, N'45', 0),
    (29, N'60', 1),
    (29, N'90', 0);

IF NOT EXISTS (SELECT 1 FROM [dbo].[QuestionTheme_QTH] WHERE Id_Question = 29 AND Id_Theme = @ThemeId)
BEGIN
    INSERT INTO [dbo].[QuestionTheme_QTH] ([Id_Question], [Id_Theme]) VALUES (29, @ThemeId);
END

-- Question 30
SET IDENTITY_INSERT [dbo].[Question_QST] ON;
IF NOT EXISTS (SELECT 1 FROM [dbo].[Question_QST] WHERE Id = 30)
BEGIN
    INSERT INTO [dbo].[Question_QST] ([Id], [Question], [Id_Difficulty])
    VALUES (30, N'Quelle fête célèbre Noël ?', 1);
END
SET IDENTITY_INSERT [dbo].[Question_QST] OFF;

INSERT INTO [dbo].[Answer_ANS] ([Id_Question], [Value], [Valid]) VALUES
    (30, N'1er janvier', 0),
    (30, N'14 juillet', 0),
    (30, N'25 décembre', 1),
    (30, N'31 octobre', 0);

IF NOT EXISTS (SELECT 1 FROM [dbo].[QuestionTheme_QTH] WHERE Id_Question = 30 AND Id_Theme = @ThemeId)
BEGIN
    INSERT INTO [dbo].[QuestionTheme_QTH] ([Id_Question], [Id_Theme]) VALUES (30, @ThemeId);
END

-- Question 31
SET IDENTITY_INSERT [dbo].[Question_QST] ON;
IF NOT EXISTS (SELECT 1 FROM [dbo].[Question_QST] WHERE Id = 31)
BEGIN
    INSERT INTO [dbo].[Question_QST] ([Id], [Question], [Id_Difficulty])
    VALUES (31, N'Quel appareil sert à téléphoner sans fil depuis la poche ?', 1);
END
SET IDENTITY_INSERT [dbo].[Question_QST] OFF;

INSERT INTO [dbo].[Answer_ANS] ([Id_Question], [Value], [Valid]) VALUES
    (31, N'Téléviseur', 0),
    (31, N'Ordinateur', 0),
    (31, N'Smartphone', 1),
    (31, N'Radio', 0);

IF NOT EXISTS (SELECT 1 FROM [dbo].[QuestionTheme_QTH] WHERE Id_Question = 31 AND Id_Theme = @ThemeId)
BEGIN
    INSERT INTO [dbo].[QuestionTheme_QTH] ([Id_Question], [Id_Theme]) VALUES (31, @ThemeId);
END

-- Question 32
SET IDENTITY_INSERT [dbo].[Question_QST] ON;
IF NOT EXISTS (SELECT 1 FROM [dbo].[Question_QST] WHERE Id = 32)
BEGIN
    INSERT INTO [dbo].[Question_QST] ([Id], [Question], [Id_Difficulty])
    VALUES (32, N'Quel est le plus grand mammifère terrestre ?', 1);
END
SET IDENTITY_INSERT [dbo].[Question_QST] OFF;

INSERT INTO [dbo].[Answer_ANS] ([Id_Question], [Value], [Valid]) VALUES
    (32, N'Baleine bleue', 0),
    (32, N'Éléphant', 1),
    (32, N'Girafe', 0),
    (32, N'Rhinocéros', 0);

IF NOT EXISTS (SELECT 1 FROM [dbo].[QuestionTheme_QTH] WHERE Id_Question = 32 AND Id_Theme = @ThemeId)
BEGIN
    INSERT INTO [dbo].[QuestionTheme_QTH] ([Id_Question], [Id_Theme]) VALUES (32, @ThemeId);
END

-- Question 33
SET IDENTITY_INSERT [dbo].[Question_QST] ON;
IF NOT EXISTS (SELECT 1 FROM [dbo].[Question_QST] WHERE Id = 33)
BEGIN
    INSERT INTO [dbo].[Question_QST] ([Id], [Question], [Id_Difficulty])
    VALUES (33, N'Quel sport se joue avec une raquette et un volant ?', 1);
END
SET IDENTITY_INSERT [dbo].[Question_QST] OFF;

INSERT INTO [dbo].[Answer_ANS] ([Id_Question], [Value], [Valid]) VALUES
    (33, N'Tennis', 0),
    (33, N'Badminton', 1),
    (33, N'Ping-pong', 0),
    (33, N'Squash', 0);

IF NOT EXISTS (SELECT 1 FROM [dbo].[QuestionTheme_QTH] WHERE Id_Question = 33 AND Id_Theme = @ThemeId)
BEGIN
    INSERT INTO [dbo].[QuestionTheme_QTH] ([Id_Question], [Id_Theme]) VALUES (33, @ThemeId);
END

-- Question 34
SET IDENTITY_INSERT [dbo].[Question_QST] ON;
IF NOT EXISTS (SELECT 1 FROM [dbo].[Question_QST] WHERE Id = 34)
BEGIN
    INSERT INTO [dbo].[Question_QST] ([Id], [Question], [Id_Difficulty])
    VALUES (34, N'Quel est le symbole chimique de l''eau (eau pure) ?', 1);
END
SET IDENTITY_INSERT [dbo].[Question_QST] OFF;

INSERT INTO [dbo].[Answer_ANS] ([Id_Question], [Value], [Valid]) VALUES
    (34, N'H2O', 1),
    (34, N'O2', 0),
    (34, N'CO2', 0),
    (34, N'NaCl', 0);

IF NOT EXISTS (SELECT 1 FROM [dbo].[QuestionTheme_QTH] WHERE Id_Question = 34 AND Id_Theme = @ThemeId)
BEGIN
    INSERT INTO [dbo].[QuestionTheme_QTH] ([Id_Question], [Id_Theme]) VALUES (34, @ThemeId);
END

-- Question 35
SET IDENTITY_INSERT [dbo].[Question_QST] ON;
IF NOT EXISTS (SELECT 1 FROM [dbo].[Question_QST] WHERE Id = 35)
BEGIN
    INSERT INTO [dbo].[Question_QST] ([Id], [Question], [Id_Difficulty])
    VALUES (35, N'Quel pays a pour capitale Tokyo ?', 1);
END
SET IDENTITY_INSERT [dbo].[Question_QST] OFF;

INSERT INTO [dbo].[Answer_ANS] ([Id_Question], [Value], [Valid]) VALUES
    (35, N'Chine', 0),
    (35, N'Japon', 1),
    (35, N'Corée du Sud', 0),
    (35, N'Vietnam', 0);

IF NOT EXISTS (SELECT 1 FROM [dbo].[QuestionTheme_QTH] WHERE Id_Question = 35 AND Id_Theme = @ThemeId)
BEGIN
    INSERT INTO [dbo].[QuestionTheme_QTH] ([Id_Question], [Id_Theme]) VALUES (35, @ThemeId);
END

-- Question 36
SET IDENTITY_INSERT [dbo].[Question_QST] ON;
IF NOT EXISTS (SELECT 1 FROM [dbo].[Question_QST] WHERE Id = 36)
BEGIN
    INSERT INTO [dbo].[Question_QST] ([Id], [Question], [Id_Difficulty])
    VALUES (36, N'Quel est le nom du roi des dieux dans la mythologie grecque ?', 1);
END
SET IDENTITY_INSERT [dbo].[Question_QST] OFF;

INSERT INTO [dbo].[Answer_ANS] ([Id_Question], [Value], [Valid]) VALUES
    (36, N'Zeus', 1),
    (36, N'Odin', 0),
    (36, N'Jupiter', 0),
    (36, N'Ra', 0);

IF NOT EXISTS (SELECT 1 FROM [dbo].[QuestionTheme_QTH] WHERE Id_Question = 36 AND Id_Theme = @ThemeId)
BEGIN
    INSERT INTO [dbo].[QuestionTheme_QTH] ([Id_Question], [Id_Theme]) VALUES (36, @ThemeId);
END

-- Question 37
SET IDENTITY_INSERT [dbo].[Question_QST] ON;
IF NOT EXISTS (SELECT 1 FROM [dbo].[Question_QST] WHERE Id = 37)
BEGIN
    INSERT INTO [dbo].[Question_QST] ([Id], [Question], [Id_Difficulty])
    VALUES (37, N'Quel aliment se fait à partir de lait fermenté et que l''on tartine souvent ?', 1);
END
SET IDENTITY_INSERT [dbo].[Question_QST] OFF;

INSERT INTO [dbo].[Answer_ANS] ([Id_Question], [Value], [Valid]) VALUES
    (37, N'Fromage', 0),
    (37, N'Chocolat', 0),
    (37, N'Pain', 0),
    (37, N'Beurre', 1);

IF NOT EXISTS (SELECT 1 FROM [dbo].[QuestionTheme_QTH] WHERE Id_Question = 37 AND Id_Theme = @ThemeId)
BEGIN
    INSERT INTO [dbo].[QuestionTheme_QTH] ([Id_Question], [Id_Theme]) VALUES (37, @ThemeId);
END

-- Question 38
SET IDENTITY_INSERT [dbo].[Question_QST] ON;
IF NOT EXISTS (SELECT 1 FROM [dbo].[Question_QST] WHERE Id = 38)
BEGIN
    INSERT INTO [dbo].[Question_QST] ([Id], [Question], [Id_Difficulty])
    VALUES (38, N'Quelle couleur a la peau d''un zèbre ?', 1);
END
SET IDENTITY_INSERT [dbo].[Question_QST] OFF;

INSERT INTO [dbo].[Answer_ANS] ([Id_Question], [Value], [Valid]) VALUES
    (38, N'Noire avec rayures blanches', 0),
    (38, N'Blanche avec rayures noires', 1),
    (38, N'Grise', 0),
    (38, N'Brune', 0);

IF NOT EXISTS (SELECT 1 FROM [dbo].[QuestionTheme_QTH] WHERE Id_Question = 38 AND Id_Theme = @ThemeId)
BEGIN
    INSERT INTO [dbo].[QuestionTheme_QTH] ([Id_Question], [Id_Theme]) VALUES (38, @ThemeId);
END

-- Question 39
SET IDENTITY_INSERT [dbo].[Question_QST] ON;
IF NOT EXISTS (SELECT 1 FROM [dbo].[Question_QST] WHERE Id = 39)
BEGIN
    INSERT INTO [dbo].[Question_QST] ([Id], [Question], [Id_Difficulty])
    VALUES (39, N'Quel instrument à vent est petit et souvent utilisé dans les orchestres scolaires ?', 1);
END
SET IDENTITY_INSERT [dbo].[Question_QST] OFF;

INSERT INTO [dbo].[Answer_ANS] ([Id_Question], [Value], [Valid]) VALUES
    (39, N'Saxophone', 0),
    (39, N'Clarinette', 1),
    (39, N'Trombone', 0),
    (39, N'Tuba', 0);

IF NOT EXISTS (SELECT 1 FROM [dbo].[QuestionTheme_QTH] WHERE Id_Question = 39 AND Id_Theme = @ThemeId)
BEGIN
    INSERT INTO [dbo].[QuestionTheme_QTH] ([Id_Question], [Id_Theme]) VALUES (39, @ThemeId);
END

-- Question 40
SET IDENTITY_INSERT [dbo].[Question_QST] ON;
IF NOT EXISTS (SELECT 1 FROM [dbo].[Question_QST] WHERE Id = 40)
BEGIN
    INSERT INTO [dbo].[Question_QST] ([Id], [Question], [Id_Difficulty])
    VALUES (40, N'Qui a écrit ''Harry Potter'' (auteur principal) ?', 1);
END
SET IDENTITY_INSERT [dbo].[Question_QST] OFF;

INSERT INTO [dbo].[Answer_ANS] ([Id_Question], [Value], [Valid]) VALUES
    (40, N'J.R.R. Tolkien', 0),
    (40, N'J.K. Rowling', 1),
    (40, N'George R.R. Martin', 0),
    (40, N'C.S. Lewis', 0);

IF NOT EXISTS (SELECT 1 FROM [dbo].[QuestionTheme_QTH] WHERE Id_Question = 40 AND Id_Theme = @ThemeId)
BEGIN
    INSERT INTO [dbo].[QuestionTheme_QTH] ([Id_Question], [Id_Theme]) VALUES (40, @ThemeId);
END

-- Question 41
SET IDENTITY_INSERT [dbo].[Question_QST] ON;
IF NOT EXISTS (SELECT 1 FROM [dbo].[Question_QST] WHERE Id = 41)
BEGIN
    INSERT INTO [dbo].[Question_QST] ([Id], [Question], [Id_Difficulty])
    VALUES (41, N'Quel est l''outil principal pour écrire sur du papier ?', 1);
END
SET IDENTITY_INSERT [dbo].[Question_QST] OFF;

INSERT INTO [dbo].[Answer_ANS] ([Id_Question], [Value], [Valid]) VALUES
    (41, N'Clé', 0),
    (41, N'Stylo', 1),
    (41, N'Marteau', 0),
    (41, N'Couteau', 0);

IF NOT EXISTS (SELECT 1 FROM [dbo].[QuestionTheme_QTH] WHERE Id_Question = 41 AND Id_Theme = @ThemeId)
BEGIN
    INSERT INTO [dbo].[QuestionTheme_QTH] ([Id_Question], [Id_Theme]) VALUES (41, @ThemeId);
END

-- Question 42
SET IDENTITY_INSERT [dbo].[Question_QST] ON;
IF NOT EXISTS (SELECT 1 FROM [dbo].[Question_QST] WHERE Id = 42)
BEGIN
    INSERT INTO [dbo].[Question_QST] ([Id], [Question], [Id_Difficulty])
    VALUES (42, N'Quelle boisson contient généralement du thé chaud ou froid ?', 1);
END
SET IDENTITY_INSERT [dbo].[Question_QST] OFF;

INSERT INTO [dbo].[Answer_ANS] ([Id_Question], [Value], [Valid]) VALUES
    (42, N'Café', 0),
    (42, N'Jus d''orange', 0),
    (42, N'Thé', 1),
    (42, N'Lait', 0);

IF NOT EXISTS (SELECT 1 FROM [dbo].[QuestionTheme_QTH] WHERE Id_Question = 42 AND Id_Theme = @ThemeId)
BEGIN
    INSERT INTO [dbo].[QuestionTheme_QTH] ([Id_Question], [Id_Theme]) VALUES (42, @ThemeId);
END

-- Question 43
SET IDENTITY_INSERT [dbo].[Question_QST] ON;
IF NOT EXISTS (SELECT 1 FROM [dbo].[Question_QST] WHERE Id = 43)
BEGIN
    INSERT INTO [dbo].[Question_QST] ([Id], [Question], [Id_Difficulty])
    VALUES (43, N'Quel animal est symbole de sagesse dans de nombreuses cultures ?', 1);
END
SET IDENTITY_INSERT [dbo].[Question_QST] OFF;

INSERT INTO [dbo].[Answer_ANS] ([Id_Question], [Value], [Valid]) VALUES
    (43, N'Chouette', 1),
    (43, N'Tigre', 0),
    (43, N'Chien', 0),
    (43, N'Cochon', 0);

IF NOT EXISTS (SELECT 1 FROM [dbo].[QuestionTheme_QTH] WHERE Id_Question = 43 AND Id_Theme = @ThemeId)
BEGIN
    INSERT INTO [dbo].[QuestionTheme_QTH] ([Id_Question], [Id_Theme]) VALUES (43, @ThemeId);
END

-- Question 44
SET IDENTITY_INSERT [dbo].[Question_QST] ON;
IF NOT EXISTS (SELECT 1 FROM [dbo].[Question_QST] WHERE Id = 44)
BEGIN
    INSERT INTO [dbo].[Question_QST] ([Id], [Question], [Id_Difficulty])
    VALUES (44, N'Quel est le plus grand désert chaud du monde ?', 1);
END
SET IDENTITY_INSERT [dbo].[Question_QST] OFF;

INSERT INTO [dbo].[Answer_ANS] ([Id_Question], [Value], [Valid]) VALUES
    (44, N'Sahara', 1),
    (44, N'Gobi', 0),
    (44, N'Kalahari', 0),
    (44, N'Atacama', 0);

IF NOT EXISTS (SELECT 1 FROM [dbo].[QuestionTheme_QTH] WHERE Id_Question = 44 AND Id_Theme = @ThemeId)
BEGIN
    INSERT INTO [dbo].[QuestionTheme_QTH] ([Id_Question], [Id_Theme]) VALUES (44, @ThemeId);
END

-- Question 45
SET IDENTITY_INSERT [dbo].[Question_QST] ON;
IF NOT EXISTS (SELECT 1 FROM [dbo].[Question_QST] WHERE Id = 45)
BEGIN
    INSERT INTO [dbo].[Question_QST] ([Id], [Question], [Id_Difficulty])
    VALUES (45, N'Qui a écrit ''Les Misérables'' ?', 2);
END
SET IDENTITY_INSERT [dbo].[Question_QST] OFF;

INSERT INTO [dbo].[Answer_ANS] ([Id_Question], [Value], [Valid]) VALUES
    (45, N'Honoré de Balzac', 0),
    (45, N'Victor Hugo', 1),
    (45, N'Émile Zola', 0),
    (45, N'Gustave Flaubert', 0);

IF NOT EXISTS (SELECT 1 FROM [dbo].[QuestionTheme_QTH] WHERE Id_Question = 45 AND Id_Theme = @ThemeId)
BEGIN
    INSERT INTO [dbo].[QuestionTheme_QTH] ([Id_Question], [Id_Theme]) VALUES (45, @ThemeId);
END

-- Question 46
SET IDENTITY_INSERT [dbo].[Question_QST] ON;
IF NOT EXISTS (SELECT 1 FROM [dbo].[Question_QST] WHERE Id = 46)
BEGIN
    INSERT INTO [dbo].[Question_QST] ([Id], [Question], [Id_Difficulty])
    VALUES (46, N'Quelle est la monnaie officielle du Royaume-Uni ?', 2);
END
SET IDENTITY_INSERT [dbo].[Question_QST] OFF;

INSERT INTO [dbo].[Answer_ANS] ([Id_Question], [Value], [Valid]) VALUES
    (46, N'Euro', 0),
    (46, N'Dollar', 0),
    (46, N'Livre sterling', 1),
    (46, N'Franc', 0);

IF NOT EXISTS (SELECT 1 FROM [dbo].[QuestionTheme_QTH] WHERE Id_Question = 46 AND Id_Theme = @ThemeId)
BEGIN
    INSERT INTO [dbo].[QuestionTheme_QTH] ([Id_Question], [Id_Theme]) VALUES (46, @ThemeId);
END

-- Question 47
SET IDENTITY_INSERT [dbo].[Question_QST] ON;
IF NOT EXISTS (SELECT 1 FROM [dbo].[Question_QST] WHERE Id = 47)
BEGIN
    INSERT INTO [dbo].[Question_QST] ([Id], [Question], [Id_Difficulty])
    VALUES (47, N'Quel est le plus long fleuve du monde (parfois débattu) ?', 2);
END
SET IDENTITY_INSERT [dbo].[Question_QST] OFF;

INSERT INTO [dbo].[Answer_ANS] ([Id_Question], [Value], [Valid]) VALUES
    (47, N'Nile', 0),
    (47, N'Amazone', 1),
    (47, N'Mississippi', 0),
    (47, N'Yangtsé', 0);

IF NOT EXISTS (SELECT 1 FROM [dbo].[QuestionTheme_QTH] WHERE Id_Question = 47 AND Id_Theme = @ThemeId)
BEGIN
    INSERT INTO [dbo].[QuestionTheme_QTH] ([Id_Question], [Id_Theme]) VALUES (47, @ThemeId);
END

-- Question 48
SET IDENTITY_INSERT [dbo].[Question_QST] ON;
IF NOT EXISTS (SELECT 1 FROM [dbo].[Question_QST] WHERE Id = 48)
BEGIN
    INSERT INTO [dbo].[Question_QST] ([Id], [Question], [Id_Difficulty])
    VALUES (48, N'En quelle année la Première Guerre mondiale a-t-elle commencé ?', 2);
END
SET IDENTITY_INSERT [dbo].[Question_QST] OFF;

INSERT INTO [dbo].[Answer_ANS] ([Id_Question], [Value], [Valid]) VALUES
    (48, N'1914', 1),
    (48, N'1939', 0),
    (48, N'1918', 0),
    (48, N'1905', 0);

IF NOT EXISTS (SELECT 1 FROM [dbo].[QuestionTheme_QTH] WHERE Id_Question = 48 AND Id_Theme = @ThemeId)
BEGIN
    INSERT INTO [dbo].[QuestionTheme_QTH] ([Id_Question], [Id_Theme]) VALUES (48, @ThemeId);
END

-- Question 49
SET IDENTITY_INSERT [dbo].[Question_QST] ON;
IF NOT EXISTS (SELECT 1 FROM [dbo].[Question_QST] WHERE Id = 49)
BEGIN
    INSERT INTO [dbo].[Question_QST] ([Id], [Question], [Id_Difficulty])
    VALUES (49, N'Quel est l''organe principal de la digestion chez l''homme ?', 2);
END
SET IDENTITY_INSERT [dbo].[Question_QST] OFF;

INSERT INTO [dbo].[Answer_ANS] ([Id_Question], [Value], [Valid]) VALUES
    (49, N'Cœur', 0),
    (49, N'Estomac', 1),
    (49, N'Poumon', 0),
    (49, N'Cerveau', 0);

IF NOT EXISTS (SELECT 1 FROM [dbo].[QuestionTheme_QTH] WHERE Id_Question = 49 AND Id_Theme = @ThemeId)
BEGIN
    INSERT INTO [dbo].[QuestionTheme_QTH] ([Id_Question], [Id_Theme]) VALUES (49, @ThemeId);
END

-- Question 50
SET IDENTITY_INSERT [dbo].[Question_QST] ON;
IF NOT EXISTS (SELECT 1 FROM [dbo].[Question_QST] WHERE Id = 50)
BEGIN
    INSERT INTO [dbo].[Question_QST] ([Id], [Question], [Id_Difficulty])
    VALUES (50, N'Qui a peint ''La Nuit étoilée'' ?', 2);
END
SET IDENTITY_INSERT [dbo].[Question_QST] OFF;

INSERT INTO [dbo].[Answer_ANS] ([Id_Question], [Value], [Valid]) VALUES
    (50, N'Claude Monet', 0),
    (50, N'Vincent van Gogh', 1),
    (50, N'Pablo Picasso', 0),
    (50, N'Salvador Dalí', 0);

IF NOT EXISTS (SELECT 1 FROM [dbo].[QuestionTheme_QTH] WHERE Id_Question = 50 AND Id_Theme = @ThemeId)
BEGIN
    INSERT INTO [dbo].[QuestionTheme_QTH] ([Id_Question], [Id_Theme]) VALUES (50, @ThemeId);
END

-- Question 51
SET IDENTITY_INSERT [dbo].[Question_QST] ON;
IF NOT EXISTS (SELECT 1 FROM [dbo].[Question_QST] WHERE Id = 51)
BEGIN
    INSERT INTO [dbo].[Question_QST] ([Id], [Question], [Id_Difficulty])
    VALUES (51, N'Quel pays est célèbre pour la samba et le carnaval de Rio ?', 2);
END
SET IDENTITY_INSERT [dbo].[Question_QST] OFF;

INSERT INTO [dbo].[Answer_ANS] ([Id_Question], [Value], [Valid]) VALUES
    (51, N'Argentine', 0),
    (51, N'Brésil', 1),
    (51, N'Chili', 0),
    (51, N'Colombie', 0);

IF NOT EXISTS (SELECT 1 FROM [dbo].[QuestionTheme_QTH] WHERE Id_Question = 51 AND Id_Theme = @ThemeId)
BEGIN
    INSERT INTO [dbo].[QuestionTheme_QTH] ([Id_Question], [Id_Theme]) VALUES (51, @ThemeId);
END

-- Question 52
SET IDENTITY_INSERT [dbo].[Question_QST] ON;
IF NOT EXISTS (SELECT 1 FROM [dbo].[Question_QST] WHERE Id = 52)
BEGIN
    INSERT INTO [dbo].[Question_QST] ([Id], [Question], [Id_Difficulty])
    VALUES (52, N'Quel est le symbole chimique du sodium ?', 2);
END
SET IDENTITY_INSERT [dbo].[Question_QST] OFF;

INSERT INTO [dbo].[Answer_ANS] ([Id_Question], [Value], [Valid]) VALUES
    (52, N'S', 0),
    (52, N'Na', 1),
    (52, N'So', 0),
    (52, N'Sd', 0);

IF NOT EXISTS (SELECT 1 FROM [dbo].[QuestionTheme_QTH] WHERE Id_Question = 52 AND Id_Theme = @ThemeId)
BEGIN
    INSERT INTO [dbo].[QuestionTheme_QTH] ([Id_Question], [Id_Theme]) VALUES (52, @ThemeId);
END

-- Question 53
SET IDENTITY_INSERT [dbo].[Question_QST] ON;
IF NOT EXISTS (SELECT 1 FROM [dbo].[Question_QST] WHERE Id = 53)
BEGIN
    INSERT INTO [dbo].[Question_QST] ([Id], [Question], [Id_Difficulty])
    VALUES (53, N'Quelle est la capitale de l''Allemagne ?', 2);
END
SET IDENTITY_INSERT [dbo].[Question_QST] OFF;

INSERT INTO [dbo].[Answer_ANS] ([Id_Question], [Value], [Valid]) VALUES
    (53, N'Vienne', 0),
    (53, N'Berlin', 1),
    (53, N'Hambourg', 0),
    (53, N'Munich', 0);

IF NOT EXISTS (SELECT 1 FROM [dbo].[QuestionTheme_QTH] WHERE Id_Question = 53 AND Id_Theme = @ThemeId)
BEGIN
    INSERT INTO [dbo].[QuestionTheme_QTH] ([Id_Question], [Id_Theme]) VALUES (53, @ThemeId);
END

-- Question 54
SET IDENTITY_INSERT [dbo].[Question_QST] ON;
IF NOT EXISTS (SELECT 1 FROM [dbo].[Question_QST] WHERE Id = 54)
BEGIN
    INSERT INTO [dbo].[Question_QST] ([Id], [Question], [Id_Difficulty])
    VALUES (54, N'Quel explorateur a découvert l''Amérique en 1492 (pour l''Europe) ?', 2);
END
SET IDENTITY_INSERT [dbo].[Question_QST] OFF;

INSERT INTO [dbo].[Answer_ANS] ([Id_Question], [Value], [Valid]) VALUES
    (54, N'Marco Polo', 0),
    (54, N'Christophe Colomb', 1),
    (54, N'Vasco de Gama', 0),
    (54, N'Leif Erikson', 0);

IF NOT EXISTS (SELECT 1 FROM [dbo].[QuestionTheme_QTH] WHERE Id_Question = 54 AND Id_Theme = @ThemeId)
BEGIN
    INSERT INTO [dbo].[QuestionTheme_QTH] ([Id_Question], [Id_Theme]) VALUES (54, @ThemeId);
END

-- Question 55
SET IDENTITY_INSERT [dbo].[Question_QST] ON;
IF NOT EXISTS (SELECT 1 FROM [dbo].[Question_QST] WHERE Id = 55)
BEGIN
    INSERT INTO [dbo].[Question_QST] ([Id], [Question], [Id_Difficulty])
    VALUES (55, N'Quel gaz est principal responsable de l''effet de serre d''origine humaine ?', 2);
END
SET IDENTITY_INSERT [dbo].[Question_QST] OFF;

INSERT INTO [dbo].[Answer_ANS] ([Id_Question], [Value], [Valid]) VALUES
    (55, N'Oxygène', 0),
    (55, N'Azote', 0),
    (55, N'Dioxyde de carbone', 1),
    (55, N'Hydrogène', 0);

IF NOT EXISTS (SELECT 1 FROM [dbo].[QuestionTheme_QTH] WHERE Id_Question = 55 AND Id_Theme = @ThemeId)
BEGIN
    INSERT INTO [dbo].[QuestionTheme_QTH] ([Id_Question], [Id_Theme]) VALUES (55, @ThemeId);
END

-- Question 56
SET IDENTITY_INSERT [dbo].[Question_QST] ON;
IF NOT EXISTS (SELECT 1 FROM [dbo].[Question_QST] WHERE Id = 56)
BEGIN
    INSERT INTO [dbo].[Question_QST] ([Id], [Question], [Id_Difficulty])
    VALUES (56, N'Quel est l''auteur de ''Roméo et Juliette'' ?', 2);
END
SET IDENTITY_INSERT [dbo].[Question_QST] OFF;

INSERT INTO [dbo].[Answer_ANS] ([Id_Question], [Value], [Valid]) VALUES
    (56, N'Molière', 0),
    (56, N'Voltaire', 0),
    (56, N'William Shakespeare', 1),
    (56, N'Victor Hugo', 0);

IF NOT EXISTS (SELECT 1 FROM [dbo].[QuestionTheme_QTH] WHERE Id_Question = 56 AND Id_Theme = @ThemeId)
BEGIN
    INSERT INTO [dbo].[QuestionTheme_QTH] ([Id_Question], [Id_Theme]) VALUES (56, @ThemeId);
END

-- Question 57
SET IDENTITY_INSERT [dbo].[Question_QST] ON;
IF NOT EXISTS (SELECT 1 FROM [dbo].[Question_QST] WHERE Id = 57)
BEGIN
    INSERT INTO [dbo].[Question_QST] ([Id], [Question], [Id_Difficulty])
    VALUES (57, N'Quel est le symbole chimique de l''or ?', 2);
END
SET IDENTITY_INSERT [dbo].[Question_QST] OFF;

INSERT INTO [dbo].[Answer_ANS] ([Id_Question], [Value], [Valid]) VALUES
    (57, N'Au', 1),
    (57, N'Ag', 0),
    (57, N'Gd', 0),
    (57, N'Go', 0);

IF NOT EXISTS (SELECT 1 FROM [dbo].[QuestionTheme_QTH] WHERE Id_Question = 57 AND Id_Theme = @ThemeId)
BEGIN
    INSERT INTO [dbo].[QuestionTheme_QTH] ([Id_Question], [Id_Theme]) VALUES (57, @ThemeId);
END

-- Question 58
SET IDENTITY_INSERT [dbo].[Question_QST] ON;
IF NOT EXISTS (SELECT 1 FROM [dbo].[Question_QST] WHERE Id = 58)
BEGIN
    INSERT INTO [dbo].[Question_QST] ([Id], [Question], [Id_Difficulty])
    VALUES (58, N'Quelle langue est la plus parlée dans le monde en nombre de locuteurs natifs ?', 2);
END
SET IDENTITY_INSERT [dbo].[Question_QST] OFF;

INSERT INTO [dbo].[Answer_ANS] ([Id_Question], [Value], [Valid]) VALUES
    (58, N'Anglais', 0),
    (58, N'Espagnol', 0),
    (58, N'Mandarin', 1),
    (58, N'Hindi', 0);

IF NOT EXISTS (SELECT 1 FROM [dbo].[QuestionTheme_QTH] WHERE Id_Question = 58 AND Id_Theme = @ThemeId)
BEGIN
    INSERT INTO [dbo].[QuestionTheme_QTH] ([Id_Question], [Id_Theme]) VALUES (58, @ThemeId);
END

-- Question 59
SET IDENTITY_INSERT [dbo].[Question_QST] ON;
IF NOT EXISTS (SELECT 1 FROM [dbo].[Question_QST] WHERE Id = 59)
BEGIN
    INSERT INTO [dbo].[Question_QST] ([Id], [Question], [Id_Difficulty])
    VALUES (59, N'Combien de joueurs par équipe sur le terrain en football (soccer) ?', 2);
END
SET IDENTITY_INSERT [dbo].[Question_QST] OFF;

INSERT INTO [dbo].[Answer_ANS] ([Id_Question], [Value], [Valid]) VALUES
    (59, N'9', 0),
    (59, N'10', 0),
    (59, N'11', 1),
    (59, N'12', 0);

IF NOT EXISTS (SELECT 1 FROM [dbo].[QuestionTheme_QTH] WHERE Id_Question = 59 AND Id_Theme = @ThemeId)
BEGIN
    INSERT INTO [dbo].[QuestionTheme_QTH] ([Id_Question], [Id_Theme]) VALUES (59, @ThemeId);
END

-- Question 60
SET IDENTITY_INSERT [dbo].[Question_QST] ON;
IF NOT EXISTS (SELECT 1 FROM [dbo].[Question_QST] WHERE Id = 60)
BEGIN
    INSERT INTO [dbo].[Question_QST] ([Id], [Question], [Id_Difficulty])
    VALUES (60, N'Quelle ville est surnommée ''La Grosse Pomme'' (The Big Apple) ?', 2);
END
SET IDENTITY_INSERT [dbo].[Question_QST] OFF;

INSERT INTO [dbo].[Answer_ANS] ([Id_Question], [Value], [Valid]) VALUES
    (60, N'Los Angeles', 0),
    (60, N'Chicago', 0),
    (60, N'New York', 1),
    (60, N'Miami', 0);

IF NOT EXISTS (SELECT 1 FROM [dbo].[QuestionTheme_QTH] WHERE Id_Question = 60 AND Id_Theme = @ThemeId)
BEGIN
    INSERT INTO [dbo].[QuestionTheme_QTH] ([Id_Question], [Id_Theme]) VALUES (60, @ThemeId);
END

-- Question 61
SET IDENTITY_INSERT [dbo].[Question_QST] ON;
IF NOT EXISTS (SELECT 1 FROM [dbo].[Question_QST] WHERE Id = 61)
BEGIN
    INSERT INTO [dbo].[Question_QST] ([Id], [Question], [Id_Difficulty])
    VALUES (61, N'Quel est le symbole chimique du mercure ?', 2);
END
SET IDENTITY_INSERT [dbo].[Question_QST] OFF;

INSERT INTO [dbo].[Answer_ANS] ([Id_Question], [Value], [Valid]) VALUES
    (61, N'Hg', 1),
    (61, N'Mc', 0),
    (61, N'Me', 0),
    (61, N'Mr', 0);

IF NOT EXISTS (SELECT 1 FROM [dbo].[QuestionTheme_QTH] WHERE Id_Question = 61 AND Id_Theme = @ThemeId)
BEGIN
    INSERT INTO [dbo].[QuestionTheme_QTH] ([Id_Question], [Id_Theme]) VALUES (61, @ThemeId);
END

-- Question 62
SET IDENTITY_INSERT [dbo].[Question_QST] ON;
IF NOT EXISTS (SELECT 1 FROM [dbo].[Question_QST] WHERE Id = 62)
BEGIN
    INSERT INTO [dbo].[Question_QST] ([Id], [Question], [Id_Difficulty])
    VALUES (62, N'Quel pays a construit la Grande Muraille ?', 2);
END
SET IDENTITY_INSERT [dbo].[Question_QST] OFF;

INSERT INTO [dbo].[Answer_ANS] ([Id_Question], [Value], [Valid]) VALUES
    (62, N'Japon', 0),
    (62, N'Chine', 1),
    (62, N'Corée', 0),
    (62, N'Mongolie', 0);

IF NOT EXISTS (SELECT 1 FROM [dbo].[QuestionTheme_QTH] WHERE Id_Question = 62 AND Id_Theme = @ThemeId)
BEGIN
    INSERT INTO [dbo].[QuestionTheme_QTH] ([Id_Question], [Id_Theme]) VALUES (62, @ThemeId);
END

-- Question 63
SET IDENTITY_INSERT [dbo].[Question_QST] ON;
IF NOT EXISTS (SELECT 1 FROM [dbo].[Question_QST] WHERE Id = 63)
BEGIN
    INSERT INTO [dbo].[Question_QST] ([Id], [Question], [Id_Difficulty])
    VALUES (63, N'Quel compositeur a écrit la 9e symphonie (Ode à la Joie) ?', 2);
END
SET IDENTITY_INSERT [dbo].[Question_QST] OFF;

INSERT INTO [dbo].[Answer_ANS] ([Id_Question], [Value], [Valid]) VALUES
    (63, N'Mozart', 0),
    (63, N'Beethoven', 1),
    (63, N'Bach', 0),
    (63, N'Tchaïkovski', 0);

IF NOT EXISTS (SELECT 1 FROM [dbo].[QuestionTheme_QTH] WHERE Id_Question = 63 AND Id_Theme = @ThemeId)
BEGIN
    INSERT INTO [dbo].[QuestionTheme_QTH] ([Id_Question], [Id_Theme]) VALUES (63, @ThemeId);
END

-- Question 64
SET IDENTITY_INSERT [dbo].[Question_QST] ON;
IF NOT EXISTS (SELECT 1 FROM [dbo].[Question_QST] WHERE Id = 64)
BEGIN
    INSERT INTO [dbo].[Question_QST] ([Id], [Question], [Id_Difficulty])
    VALUES (64, N'En informatique, que signifie ''CPU'' ?', 2);
END
SET IDENTITY_INSERT [dbo].[Question_QST] OFF;

INSERT INTO [dbo].[Answer_ANS] ([Id_Question], [Value], [Valid]) VALUES
    (64, N'Central Processing Unit', 1),
    (64, N'Computer Personal Unit', 0),
    (64, N'Control Power Unit', 0),
    (64, N'Central Protocol Unit', 0);

IF NOT EXISTS (SELECT 1 FROM [dbo].[QuestionTheme_QTH] WHERE Id_Question = 64 AND Id_Theme = @ThemeId)
BEGIN
    INSERT INTO [dbo].[QuestionTheme_QTH] ([Id_Question], [Id_Theme]) VALUES (64, @ThemeId);
END

-- Question 65
SET IDENTITY_INSERT [dbo].[Question_QST] ON;
IF NOT EXISTS (SELECT 1 FROM [dbo].[Question_QST] WHERE Id = 65)
BEGIN
    INSERT INTO [dbo].[Question_QST] ([Id], [Question], [Id_Difficulty])
    VALUES (65, N'Quel est le plus haut sommet du monde ?', 2);
END
SET IDENTITY_INSERT [dbo].[Question_QST] OFF;

INSERT INTO [dbo].[Answer_ANS] ([Id_Question], [Value], [Valid]) VALUES
    (65, N'K2', 0),
    (65, N'Everest', 1),
    (65, N'Kangchenjunga', 0),
    (65, N'Lhotse', 0);

IF NOT EXISTS (SELECT 1 FROM [dbo].[QuestionTheme_QTH] WHERE Id_Question = 65 AND Id_Theme = @ThemeId)
BEGIN
    INSERT INTO [dbo].[QuestionTheme_QTH] ([Id_Question], [Id_Theme]) VALUES (65, @ThemeId);
END

-- Question 66
SET IDENTITY_INSERT [dbo].[Question_QST] ON;
IF NOT EXISTS (SELECT 1 FROM [dbo].[Question_QST] WHERE Id = 66)
BEGIN
    INSERT INTO [dbo].[Question_QST] ([Id], [Question], [Id_Difficulty])
    VALUES (66, N'Quel mouvement artistique est associé à Monet et Renoir ?', 2);
END
SET IDENTITY_INSERT [dbo].[Question_QST] OFF;

INSERT INTO [dbo].[Answer_ANS] ([Id_Question], [Value], [Valid]) VALUES
    (66, N'Cubisme', 0),
    (66, N'Impressionnisme', 1),
    (66, N'Surréalisme', 0),
    (66, N'Baroque', 0);

IF NOT EXISTS (SELECT 1 FROM [dbo].[QuestionTheme_QTH] WHERE Id_Question = 66 AND Id_Theme = @ThemeId)
BEGIN
    INSERT INTO [dbo].[QuestionTheme_QTH] ([Id_Question], [Id_Theme]) VALUES (66, @ThemeId);
END

-- Question 67
SET IDENTITY_INSERT [dbo].[Question_QST] ON;
IF NOT EXISTS (SELECT 1 FROM [dbo].[Question_QST] WHERE Id = 67)
BEGIN
    INSERT INTO [dbo].[Question_QST] ([Id], [Question], [Id_Difficulty])
    VALUES (67, N'Quel pays a pour capitale Ottawa ?', 2);
END
SET IDENTITY_INSERT [dbo].[Question_QST] OFF;

INSERT INTO [dbo].[Answer_ANS] ([Id_Question], [Value], [Valid]) VALUES
    (67, N'États-Unis', 0),
    (67, N'Australie', 0),
    (67, N'Canada', 1),
    (67, N'Irlande', 0);

IF NOT EXISTS (SELECT 1 FROM [dbo].[QuestionTheme_QTH] WHERE Id_Question = 67 AND Id_Theme = @ThemeId)
BEGIN
    INSERT INTO [dbo].[QuestionTheme_QTH] ([Id_Question], [Id_Theme]) VALUES (67, @ThemeId);
END

-- Question 68
SET IDENTITY_INSERT [dbo].[Question_QST] ON;
IF NOT EXISTS (SELECT 1 FROM [dbo].[Question_QST] WHERE Id = 68)
BEGIN
    INSERT INTO [dbo].[Question_QST] ([Id], [Question], [Id_Difficulty])
    VALUES (68, N'Quelle molécule transporte l''information génétique ?', 2);
END
SET IDENTITY_INSERT [dbo].[Question_QST] OFF;

INSERT INTO [dbo].[Answer_ANS] ([Id_Question], [Value], [Valid]) VALUES
    (68, N'Protéine', 0),
    (68, N'ADN', 1),
    (68, N'LIPIDE', 0),
    (68, N'Glucose', 0);

IF NOT EXISTS (SELECT 1 FROM [dbo].[QuestionTheme_QTH] WHERE Id_Question = 68 AND Id_Theme = @ThemeId)
BEGIN
    INSERT INTO [dbo].[QuestionTheme_QTH] ([Id_Question], [Id_Theme]) VALUES (68, @ThemeId);
END

-- Question 69
SET IDENTITY_INSERT [dbo].[Question_QST] ON;
IF NOT EXISTS (SELECT 1 FROM [dbo].[Question_QST] WHERE Id = 69)
BEGIN
    INSERT INTO [dbo].[Question_QST] ([Id], [Question], [Id_Difficulty])
    VALUES (69, N'Quelle est la langue officielle du Brésil ?', 2);
END
SET IDENTITY_INSERT [dbo].[Question_QST] OFF;

INSERT INTO [dbo].[Answer_ANS] ([Id_Question], [Value], [Valid]) VALUES
    (69, N'Espagnol', 0),
    (69, N'Portugais', 1),
    (69, N'Anglais', 0),
    (69, N'Français', 0);

IF NOT EXISTS (SELECT 1 FROM [dbo].[QuestionTheme_QTH] WHERE Id_Question = 69 AND Id_Theme = @ThemeId)
BEGIN
    INSERT INTO [dbo].[QuestionTheme_QTH] ([Id_Question], [Id_Theme]) VALUES (69, @ThemeId);
END

-- Question 70
SET IDENTITY_INSERT [dbo].[Question_QST] ON;
IF NOT EXISTS (SELECT 1 FROM [dbo].[Question_QST] WHERE Id = 70)
BEGIN
    INSERT INTO [dbo].[Question_QST] ([Id], [Question], [Id_Difficulty])
    VALUES (70, N'Quel compositeur est célèbre pour ''Les Quatre Saisons'' ?', 2);
END
SET IDENTITY_INSERT [dbo].[Question_QST] OFF;

INSERT INTO [dbo].[Answer_ANS] ([Id_Question], [Value], [Valid]) VALUES
    (70, N'Vivaldi', 1),
    (70, N'Beethoven', 0),
    (70, N'Handel', 0),
    (70, N'Haydn', 0);

IF NOT EXISTS (SELECT 1 FROM [dbo].[QuestionTheme_QTH] WHERE Id_Question = 70 AND Id_Theme = @ThemeId)
BEGIN
    INSERT INTO [dbo].[QuestionTheme_QTH] ([Id_Question], [Id_Theme]) VALUES (70, @ThemeId);
END

-- Question 71
SET IDENTITY_INSERT [dbo].[Question_QST] ON;
IF NOT EXISTS (SELECT 1 FROM [dbo].[Question_QST] WHERE Id = 71)
BEGIN
    INSERT INTO [dbo].[Question_QST] ([Id], [Question], [Id_Difficulty])
    VALUES (71, N'Quel pays a envoyé le premier homme sur la Lune (mission Apollo) ?', 2);
END
SET IDENTITY_INSERT [dbo].[Question_QST] OFF;

INSERT INTO [dbo].[Answer_ANS] ([Id_Question], [Value], [Valid]) VALUES
    (71, N'URSS', 0),
    (71, N'USA', 1),
    (71, N'Chine', 0),
    (71, N'Inde', 0);

IF NOT EXISTS (SELECT 1 FROM [dbo].[QuestionTheme_QTH] WHERE Id_Question = 71 AND Id_Theme = @ThemeId)
BEGIN
    INSERT INTO [dbo].[QuestionTheme_QTH] ([Id_Question], [Id_Theme]) VALUES (71, @ThemeId);
END

-- Question 72
SET IDENTITY_INSERT [dbo].[Question_QST] ON;
IF NOT EXISTS (SELECT 1 FROM [dbo].[Question_QST] WHERE Id = 72)
BEGIN
    INSERT INTO [dbo].[Question_QST] ([Id], [Question], [Id_Difficulty])
    VALUES (72, N'Qui a formulé la théorie de la relativité restreinte ?', 2);
END
SET IDENTITY_INSERT [dbo].[Question_QST] OFF;

INSERT INTO [dbo].[Answer_ANS] ([Id_Question], [Value], [Valid]) VALUES
    (72, N'Newton', 0),
    (72, N'Einstein', 1),
    (72, N'Galilée', 0),
    (72, N'Tesla', 0);

IF NOT EXISTS (SELECT 1 FROM [dbo].[QuestionTheme_QTH] WHERE Id_Question = 72 AND Id_Theme = @ThemeId)
BEGIN
    INSERT INTO [dbo].[QuestionTheme_QTH] ([Id_Question], [Id_Theme]) VALUES (72, @ThemeId);
END

-- Question 73
SET IDENTITY_INSERT [dbo].[Question_QST] ON;
IF NOT EXISTS (SELECT 1 FROM [dbo].[Question_QST] WHERE Id = 73)
BEGIN
    INSERT INTO [dbo].[Question_QST] ([Id], [Question], [Id_Difficulty])
    VALUES (73, N'Quel est l''instrument typique utilisé pour jouer du flamenco en Espagne ?', 2);
END
SET IDENTITY_INSERT [dbo].[Question_QST] OFF;

INSERT INTO [dbo].[Answer_ANS] ([Id_Question], [Value], [Valid]) VALUES
    (73, N'Saxophone', 0),
    (73, N'Guitare', 1),
    (73, N'Piano', 0),
    (73, N'Harpe', 0);

IF NOT EXISTS (SELECT 1 FROM [dbo].[QuestionTheme_QTH] WHERE Id_Question = 73 AND Id_Theme = @ThemeId)
BEGIN
    INSERT INTO [dbo].[QuestionTheme_QTH] ([Id_Question], [Id_Theme]) VALUES (73, @ThemeId);
END

-- Question 74
SET IDENTITY_INSERT [dbo].[Question_QST] ON;
IF NOT EXISTS (SELECT 1 FROM [dbo].[Question_QST] WHERE Id = 74)
BEGIN
    INSERT INTO [dbo].[Question_QST] ([Id], [Question], [Id_Difficulty])
    VALUES (74, N'Quelle est la capitale de l''Australie ?', 2);
END
SET IDENTITY_INSERT [dbo].[Question_QST] OFF;

INSERT INTO [dbo].[Answer_ANS] ([Id_Question], [Value], [Valid]) VALUES
    (74, N'Sydney', 0),
    (74, N'Melbourne', 0),
    (74, N'Canberra', 1),
    (74, N'Brisbane', 0);

IF NOT EXISTS (SELECT 1 FROM [dbo].[QuestionTheme_QTH] WHERE Id_Question = 74 AND Id_Theme = @ThemeId)
BEGIN
    INSERT INTO [dbo].[QuestionTheme_QTH] ([Id_Question], [Id_Theme]) VALUES (74, @ThemeId);
END

-- Question 75
SET IDENTITY_INSERT [dbo].[Question_QST] ON;
IF NOT EXISTS (SELECT 1 FROM [dbo].[Question_QST] WHERE Id = 75)
BEGIN
    INSERT INTO [dbo].[Question_QST] ([Id], [Question], [Id_Difficulty])
    VALUES (75, N'Quel est le nom du courant électrique produit par la foudre ?', 2);
END
SET IDENTITY_INSERT [dbo].[Question_QST] OFF;

INSERT INTO [dbo].[Answer_ANS] ([Id_Question], [Value], [Valid]) VALUES
    (75, N'Courant continu', 0),
    (75, N'Courant alternatif', 0),
    (75, N'Décharge électrique', 1),
    (75, N'Ionisation', 0);

IF NOT EXISTS (SELECT 1 FROM [dbo].[QuestionTheme_QTH] WHERE Id_Question = 75 AND Id_Theme = @ThemeId)
BEGIN
    INSERT INTO [dbo].[QuestionTheme_QTH] ([Id_Question], [Id_Theme]) VALUES (75, @ThemeId);
END

-- Question 76
SET IDENTITY_INSERT [dbo].[Question_QST] ON;
IF NOT EXISTS (SELECT 1 FROM [dbo].[Question_QST] WHERE Id = 76)
BEGIN
    INSERT INTO [dbo].[Question_QST] ([Id], [Question], [Id_Difficulty])
    VALUES (76, N'Quel peintre est connu pour ses boîtes de Campbell et l''art pop ?', 2);
END
SET IDENTITY_INSERT [dbo].[Question_QST] OFF;

INSERT INTO [dbo].[Answer_ANS] ([Id_Question], [Value], [Valid]) VALUES
    (76, N'Andy Warhol', 1),
    (76, N'Jackson Pollock', 0),
    (76, N'Salvador Dalí', 0),
    (76, N'Henri Matisse', 0);

IF NOT EXISTS (SELECT 1 FROM [dbo].[QuestionTheme_QTH] WHERE Id_Question = 76 AND Id_Theme = @ThemeId)
BEGIN
    INSERT INTO [dbo].[QuestionTheme_QTH] ([Id_Question], [Id_Theme]) VALUES (76, @ThemeId);
END

-- Question 77
SET IDENTITY_INSERT [dbo].[Question_QST] ON;
IF NOT EXISTS (SELECT 1 FROM [dbo].[Question_QST] WHERE Id = 77)
BEGIN
    INSERT INTO [dbo].[Question_QST] ([Id], [Question], [Id_Difficulty])
    VALUES (77, N'Quel pays a inventé le papier (historique) ?', 2);
END
SET IDENTITY_INSERT [dbo].[Question_QST] OFF;

INSERT INTO [dbo].[Answer_ANS] ([Id_Question], [Value], [Valid]) VALUES
    (77, N'Égypte', 0),
    (77, N'Chine', 1),
    (77, N'Grèce', 0),
    (77, N'Inde', 0);

IF NOT EXISTS (SELECT 1 FROM [dbo].[QuestionTheme_QTH] WHERE Id_Question = 77 AND Id_Theme = @ThemeId)
BEGIN
    INSERT INTO [dbo].[QuestionTheme_QTH] ([Id_Question], [Id_Theme]) VALUES (77, @ThemeId);
END

-- Question 78
SET IDENTITY_INSERT [dbo].[Question_QST] ON;
IF NOT EXISTS (SELECT 1 FROM [dbo].[Question_QST] WHERE Id = 78)
BEGIN
    INSERT INTO [dbo].[Question_QST] ([Id], [Question], [Id_Difficulty])
    VALUES (78, N'Quel est le terme pour une étoile qui explose violemment ?', 2);
END
SET IDENTITY_INSERT [dbo].[Question_QST] OFF;

INSERT INTO [dbo].[Answer_ANS] ([Id_Question], [Value], [Valid]) VALUES
    (78, N'Nova', 0),
    (78, N'Supernova', 1),
    (78, N'Pulsar', 0),
    (78, N'Quasar', 0);

IF NOT EXISTS (SELECT 1 FROM [dbo].[QuestionTheme_QTH] WHERE Id_Question = 78 AND Id_Theme = @ThemeId)
BEGIN
    INSERT INTO [dbo].[QuestionTheme_QTH] ([Id_Question], [Id_Theme]) VALUES (78, @ThemeId);
END

-- Question 79
SET IDENTITY_INSERT [dbo].[Question_QST] ON;
IF NOT EXISTS (SELECT 1 FROM [dbo].[Question_QST] WHERE Id = 79)
BEGIN
    INSERT INTO [dbo].[Question_QST] ([Id], [Question], [Id_Difficulty])
    VALUES (79, N'Quelle est la plus grande île du monde ?', 2);
END
SET IDENTITY_INSERT [dbo].[Question_QST] OFF;

INSERT INTO [dbo].[Answer_ANS] ([Id_Question], [Value], [Valid]) VALUES
    (79, N'Madagascar', 0),
    (79, N'Groenland', 1),
    (79, N'Borneo', 0),
    (79, N'Sumatra', 0);

IF NOT EXISTS (SELECT 1 FROM [dbo].[QuestionTheme_QTH] WHERE Id_Question = 79 AND Id_Theme = @ThemeId)
BEGIN
    INSERT INTO [dbo].[QuestionTheme_QTH] ([Id_Question], [Id_Theme]) VALUES (79, @ThemeId);
END

-- Question 80
SET IDENTITY_INSERT [dbo].[Question_QST] ON;
IF NOT EXISTS (SELECT 1 FROM [dbo].[Question_QST] WHERE Id = 80)
BEGIN
    INSERT INTO [dbo].[Question_QST] ([Id], [Question], [Id_Difficulty])
    VALUES (80, N'Quel peintre espagnol a créé ''Guernica'' ?', 2);
END
SET IDENTITY_INSERT [dbo].[Question_QST] OFF;

INSERT INTO [dbo].[Answer_ANS] ([Id_Question], [Value], [Valid]) VALUES
    (80, N'Picasso', 1),
    (80, N'Dali', 0),
    (80, N'Goya', 0),
    (80, N'Velázquez', 0);

IF NOT EXISTS (SELECT 1 FROM [dbo].[QuestionTheme_QTH] WHERE Id_Question = 80 AND Id_Theme = @ThemeId)
BEGIN
    INSERT INTO [dbo].[QuestionTheme_QTH] ([Id_Question], [Id_Theme]) VALUES (80, @ThemeId);
END

-- Question 81
SET IDENTITY_INSERT [dbo].[Question_QST] ON;
IF NOT EXISTS (SELECT 1 FROM [dbo].[Question_QST] WHERE Id = 81)
BEGIN
    INSERT INTO [dbo].[Question_QST] ([Id], [Question], [Id_Difficulty])
    VALUES (81, N'Quel est l''organe qui produit l''insuline ?', 2);
END
SET IDENTITY_INSERT [dbo].[Question_QST] OFF;

INSERT INTO [dbo].[Answer_ANS] ([Id_Question], [Value], [Valid]) VALUES
    (81, N'Pancréas', 1),
    (81, N'Foie', 0),
    (81, N'Cœur', 0),
    (81, N'Rein', 0);

IF NOT EXISTS (SELECT 1 FROM [dbo].[QuestionTheme_QTH] WHERE Id_Question = 81 AND Id_Theme = @ThemeId)
BEGIN
    INSERT INTO [dbo].[QuestionTheme_QTH] ([Id_Question], [Id_Theme]) VALUES (81, @ThemeId);
END

-- Question 82
SET IDENTITY_INSERT [dbo].[Question_QST] ON;
IF NOT EXISTS (SELECT 1 FROM [dbo].[Question_QST] WHERE Id = 82)
BEGIN
    INSERT INTO [dbo].[Question_QST] ([Id], [Question], [Id_Difficulty])
    VALUES (82, N'Quel élément est nécessaire à la photosynthèse des plantes ?', 2);
END
SET IDENTITY_INSERT [dbo].[Question_QST] OFF;

INSERT INTO [dbo].[Answer_ANS] ([Id_Question], [Value], [Valid]) VALUES
    (82, N'Azote', 0),
    (82, N'Oxygène', 0),
    (82, N'Dioxyde de carbone', 1),
    (82, N'Hélium', 0);

IF NOT EXISTS (SELECT 1 FROM [dbo].[QuestionTheme_QTH] WHERE Id_Question = 82 AND Id_Theme = @ThemeId)
BEGIN
    INSERT INTO [dbo].[QuestionTheme_QTH] ([Id_Question], [Id_Theme]) VALUES (82, @ThemeId);
END

-- Question 83
SET IDENTITY_INSERT [dbo].[Question_QST] ON;
IF NOT EXISTS (SELECT 1 FROM [dbo].[Question_QST] WHERE Id = 83)
BEGIN
    INSERT INTO [dbo].[Question_QST] ([Id], [Question], [Id_Difficulty])
    VALUES (83, N'Qui a écrit ''Candide'' ?', 2);
END
SET IDENTITY_INSERT [dbo].[Question_QST] OFF;

INSERT INTO [dbo].[Answer_ANS] ([Id_Question], [Value], [Valid]) VALUES
    (83, N'Rousseau', 0),
    (83, N'Montesquieu', 0),
    (83, N'Voltaire', 1),
    (83, N'Diderot', 0);

IF NOT EXISTS (SELECT 1 FROM [dbo].[QuestionTheme_QTH] WHERE Id_Question = 83 AND Id_Theme = @ThemeId)
BEGIN
    INSERT INTO [dbo].[QuestionTheme_QTH] ([Id_Question], [Id_Theme]) VALUES (83, @ThemeId);
END

-- Question 84
SET IDENTITY_INSERT [dbo].[Question_QST] ON;
IF NOT EXISTS (SELECT 1 FROM [dbo].[Question_QST] WHERE Id = 84)
BEGIN
    INSERT INTO [dbo].[Question_QST] ([Id], [Question], [Id_Difficulty])
    VALUES (84, N'Quel est le principal combustible fossile utilisé pour produire de l''électricité dans de nombreux pays ?', 2);
END
SET IDENTITY_INSERT [dbo].[Question_QST] OFF;

INSERT INTO [dbo].[Answer_ANS] ([Id_Question], [Value], [Valid]) VALUES
    (84, N'Charbon', 1),
    (84, N'Bois', 0),
    (84, N'Eau', 0),
    (84, N'Gaz naturel', 0);

IF NOT EXISTS (SELECT 1 FROM [dbo].[QuestionTheme_QTH] WHERE Id_Question = 84 AND Id_Theme = @ThemeId)
BEGIN
    INSERT INTO [dbo].[QuestionTheme_QTH] ([Id_Question], [Id_Theme]) VALUES (84, @ThemeId);
END

-- Question 85
SET IDENTITY_INSERT [dbo].[Question_QST] ON;
IF NOT EXISTS (SELECT 1 FROM [dbo].[Question_QST] WHERE Id = 85)
BEGIN
    INSERT INTO [dbo].[Question_QST] ([Id], [Question], [Id_Difficulty])
    VALUES (85, N'Quel est le plus grand pays du monde par superficie ?', 2);
END
SET IDENTITY_INSERT [dbo].[Question_QST] OFF;

INSERT INTO [dbo].[Answer_ANS] ([Id_Question], [Value], [Valid]) VALUES
    (85, N'États-Unis', 0),
    (85, N'Canada', 0),
    (85, N'Chine', 0),
    (85, N'Russie', 1);

IF NOT EXISTS (SELECT 1 FROM [dbo].[QuestionTheme_QTH] WHERE Id_Question = 85 AND Id_Theme = @ThemeId)
BEGIN
    INSERT INTO [dbo].[QuestionTheme_QTH] ([Id_Question], [Id_Theme]) VALUES (85, @ThemeId);
END

-- Question 86
SET IDENTITY_INSERT [dbo].[Question_QST] ON;
IF NOT EXISTS (SELECT 1 FROM [dbo].[Question_QST] WHERE Id = 86)
BEGIN
    INSERT INTO [dbo].[Question_QST] ([Id], [Question], [Id_Difficulty])
    VALUES (86, N'Quel organe du corps humain contient des alvéoles pour l''échange d''oxygène ?', 2);
END
SET IDENTITY_INSERT [dbo].[Question_QST] OFF;

INSERT INTO [dbo].[Answer_ANS] ([Id_Question], [Value], [Valid]) VALUES
    (86, N'Poumons', 1),
    (86, N'Estomac', 0),
    (86, N'Intestin', 0),
    (86, N'Peau', 0);

IF NOT EXISTS (SELECT 1 FROM [dbo].[QuestionTheme_QTH] WHERE Id_Question = 86 AND Id_Theme = @ThemeId)
BEGIN
    INSERT INTO [dbo].[QuestionTheme_QTH] ([Id_Question], [Id_Theme]) VALUES (86, @ThemeId);
END

-- Question 87
SET IDENTITY_INSERT [dbo].[Question_QST] ON;
IF NOT EXISTS (SELECT 1 FROM [dbo].[Question_QST] WHERE Id = 87)
BEGIN
    INSERT INTO [dbo].[Question_QST] ([Id], [Question], [Id_Difficulty])
    VALUES (87, N'Quel peintre hollandais a coupé une oreille ?', 2);
END
SET IDENTITY_INSERT [dbo].[Question_QST] OFF;

INSERT INTO [dbo].[Answer_ANS] ([Id_Question], [Value], [Valid]) VALUES
    (87, N'Rembrandt', 0),
    (87, N'Vermeer', 0),
    (87, N'Van Gogh', 1),
    (87, N'Mondrian', 0);

IF NOT EXISTS (SELECT 1 FROM [dbo].[QuestionTheme_QTH] WHERE Id_Question = 87 AND Id_Theme = @ThemeId)
BEGIN
    INSERT INTO [dbo].[QuestionTheme_QTH] ([Id_Question], [Id_Theme]) VALUES (87, @ThemeId);
END

-- Question 88
SET IDENTITY_INSERT [dbo].[Question_QST] ON;
IF NOT EXISTS (SELECT 1 FROM [dbo].[Question_QST] WHERE Id = 88)
BEGIN
    INSERT INTO [dbo].[Question_QST] ([Id], [Question], [Id_Difficulty])
    VALUES (88, N'Quel traité a mis fin à la Première Guerre mondiale ?', 3);
END
SET IDENTITY_INSERT [dbo].[Question_QST] OFF;

INSERT INTO [dbo].[Answer_ANS] ([Id_Question], [Value], [Valid]) VALUES
    (88, N'Traité de Tordesillas', 0),
    (88, N'Traité de Versailles', 1),
    (88, N'Traité de Paris', 0),
    (88, N'Traité de Vienne', 0);

IF NOT EXISTS (SELECT 1 FROM [dbo].[QuestionTheme_QTH] WHERE Id_Question = 88 AND Id_Theme = @ThemeId)
BEGIN
    INSERT INTO [dbo].[QuestionTheme_QTH] ([Id_Question], [Id_Theme]) VALUES (88, @ThemeId);
END

-- Question 89
SET IDENTITY_INSERT [dbo].[Question_QST] ON;
IF NOT EXISTS (SELECT 1 FROM [dbo].[Question_QST] WHERE Id = 89)
BEGIN
    INSERT INTO [dbo].[Question_QST] ([Id], [Question], [Id_Difficulty])
    VALUES (89, N'Quel est le nom du plus petit os du corps humain ?', 3);
END
SET IDENTITY_INSERT [dbo].[Question_QST] OFF;

INSERT INTO [dbo].[Answer_ANS] ([Id_Question], [Value], [Valid]) VALUES
    (89, N'Scapula', 0),
    (89, N'Fémur', 0),
    (89, N'Stapes (étrier)', 1),
    (89, N'Ulna', 0);

IF NOT EXISTS (SELECT 1 FROM [dbo].[QuestionTheme_QTH] WHERE Id_Question = 89 AND Id_Theme = @ThemeId)
BEGIN
    INSERT INTO [dbo].[QuestionTheme_QTH] ([Id_Question], [Id_Theme]) VALUES (89, @ThemeId);
END

-- Question 90
SET IDENTITY_INSERT [dbo].[Question_QST] ON;
IF NOT EXISTS (SELECT 1 FROM [dbo].[Question_QST] WHERE Id = 90)
BEGIN
    INSERT INTO [dbo].[Question_QST] ([Id], [Question], [Id_Difficulty])
    VALUES (90, N'Quel mathématicien est célèbre pour son théorème prouvant les angles d''un triangle dans un plan euclidien ?', 3);
END
SET IDENTITY_INSERT [dbo].[Question_QST] OFF;

INSERT INTO [dbo].[Answer_ANS] ([Id_Question], [Value], [Valid]) VALUES
    (90, N'Pythagore', 0),
    (90, N'Euclide', 1),
    (90, N'Fermat', 0),
    (90, N'Euler', 0);

IF NOT EXISTS (SELECT 1 FROM [dbo].[QuestionTheme_QTH] WHERE Id_Question = 90 AND Id_Theme = @ThemeId)
BEGIN
    INSERT INTO [dbo].[QuestionTheme_QTH] ([Id_Question], [Id_Theme]) VALUES (90, @ThemeId);
END

-- Question 91
SET IDENTITY_INSERT [dbo].[Question_QST] ON;
IF NOT EXISTS (SELECT 1 FROM [dbo].[Question_QST] WHERE Id = 91)
BEGIN
    INSERT INTO [dbo].[Question_QST] ([Id], [Question], [Id_Difficulty])
    VALUES (91, N'Quel physicien a découvert la loi de la gravitation universelle ?', 3);
END
SET IDENTITY_INSERT [dbo].[Question_QST] OFF;

INSERT INTO [dbo].[Answer_ANS] ([Id_Question], [Value], [Valid]) VALUES
    (91, N'Einstein', 0),
    (91, N'Galilée', 0),
    (91, N'Newton', 1),
    (91, N'Bohr', 0);

IF NOT EXISTS (SELECT 1 FROM [dbo].[QuestionTheme_QTH] WHERE Id_Question = 91 AND Id_Theme = @ThemeId)
BEGIN
    INSERT INTO [dbo].[QuestionTheme_QTH] ([Id_Question], [Id_Theme]) VALUES (91, @ThemeId);
END

-- Question 92
SET IDENTITY_INSERT [dbo].[Question_QST] ON;
IF NOT EXISTS (SELECT 1 FROM [dbo].[Question_QST] WHERE Id = 92)
BEGIN
    INSERT INTO [dbo].[Question_QST] ([Id], [Question], [Id_Difficulty])
    VALUES (92, N'Quelle civilisation a construit Machu Picchu ?', 3);
END
SET IDENTITY_INSERT [dbo].[Question_QST] OFF;

INSERT INTO [dbo].[Answer_ANS] ([Id_Question], [Value], [Valid]) VALUES
    (92, N'Aztèques', 0),
    (92, N'Mayas', 0),
    (92, N'Incas', 1),
    (92, N'Olmèques', 0);

IF NOT EXISTS (SELECT 1 FROM [dbo].[QuestionTheme_QTH] WHERE Id_Question = 92 AND Id_Theme = @ThemeId)
BEGIN
    INSERT INTO [dbo].[QuestionTheme_QTH] ([Id_Question], [Id_Theme]) VALUES (92, @ThemeId);
END

-- Question 93
SET IDENTITY_INSERT [dbo].[Question_QST] ON;
IF NOT EXISTS (SELECT 1 FROM [dbo].[Question_QST] WHERE Id = 93)
BEGIN
    INSERT INTO [dbo].[Question_QST] ([Id], [Question], [Id_Difficulty])
    VALUES (93, N'Quelle est la formule chimique du méthane ?', 3);
END
SET IDENTITY_INSERT [dbo].[Question_QST] OFF;

INSERT INTO [dbo].[Answer_ANS] ([Id_Question], [Value], [Valid]) VALUES
    (93, N'CH4', 1),
    (93, N'C2H6', 0),
    (93, N'CO2', 0),
    (93, N'H2O', 0);

IF NOT EXISTS (SELECT 1 FROM [dbo].[QuestionTheme_QTH] WHERE Id_Question = 93 AND Id_Theme = @ThemeId)
BEGIN
    INSERT INTO [dbo].[QuestionTheme_QTH] ([Id_Question], [Id_Theme]) VALUES (93, @ThemeId);
END

-- Question 94
SET IDENTITY_INSERT [dbo].[Question_QST] ON;
IF NOT EXISTS (SELECT 1 FROM [dbo].[Question_QST] WHERE Id = 94)
BEGIN
    INSERT INTO [dbo].[Question_QST] ([Id], [Question], [Id_Difficulty])
    VALUES (94, N'Quel philosophe a écrit ''L''Être et le Néant'' ?', 3);
END
SET IDENTITY_INSERT [dbo].[Question_QST] OFF;

INSERT INTO [dbo].[Answer_ANS] ([Id_Question], [Value], [Valid]) VALUES
    (94, N'Kant', 0),
    (94, N'Husserl', 0),
    (94, N'Sartre', 1),
    (94, N'Heidegger', 0);

IF NOT EXISTS (SELECT 1 FROM [dbo].[QuestionTheme_QTH] WHERE Id_Question = 94 AND Id_Theme = @ThemeId)
BEGIN
    INSERT INTO [dbo].[QuestionTheme_QTH] ([Id_Question], [Id_Theme]) VALUES (94, @ThemeId);
END

-- Question 95
SET IDENTITY_INSERT [dbo].[Question_QST] ON;
IF NOT EXISTS (SELECT 1 FROM [dbo].[Question_QST] WHERE Id = 95)
BEGIN
    INSERT INTO [dbo].[Question_QST] ([Id], [Question], [Id_Difficulty])
    VALUES (95, N'Quel est le siège du Parlement européen ?', 3);
END
SET IDENTITY_INSERT [dbo].[Question_QST] OFF;

INSERT INTO [dbo].[Answer_ANS] ([Id_Question], [Value], [Valid]) VALUES
    (95, N'Strasbourg', 1),
    (95, N'Bruxelles', 0),
    (95, N'Luxembourg', 0),
    (95, N'Francfort', 0);

IF NOT EXISTS (SELECT 1 FROM [dbo].[QuestionTheme_QTH] WHERE Id_Question = 95 AND Id_Theme = @ThemeId)
BEGIN
    INSERT INTO [dbo].[QuestionTheme_QTH] ([Id_Question], [Id_Theme]) VALUES (95, @ThemeId);
END

-- Question 96
SET IDENTITY_INSERT [dbo].[Question_QST] ON;
IF NOT EXISTS (SELECT 1 FROM [dbo].[Question_QST] WHERE Id = 96)
BEGIN
    INSERT INTO [dbo].[Question_QST] ([Id], [Question], [Id_Difficulty])
    VALUES (96, N'Quel compositeur russe a écrit ''Le Sacre du Printemps'' ?', 3);
END
SET IDENTITY_INSERT [dbo].[Question_QST] OFF;

INSERT INTO [dbo].[Answer_ANS] ([Id_Question], [Value], [Valid]) VALUES
    (96, N'Stravinsky', 1),
    (96, N'Rachmaninov', 0),
    (96, N'Prokofiev', 0),
    (96, N'Tchaïkovski', 0);

IF NOT EXISTS (SELECT 1 FROM [dbo].[QuestionTheme_QTH] WHERE Id_Question = 96 AND Id_Theme = @ThemeId)
BEGIN
    INSERT INTO [dbo].[QuestionTheme_QTH] ([Id_Question], [Id_Theme]) VALUES (96, @ThemeId);
END

-- Question 97
SET IDENTITY_INSERT [dbo].[Question_QST] ON;
IF NOT EXISTS (SELECT 1 FROM [dbo].[Question_QST] WHERE Id = 97)
BEGIN
    INSERT INTO [dbo].[Question_QST] ([Id], [Question], [Id_Difficulty])
    VALUES (97, N'Quel pays a connu la révolution de 1917 qui a renversé le tsar ?', 3);
END
SET IDENTITY_INSERT [dbo].[Question_QST] OFF;

INSERT INTO [dbo].[Answer_ANS] ([Id_Question], [Value], [Valid]) VALUES
    (97, N'Allemagne', 0),
    (97, N'Russie', 1),
    (97, N'Autriche', 0),
    (97, N'Turquie', 0);

IF NOT EXISTS (SELECT 1 FROM [dbo].[QuestionTheme_QTH] WHERE Id_Question = 97 AND Id_Theme = @ThemeId)
BEGIN
    INSERT INTO [dbo].[QuestionTheme_QTH] ([Id_Question], [Id_Theme]) VALUES (97, @ThemeId);
END

-- Question 98
SET IDENTITY_INSERT [dbo].[Question_QST] ON;
IF NOT EXISTS (SELECT 1 FROM [dbo].[Question_QST] WHERE Id = 98)
BEGIN
    INSERT INTO [dbo].[Question_QST] ([Id], [Question], [Id_Difficulty])
    VALUES (98, N'Quel est le plus grand satellite naturel de la Terre ?', 3);
END
SET IDENTITY_INSERT [dbo].[Question_QST] OFF;

INSERT INTO [dbo].[Answer_ANS] ([Id_Question], [Value], [Valid]) VALUES
    (98, N'Deimos', 0),
    (98, N'Ganymède', 0),
    (98, N'Europa', 0),
    (98, N'La Lune', 1);

IF NOT EXISTS (SELECT 1 FROM [dbo].[QuestionTheme_QTH] WHERE Id_Question = 98 AND Id_Theme = @ThemeId)
BEGIN
    INSERT INTO [dbo].[QuestionTheme_QTH] ([Id_Question], [Id_Theme]) VALUES (98, @ThemeId);
END

-- Question 99
SET IDENTITY_INSERT [dbo].[Question_QST] ON;
IF NOT EXISTS (SELECT 1 FROM [dbo].[Question_QST] WHERE Id = 99)
BEGIN
    INSERT INTO [dbo].[Question_QST] ([Id], [Question], [Id_Difficulty])
    VALUES (99, N'Quel métal alcalin est le plus léger ?', 3);
END
SET IDENTITY_INSERT [dbo].[Question_QST] OFF;

INSERT INTO [dbo].[Answer_ANS] ([Id_Question], [Value], [Valid]) VALUES
    (99, N'Sodium', 0),
    (99, N'Potassium', 0),
    (99, N'Lithium', 1),
    (99, N'Calcium', 0);

IF NOT EXISTS (SELECT 1 FROM [dbo].[QuestionTheme_QTH] WHERE Id_Question = 99 AND Id_Theme = @ThemeId)
BEGIN
    INSERT INTO [dbo].[QuestionTheme_QTH] ([Id_Question], [Id_Theme]) VALUES (99, @ThemeId);
END

-- Question 100
SET IDENTITY_INSERT [dbo].[Question_QST] ON;
IF NOT EXISTS (SELECT 1 FROM [dbo].[Question_QST] WHERE Id = 100)
BEGIN
    INSERT INTO [dbo].[Question_QST] ([Id], [Question], [Id_Difficulty])
    VALUES (100, N'Quel est le nom de la théorie expliquant l''origine de l''univers par une expansion rapide ?', 3);
END
SET IDENTITY_INSERT [dbo].[Question_QST] OFF;

INSERT INTO [dbo].[Answer_ANS] ([Id_Question], [Value], [Valid]) VALUES
    (100, N'Théorie de la relativité', 0),
    (100, N'Big Bang', 1),
    (100, N'Théorie de l''état stationnaire', 0),
    (100, N'Inflation éternelle', 0);

IF NOT EXISTS (SELECT 1 FROM [dbo].[QuestionTheme_QTH] WHERE Id_Question = 100 AND Id_Theme = @ThemeId)
BEGIN
    INSERT INTO [dbo].[QuestionTheme_QTH] ([Id_Question], [Id_Theme]) VALUES (100, @ThemeId);
END

-- Question 101
SET IDENTITY_INSERT [dbo].[Question_QST] ON;
IF NOT EXISTS (SELECT 1 FROM [dbo].[Question_QST] WHERE Id = 101)
BEGIN
    INSERT INTO [dbo].[Question_QST] ([Id], [Question], [Id_Difficulty])
    VALUES (101, N'Quel est le pays d''origine du tango ?', 3);
END
SET IDENTITY_INSERT [dbo].[Question_QST] OFF;

INSERT INTO [dbo].[Answer_ANS] ([Id_Question], [Value], [Valid]) VALUES
    (101, N'Espagne', 0),
    (101, N'Brésil', 0),
    (101, N'Argentine', 1),
    (101, N'Cuba', 0);

IF NOT EXISTS (SELECT 1 FROM [dbo].[QuestionTheme_QTH] WHERE Id_Question = 101 AND Id_Theme = @ThemeId)
BEGIN
    INSERT INTO [dbo].[QuestionTheme_QTH] ([Id_Question], [Id_Theme]) VALUES (101, @ThemeId);
END

-- Question 102
SET IDENTITY_INSERT [dbo].[Question_QST] ON;
IF NOT EXISTS (SELECT 1 FROM [dbo].[Question_QST] WHERE Id = 102)
BEGIN
    INSERT INTO [dbo].[Question_QST] ([Id], [Question], [Id_Difficulty])
    VALUES (102, N'Quel scientifique a inventé la radioactivité artificielle et découvert le polonium et le radium ?', 3);
END
SET IDENTITY_INSERT [dbo].[Question_QST] OFF;

INSERT INTO [dbo].[Answer_ANS] ([Id_Question], [Value], [Valid]) VALUES
    (102, N'Marie Curie', 1),
    (102, N'Rosalind Franklin', 0),
    (102, N'Lise Meitner', 0),
    (102, N'Irène Joliot-Curie', 0);

IF NOT EXISTS (SELECT 1 FROM [dbo].[QuestionTheme_QTH] WHERE Id_Question = 102 AND Id_Theme = @ThemeId)
BEGIN
    INSERT INTO [dbo].[QuestionTheme_QTH] ([Id_Question], [Id_Theme]) VALUES (102, @ThemeId);
END

-- Question 103
SET IDENTITY_INSERT [dbo].[Question_QST] ON;
IF NOT EXISTS (SELECT 1 FROM [dbo].[Question_QST] WHERE Id = 103)
BEGIN
    INSERT INTO [dbo].[Question_QST] ([Id], [Question], [Id_Difficulty])
    VALUES (103, N'Quel est le nom du principal canal maritime reliant la mer Méditerranée à la mer Rouge ?', 3);
END
SET IDENTITY_INSERT [dbo].[Question_QST] OFF;

INSERT INTO [dbo].[Answer_ANS] ([Id_Question], [Value], [Valid]) VALUES
    (103, N'Canal de Panama', 0),
    (103, N'Canal de Suez', 1),
    (103, N'Détroit de Gibraltar', 0),
    (103, N'Canal de Kiel', 0);

IF NOT EXISTS (SELECT 1 FROM [dbo].[QuestionTheme_QTH] WHERE Id_Question = 103 AND Id_Theme = @ThemeId)
BEGIN
    INSERT INTO [dbo].[QuestionTheme_QTH] ([Id_Question], [Id_Theme]) VALUES (103, @ThemeId);
END

-- Question 104
SET IDENTITY_INSERT [dbo].[Question_QST] ON;
IF NOT EXISTS (SELECT 1 FROM [dbo].[Question_QST] WHERE Id = 104)
BEGIN
    INSERT INTO [dbo].[Question_QST] ([Id], [Question], [Id_Difficulty])
    VALUES (104, N'Quel est le principal auteur de la Déclaration des droits de l''homme et du citoyen (1789) en France ?', 3);
END
SET IDENTITY_INSERT [dbo].[Question_QST] OFF;

INSERT INTO [dbo].[Answer_ANS] ([Id_Question], [Value], [Valid]) VALUES
    (104, N'Robespierre', 0),
    (104, N'Mirabeau', 0),
    (104, N'La Fayette', 0),
    (104, N'Abbé Sieyès', 1);

IF NOT EXISTS (SELECT 1 FROM [dbo].[QuestionTheme_QTH] WHERE Id_Question = 104 AND Id_Theme = @ThemeId)
BEGIN
    INSERT INTO [dbo].[QuestionTheme_QTH] ([Id_Question], [Id_Theme]) VALUES (104, @ThemeId);
END

-- Question 105
SET IDENTITY_INSERT [dbo].[Question_QST] ON;
IF NOT EXISTS (SELECT 1 FROM [dbo].[Question_QST] WHERE Id = 105)
BEGIN
    INSERT INTO [dbo].[Question_QST] ([Id], [Question], [Id_Difficulty])
    VALUES (105, N'Quel est l''unité de base de l''hérédité en biologie ?', 3);
END
SET IDENTITY_INSERT [dbo].[Question_QST] OFF;

INSERT INTO [dbo].[Answer_ANS] ([Id_Question], [Value], [Valid]) VALUES
    (105, N'Atome', 0),
    (105, N'Chromosome', 0),
    (105, N'Gène', 1),
    (105, N'Protéine', 0);

IF NOT EXISTS (SELECT 1 FROM [dbo].[QuestionTheme_QTH] WHERE Id_Question = 105 AND Id_Theme = @ThemeId)
BEGIN
    INSERT INTO [dbo].[QuestionTheme_QTH] ([Id_Question], [Id_Theme]) VALUES (105, @ThemeId);
END

-- Question 106
SET IDENTITY_INSERT [dbo].[Question_QST] ON;
IF NOT EXISTS (SELECT 1 FROM [dbo].[Question_QST] WHERE Id = 106)
BEGIN
    INSERT INTO [dbo].[Question_QST] ([Id], [Question], [Id_Difficulty])
    VALUES (106, N'Qui a écrit ''Guerre et Paix'' ?', 3);
END
SET IDENTITY_INSERT [dbo].[Question_QST] OFF;

INSERT INTO [dbo].[Answer_ANS] ([Id_Question], [Value], [Valid]) VALUES
    (106, N'Tolstoï', 1),
    (106, N'Dostoïevski', 0),
    (106, N'Tchekhov', 0),
    (106, N'Pouchkine', 0);

IF NOT EXISTS (SELECT 1 FROM [dbo].[QuestionTheme_QTH] WHERE Id_Question = 106 AND Id_Theme = @ThemeId)
BEGIN
    INSERT INTO [dbo].[QuestionTheme_QTH] ([Id_Question], [Id_Theme]) VALUES (106, @ThemeId);
END

-- Question 107
SET IDENTITY_INSERT [dbo].[Question_QST] ON;
IF NOT EXISTS (SELECT 1 FROM [dbo].[Question_QST] WHERE Id = 107)
BEGIN
    INSERT INTO [dbo].[Question_QST] ([Id], [Question], [Id_Difficulty])
    VALUES (107, N'Quelle opération mathématique trouve la dérivée d''une fonction ?', 3);
END
SET IDENTITY_INSERT [dbo].[Question_QST] OFF;

INSERT INTO [dbo].[Answer_ANS] ([Id_Question], [Value], [Valid]) VALUES
    (107, N'Intégration', 0),
    (107, N'Factorisation', 0),
    (107, N'Différentiation', 1),
    (107, N'Addition', 0);

IF NOT EXISTS (SELECT 1 FROM [dbo].[QuestionTheme_QTH] WHERE Id_Question = 107 AND Id_Theme = @ThemeId)
BEGIN
    INSERT INTO [dbo].[QuestionTheme_QTH] ([Id_Question], [Id_Theme]) VALUES (107, @ThemeId);
END

-- Question 108
SET IDENTITY_INSERT [dbo].[Question_QST] ON;
IF NOT EXISTS (SELECT 1 FROM [dbo].[Question_QST] WHERE Id = 108)
BEGIN
    INSERT INTO [dbo].[Question_QST] ([Id], [Question], [Id_Difficulty])
    VALUES (108, N'Quel physicien est associé à la mécanique quantique et au principe d''incertitude ?', 3);
END
SET IDENTITY_INSERT [dbo].[Question_QST] OFF;

INSERT INTO [dbo].[Answer_ANS] ([Id_Question], [Value], [Valid]) VALUES
    (108, N'Newton', 0),
    (108, N'Heisenberg', 1),
    (108, N'Faraday', 0),
    (108, N'Maxwell', 0);

IF NOT EXISTS (SELECT 1 FROM [dbo].[QuestionTheme_QTH] WHERE Id_Question = 108 AND Id_Theme = @ThemeId)
BEGIN
    INSERT INTO [dbo].[QuestionTheme_QTH] ([Id_Question], [Id_Theme]) VALUES (108, @ThemeId);
END

-- Question 109
SET IDENTITY_INSERT [dbo].[Question_QST] ON;
IF NOT EXISTS (SELECT 1 FROM [dbo].[Question_QST] WHERE Id = 109)
BEGIN
    INSERT INTO [dbo].[Question_QST] ([Id], [Question], [Id_Difficulty])
    VALUES (109, N'Quelle langue ancienne a donné naissance au français, à l''espagnol et à l''italien ?', 3);
END
SET IDENTITY_INSERT [dbo].[Question_QST] OFF;

INSERT INTO [dbo].[Answer_ANS] ([Id_Question], [Value], [Valid]) VALUES
    (109, N'Grec ancien', 0),
    (109, N'Latin', 1),
    (109, N'Celte', 0),
    (109, N'Germain', 0);

IF NOT EXISTS (SELECT 1 FROM [dbo].[QuestionTheme_QTH] WHERE Id_Question = 109 AND Id_Theme = @ThemeId)
BEGIN
    INSERT INTO [dbo].[QuestionTheme_QTH] ([Id_Question], [Id_Theme]) VALUES (109, @ThemeId);
END

-- Question 110
SET IDENTITY_INSERT [dbo].[Question_QST] ON;
IF NOT EXISTS (SELECT 1 FROM [dbo].[Question_QST] WHERE Id = 110)
BEGIN
    INSERT INTO [dbo].[Question_QST] ([Id], [Question], [Id_Difficulty])
    VALUES (110, N'Quel est le nom du traité qui a créé l''Union européenne moderne (1993) ?', 3);
END
SET IDENTITY_INSERT [dbo].[Question_QST] OFF;

INSERT INTO [dbo].[Answer_ANS] ([Id_Question], [Value], [Valid]) VALUES
    (110, N'Traité de Maastricht', 1),
    (110, N'Traité de Rome', 0),
    (110, N'Traité de Lisbonne', 0),
    (110, N'Traité de Nice', 0);

IF NOT EXISTS (SELECT 1 FROM [dbo].[QuestionTheme_QTH] WHERE Id_Question = 110 AND Id_Theme = @ThemeId)
BEGIN
    INSERT INTO [dbo].[QuestionTheme_QTH] ([Id_Question], [Id_Theme]) VALUES (110, @ThemeId);
END

-- Question 111
SET IDENTITY_INSERT [dbo].[Question_QST] ON;
IF NOT EXISTS (SELECT 1 FROM [dbo].[Question_QST] WHERE Id = 111)
BEGIN
    INSERT INTO [dbo].[Question_QST] ([Id], [Question], [Id_Difficulty])
    VALUES (111, N'Quel est l''organe de la plante qui absorbe l''eau et les nutriments ?', 3);
END
SET IDENTITY_INSERT [dbo].[Question_QST] OFF;

INSERT INTO [dbo].[Answer_ANS] ([Id_Question], [Value], [Valid]) VALUES
    (111, N'Feuille', 0),
    (111, N'Racine', 1),
    (111, N'Tige', 0),
    (111, N'Fleur', 0);

IF NOT EXISTS (SELECT 1 FROM [dbo].[QuestionTheme_QTH] WHERE Id_Question = 111 AND Id_Theme = @ThemeId)
BEGIN
    INSERT INTO [dbo].[QuestionTheme_QTH] ([Id_Question], [Id_Theme]) VALUES (111, @ThemeId);
END

-- Question 112
SET IDENTITY_INSERT [dbo].[Question_QST] ON;
IF NOT EXISTS (SELECT 1 FROM [dbo].[Question_QST] WHERE Id = 112)
BEGIN
    INSERT INTO [dbo].[Question_QST] ([Id], [Question], [Id_Difficulty])
    VALUES (112, N'Quel est le nom du roman de Franz Kafka mettant en scène Gregor Samsa transformé en insecte ?', 3);
END
SET IDENTITY_INSERT [dbo].[Question_QST] OFF;

INSERT INTO [dbo].[Answer_ANS] ([Id_Question], [Value], [Valid]) VALUES
    (112, N'Le Procès', 0),
    (112, N'La Métamorphose', 1),
    (112, N'Le Château', 0),
    (112, N'Amérique', 0);

IF NOT EXISTS (SELECT 1 FROM [dbo].[QuestionTheme_QTH] WHERE Id_Question = 112 AND Id_Theme = @ThemeId)
BEGIN
    INSERT INTO [dbo].[QuestionTheme_QTH] ([Id_Question], [Id_Theme]) VALUES (112, @ThemeId);
END

-- Question 113
SET IDENTITY_INSERT [dbo].[Question_QST] ON;
IF NOT EXISTS (SELECT 1 FROM [dbo].[Question_QST] WHERE Id = 113)
BEGIN
    INSERT INTO [dbo].[Question_QST] ([Id], [Question], [Id_Difficulty])
    VALUES (113, N'Quelle est la constante qui représente la vitesse de la lumière dans le vide (approx.) en m/s ?', 3);
END
SET IDENTITY_INSERT [dbo].[Question_QST] OFF;

INSERT INTO [dbo].[Answer_ANS] ([Id_Question], [Value], [Valid]) VALUES
    (113, N'3 x 10^6', 0),
    (113, N'3 x 10^8', 1),
    (113, N'3 x 10^10', 0),
    (113, N'3 x 10^4', 0);

IF NOT EXISTS (SELECT 1 FROM [dbo].[QuestionTheme_QTH] WHERE Id_Question = 113 AND Id_Theme = @ThemeId)
BEGIN
    INSERT INTO [dbo].[QuestionTheme_QTH] ([Id_Question], [Id_Theme]) VALUES (113, @ThemeId);
END

-- Question 114
SET IDENTITY_INSERT [dbo].[Question_QST] ON;
IF NOT EXISTS (SELECT 1 FROM [dbo].[Question_QST] WHERE Id = 114)
BEGIN
    INSERT INTO [dbo].[Question_QST] ([Id], [Question], [Id_Difficulty])
    VALUES (114, N'Quel compositeur allemand a écrit l''opéra ''La Flûte enchantée'' ?', 3);
END
SET IDENTITY_INSERT [dbo].[Question_QST] OFF;

INSERT INTO [dbo].[Answer_ANS] ([Id_Question], [Value], [Valid]) VALUES
    (114, N'Brahms', 0),
    (114, N'Mozart', 1),
    (114, N'Wagner', 0),
    (114, N'Beethoven', 0);

IF NOT EXISTS (SELECT 1 FROM [dbo].[QuestionTheme_QTH] WHERE Id_Question = 114 AND Id_Theme = @ThemeId)
BEGIN
    INSERT INTO [dbo].[QuestionTheme_QTH] ([Id_Question], [Id_Theme]) VALUES (114, @ThemeId);
END

-- Question 115
SET IDENTITY_INSERT [dbo].[Question_QST] ON;
IF NOT EXISTS (SELECT 1 FROM [dbo].[Question_QST] WHERE Id = 115)
BEGIN
    INSERT INTO [dbo].[Question_QST] ([Id], [Question], [Id_Difficulty])
    VALUES (115, N'Quel pays a été dirigé par Nelson Mandela comme président après l''apartheid ?', 3);
END
SET IDENTITY_INSERT [dbo].[Question_QST] OFF;

INSERT INTO [dbo].[Answer_ANS] ([Id_Question], [Value], [Valid]) VALUES
    (115, N'Zimbabwe', 0),
    (115, N'Afrique du Sud', 1),
    (115, N'Namibie', 0),
    (115, N'Botswana', 0);

IF NOT EXISTS (SELECT 1 FROM [dbo].[QuestionTheme_QTH] WHERE Id_Question = 115 AND Id_Theme = @ThemeId)
BEGIN
    INSERT INTO [dbo].[QuestionTheme_QTH] ([Id_Question], [Id_Theme]) VALUES (115, @ThemeId);
END

-- Question 116
SET IDENTITY_INSERT [dbo].[Question_QST] ON;
IF NOT EXISTS (SELECT 1 FROM [dbo].[Question_QST] WHERE Id = 116)
BEGIN
    INSERT INTO [dbo].[Question_QST] ([Id], [Question], [Id_Difficulty])
    VALUES (116, N'Quel est le nom du roi français guillotiné pendant la Révolution française en 1793 ?', 3);
END
SET IDENTITY_INSERT [dbo].[Question_QST] OFF;

INSERT INTO [dbo].[Answer_ANS] ([Id_Question], [Value], [Valid]) VALUES
    (116, N'Louis XIV', 0),
    (116, N'Louis XV', 0),
    (116, N'Louis XVI', 1),
    (116, N'Charles X', 0);

IF NOT EXISTS (SELECT 1 FROM [dbo].[QuestionTheme_QTH] WHERE Id_Question = 116 AND Id_Theme = @ThemeId)
BEGIN
    INSERT INTO [dbo].[QuestionTheme_QTH] ([Id_Question], [Id_Theme]) VALUES (116, @ThemeId);
END

-- Question 117
SET IDENTITY_INSERT [dbo].[Question_QST] ON;
IF NOT EXISTS (SELECT 1 FROM [dbo].[Question_QST] WHERE Id = 117)
BEGIN
    INSERT INTO [dbo].[Question_QST] ([Id], [Question], [Id_Difficulty])
    VALUES (117, N'Quelle structure de données informatique suit le principe LIFO (last in, first out) ?', 3);
END
SET IDENTITY_INSERT [dbo].[Question_QST] OFF;

INSERT INTO [dbo].[Answer_ANS] ([Id_Question], [Value], [Valid]) VALUES
    (117, N'File (queue)', 0),
    (117, N'Pile (stack)', 1),
    (117, N'Arbre (tree)', 0),
    (117, N'Graphe (graph)', 0);

IF NOT EXISTS (SELECT 1 FROM [dbo].[QuestionTheme_QTH] WHERE Id_Question = 117 AND Id_Theme = @ThemeId)
BEGIN
    INSERT INTO [dbo].[QuestionTheme_QTH] ([Id_Question], [Id_Theme]) VALUES (117, @ThemeId);
END

-- Question 118
SET IDENTITY_INSERT [dbo].[Question_QST] ON;
IF NOT EXISTS (SELECT 1 FROM [dbo].[Question_QST] WHERE Id = 118)
BEGIN
    INSERT INTO [dbo].[Question_QST] ([Id], [Question], [Id_Difficulty])
    VALUES (118, N'Quel est le nom de l''organe de l''ONU chargé du maintien de la paix (conseil composé de 15 membres) ?', 3);
END
SET IDENTITY_INSERT [dbo].[Question_QST] OFF;

INSERT INTO [dbo].[Answer_ANS] ([Id_Question], [Value], [Valid]) VALUES
    (118, N'Assemblée générale', 0),
    (118, N'Conseil de sécurité', 1),
    (118, N'Conseil économique', 0),
    (118, N'Cour internationale', 0);

IF NOT EXISTS (SELECT 1 FROM [dbo].[QuestionTheme_QTH] WHERE Id_Question = 118 AND Id_Theme = @ThemeId)
BEGIN
    INSERT INTO [dbo].[QuestionTheme_QTH] ([Id_Question], [Id_Theme]) VALUES (118, @ThemeId);
END

-- Question 119
SET IDENTITY_INSERT [dbo].[Question_QST] ON;
IF NOT EXISTS (SELECT 1 FROM [dbo].[Question_QST] WHERE Id = 119)
BEGIN
    INSERT INTO [dbo].[Question_QST] ([Id], [Question], [Id_Difficulty])
    VALUES (119, N'Quel savant a établi les lois du mouvement et formulé les bases du calcul infinitésimal ?', 3);
END
SET IDENTITY_INSERT [dbo].[Question_QST] OFF;

INSERT INTO [dbo].[Answer_ANS] ([Id_Question], [Value], [Valid]) VALUES
    (119, N'Descartes', 0),
    (119, N'Newton', 1),
    (119, N'Pascal', 0),
    (119, N'Leibniz', 0);

IF NOT EXISTS (SELECT 1 FROM [dbo].[QuestionTheme_QTH] WHERE Id_Question = 119 AND Id_Theme = @ThemeId)
BEGIN
    INSERT INTO [dbo].[QuestionTheme_QTH] ([Id_Question], [Id_Theme]) VALUES (119, @ThemeId);
END

-- Question 120
SET IDENTITY_INSERT [dbo].[Question_QST] ON;
IF NOT EXISTS (SELECT 1 FROM [dbo].[Question_QST] WHERE Id = 120)
BEGIN
    INSERT INTO [dbo].[Question_QST] ([Id], [Question], [Id_Difficulty])
    VALUES (120, N'Quelle est l''unité de mesure de la fréquence ?', 3);
END
SET IDENTITY_INSERT [dbo].[Question_QST] OFF;

INSERT INTO [dbo].[Answer_ANS] ([Id_Question], [Value], [Valid]) VALUES
    (120, N'Volt', 0),
    (120, N'Newton', 0),
    (120, N'Hertz', 1),
    (120, N'Ohm', 0);

IF NOT EXISTS (SELECT 1 FROM [dbo].[QuestionTheme_QTH] WHERE Id_Question = 120 AND Id_Theme = @ThemeId)
BEGIN
    INSERT INTO [dbo].[QuestionTheme_QTH] ([Id_Question], [Id_Theme]) VALUES (120, @ThemeId);
END

-- Question 121
SET IDENTITY_INSERT [dbo].[Question_QST] ON;
IF NOT EXISTS (SELECT 1 FROM [dbo].[Question_QST] WHERE Id = 121)
BEGIN
    INSERT INTO [dbo].[Question_QST] ([Id], [Question], [Id_Difficulty])
    VALUES (121, N'Quel pays détient la plus grande diversité linguistique (nombre de langues) ?', 3);
END
SET IDENTITY_INSERT [dbo].[Question_QST] OFF;

INSERT INTO [dbo].[Answer_ANS] ([Id_Question], [Value], [Valid]) VALUES
    (121, N'États-Unis', 0),
    (121, N'Papouasie-Nouvelle-Guinée', 1),
    (121, N'Inde', 0),
    (121, N'Brésil', 0);

IF NOT EXISTS (SELECT 1 FROM [dbo].[QuestionTheme_QTH] WHERE Id_Question = 121 AND Id_Theme = @ThemeId)
BEGIN
    INSERT INTO [dbo].[QuestionTheme_QTH] ([Id_Question], [Id_Theme]) VALUES (121, @ThemeId);
END

-- Question 122
SET IDENTITY_INSERT [dbo].[Question_QST] ON;
IF NOT EXISTS (SELECT 1 FROM [dbo].[Question_QST] WHERE Id = 122)
BEGIN
    INSERT INTO [dbo].[Question_QST] ([Id], [Question], [Id_Difficulty])
    VALUES (122, N'Quel historien grec est surnommé le ''père de l''histoire'' ?', 3);
END
SET IDENTITY_INSERT [dbo].[Question_QST] OFF;

INSERT INTO [dbo].[Answer_ANS] ([Id_Question], [Value], [Valid]) VALUES
    (122, N'Thucydide', 0),
    (122, N'Hérodote', 1),
    (122, N'Platon', 0),
    (122, N'Aristote', 0);

IF NOT EXISTS (SELECT 1 FROM [dbo].[QuestionTheme_QTH] WHERE Id_Question = 122 AND Id_Theme = @ThemeId)
BEGIN
    INSERT INTO [dbo].[QuestionTheme_QTH] ([Id_Question], [Id_Theme]) VALUES (122, @ThemeId);
END

-- Question 123
SET IDENTITY_INSERT [dbo].[Question_QST] ON;
IF NOT EXISTS (SELECT 1 FROM [dbo].[Question_QST] WHERE Id = 123)
BEGIN
    INSERT INTO [dbo].[Question_QST] ([Id], [Question], [Id_Difficulty])
    VALUES (123, N'Quel est le nom du phénomène par lequel les continents dérivent sur des plaques tectoniques ?', 3);
END
SET IDENTITY_INSERT [dbo].[Question_QST] OFF;

INSERT INTO [dbo].[Answer_ANS] ([Id_Question], [Value], [Valid]) VALUES
    (123, N'Érosion', 0),
    (123, N'Subduction', 0),
    (123, N'Dérive des continents / tectonique des plaques', 1),
    (123, N'Élévation', 0);

IF NOT EXISTS (SELECT 1 FROM [dbo].[QuestionTheme_QTH] WHERE Id_Question = 123 AND Id_Theme = @ThemeId)
BEGIN
    INSERT INTO [dbo].[QuestionTheme_QTH] ([Id_Question], [Id_Theme]) VALUES (123, @ThemeId);
END

-- Question 124
SET IDENTITY_INSERT [dbo].[Question_QST] ON;
IF NOT EXISTS (SELECT 1 FROM [dbo].[Question_QST] WHERE Id = 124)
BEGIN
    INSERT INTO [dbo].[Question_QST] ([Id], [Question], [Id_Difficulty])
    VALUES (124, N'Quel animal marin est connu pour sa grande intelligence et sa mémoire sociale ?', 3);
END
SET IDENTITY_INSERT [dbo].[Question_QST] OFF;

INSERT INTO [dbo].[Answer_ANS] ([Id_Question], [Value], [Valid]) VALUES
    (124, N'Requin', 0),
    (124, N'Dauphin', 1),
    (124, N'Étoile de mer', 0),
    (124, N'Crabe', 0);

IF NOT EXISTS (SELECT 1 FROM [dbo].[QuestionTheme_QTH] WHERE Id_Question = 124 AND Id_Theme = @ThemeId)
BEGIN
    INSERT INTO [dbo].[QuestionTheme_QTH] ([Id_Question], [Id_Theme]) VALUES (124, @ThemeId);
END

-- Question 125
SET IDENTITY_INSERT [dbo].[Question_QST] ON;
IF NOT EXISTS (SELECT 1 FROM [dbo].[Question_QST] WHERE Id = 125)
BEGIN
    INSERT INTO [dbo].[Question_QST] ([Id], [Question], [Id_Difficulty])
    VALUES (125, N'Qui a développé la psychanalyse au début du XXe siècle ?', 3);
END
SET IDENTITY_INSERT [dbo].[Question_QST] OFF;

INSERT INTO [dbo].[Answer_ANS] ([Id_Question], [Value], [Valid]) VALUES
    (125, N'Carl Jung', 0),
    (125, N'Sigmund Freud', 1),
    (125, N'Alfred Adler', 0),
    (125, N'Wilhelm Wundt', 0);

IF NOT EXISTS (SELECT 1 FROM [dbo].[QuestionTheme_QTH] WHERE Id_Question = 125 AND Id_Theme = @ThemeId)
BEGIN
    INSERT INTO [dbo].[QuestionTheme_QTH] ([Id_Question], [Id_Theme]) VALUES (125, @ThemeId);
END

-- Question 126
SET IDENTITY_INSERT [dbo].[Question_QST] ON;
IF NOT EXISTS (SELECT 1 FROM [dbo].[Question_QST] WHERE Id = 126)
BEGIN
    INSERT INTO [dbo].[Question_QST] ([Id], [Question], [Id_Difficulty])
    VALUES (126, N'Quel est le nom du code ancien utilisé pour écrire les hiéroglyphes égyptiens en alphabet latin au XIXe siècle ?', 3);
END
SET IDENTITY_INSERT [dbo].[Question_QST] OFF;

INSERT INTO [dbo].[Answer_ANS] ([Id_Question], [Value], [Valid]) VALUES
    (126, N'Lettre de Rosetta', 0),
    (126, N'Pierre de Rosette', 1),
    (126, N'Clé de Champollion', 0),
    (126, N'Papyrus de Rosette', 0);

IF NOT EXISTS (SELECT 1 FROM [dbo].[QuestionTheme_QTH] WHERE Id_Question = 126 AND Id_Theme = @ThemeId)
BEGIN
    INSERT INTO [dbo].[QuestionTheme_QTH] ([Id_Question], [Id_Theme]) VALUES (126, @ThemeId);
END

-- Question 127
SET IDENTITY_INSERT [dbo].[Question_QST] ON;
IF NOT EXISTS (SELECT 1 FROM [dbo].[Question_QST] WHERE Id = 127)
BEGIN
    INSERT INTO [dbo].[Question_QST] ([Id], [Question], [Id_Difficulty])
    VALUES (127, N'Quelle est la principale différence entre une éclipse solaire totale et une éclipse annulaire ?', 3);
END
SET IDENTITY_INSERT [dbo].[Question_QST] OFF;

INSERT INTO [dbo].[Answer_ANS] ([Id_Question], [Value], [Valid]) VALUES
    (127, N'Aucune différence', 0),
    (127, N'Taille apparente du Lune relative au Soleil - anneau visible', 1),
    (127, N'La couleur du Soleil', 0),
    (127, N'La durée', 0);

IF NOT EXISTS (SELECT 1 FROM [dbo].[QuestionTheme_QTH] WHERE Id_Question = 127 AND Id_Theme = @ThemeId)
BEGIN
    INSERT INTO [dbo].[QuestionTheme_QTH] ([Id_Question], [Id_Theme]) VALUES (127, @ThemeId);
END

-- Question 128
SET IDENTITY_INSERT [dbo].[Question_QST] ON;
IF NOT EXISTS (SELECT 1 FROM [dbo].[Question_QST] WHERE Id = 128)
BEGIN
    INSERT INTO [dbo].[Question_QST] ([Id], [Question], [Id_Difficulty])
    VALUES (128, N'Quel est le principal auteur des ''Fondations'' (science-fiction) ?', 3);
END
SET IDENTITY_INSERT [dbo].[Question_QST] OFF;

INSERT INTO [dbo].[Answer_ANS] ([Id_Question], [Value], [Valid]) VALUES
    (128, N'Isaac Asimov', 1),
    (128, N'Arthur C. Clarke', 0),
    (128, N'Philip K. Dick', 0),
    (128, N'Robert A. Heinlein', 0);

IF NOT EXISTS (SELECT 1 FROM [dbo].[QuestionTheme_QTH] WHERE Id_Question = 128 AND Id_Theme = @ThemeId)
BEGIN
    INSERT INTO [dbo].[QuestionTheme_QTH] ([Id_Question], [Id_Theme]) VALUES (128, @ThemeId);
END

-- Question 129
SET IDENTITY_INSERT [dbo].[Question_QST] ON;
IF NOT EXISTS (SELECT 1 FROM [dbo].[Question_QST] WHERE Id = 129)
BEGIN
    INSERT INTO [dbo].[Question_QST] ([Id], [Question], [Id_Difficulty])
    VALUES (129, N'Quel est le nom de la molécule énergétique utilisée par les cellules (souvent appelée ''monnaie énergétique'') ?', 3);
END
SET IDENTITY_INSERT [dbo].[Question_QST] OFF;

INSERT INTO [dbo].[Answer_ANS] ([Id_Question], [Value], [Valid]) VALUES
    (129, N'Glucose', 0),
    (129, N'ADP', 0),
    (129, N'ATP', 1),
    (129, N'ADN', 0);

IF NOT EXISTS (SELECT 1 FROM [dbo].[QuestionTheme_QTH] WHERE Id_Question = 129 AND Id_Theme = @ThemeId)
BEGIN
    INSERT INTO [dbo].[QuestionTheme_QTH] ([Id_Question], [Id_Theme]) VALUES (129, @ThemeId);
END

-- Question 130
SET IDENTITY_INSERT [dbo].[Question_QST] ON;
IF NOT EXISTS (SELECT 1 FROM [dbo].[Question_QST] WHERE Id = 130)
BEGIN
    INSERT INTO [dbo].[Question_QST] ([Id], [Question], [Id_Difficulty])
    VALUES (130, N'Quel peintre a introduit le cubisme avec Braque ?', 3);
END
SET IDENTITY_INSERT [dbo].[Question_QST] OFF;

INSERT INTO [dbo].[Answer_ANS] ([Id_Question], [Value], [Valid]) VALUES
    (130, N'Matisse', 0),
    (130, N'Picasso', 1),
    (130, N'Dali', 0),
    (130, N'Kandinsky', 0);

IF NOT EXISTS (SELECT 1 FROM [dbo].[QuestionTheme_QTH] WHERE Id_Question = 130 AND Id_Theme = @ThemeId)
BEGIN
    INSERT INTO [dbo].[QuestionTheme_QTH] ([Id_Question], [Id_Theme]) VALUES (130, @ThemeId);
END

-- Question 131
SET IDENTITY_INSERT [dbo].[Question_QST] ON;
IF NOT EXISTS (SELECT 1 FROM [dbo].[Question_QST] WHERE Id = 131)
BEGIN
    INSERT INTO [dbo].[Question_QST] ([Id], [Question], [Id_Difficulty])
    VALUES (131, N'Quel est le terme pour un cycle complet de la Lune (nouvelle à nouvelle) ?', 3);
END
SET IDENTITY_INSERT [dbo].[Question_QST] OFF;

INSERT INTO [dbo].[Answer_ANS] ([Id_Question], [Value], [Valid]) VALUES
    (131, N'Mois', 0),
    (131, N'Mois lunaire ou lunaison', 1),
    (131, N'Année', 0),
    (131, N'Semaine', 0);

IF NOT EXISTS (SELECT 1 FROM [dbo].[QuestionTheme_QTH] WHERE Id_Question = 131 AND Id_Theme = @ThemeId)
BEGIN
    INSERT INTO [dbo].[QuestionTheme_QTH] ([Id_Question], [Id_Theme]) VALUES (131, @ThemeId);
END

-- Question 132
SET IDENTITY_INSERT [dbo].[Question_QST] ON;
IF NOT EXISTS (SELECT 1 FROM [dbo].[Question_QST] WHERE Id = 132)
BEGIN
    INSERT INTO [dbo].[Question_QST] ([Id], [Question], [Id_Difficulty])
    VALUES (132, N'Quel est le nom de la plus grande forêt tropicale du monde ?', 3);
END
SET IDENTITY_INSERT [dbo].[Question_QST] OFF;

INSERT INTO [dbo].[Answer_ANS] ([Id_Question], [Value], [Valid]) VALUES
    (132, N'Forêt du Congo', 0),
    (132, N'Amazonie', 1),
    (132, N'Forêt de Bornéo', 0),
    (132, N'Taïga', 0);

IF NOT EXISTS (SELECT 1 FROM [dbo].[QuestionTheme_QTH] WHERE Id_Question = 132 AND Id_Theme = @ThemeId)
BEGIN
    INSERT INTO [dbo].[QuestionTheme_QTH] ([Id_Question], [Id_Theme]) VALUES (132, @ThemeId);
END

-- Question 133
SET IDENTITY_INSERT [dbo].[Question_QST] ON;
IF NOT EXISTS (SELECT 1 FROM [dbo].[Question_QST] WHERE Id = 133)
BEGIN
    INSERT INTO [dbo].[Question_QST] ([Id], [Question], [Id_Difficulty])
    VALUES (133, N'Quelle est la capitale historique de l''Empire ottoman et actuelle ville turque majeure ?', 3);
END
SET IDENTITY_INSERT [dbo].[Question_QST] OFF;

INSERT INTO [dbo].[Answer_ANS] ([Id_Question], [Value], [Valid]) VALUES
    (133, N'Ankara', 0),
    (133, N'Istanbul', 1),
    (133, N'Izmir', 0),
    (133, N'Bursa', 0);

IF NOT EXISTS (SELECT 1 FROM [dbo].[QuestionTheme_QTH] WHERE Id_Question = 133 AND Id_Theme = @ThemeId)
BEGIN
    INSERT INTO [dbo].[QuestionTheme_QTH] ([Id_Question], [Id_Theme]) VALUES (133, @ThemeId);
END

-- Question 134
SET IDENTITY_INSERT [dbo].[Question_QST] ON;
IF NOT EXISTS (SELECT 1 FROM [dbo].[Question_QST] WHERE Id = 134)
BEGIN
    INSERT INTO [dbo].[Question_QST] ([Id], [Question], [Id_Difficulty])
    VALUES (134, N'Quel est l''acide aminé le plus simple, souvent codé ''Gly'' ?', 3);
END
SET IDENTITY_INSERT [dbo].[Question_QST] OFF;

INSERT INTO [dbo].[Answer_ANS] ([Id_Question], [Value], [Valid]) VALUES
    (134, N'Alanine', 0),
    (134, N'Glycine', 1),
    (134, N'Leucine', 0),
    (134, N'Valine', 0);

IF NOT EXISTS (SELECT 1 FROM [dbo].[QuestionTheme_QTH] WHERE Id_Question = 134 AND Id_Theme = @ThemeId)
BEGIN
    INSERT INTO [dbo].[QuestionTheme_QTH] ([Id_Question], [Id_Theme]) VALUES (134, @ThemeId);
END

-- Question 135
SET IDENTITY_INSERT [dbo].[Question_QST] ON;
IF NOT EXISTS (SELECT 1 FROM [dbo].[Question_QST] WHERE Id = 135)
BEGIN
    INSERT INTO [dbo].[Question_QST] ([Id], [Question], [Id_Difficulty])
    VALUES (135, N'Quel traité, signé en 1648, mit fin à la guerre de Trente Ans en Europe ?', 4);
END
SET IDENTITY_INSERT [dbo].[Question_QST] OFF;

INSERT INTO [dbo].[Answer_ANS] ([Id_Question], [Value], [Valid]) VALUES
    (135, N'Traité de Westphalie', 1),
    (135, N'Traité de Versailles', 0),
    (135, N'Traité d''Utrecht', 0),
    (135, N'Traité de Paris', 0);

IF NOT EXISTS (SELECT 1 FROM [dbo].[QuestionTheme_QTH] WHERE Id_Question = 135 AND Id_Theme = @ThemeId)
BEGIN
    INSERT INTO [dbo].[QuestionTheme_QTH] ([Id_Question], [Id_Theme]) VALUES (135, @ThemeId);
END

-- Question 136
SET IDENTITY_INSERT [dbo].[Question_QST] ON;
IF NOT EXISTS (SELECT 1 FROM [dbo].[Question_QST] WHERE Id = 136)
BEGIN
    INSERT INTO [dbo].[Question_QST] ([Id], [Question], [Id_Difficulty])
    VALUES (136, N'Quel mathématicien a formulé le dernier théorème qui porte son nom et a été prouvé par Andrew Wiles ?', 4);
END
SET IDENTITY_INSERT [dbo].[Question_QST] OFF;

INSERT INTO [dbo].[Answer_ANS] ([Id_Question], [Value], [Valid]) VALUES
    (136, N'Euler', 0),
    (136, N'Pierre de Fermat', 1),
    (136, N'Gauss', 0),
    (136, N'Riemann', 0);

IF NOT EXISTS (SELECT 1 FROM [dbo].[QuestionTheme_QTH] WHERE Id_Question = 136 AND Id_Theme = @ThemeId)
BEGIN
    INSERT INTO [dbo].[QuestionTheme_QTH] ([Id_Question], [Id_Theme]) VALUES (136, @ThemeId);
END

-- Question 137
SET IDENTITY_INSERT [dbo].[Question_QST] ON;
IF NOT EXISTS (SELECT 1 FROM [dbo].[Question_QST] WHERE Id = 137)
BEGIN
    INSERT INTO [dbo].[Question_QST] ([Id], [Question], [Id_Difficulty])
    VALUES (137, N'Quel est le nom complet du noyau dense au centre d''un atome ?', 4);
END
SET IDENTITY_INSERT [dbo].[Question_QST] OFF;

INSERT INTO [dbo].[Answer_ANS] ([Id_Question], [Value], [Valid]) VALUES
    (137, N'Nucléon', 0),
    (137, N'Proton', 0),
    (137, N'Noyau atomique (ou nucléus)', 1),
    (137, N'Électron', 0);

IF NOT EXISTS (SELECT 1 FROM [dbo].[QuestionTheme_QTH] WHERE Id_Question = 137 AND Id_Theme = @ThemeId)
BEGIN
    INSERT INTO [dbo].[QuestionTheme_QTH] ([Id_Question], [Id_Theme]) VALUES (137, @ThemeId);
END

-- Question 138
SET IDENTITY_INSERT [dbo].[Question_QST] ON;
IF NOT EXISTS (SELECT 1 FROM [dbo].[Question_QST] WHERE Id = 138)
BEGIN
    INSERT INTO [dbo].[Question_QST] ([Id], [Question], [Id_Difficulty])
    VALUES (138, N'Qui a écrit la ''Critique de la raison pure'' ?', 4);
END
SET IDENTITY_INSERT [dbo].[Question_QST] OFF;

INSERT INTO [dbo].[Answer_ANS] ([Id_Question], [Value], [Valid]) VALUES
    (138, N'Hegel', 0),
    (138, N'Kant', 1),
    (138, N'Nietzsche', 0),
    (138, N'Descartes', 0);

IF NOT EXISTS (SELECT 1 FROM [dbo].[QuestionTheme_QTH] WHERE Id_Question = 138 AND Id_Theme = @ThemeId)
BEGIN
    INSERT INTO [dbo].[QuestionTheme_QTH] ([Id_Question], [Id_Theme]) VALUES (138, @ThemeId);
END

-- Question 139
SET IDENTITY_INSERT [dbo].[Question_QST] ON;
IF NOT EXISTS (SELECT 1 FROM [dbo].[Question_QST] WHERE Id = 139)
BEGIN
    INSERT INTO [dbo].[Question_QST] ([Id], [Question], [Id_Difficulty])
    VALUES (139, N'Quel physicien est à l''origine de l''équation E=mc^2 ?', 4);
END
SET IDENTITY_INSERT [dbo].[Question_QST] OFF;

INSERT INTO [dbo].[Answer_ANS] ([Id_Question], [Value], [Valid]) VALUES
    (139, N'Max Planck', 0),
    (139, N'Albert Einstein', 1),
    (139, N'Niels Bohr', 0),
    (139, N'Erwin Schrödinger', 0);

IF NOT EXISTS (SELECT 1 FROM [dbo].[QuestionTheme_QTH] WHERE Id_Question = 139 AND Id_Theme = @ThemeId)
BEGIN
    INSERT INTO [dbo].[QuestionTheme_QTH] ([Id_Question], [Id_Theme]) VALUES (139, @ThemeId);
END

-- Question 140
SET IDENTITY_INSERT [dbo].[Question_QST] ON;
IF NOT EXISTS (SELECT 1 FROM [dbo].[Question_QST] WHERE Id = 140)
BEGIN
    INSERT INTO [dbo].[Question_QST] ([Id], [Question], [Id_Difficulty])
    VALUES (140, N'Quel est le nom de l''hypothèse non résolue liée à la distribution des zéros de la fonction zêta ?', 4);
END
SET IDENTITY_INSERT [dbo].[Question_QST] OFF;

INSERT INTO [dbo].[Answer_ANS] ([Id_Question], [Value], [Valid]) VALUES
    (140, N'Hypothèse de Riemann', 1),
    (140, N'Conjecture de Poincaré', 0),
    (140, N'Conjecture de Goldbach', 0),
    (140, N'Hypothèse de Fermat', 0);

IF NOT EXISTS (SELECT 1 FROM [dbo].[QuestionTheme_QTH] WHERE Id_Question = 140 AND Id_Theme = @ThemeId)
BEGIN
    INSERT INTO [dbo].[QuestionTheme_QTH] ([Id_Question], [Id_Theme]) VALUES (140, @ThemeId);
END

-- Question 141
SET IDENTITY_INSERT [dbo].[Question_QST] ON;
IF NOT EXISTS (SELECT 1 FROM [dbo].[Question_QST] WHERE Id = 141)
BEGIN
    INSERT INTO [dbo].[Question_QST] ([Id], [Question], [Id_Difficulty])
    VALUES (141, N'Quel est le nom du traité fondant la Société des Nations après la Première Guerre mondiale ?', 4);
END
SET IDENTITY_INSERT [dbo].[Question_QST] OFF;

INSERT INTO [dbo].[Answer_ANS] ([Id_Question], [Value], [Valid]) VALUES
    (141, N'Traité de Versailles', 1),
    (141, N'Traité de Rome', 0),
    (141, N'Traité de Trianon', 0),
    (141, N'Traité de Saint-Germain', 0);

IF NOT EXISTS (SELECT 1 FROM [dbo].[QuestionTheme_QTH] WHERE Id_Question = 141 AND Id_Theme = @ThemeId)
BEGIN
    INSERT INTO [dbo].[QuestionTheme_QTH] ([Id_Question], [Id_Theme]) VALUES (141, @ThemeId);
END

-- Question 142
SET IDENTITY_INSERT [dbo].[Question_QST] ON;
IF NOT EXISTS (SELECT 1 FROM [dbo].[Question_QST] WHERE Id = 142)
BEGIN
    INSERT INTO [dbo].[Question_QST] ([Id], [Question], [Id_Difficulty])
    VALUES (142, N'Quel est le nom de la principale enzyme qui réplique l''ADN chez les organismes vivants ?', 4);
END
SET IDENTITY_INSERT [dbo].[Question_QST] OFF;

INSERT INTO [dbo].[Answer_ANS] ([Id_Question], [Value], [Valid]) VALUES
    (142, N'ARN polymérase', 0),
    (142, N'ADN polymérase', 1),
    (142, N'Ligase', 0),
    (142, N'Transcriptase inverse', 0);

IF NOT EXISTS (SELECT 1 FROM [dbo].[QuestionTheme_QTH] WHERE Id_Question = 142 AND Id_Theme = @ThemeId)
BEGIN
    INSERT INTO [dbo].[QuestionTheme_QTH] ([Id_Question], [Id_Theme]) VALUES (142, @ThemeId);
END

-- Question 143
SET IDENTITY_INSERT [dbo].[Question_QST] ON;
IF NOT EXISTS (SELECT 1 FROM [dbo].[Question_QST] WHERE Id = 143)
BEGIN
    INSERT INTO [dbo].[Question_QST] ([Id], [Question], [Id_Difficulty])
    VALUES (143, N'Quel économiste a posé les bases de l''économie moderne avec ''La richesse des nations'' ?', 4);
END
SET IDENTITY_INSERT [dbo].[Question_QST] OFF;

INSERT INTO [dbo].[Answer_ANS] ([Id_Question], [Value], [Valid]) VALUES
    (143, N'John Maynard Keynes', 0),
    (143, N'Adam Smith', 1),
    (143, N'Karl Marx', 0),
    (143, N'David Ricardo', 0);

IF NOT EXISTS (SELECT 1 FROM [dbo].[QuestionTheme_QTH] WHERE Id_Question = 143 AND Id_Theme = @ThemeId)
BEGIN
    INSERT INTO [dbo].[QuestionTheme_QTH] ([Id_Question], [Id_Theme]) VALUES (143, @ThemeId);
END

-- Question 144
SET IDENTITY_INSERT [dbo].[Question_QST] ON;
IF NOT EXISTS (SELECT 1 FROM [dbo].[Question_QST] WHERE Id = 144)
BEGIN
    INSERT INTO [dbo].[Question_QST] ([Id], [Question], [Id_Difficulty])
    VALUES (144, N'Quel est l''auteur du roman ''À la recherche du temps perdu'' ?', 4);
END
SET IDENTITY_INSERT [dbo].[Question_QST] OFF;

INSERT INTO [dbo].[Answer_ANS] ([Id_Question], [Value], [Valid]) VALUES
    (144, N'Marcel Proust', 1),
    (144, N'Albert Camus', 0),
    (144, N'André Gide', 0),
    (144, N'Jean-Paul Sartre', 0);

IF NOT EXISTS (SELECT 1 FROM [dbo].[QuestionTheme_QTH] WHERE Id_Question = 144 AND Id_Theme = @ThemeId)
BEGIN
    INSERT INTO [dbo].[QuestionTheme_QTH] ([Id_Question], [Id_Theme]) VALUES (144, @ThemeId);
END

-- Question 145
SET IDENTITY_INSERT [dbo].[Question_QST] ON;
IF NOT EXISTS (SELECT 1 FROM [dbo].[Question_QST] WHERE Id = 145)
BEGIN
    INSERT INTO [dbo].[Question_QST] ([Id], [Question], [Id_Difficulty])
    VALUES (145, N'Quel empereur romain a divisé l''Empire en l''orient et l''occident de façon administrative (Tétrarchie) ?', 4);
END
SET IDENTITY_INSERT [dbo].[Question_QST] OFF;

INSERT INTO [dbo].[Answer_ANS] ([Id_Question], [Value], [Valid]) VALUES
    (145, N'Jules César', 0),
    (145, N'Néron', 0),
    (145, N'Dioclétien', 1),
    (145, N'Auguste', 0);

IF NOT EXISTS (SELECT 1 FROM [dbo].[QuestionTheme_QTH] WHERE Id_Question = 145 AND Id_Theme = @ThemeId)
BEGIN
    INSERT INTO [dbo].[QuestionTheme_QTH] ([Id_Question], [Id_Theme]) VALUES (145, @ThemeId);
END

-- Question 146
SET IDENTITY_INSERT [dbo].[Question_QST] ON;
IF NOT EXISTS (SELECT 1 FROM [dbo].[Question_QST] WHERE Id = 146)
BEGIN
    INSERT INTO [dbo].[Question_QST] ([Id], [Question], [Id_Difficulty])
    VALUES (146, N'Quel est le nom du principe en mécanique quantique disant qu''on ne peut pas connaître simultanément la position et la vitesse d''une particule avec précision arbitraire ?', 4);
END
SET IDENTITY_INSERT [dbo].[Question_QST] OFF;

INSERT INTO [dbo].[Answer_ANS] ([Id_Question], [Value], [Valid]) VALUES
    (146, N'Principe d''exclusion', 0),
    (146, N'Principe d''incertitude de Heisenberg', 1),
    (146, N'Principe d''équivalence', 0),
    (146, N'Principe de superposition', 0);

IF NOT EXISTS (SELECT 1 FROM [dbo].[QuestionTheme_QTH] WHERE Id_Question = 146 AND Id_Theme = @ThemeId)
BEGIN
    INSERT INTO [dbo].[QuestionTheme_QTH] ([Id_Question], [Id_Theme]) VALUES (146, @ThemeId);
END

-- Question 147
SET IDENTITY_INSERT [dbo].[Question_QST] ON;
IF NOT EXISTS (SELECT 1 FROM [dbo].[Question_QST] WHERE Id = 147)
BEGIN
    INSERT INTO [dbo].[Question_QST] ([Id], [Question], [Id_Difficulty])
    VALUES (147, N'Quel poète latin a écrit l''Énéide ?', 4);
END
SET IDENTITY_INSERT [dbo].[Question_QST] OFF;

INSERT INTO [dbo].[Answer_ANS] ([Id_Question], [Value], [Valid]) VALUES
    (147, N'Horace', 0),
    (147, N'Virgile', 1),
    (147, N'Ovide', 0),
    (147, N'Catulle', 0);

IF NOT EXISTS (SELECT 1 FROM [dbo].[QuestionTheme_QTH] WHERE Id_Question = 147 AND Id_Theme = @ThemeId)
BEGIN
    INSERT INTO [dbo].[QuestionTheme_QTH] ([Id_Question], [Id_Theme]) VALUES (147, @ThemeId);
END

-- Question 148
SET IDENTITY_INSERT [dbo].[Question_QST] ON;
IF NOT EXISTS (SELECT 1 FROM [dbo].[Question_QST] WHERE Id = 148)
BEGIN
    INSERT INTO [dbo].[Question_QST] ([Id], [Question], [Id_Difficulty])
    VALUES (148, N'Quel mathématicien a donné son nom à la conjecture sur les nombres premiers jumeaux (toujours non démontrée complètement) ?', 4);
END
SET IDENTITY_INSERT [dbo].[Question_QST] OFF;

INSERT INTO [dbo].[Answer_ANS] ([Id_Question], [Value], [Valid]) VALUES
    (148, N'Goldbach', 1),
    (148, N'Riemann', 0),
    (148, N'Euler', 0),
    (148, N'Turing', 0);

IF NOT EXISTS (SELECT 1 FROM [dbo].[QuestionTheme_QTH] WHERE Id_Question = 148 AND Id_Theme = @ThemeId)
BEGIN
    INSERT INTO [dbo].[QuestionTheme_QTH] ([Id_Question], [Id_Theme]) VALUES (148, @ThemeId);
END

-- Question 149
SET IDENTITY_INSERT [dbo].[Question_QST] ON;
IF NOT EXISTS (SELECT 1 FROM [dbo].[Question_QST] WHERE Id = 149)
BEGIN
    INSERT INTO [dbo].[Question_QST] ([Id], [Question], [Id_Difficulty])
    VALUES (149, N'Quel est le nom donné à l''étude des relations entre organismes et leur environnement ?', 4);
END
SET IDENTITY_INSERT [dbo].[Question_QST] OFF;

INSERT INTO [dbo].[Answer_ANS] ([Id_Question], [Value], [Valid]) VALUES
    (149, N'Biotechnologie', 0),
    (149, N'Génétique', 0),
    (149, N'Écologie', 1),
    (149, N'Physiologie', 0);

IF NOT EXISTS (SELECT 1 FROM [dbo].[QuestionTheme_QTH] WHERE Id_Question = 149 AND Id_Theme = @ThemeId)
BEGIN
    INSERT INTO [dbo].[QuestionTheme_QTH] ([Id_Question], [Id_Theme]) VALUES (149, @ThemeId);
END

-- Question 150
SET IDENTITY_INSERT [dbo].[Question_QST] ON;
IF NOT EXISTS (SELECT 1 FROM [dbo].[Question_QST] WHERE Id = 150)
BEGIN
    INSERT INTO [dbo].[Question_QST] ([Id], [Question], [Id_Difficulty])
    VALUES (150, N'Quel est l''auteur du ''Prince'' (traité politique) ?', 4);
END
SET IDENTITY_INSERT [dbo].[Question_QST] OFF;

INSERT INTO [dbo].[Answer_ANS] ([Id_Question], [Value], [Valid]) VALUES
    (150, N'Machiavel', 1),
    (150, N'Thomas More', 0),
    (150, N'Spinoza', 0),
    (150, N'Montesquieu', 0);

IF NOT EXISTS (SELECT 1 FROM [dbo].[QuestionTheme_QTH] WHERE Id_Question = 150 AND Id_Theme = @ThemeId)
BEGIN
    INSERT INTO [dbo].[QuestionTheme_QTH] ([Id_Question], [Id_Theme]) VALUES (150, @ThemeId);
END

-- Question 151
SET IDENTITY_INSERT [dbo].[Question_QST] ON;
IF NOT EXISTS (SELECT 1 FROM [dbo].[Question_QST] WHERE Id = 151)
BEGIN
    INSERT INTO [dbo].[Question_QST] ([Id], [Question], [Id_Difficulty])
    VALUES (151, N'Quel est le nom de la conjecture mathématique sur l''existence d''une solution entière pour Fermat (dernier théorème de Fermat) — finalement prouvé ? (Quel mathématicien la conjectura?)', 4);
END
SET IDENTITY_INSERT [dbo].[Question_QST] OFF;

INSERT INTO [dbo].[Answer_ANS] ([Id_Question], [Value], [Valid]) VALUES
    (151, N'Fermat', 1),
    (151, N'Goldbach', 0),
    (151, N'Riemann', 0),
    (151, N'Euclide', 0);

IF NOT EXISTS (SELECT 1 FROM [dbo].[QuestionTheme_QTH] WHERE Id_Question = 151 AND Id_Theme = @ThemeId)
BEGIN
    INSERT INTO [dbo].[QuestionTheme_QTH] ([Id_Question], [Id_Theme]) VALUES (151, @ThemeId);
END

-- Question 152
SET IDENTITY_INSERT [dbo].[Question_QST] ON;
IF NOT EXISTS (SELECT 1 FROM [dbo].[Question_QST] WHERE Id = 152)
BEGIN
    INSERT INTO [dbo].[Question_QST] ([Id], [Question], [Id_Difficulty])
    VALUES (152, N'Quelle est la durée approximative d''un cycle de demi-vie du carbone-14 (utile en datation) ?', 4);
END
SET IDENTITY_INSERT [dbo].[Question_QST] OFF;

INSERT INTO [dbo].[Answer_ANS] ([Id_Question], [Value], [Valid]) VALUES
    (152, N'5700 ans', 1),
    (152, N'1000 ans', 0),
    (152, N'12000 ans', 0),
    (152, N'450 ans', 0);

IF NOT EXISTS (SELECT 1 FROM [dbo].[QuestionTheme_QTH] WHERE Id_Question = 152 AND Id_Theme = @ThemeId)
BEGIN
    INSERT INTO [dbo].[QuestionTheme_QTH] ([Id_Question], [Id_Theme]) VALUES (152, @ThemeId);
END

-- Question 153
SET IDENTITY_INSERT [dbo].[Question_QST] ON;
IF NOT EXISTS (SELECT 1 FROM [dbo].[Question_QST] WHERE Id = 153)
BEGIN
    INSERT INTO [dbo].[Question_QST] ([Id], [Question], [Id_Difficulty])
    VALUES (153, N'Quel compositeur romantique a écrit ''Tristan et Isolde'' ?', 4);
END
SET IDENTITY_INSERT [dbo].[Question_QST] OFF;

INSERT INTO [dbo].[Answer_ANS] ([Id_Question], [Value], [Valid]) VALUES
    (153, N'Wagner', 1),
    (153, N'Brahms', 0),
    (153, N'Liszt', 0),
    (153, N'Schumann', 0);

IF NOT EXISTS (SELECT 1 FROM [dbo].[QuestionTheme_QTH] WHERE Id_Question = 153 AND Id_Theme = @ThemeId)
BEGIN
    INSERT INTO [dbo].[QuestionTheme_QTH] ([Id_Question], [Id_Theme]) VALUES (153, @ThemeId);
END

-- Question 154
SET IDENTITY_INSERT [dbo].[Question_QST] ON;
IF NOT EXISTS (SELECT 1 FROM [dbo].[Question_QST] WHERE Id = 154)
BEGIN
    INSERT INTO [dbo].[Question_QST] ([Id], [Question], [Id_Difficulty])
    VALUES (154, N'Quel philosophe allemand a écrit ''Être et Temps'' (Sein und Zeit) ?', 4);
END
SET IDENTITY_INSERT [dbo].[Question_QST] OFF;

INSERT INTO [dbo].[Answer_ANS] ([Id_Question], [Value], [Valid]) VALUES
    (154, N'Kant', 0),
    (154, N'Hegel', 0),
    (154, N'Heidegger', 1),
    (154, N'Nietzsche', 0);

IF NOT EXISTS (SELECT 1 FROM [dbo].[QuestionTheme_QTH] WHERE Id_Question = 154 AND Id_Theme = @ThemeId)
BEGIN
    INSERT INTO [dbo].[QuestionTheme_QTH] ([Id_Question], [Id_Theme]) VALUES (154, @ThemeId);
END

-- Question 155
SET IDENTITY_INSERT [dbo].[Question_QST] ON;
IF NOT EXISTS (SELECT 1 FROM [dbo].[Question_QST] WHERE Id = 155)
BEGIN
    INSERT INTO [dbo].[Question_QST] ([Id], [Question], [Id_Difficulty])
    VALUES (155, N'Quelle loi économique montre la relation entre l''offre, la demande et le prix en situation d''équilibre ?', 4);
END
SET IDENTITY_INSERT [dbo].[Question_QST] OFF;

INSERT INTO [dbo].[Answer_ANS] ([Id_Question], [Value], [Valid]) VALUES
    (155, N'Loi de l''offre et de la demande', 1),
    (155, N'Loi de Moore', 0),
    (155, N'Loi d''Ohm', 0),
    (155, N'Principes de Bernoulli', 0);

IF NOT EXISTS (SELECT 1 FROM [dbo].[QuestionTheme_QTH] WHERE Id_Question = 155 AND Id_Theme = @ThemeId)
BEGIN
    INSERT INTO [dbo].[QuestionTheme_QTH] ([Id_Question], [Id_Theme]) VALUES (155, @ThemeId);
END

-- Question 156
SET IDENTITY_INSERT [dbo].[Question_QST] ON;
IF NOT EXISTS (SELECT 1 FROM [dbo].[Question_QST] WHERE Id = 156)
BEGIN
    INSERT INTO [dbo].[Question_QST] ([Id], [Question], [Id_Difficulty])
    VALUES (156, N'Quel savant a posé les bases de la génétique moderne avec des expériences sur des pois ?', 4);
END
SET IDENTITY_INSERT [dbo].[Question_QST] OFF;

INSERT INTO [dbo].[Answer_ANS] ([Id_Question], [Value], [Valid]) VALUES
    (156, N'Mendel', 1),
    (156, N'Darwin', 0),
    (156, N'Lamarck', 0),
    (156, N'Watson', 0);

IF NOT EXISTS (SELECT 1 FROM [dbo].[QuestionTheme_QTH] WHERE Id_Question = 156 AND Id_Theme = @ThemeId)
BEGIN
    INSERT INTO [dbo].[QuestionTheme_QTH] ([Id_Question], [Id_Theme]) VALUES (156, @ThemeId);
END

-- Question 157
SET IDENTITY_INSERT [dbo].[Question_QST] ON;
IF NOT EXISTS (SELECT 1 FROM [dbo].[Question_QST] WHERE Id = 157)
BEGIN
    INSERT INTO [dbo].[Question_QST] ([Id], [Question], [Id_Difficulty])
    VALUES (157, N'Quel mathématicien a développé la théorie des ensembles et les fondements modernes des mathématiques ?', 4);
END
SET IDENTITY_INSERT [dbo].[Question_QST] OFF;

INSERT INTO [dbo].[Answer_ANS] ([Id_Question], [Value], [Valid]) VALUES
    (157, N'Cantor', 1),
    (157, N'Gödel', 0),
    (157, N'Hilbert', 0),
    (157, N'Noether', 0);

IF NOT EXISTS (SELECT 1 FROM [dbo].[QuestionTheme_QTH] WHERE Id_Question = 157 AND Id_Theme = @ThemeId)
BEGIN
    INSERT INTO [dbo].[QuestionTheme_QTH] ([Id_Question], [Id_Theme]) VALUES (157, @ThemeId);
END

-- Question 158
SET IDENTITY_INSERT [dbo].[Question_QST] ON;
IF NOT EXISTS (SELECT 1 FROM [dbo].[Question_QST] WHERE Id = 158)
BEGIN
    INSERT INTO [dbo].[Question_QST] ([Id], [Question], [Id_Difficulty])
    VALUES (158, N'Quel est le nom du processus cellulaire qui produit des ovules et spermatozoïdes (réduction du nombre de chromosomes) ?', 4);
END
SET IDENTITY_INSERT [dbo].[Question_QST] OFF;

INSERT INTO [dbo].[Answer_ANS] ([Id_Question], [Value], [Valid]) VALUES
    (158, N'Mitose', 0),
    (158, N'Méiose', 1),
    (158, N'Fission', 0),
    (158, N'Bourgeonnement', 0);

IF NOT EXISTS (SELECT 1 FROM [dbo].[QuestionTheme_QTH] WHERE Id_Question = 158 AND Id_Theme = @ThemeId)
BEGIN
    INSERT INTO [dbo].[QuestionTheme_QTH] ([Id_Question], [Id_Theme]) VALUES (158, @ThemeId);
END

-- Question 159
SET IDENTITY_INSERT [dbo].[Question_QST] ON;
IF NOT EXISTS (SELECT 1 FROM [dbo].[Question_QST] WHERE Id = 159)
BEGIN
    INSERT INTO [dbo].[Question_QST] ([Id], [Question], [Id_Difficulty])
    VALUES (159, N'Quel est le nom de la loi physique reliant la pression et le volume d''un gaz à température constante ?', 4);
END
SET IDENTITY_INSERT [dbo].[Question_QST] OFF;

INSERT INTO [dbo].[Answer_ANS] ([Id_Question], [Value], [Valid]) VALUES
    (159, N'Loi de Boyle-Mariotte', 1),
    (159, N'Loi d''Ohm', 0),
    (159, N'Loi de Hooke', 0),
    (159, N'Loi de Newton', 0);

IF NOT EXISTS (SELECT 1 FROM [dbo].[QuestionTheme_QTH] WHERE Id_Question = 159 AND Id_Theme = @ThemeId)
BEGIN
    INSERT INTO [dbo].[QuestionTheme_QTH] ([Id_Question], [Id_Theme]) VALUES (159, @ThemeId);
END

-- Question 160
SET IDENTITY_INSERT [dbo].[Question_QST] ON;
IF NOT EXISTS (SELECT 1 FROM [dbo].[Question_QST] WHERE Id = 160)
BEGIN
    INSERT INTO [dbo].[Question_QST] ([Id], [Question], [Id_Difficulty])
    VALUES (160, N'Quel mathématicien a prouvé l''incomplétude des axiomes formels en 1931 ?', 4);
END
SET IDENTITY_INSERT [dbo].[Question_QST] OFF;

INSERT INTO [dbo].[Answer_ANS] ([Id_Question], [Value], [Valid]) VALUES
    (160, N'Gödel', 1),
    (160, N'Turing', 0),
    (160, N'Hilbert', 0),
    (160, N'Russell', 0);

IF NOT EXISTS (SELECT 1 FROM [dbo].[QuestionTheme_QTH] WHERE Id_Question = 160 AND Id_Theme = @ThemeId)
BEGIN
    INSERT INTO [dbo].[QuestionTheme_QTH] ([Id_Question], [Id_Theme]) VALUES (160, @ThemeId);
END

-- Question 161
SET IDENTITY_INSERT [dbo].[Question_QST] ON;
IF NOT EXISTS (SELECT 1 FROM [dbo].[Question_QST] WHERE Id = 161)
BEGIN
    INSERT INTO [dbo].[Question_QST] ([Id], [Question], [Id_Difficulty])
    VALUES (161, N'Quel est le nom du test diagnostique qui utilise des anticorps pour détecter une réaction immunologique spécifique ?', 4);
END
SET IDENTITY_INSERT [dbo].[Question_QST] OFF;

INSERT INTO [dbo].[Answer_ANS] ([Id_Question], [Value], [Valid]) VALUES
    (161, N'PCR', 0),
    (161, N'ELISA', 1),
    (161, N'IRM', 0),
    (161, N'ECG', 0);

IF NOT EXISTS (SELECT 1 FROM [dbo].[QuestionTheme_QTH] WHERE Id_Question = 161 AND Id_Theme = @ThemeId)
BEGIN
    INSERT INTO [dbo].[QuestionTheme_QTH] ([Id_Question], [Id_Theme]) VALUES (161, @ThemeId);
END

-- Question 162
SET IDENTITY_INSERT [dbo].[Question_QST] ON;
IF NOT EXISTS (SELECT 1 FROM [dbo].[Question_QST] WHERE Id = 162)
BEGIN
    INSERT INTO [dbo].[Question_QST] ([Id], [Question], [Id_Difficulty])
    VALUES (162, N'Quel est le nom du phénomène astrophysique où une étoile s''effondre et forme un objet si dense que même la lumière n''en échappe pas ?', 4);
END
SET IDENTITY_INSERT [dbo].[Question_QST] OFF;

INSERT INTO [dbo].[Answer_ANS] ([Id_Question], [Value], [Valid]) VALUES
    (162, N'Étoile à neutrons', 0),
    (162, N'Trous noirs', 1),
    (162, N'Supernova', 0),
    (162, N'Pulsar', 0);

IF NOT EXISTS (SELECT 1 FROM [dbo].[QuestionTheme_QTH] WHERE Id_Question = 162 AND Id_Theme = @ThemeId)
BEGIN
    INSERT INTO [dbo].[QuestionTheme_QTH] ([Id_Question], [Id_Theme]) VALUES (162, @ThemeId);
END

-- Question 163
SET IDENTITY_INSERT [dbo].[Question_QST] ON;
IF NOT EXISTS (SELECT 1 FROM [dbo].[Question_QST] WHERE Id = 163)
BEGIN
    INSERT INTO [dbo].[Question_QST] ([Id], [Question], [Id_Difficulty])
    VALUES (163, N'Quel est l''auteur de ''La Nausée'' et figure majeure de l''existentialisme français ?', 4);
END
SET IDENTITY_INSERT [dbo].[Question_QST] OFF;

INSERT INTO [dbo].[Answer_ANS] ([Id_Question], [Value], [Valid]) VALUES
    (163, N'Camus', 0),
    (163, N'Sartre', 1),
    (163, N'Beckett', 0),
    (163, N'Malraux', 0);

IF NOT EXISTS (SELECT 1 FROM [dbo].[QuestionTheme_QTH] WHERE Id_Question = 163 AND Id_Theme = @ThemeId)
BEGIN
    INSERT INTO [dbo].[QuestionTheme_QTH] ([Id_Question], [Id_Theme]) VALUES (163, @ThemeId);
END

-- Question 164
SET IDENTITY_INSERT [dbo].[Question_QST] ON;
IF NOT EXISTS (SELECT 1 FROM [dbo].[Question_QST] WHERE Id = 164)
BEGIN
    INSERT INTO [dbo].[Question_QST] ([Id], [Question], [Id_Difficulty])
    VALUES (164, N'Quel est le système de classification biologique le plus large ?', 4);
END
SET IDENTITY_INSERT [dbo].[Question_QST] OFF;

INSERT INTO [dbo].[Answer_ANS] ([Id_Question], [Value], [Valid]) VALUES
    (164, N'Règne', 0),
    (164, N'Domaine', 1),
    (164, N'Famille', 0),
    (164, N'Ordre', 0);

IF NOT EXISTS (SELECT 1 FROM [dbo].[QuestionTheme_QTH] WHERE Id_Question = 164 AND Id_Theme = @ThemeId)
BEGIN
    INSERT INTO [dbo].[QuestionTheme_QTH] ([Id_Question], [Id_Theme]) VALUES (164, @ThemeId);
END

-- Question 165
SET IDENTITY_INSERT [dbo].[Question_QST] ON;
IF NOT EXISTS (SELECT 1 FROM [dbo].[Question_QST] WHERE Id = 165)
BEGIN
    INSERT INTO [dbo].[Question_QST] ([Id], [Question], [Id_Difficulty])
    VALUES (165, N'Quel est le nom de l''algorithme fondamental pour le tri rapide en informatique (divide and conquer) ?', 4);
END
SET IDENTITY_INSERT [dbo].[Question_QST] OFF;

INSERT INTO [dbo].[Answer_ANS] ([Id_Question], [Value], [Valid]) VALUES
    (165, N'Tri par insertion', 0),
    (165, N'Tri rapide (Quicksort)', 1),
    (165, N'Tri à bulles', 0),
    (165, N'Tri fusion', 0);

IF NOT EXISTS (SELECT 1 FROM [dbo].[QuestionTheme_QTH] WHERE Id_Question = 165 AND Id_Theme = @ThemeId)
BEGIN
    INSERT INTO [dbo].[QuestionTheme_QTH] ([Id_Question], [Id_Theme]) VALUES (165, @ThemeId);
END

-- Question 166
SET IDENTITY_INSERT [dbo].[Question_QST] ON;
IF NOT EXISTS (SELECT 1 FROM [dbo].[Question_QST] WHERE Id = 166)
BEGIN
    INSERT INTO [dbo].[Question_QST] ([Id], [Question], [Id_Difficulty])
    VALUES (166, N'Quel est le nom du physicien qui a formulé les équations de l''électromagnétisme (Maxwell) ?', 4);
END
SET IDENTITY_INSERT [dbo].[Question_QST] OFF;

INSERT INTO [dbo].[Answer_ANS] ([Id_Question], [Value], [Valid]) VALUES
    (166, N'Maxwell', 1),
    (166, N'Faraday', 0),
    (166, N'Coulomb', 0),
    (166, N'Ampère', 0);

IF NOT EXISTS (SELECT 1 FROM [dbo].[QuestionTheme_QTH] WHERE Id_Question = 166 AND Id_Theme = @ThemeId)
BEGIN
    INSERT INTO [dbo].[QuestionTheme_QTH] ([Id_Question], [Id_Theme]) VALUES (166, @ThemeId);
END

-- Question 167
SET IDENTITY_INSERT [dbo].[Question_QST] ON;
IF NOT EXISTS (SELECT 1 FROM [dbo].[Question_QST] WHERE Id = 167)
BEGIN
    INSERT INTO [dbo].[Question_QST] ([Id], [Question], [Id_Difficulty])
    VALUES (167, N'Quel est le nom de la peinture murale de Léonard de Vinci restaurée au XVe siècle ? (Question: nom de l''œuvre célèbre dans le réfectoire) ?', 4);
END
SET IDENTITY_INSERT [dbo].[Question_QST] OFF;

INSERT INTO [dbo].[Answer_ANS] ([Id_Question], [Value], [Valid]) VALUES
    (167, N'La Cène', 1),
    (167, N'La Création', 0),
    (167, N'L''Annonciation', 0),
    (167, N'La Pietà', 0);

IF NOT EXISTS (SELECT 1 FROM [dbo].[QuestionTheme_QTH] WHERE Id_Question = 167 AND Id_Theme = @ThemeId)
BEGIN
    INSERT INTO [dbo].[QuestionTheme_QTH] ([Id_Question], [Id_Theme]) VALUES (167, @ThemeId);
END

-- Question 168
SET IDENTITY_INSERT [dbo].[Question_QST] ON;
IF NOT EXISTS (SELECT 1 FROM [dbo].[Question_QST] WHERE Id = 168)
BEGIN
    INSERT INTO [dbo].[Question_QST] ([Id], [Question], [Id_Difficulty])
    VALUES (168, N'Quel mathématicien a introduit le concept de transformée de Fourier ?', 4);
END
SET IDENTITY_INSERT [dbo].[Question_QST] OFF;

INSERT INTO [dbo].[Answer_ANS] ([Id_Question], [Value], [Valid]) VALUES
    (168, N'Fourier', 1),
    (168, N'Laplace', 0),
    (168, N'Cauchy', 0),
    (168, N'Euler', 0);

IF NOT EXISTS (SELECT 1 FROM [dbo].[QuestionTheme_QTH] WHERE Id_Question = 168 AND Id_Theme = @ThemeId)
BEGIN
    INSERT INTO [dbo].[QuestionTheme_QTH] ([Id_Question], [Id_Theme]) VALUES (168, @ThemeId);
END

-- Question 169
SET IDENTITY_INSERT [dbo].[Question_QST] ON;
IF NOT EXISTS (SELECT 1 FROM [dbo].[Question_QST] WHERE Id = 169)
BEGIN
    INSERT INTO [dbo].[Question_QST] ([Id], [Question], [Id_Difficulty])
    VALUES (169, N'Quel est le nom du phénomène où des glaciers se déplacent et perdent de la masse en raison du réchauffement climatique ?', 4);
END
SET IDENTITY_INSERT [dbo].[Question_QST] OFF;

INSERT INTO [dbo].[Answer_ANS] ([Id_Question], [Value], [Valid]) VALUES
    (169, N'Permafrost', 0),
    (169, N'Désembuage', 0),
    (169, N'Récession glaciaire (ou recul des glaciers)', 1),
    (169, N'Isostasie', 0);

IF NOT EXISTS (SELECT 1 FROM [dbo].[QuestionTheme_QTH] WHERE Id_Question = 169 AND Id_Theme = @ThemeId)
BEGIN
    INSERT INTO [dbo].[QuestionTheme_QTH] ([Id_Question], [Id_Theme]) VALUES (169, @ThemeId);
END

-- Question 170
SET IDENTITY_INSERT [dbo].[Question_QST] ON;
IF NOT EXISTS (SELECT 1 FROM [dbo].[Question_QST] WHERE Id = 170)
BEGIN
    INSERT INTO [dbo].[Question_QST] ([Id], [Question], [Id_Difficulty])
    VALUES (170, N'Quel est le nom du courant littéraire français du XVIIe siècle marqué par la raison et le classicisme ?', 4);
END
SET IDENTITY_INSERT [dbo].[Question_QST] OFF;

INSERT INTO [dbo].[Answer_ANS] ([Id_Question], [Value], [Valid]) VALUES
    (170, N'Romantisme', 0),
    (170, N'Classicisme', 1),
    (170, N'Baroque', 0),
    (170, N'Surréalisme', 0);

IF NOT EXISTS (SELECT 1 FROM [dbo].[QuestionTheme_QTH] WHERE Id_Question = 170 AND Id_Theme = @ThemeId)
BEGIN
    INSERT INTO [dbo].[QuestionTheme_QTH] ([Id_Question], [Id_Theme]) VALUES (170, @ThemeId);
END

-- Question 171
SET IDENTITY_INSERT [dbo].[Question_QST] ON;
IF NOT EXISTS (SELECT 1 FROM [dbo].[Question_QST] WHERE Id = 171)
BEGIN
    INSERT INTO [dbo].[Question_QST] ([Id], [Question], [Id_Difficulty])
    VALUES (171, N'Quel est le nom du plus grand océan en volume d''eau (et profondeur moyenne) ?', 4);
END
SET IDENTITY_INSERT [dbo].[Question_QST] OFF;

INSERT INTO [dbo].[Answer_ANS] ([Id_Question], [Value], [Valid]) VALUES
    (171, N'Océan Atlantique', 0),
    (171, N'Océan Indien', 0),
    (171, N'Océan Arctique', 0),
    (171, N'Océan Pacifique', 1);

IF NOT EXISTS (SELECT 1 FROM [dbo].[QuestionTheme_QTH] WHERE Id_Question = 171 AND Id_Theme = @ThemeId)
BEGIN
    INSERT INTO [dbo].[QuestionTheme_QTH] ([Id_Question], [Id_Theme]) VALUES (171, @ThemeId);
END

-- Question 172
SET IDENTITY_INSERT [dbo].[Question_QST] ON;
IF NOT EXISTS (SELECT 1 FROM [dbo].[Question_QST] WHERE Id = 172)
BEGIN
    INSERT INTO [dbo].[Question_QST] ([Id], [Question], [Id_Difficulty])
    VALUES (172, N'Quel mathématicien est connu pour sa conjecture sur la distribution des nombres premiers (hypothèse qui porte son nom) ?', 4);
END
SET IDENTITY_INSERT [dbo].[Question_QST] OFF;

INSERT INTO [dbo].[Answer_ANS] ([Id_Question], [Value], [Valid]) VALUES
    (172, N'Gauss', 0),
    (172, N'Riemann', 1),
    (172, N'Euler', 0),
    (172, N'Fermat', 0);

IF NOT EXISTS (SELECT 1 FROM [dbo].[QuestionTheme_QTH] WHERE Id_Question = 172 AND Id_Theme = @ThemeId)
BEGIN
    INSERT INTO [dbo].[QuestionTheme_QTH] ([Id_Question], [Id_Theme]) VALUES (172, @ThemeId);
END

-- Question 173
SET IDENTITY_INSERT [dbo].[Question_QST] ON;
IF NOT EXISTS (SELECT 1 FROM [dbo].[Question_QST] WHERE Id = 173)
BEGIN
    INSERT INTO [dbo].[Question_QST] ([Id], [Question], [Id_Difficulty])
    VALUES (173, N'Quel est le nom du célèbre physicien qui a établi les lois du mouvement des planètes (lois de Kepler) ?', 4);
END
SET IDENTITY_INSERT [dbo].[Question_QST] OFF;

INSERT INTO [dbo].[Answer_ANS] ([Id_Question], [Value], [Valid]) VALUES
    (173, N'Galilée', 0),
    (173, N'Kepler', 1),
    (173, N'Copernic', 0),
    (173, N'Newton', 0);

IF NOT EXISTS (SELECT 1 FROM [dbo].[QuestionTheme_QTH] WHERE Id_Question = 173 AND Id_Theme = @ThemeId)
BEGIN
    INSERT INTO [dbo].[QuestionTheme_QTH] ([Id_Question], [Id_Theme]) VALUES (173, @ThemeId);
END

-- Question 174
SET IDENTITY_INSERT [dbo].[Question_QST] ON;
IF NOT EXISTS (SELECT 1 FROM [dbo].[Question_QST] WHERE Id = 174)
BEGIN
    INSERT INTO [dbo].[Question_QST] ([Id], [Question], [Id_Difficulty])
    VALUES (174, N'Quel est le nom de la structure protéique qui forme l''enveloppe externe des virus comme le VIH ?', 4);
END
SET IDENTITY_INSERT [dbo].[Question_QST] OFF;

INSERT INTO [dbo].[Answer_ANS] ([Id_Question], [Value], [Valid]) VALUES
    (174, N'Capside', 1),
    (174, N'Membrane plasmique', 0),
    (174, N'Paroi cellulaire', 0),
    (174, N'Noyau', 0);

IF NOT EXISTS (SELECT 1 FROM [dbo].[QuestionTheme_QTH] WHERE Id_Question = 174 AND Id_Theme = @ThemeId)
BEGIN
    INSERT INTO [dbo].[QuestionTheme_QTH] ([Id_Question], [Id_Theme]) VALUES (174, @ThemeId);
END

-- Question 175
SET IDENTITY_INSERT [dbo].[Question_QST] ON;
IF NOT EXISTS (SELECT 1 FROM [dbo].[Question_QST] WHERE Id = 175)
BEGIN
    INSERT INTO [dbo].[Question_QST] ([Id], [Question], [Id_Difficulty])
    VALUES (175, N'Quel économiste a écrit ''Le Capital'' ?', 4);
END
SET IDENTITY_INSERT [dbo].[Question_QST] OFF;

INSERT INTO [dbo].[Answer_ANS] ([Id_Question], [Value], [Valid]) VALUES
    (175, N'Adam Smith', 0),
    (175, N'John Maynard Keynes', 0),
    (175, N'Karl Marx', 1),
    (175, N'Milton Friedman', 0);

IF NOT EXISTS (SELECT 1 FROM [dbo].[QuestionTheme_QTH] WHERE Id_Question = 175 AND Id_Theme = @ThemeId)
BEGIN
    INSERT INTO [dbo].[QuestionTheme_QTH] ([Id_Question], [Id_Theme]) VALUES (175, @ThemeId);
END

-- Question 176
SET IDENTITY_INSERT [dbo].[Question_QST] ON;
IF NOT EXISTS (SELECT 1 FROM [dbo].[Question_QST] WHERE Id = 176)
BEGIN
    INSERT INTO [dbo].[Question_QST] ([Id], [Question], [Id_Difficulty])
    VALUES (176, N'Quel philosophe a écrit ''Ainsi parlait Zarathoustra'' ?', 4);
END
SET IDENTITY_INSERT [dbo].[Question_QST] OFF;

INSERT INTO [dbo].[Answer_ANS] ([Id_Question], [Value], [Valid]) VALUES
    (176, N'Nietzsche', 1),
    (176, N'Kierkegaard', 0),
    (176, N'Husserl', 0),
    (176, N'Sartre', 0);

IF NOT EXISTS (SELECT 1 FROM [dbo].[QuestionTheme_QTH] WHERE Id_Question = 176 AND Id_Theme = @ThemeId)
BEGIN
    INSERT INTO [dbo].[QuestionTheme_QTH] ([Id_Question], [Id_Theme]) VALUES (176, @ThemeId);
END

-- Question 177
SET IDENTITY_INSERT [dbo].[Question_QST] ON;
IF NOT EXISTS (SELECT 1 FROM [dbo].[Question_QST] WHERE Id = 177)
BEGIN
    INSERT INTO [dbo].[Question_QST] ([Id], [Question], [Id_Difficulty])
    VALUES (177, N'Quel est le nom du concept en physique décrivant que la matière et l''énergie sont équivalentes ?', 4);
END
SET IDENTITY_INSERT [dbo].[Question_QST] OFF;

INSERT INTO [dbo].[Answer_ANS] ([Id_Question], [Value], [Valid]) VALUES
    (177, N'Principe d''incertitude', 0),
    (177, N'Théorie des cordes', 0),
    (177, N'E=mc^2 (équivalence masse-énergie)', 1),
    (177, N'Principe de relativité', 0);

IF NOT EXISTS (SELECT 1 FROM [dbo].[QuestionTheme_QTH] WHERE Id_Question = 177 AND Id_Theme = @ThemeId)
BEGIN
    INSERT INTO [dbo].[QuestionTheme_QTH] ([Id_Question], [Id_Theme]) VALUES (177, @ThemeId);
END

-- Question 178
SET IDENTITY_INSERT [dbo].[Question_QST] ON;
IF NOT EXISTS (SELECT 1 FROM [dbo].[Question_QST] WHERE Id = 178)
BEGIN
    INSERT INTO [dbo].[Question_QST] ([Id], [Question], [Id_Difficulty])
    VALUES (178, N'Quel est l''organe humain responsable de la filtration du sang et de la production d''urine ?', 4);
END
SET IDENTITY_INSERT [dbo].[Question_QST] OFF;

INSERT INTO [dbo].[Answer_ANS] ([Id_Question], [Value], [Valid]) VALUES
    (178, N'Poumon', 0),
    (178, N'Foie', 0),
    (178, N'Rein', 1),
    (178, N'Pancréas', 0);

IF NOT EXISTS (SELECT 1 FROM [dbo].[QuestionTheme_QTH] WHERE Id_Question = 178 AND Id_Theme = @ThemeId)
BEGIN
    INSERT INTO [dbo].[QuestionTheme_QTH] ([Id_Question], [Id_Theme]) VALUES (178, @ThemeId);
END

-- Question 179
SET IDENTITY_INSERT [dbo].[Question_QST] ON;
IF NOT EXISTS (SELECT 1 FROM [dbo].[Question_QST] WHERE Id = 179)
BEGIN
    INSERT INTO [dbo].[Question_QST] ([Id], [Question], [Id_Difficulty])
    VALUES (179, N'Quelle est la méthode d''intelligence artificielle fondée sur des réseaux reliés de neurones artificiels profonds ?', 4);
END
SET IDENTITY_INSERT [dbo].[Question_QST] OFF;

INSERT INTO [dbo].[Answer_ANS] ([Id_Question], [Value], [Valid]) VALUES
    (179, N'SVM', 0),
    (179, N'Réseaux neuronaux profonds (Deep Learning)', 1),
    (179, N'Arbre de décision', 0),
    (179, N'K-means', 0);

IF NOT EXISTS (SELECT 1 FROM [dbo].[QuestionTheme_QTH] WHERE Id_Question = 179 AND Id_Theme = @ThemeId)
BEGIN
    INSERT INTO [dbo].[QuestionTheme_QTH] ([Id_Question], [Id_Theme]) VALUES (179, @ThemeId);
END

-- Question 180
SET IDENTITY_INSERT [dbo].[Question_QST] ON;
IF NOT EXISTS (SELECT 1 FROM [dbo].[Question_QST] WHERE Id = 180)
BEGIN
    INSERT INTO [dbo].[Question_QST] ([Id], [Question], [Id_Difficulty])
    VALUES (180, N'Quel est le nom de l''architecte qui a conçu la Sagrada Família à Barcelone (en grande partie) ?', 4);
END
SET IDENTITY_INSERT [dbo].[Question_QST] OFF;

INSERT INTO [dbo].[Answer_ANS] ([Id_Question], [Value], [Valid]) VALUES
    (180, N'Gaudí', 1),
    (180, N'Gehry', 0),
    (180, N'Le Corbusier', 0),
    (180, N'Niemeyer', 0);

IF NOT EXISTS (SELECT 1 FROM [dbo].[QuestionTheme_QTH] WHERE Id_Question = 180 AND Id_Theme = @ThemeId)
BEGIN
    INSERT INTO [dbo].[QuestionTheme_QTH] ([Id_Question], [Id_Theme]) VALUES (180, @ThemeId);
END

-- Question 181
SET IDENTITY_INSERT [dbo].[Question_QST] ON;
IF NOT EXISTS (SELECT 1 FROM [dbo].[Question_QST] WHERE Id = 181)
BEGIN
    INSERT INTO [dbo].[Question_QST] ([Id], [Question], [Id_Difficulty])
    VALUES (181, N'Quel est le terme pour l''étude des langues et de leur évolution historique ?', 4);
END
SET IDENTITY_INSERT [dbo].[Question_QST] OFF;

INSERT INTO [dbo].[Answer_ANS] ([Id_Question], [Value], [Valid]) VALUES
    (181, N'Sémantique', 0),
    (181, N'Philologie', 1),
    (181, N'Syntaxe', 0),
    (181, N'Pragmatique', 0);

IF NOT EXISTS (SELECT 1 FROM [dbo].[QuestionTheme_QTH] WHERE Id_Question = 181 AND Id_Theme = @ThemeId)
BEGIN
    INSERT INTO [dbo].[QuestionTheme_QTH] ([Id_Question], [Id_Theme]) VALUES (181, @ThemeId);
END

-- Question 182
SET IDENTITY_INSERT [dbo].[Question_QST] ON;
IF NOT EXISTS (SELECT 1 FROM [dbo].[Question_QST] WHERE Id = 182)
BEGIN
    INSERT INTO [dbo].[Question_QST] ([Id], [Question], [Id_Difficulty])
    VALUES (182, N'Quel physicien a introduit la notion de quanta et la constante qui porte son nom ?', 4);
END
SET IDENTITY_INSERT [dbo].[Question_QST] OFF;

INSERT INTO [dbo].[Answer_ANS] ([Id_Question], [Value], [Valid]) VALUES
    (182, N'Planck', 1),
    (182, N'Bohr', 0),
    (182, N'Einstein', 0),
    (182, N'Heisenberg', 0);

IF NOT EXISTS (SELECT 1 FROM [dbo].[QuestionTheme_QTH] WHERE Id_Question = 182 AND Id_Theme = @ThemeId)
BEGIN
    INSERT INTO [dbo].[QuestionTheme_QTH] ([Id_Question], [Id_Theme]) VALUES (182, @ThemeId);
END

-- Question 183
SET IDENTITY_INSERT [dbo].[Question_QST] ON;
IF NOT EXISTS (SELECT 1 FROM [dbo].[Question_QST] WHERE Id = 183)
BEGIN
    INSERT INTO [dbo].[Question_QST] ([Id], [Question], [Id_Difficulty])
    VALUES (183, N'Quel est l''auteur de la théorie de l''évolution par sélection naturelle ?', 4);
END
SET IDENTITY_INSERT [dbo].[Question_QST] OFF;

INSERT INTO [dbo].[Answer_ANS] ([Id_Question], [Value], [Valid]) VALUES
    (183, N'Lamarck', 0),
    (183, N'Darwin', 1),
    (183, N'Wallace', 0),
    (183, N'Huxley', 0);

IF NOT EXISTS (SELECT 1 FROM [dbo].[QuestionTheme_QTH] WHERE Id_Question = 183 AND Id_Theme = @ThemeId)
BEGIN
    INSERT INTO [dbo].[QuestionTheme_QTH] ([Id_Question], [Id_Theme]) VALUES (183, @ThemeId);
END

-- Question 184
SET IDENTITY_INSERT [dbo].[Question_QST] ON;
IF NOT EXISTS (SELECT 1 FROM [dbo].[Question_QST] WHERE Id = 184)
BEGIN
    INSERT INTO [dbo].[Question_QST] ([Id], [Question], [Id_Difficulty])
    VALUES (184, N'Quel est le nom du célèbre traité géographique ancien attribué à Ptolémée ?', 4);
END
SET IDENTITY_INSERT [dbo].[Question_QST] OFF;

INSERT INTO [dbo].[Answer_ANS] ([Id_Question], [Value], [Valid]) VALUES
    (184, N'Géographies (ou l''oeuvre de Ptolémée)', 1),
    (184, N'Atlas de Mercator', 0),
    (184, N'Cosmographie', 0),
    (184, N'Itinéraire de Strabon', 0);

IF NOT EXISTS (SELECT 1 FROM [dbo].[QuestionTheme_QTH] WHERE Id_Question = 184 AND Id_Theme = @ThemeId)
BEGIN
    INSERT INTO [dbo].[QuestionTheme_QTH] ([Id_Question], [Id_Theme]) VALUES (184, @ThemeId);
END

-- Question 185
SET IDENTITY_INSERT [dbo].[Question_QST] ON;
IF NOT EXISTS (SELECT 1 FROM [dbo].[Question_QST] WHERE Id = 185)
BEGIN
    INSERT INTO [dbo].[Question_QST] ([Id], [Question], [Id_Difficulty])
    VALUES (185, N'Quelle est la période géologique durant laquelle les dinosaures dominaient la Terre ?', 4);
END
SET IDENTITY_INSERT [dbo].[Question_QST] OFF;

INSERT INTO [dbo].[Answer_ANS] ([Id_Question], [Value], [Valid]) VALUES
    (185, N'Paléozoïque', 0),
    (185, N'Mésozoïque', 1),
    (185, N'Cénozoïque', 0),
    (185, N'Précambrien', 0);

IF NOT EXISTS (SELECT 1 FROM [dbo].[QuestionTheme_QTH] WHERE Id_Question = 185 AND Id_Theme = @ThemeId)
BEGIN
    INSERT INTO [dbo].[QuestionTheme_QTH] ([Id_Question], [Id_Theme]) VALUES (185, @ThemeId);
END

-- ======================
-- Questions / Réponses - Thème : Jeux Vidéo (189 questions)
-- ======================
SET @ThemeId = (SELECT Id FROM [dbo].[Theme_THM] WHERE Label = N'Jeux Vidéo');

-- Question 1
SET IDENTITY_INSERT [dbo].[Question_QST] ON;
IF NOT EXISTS (SELECT 1 FROM [dbo].[Question_QST] WHERE Id = 186)
BEGIN
    INSERT INTO [dbo].[Question_QST] ([Id], [Question], [Id_Difficulty])
    VALUES (186, N'Quel est le personnage principal de la série ''Super Mario'' ?', 1);
END
SET IDENTITY_INSERT [dbo].[Question_QST] OFF;

INSERT INTO [dbo].[Answer_ANS] ([Id_Question], [Value], [Valid]) VALUES
    (186, N'Mario', 1),
    (186, N'Luigi', 0),
    (186, N'Peach', 0),
    (186, N'Yoshi', 0);

IF NOT EXISTS (SELECT 1 FROM [dbo].[QuestionTheme_QTH] WHERE Id_Question = 186 AND Id_Theme = @ThemeId)
BEGIN
    INSERT INTO [dbo].[QuestionTheme_QTH] ([Id_Question], [Id_Theme]) VALUES (186, @ThemeId);
END

-- Question 2
SET IDENTITY_INSERT [dbo].[Question_QST] ON;
IF NOT EXISTS (SELECT 1 FROM [dbo].[Question_QST] WHERE Id = 187)
BEGIN
    INSERT INTO [dbo].[Question_QST] ([Id], [Question], [Id_Difficulty])
    VALUES (187, N'Dans quel jeu peut-on construire avec des blocs dans un monde ouvert ?', 1);
END
SET IDENTITY_INSERT [dbo].[Question_QST] OFF;

INSERT INTO [dbo].[Answer_ANS] ([Id_Question], [Value], [Valid]) VALUES
    (187, N'Minecraft', 1),
    (187, N'Fortnite', 0),
    (187, N'Roblox', 0),
    (187, N'Terraria', 0);

IF NOT EXISTS (SELECT 1 FROM [dbo].[QuestionTheme_QTH] WHERE Id_Question = 187 AND Id_Theme = @ThemeId)
BEGIN
    INSERT INTO [dbo].[QuestionTheme_QTH] ([Id_Question], [Id_Theme]) VALUES (187, @ThemeId);
END

-- Question 3
SET IDENTITY_INSERT [dbo].[Question_QST] ON;
IF NOT EXISTS (SELECT 1 FROM [dbo].[Question_QST] WHERE Id = 188)
BEGIN
    INSERT INTO [dbo].[Question_QST] ([Id], [Question], [Id_Difficulty])
    VALUES (188, N'Quel est le célèbre jeu de bataille royale de Epic Games ?', 1);
END
SET IDENTITY_INSERT [dbo].[Question_QST] OFF;

INSERT INTO [dbo].[Answer_ANS] ([Id_Question], [Value], [Valid]) VALUES
    (188, N'Fortnite', 1),
    (188, N'PUBG', 0),
    (188, N'Apex Legends', 0),
    (188, N'Call of Duty Warzone', 0);

IF NOT EXISTS (SELECT 1 FROM [dbo].[QuestionTheme_QTH] WHERE Id_Question = 188 AND Id_Theme = @ThemeId)
BEGIN
    INSERT INTO [dbo].[QuestionTheme_QTH] ([Id_Question], [Id_Theme]) VALUES (188, @ThemeId);
END

-- Question 4
SET IDENTITY_INSERT [dbo].[Question_QST] ON;
IF NOT EXISTS (SELECT 1 FROM [dbo].[Question_QST] WHERE Id = 189)
BEGIN
    INSERT INTO [dbo].[Question_QST] ([Id], [Question], [Id_Difficulty])
    VALUES (189, N'Quel est le protagoniste de la série ''The Legend of Zelda'' ?', 1);
END
SET IDENTITY_INSERT [dbo].[Question_QST] OFF;

INSERT INTO [dbo].[Answer_ANS] ([Id_Question], [Value], [Valid]) VALUES
    (189, N'Link', 1),
    (189, N'Zelda', 0),
    (189, N'Ganon', 0),
    (189, N'Epona', 0);

IF NOT EXISTS (SELECT 1 FROM [dbo].[QuestionTheme_QTH] WHERE Id_Question = 189 AND Id_Theme = @ThemeId)
BEGIN
    INSERT INTO [dbo].[QuestionTheme_QTH] ([Id_Question], [Id_Theme]) VALUES (189, @ThemeId);
END

-- Question 5
SET IDENTITY_INSERT [dbo].[Question_QST] ON;
IF NOT EXISTS (SELECT 1 FROM [dbo].[Question_QST] WHERE Id = 190)
BEGIN
    INSERT INTO [dbo].[Question_QST] ([Id], [Question], [Id_Difficulty])
    VALUES (190, N'Dans quel jeu combat-on avec des Pokémon ?', 1);
END
SET IDENTITY_INSERT [dbo].[Question_QST] OFF;

INSERT INTO [dbo].[Answer_ANS] ([Id_Question], [Value], [Valid]) VALUES
    (190, N'Pokémon', 1),
    (190, N'Digimon', 0),
    (190, N'Yu-Gi-Oh!', 0),
    (190, N'Dragon Quest', 0);

IF NOT EXISTS (SELECT 1 FROM [dbo].[QuestionTheme_QTH] WHERE Id_Question = 190 AND Id_Theme = @ThemeId)
BEGIN
    INSERT INTO [dbo].[QuestionTheme_QTH] ([Id_Question], [Id_Theme]) VALUES (190, @ThemeId);
END

-- Question 6
SET IDENTITY_INSERT [dbo].[Question_QST] ON;
IF NOT EXISTS (SELECT 1 FROM [dbo].[Question_QST] WHERE Id = 191)
BEGIN
    INSERT INTO [dbo].[Question_QST] ([Id], [Question], [Id_Difficulty])
    VALUES (191, N'Quel jeu est connu pour son mode ''Battle Royale'' sur mobile et PC ?', 1);
END
SET IDENTITY_INSERT [dbo].[Question_QST] OFF;

INSERT INTO [dbo].[Answer_ANS] ([Id_Question], [Value], [Valid]) VALUES
    (191, N'PUBG', 1),
    (191, N'Minecraft', 0),
    (191, N'League of Legends', 0),
    (191, N'Valorant', 0);

IF NOT EXISTS (SELECT 1 FROM [dbo].[QuestionTheme_QTH] WHERE Id_Question = 191 AND Id_Theme = @ThemeId)
BEGIN
    INSERT INTO [dbo].[QuestionTheme_QTH] ([Id_Question], [Id_Theme]) VALUES (191, @ThemeId);
END

-- Question 7
SET IDENTITY_INSERT [dbo].[Question_QST] ON;
IF NOT EXISTS (SELECT 1 FROM [dbo].[Question_QST] WHERE Id = 192)
BEGIN
    INSERT INTO [dbo].[Question_QST] ([Id], [Question], [Id_Difficulty])
    VALUES (192, N'Quel est le célèbre jeu de construction et de survie en 3D ?', 1);
END
SET IDENTITY_INSERT [dbo].[Question_QST] OFF;

INSERT INTO [dbo].[Answer_ANS] ([Id_Question], [Value], [Valid]) VALUES
    (192, N'Minecraft', 1),
    (192, N'Terraria', 0),
    (192, N'Roblox', 0),
    (192, N'The Sims', 0);

IF NOT EXISTS (SELECT 1 FROM [dbo].[QuestionTheme_QTH] WHERE Id_Question = 192 AND Id_Theme = @ThemeId)
BEGIN
    INSERT INTO [dbo].[QuestionTheme_QTH] ([Id_Question], [Id_Theme]) VALUES (192, @ThemeId);
END

-- Question 8
SET IDENTITY_INSERT [dbo].[Question_QST] ON;
IF NOT EXISTS (SELECT 1 FROM [dbo].[Question_QST] WHERE Id = 193)
BEGIN
    INSERT INTO [dbo].[Question_QST] ([Id], [Question], [Id_Difficulty])
    VALUES (193, N'Quel est le protagoniste de la série ''Halo'' ?', 1);
END
SET IDENTITY_INSERT [dbo].[Question_QST] OFF;

INSERT INTO [dbo].[Answer_ANS] ([Id_Question], [Value], [Valid]) VALUES
    (193, N'Master Chief', 1),
    (193, N'Cortana', 0),
    (193, N'Arbiter', 0),
    (193, N'Spartan Locke', 0);

IF NOT EXISTS (SELECT 1 FROM [dbo].[QuestionTheme_QTH] WHERE Id_Question = 193 AND Id_Theme = @ThemeId)
BEGIN
    INSERT INTO [dbo].[QuestionTheme_QTH] ([Id_Question], [Id_Theme]) VALUES (193, @ThemeId);
END

-- Question 9
SET IDENTITY_INSERT [dbo].[Question_QST] ON;
IF NOT EXISTS (SELECT 1 FROM [dbo].[Question_QST] WHERE Id = 194)
BEGIN
    INSERT INTO [dbo].[Question_QST] ([Id], [Question], [Id_Difficulty])
    VALUES (194, N'Quel jeu implique des zombies et des bases à défendre ?', 1);
END
SET IDENTITY_INSERT [dbo].[Question_QST] OFF;

INSERT INTO [dbo].[Answer_ANS] ([Id_Question], [Value], [Valid]) VALUES
    (194, N'Plants vs Zombies', 1),
    (194, N'Resident Evil', 0),
    (194, N'Left 4 Dead', 0),
    (194, N'Dead Rising', 0);

IF NOT EXISTS (SELECT 1 FROM [dbo].[QuestionTheme_QTH] WHERE Id_Question = 194 AND Id_Theme = @ThemeId)
BEGIN
    INSERT INTO [dbo].[QuestionTheme_QTH] ([Id_Question], [Id_Theme]) VALUES (194, @ThemeId);
END

-- Question 10
SET IDENTITY_INSERT [dbo].[Question_QST] ON;
IF NOT EXISTS (SELECT 1 FROM [dbo].[Question_QST] WHERE Id = 195)
BEGIN
    INSERT INTO [dbo].[Question_QST] ([Id], [Question], [Id_Difficulty])
    VALUES (195, N'Quel est le jeu de football le plus populaire ?', 1);
END
SET IDENTITY_INSERT [dbo].[Question_QST] OFF;

INSERT INTO [dbo].[Answer_ANS] ([Id_Question], [Value], [Valid]) VALUES
    (195, N'FIFA', 1),
    (195, N'PES', 0),
    (195, N'Football Manager', 0),
    (195, N'Rocket League', 0);

IF NOT EXISTS (SELECT 1 FROM [dbo].[QuestionTheme_QTH] WHERE Id_Question = 195 AND Id_Theme = @ThemeId)
BEGIN
    INSERT INTO [dbo].[QuestionTheme_QTH] ([Id_Question], [Id_Theme]) VALUES (195, @ThemeId);
END

-- Question 11
SET IDENTITY_INSERT [dbo].[Question_QST] ON;
IF NOT EXISTS (SELECT 1 FROM [dbo].[Question_QST] WHERE Id = 196)
BEGIN
    INSERT INTO [dbo].[Question_QST] ([Id], [Question], [Id_Difficulty])
    VALUES (196, N'Quel jeu de tir à la première personne est développé par Valve ?', 1);
END
SET IDENTITY_INSERT [dbo].[Question_QST] OFF;

INSERT INTO [dbo].[Answer_ANS] ([Id_Question], [Value], [Valid]) VALUES
    (196, N'Counter-Strike', 1),
    (196, N'Overwatch', 0),
    (196, N'Call of Duty', 0),
    (196, N'Battlefield', 0);

IF NOT EXISTS (SELECT 1 FROM [dbo].[QuestionTheme_QTH] WHERE Id_Question = 196 AND Id_Theme = @ThemeId)
BEGIN
    INSERT INTO [dbo].[QuestionTheme_QTH] ([Id_Question], [Id_Theme]) VALUES (196, @ThemeId);
END

-- Question 12
SET IDENTITY_INSERT [dbo].[Question_QST] ON;
IF NOT EXISTS (SELECT 1 FROM [dbo].[Question_QST] WHERE Id = 197)
BEGIN
    INSERT INTO [dbo].[Question_QST] ([Id], [Question], [Id_Difficulty])
    VALUES (197, N'Quel est le jeu où l’on incarne un plombier rouge ?', 1);
END
SET IDENTITY_INSERT [dbo].[Question_QST] OFF;

INSERT INTO [dbo].[Answer_ANS] ([Id_Question], [Value], [Valid]) VALUES
    (197, N'Super Mario Bros', 1),
    (197, N'Luigi''s Mansion', 0),
    (197, N'Sonic', 0),
    (197, N'Donkey Kong', 0);

IF NOT EXISTS (SELECT 1 FROM [dbo].[QuestionTheme_QTH] WHERE Id_Question = 197 AND Id_Theme = @ThemeId)
BEGIN
    INSERT INTO [dbo].[QuestionTheme_QTH] ([Id_Question], [Id_Theme]) VALUES (197, @ThemeId);
END

-- Question 13
SET IDENTITY_INSERT [dbo].[Question_QST] ON;
IF NOT EXISTS (SELECT 1 FROM [dbo].[Question_QST] WHERE Id = 198)
BEGIN
    INSERT INTO [dbo].[Question_QST] ([Id], [Question], [Id_Difficulty])
    VALUES (198, N'Quel jeu vidéo a pour héros Sonic ?', 1);
END
SET IDENTITY_INSERT [dbo].[Question_QST] OFF;

INSERT INTO [dbo].[Answer_ANS] ([Id_Question], [Value], [Valid]) VALUES
    (198, N'Sonic the Hedgehog', 1),
    (198, N'Mario Kart', 0),
    (198, N'Crash Bandicoot', 0),
    (198, N'Spyro', 0);

IF NOT EXISTS (SELECT 1 FROM [dbo].[QuestionTheme_QTH] WHERE Id_Question = 198 AND Id_Theme = @ThemeId)
BEGIN
    INSERT INTO [dbo].[QuestionTheme_QTH] ([Id_Question], [Id_Theme]) VALUES (198, @ThemeId);
END

-- Question 14
SET IDENTITY_INSERT [dbo].[Question_QST] ON;
IF NOT EXISTS (SELECT 1 FROM [dbo].[Question_QST] WHERE Id = 199)
BEGIN
    INSERT INTO [dbo].[Question_QST] ([Id], [Question], [Id_Difficulty])
    VALUES (199, N'Quel jeu consiste à collectionner et entraîner des créatures ?', 1);
END
SET IDENTITY_INSERT [dbo].[Question_QST] OFF;

INSERT INTO [dbo].[Answer_ANS] ([Id_Question], [Value], [Valid]) VALUES
    (199, N'Pokémon', 1),
    (199, N'Digimon', 0),
    (199, N'Yu-Gi-Oh!', 0),
    (199, N'Monster Hunter', 0);

IF NOT EXISTS (SELECT 1 FROM [dbo].[QuestionTheme_QTH] WHERE Id_Question = 199 AND Id_Theme = @ThemeId)
BEGIN
    INSERT INTO [dbo].[QuestionTheme_QTH] ([Id_Question], [Id_Theme]) VALUES (199, @ThemeId);
END

-- Question 15
SET IDENTITY_INSERT [dbo].[Question_QST] ON;
IF NOT EXISTS (SELECT 1 FROM [dbo].[Question_QST] WHERE Id = 200)
BEGIN
    INSERT INTO [dbo].[Question_QST] ([Id], [Question], [Id_Difficulty])
    VALUES (200, N'Quel jeu est célèbre pour ses constructions et ses cubes colorés ?', 1);
END
SET IDENTITY_INSERT [dbo].[Question_QST] OFF;

INSERT INTO [dbo].[Answer_ANS] ([Id_Question], [Value], [Valid]) VALUES
    (200, N'Minecraft', 1),
    (200, N'Roblox', 0),
    (200, N'Terraria', 0),
    (200, N'Fortnite', 0);

IF NOT EXISTS (SELECT 1 FROM [dbo].[QuestionTheme_QTH] WHERE Id_Question = 200 AND Id_Theme = @ThemeId)
BEGIN
    INSERT INTO [dbo].[QuestionTheme_QTH] ([Id_Question], [Id_Theme]) VALUES (200, @ThemeId);
END

-- Question 16
SET IDENTITY_INSERT [dbo].[Question_QST] ON;
IF NOT EXISTS (SELECT 1 FROM [dbo].[Question_QST] WHERE Id = 201)
BEGIN
    INSERT INTO [dbo].[Question_QST] ([Id], [Question], [Id_Difficulty])
    VALUES (201, N'Quel jeu implique des matchs multijoueurs en ligne dans des arènes ?', 1);
END
SET IDENTITY_INSERT [dbo].[Question_QST] OFF;

INSERT INTO [dbo].[Answer_ANS] ([Id_Question], [Value], [Valid]) VALUES
    (201, N'League of Legends', 1),
    (201, N'Overwatch', 0),
    (201, N'Dota 2', 0),
    (201, N'Smite', 0);

IF NOT EXISTS (SELECT 1 FROM [dbo].[QuestionTheme_QTH] WHERE Id_Question = 201 AND Id_Theme = @ThemeId)
BEGIN
    INSERT INTO [dbo].[QuestionTheme_QTH] ([Id_Question], [Id_Theme]) VALUES (201, @ThemeId);
END

-- Question 17
SET IDENTITY_INSERT [dbo].[Question_QST] ON;
IF NOT EXISTS (SELECT 1 FROM [dbo].[Question_QST] WHERE Id = 202)
BEGIN
    INSERT INTO [dbo].[Question_QST] ([Id], [Question], [Id_Difficulty])
    VALUES (202, N'Quel jeu a popularisé le terme ''Battle Royale'' ?', 1);
END
SET IDENTITY_INSERT [dbo].[Question_QST] OFF;

INSERT INTO [dbo].[Answer_ANS] ([Id_Question], [Value], [Valid]) VALUES
    (202, N'PUBG', 1),
    (202, N'Fortnite', 0),
    (202, N'Apex Legends', 0),
    (202, N'H1Z1', 0);

IF NOT EXISTS (SELECT 1 FROM [dbo].[QuestionTheme_QTH] WHERE Id_Question = 202 AND Id_Theme = @ThemeId)
BEGIN
    INSERT INTO [dbo].[QuestionTheme_QTH] ([Id_Question], [Id_Theme]) VALUES (202, @ThemeId);
END

-- Question 18
SET IDENTITY_INSERT [dbo].[Question_QST] ON;
IF NOT EXISTS (SELECT 1 FROM [dbo].[Question_QST] WHERE Id = 203)
BEGIN
    INSERT INTO [dbo].[Question_QST] ([Id], [Question], [Id_Difficulty])
    VALUES (203, N'Quel est le protagoniste de ''Assassin’s Creed'' ?', 1);
END
SET IDENTITY_INSERT [dbo].[Question_QST] OFF;

INSERT INTO [dbo].[Answer_ANS] ([Id_Question], [Value], [Valid]) VALUES
    (203, N'Ezio Auditore', 1),
    (203, N'Altair', 0),
    (203, N'Connor', 0),
    (203, N'Bayek', 0);

IF NOT EXISTS (SELECT 1 FROM [dbo].[QuestionTheme_QTH] WHERE Id_Question = 203 AND Id_Theme = @ThemeId)
BEGIN
    INSERT INTO [dbo].[QuestionTheme_QTH] ([Id_Question], [Id_Theme]) VALUES (203, @ThemeId);
END

-- Question 19
SET IDENTITY_INSERT [dbo].[Question_QST] ON;
IF NOT EXISTS (SELECT 1 FROM [dbo].[Question_QST] WHERE Id = 204)
BEGIN
    INSERT INTO [dbo].[Question_QST] ([Id], [Question], [Id_Difficulty])
    VALUES (204, N'Quel jeu consiste à capturer des monstres dans des arènes ?', 1);
END
SET IDENTITY_INSERT [dbo].[Question_QST] OFF;

INSERT INTO [dbo].[Answer_ANS] ([Id_Question], [Value], [Valid]) VALUES
    (204, N'Pokémon', 1),
    (204, N'Digimon', 0),
    (204, N'Yu-Gi-Oh!', 0),
    (204, N'Monster Hunter', 0);

IF NOT EXISTS (SELECT 1 FROM [dbo].[QuestionTheme_QTH] WHERE Id_Question = 204 AND Id_Theme = @ThemeId)
BEGIN
    INSERT INTO [dbo].[QuestionTheme_QTH] ([Id_Question], [Id_Theme]) VALUES (204, @ThemeId);
END

-- Question 20
SET IDENTITY_INSERT [dbo].[Question_QST] ON;
IF NOT EXISTS (SELECT 1 FROM [dbo].[Question_QST] WHERE Id = 205)
BEGIN
    INSERT INTO [dbo].[Question_QST] ([Id], [Question], [Id_Difficulty])
    VALUES (205, N'Quel jeu est développé par Mojang ?', 1);
END
SET IDENTITY_INSERT [dbo].[Question_QST] OFF;

INSERT INTO [dbo].[Answer_ANS] ([Id_Question], [Value], [Valid]) VALUES
    (205, N'Minecraft', 1),
    (205, N'Fortnite', 0),
    (205, N'Roblox', 0),
    (205, N'Terraria', 0);

IF NOT EXISTS (SELECT 1 FROM [dbo].[QuestionTheme_QTH] WHERE Id_Question = 205 AND Id_Theme = @ThemeId)
BEGIN
    INSERT INTO [dbo].[QuestionTheme_QTH] ([Id_Question], [Id_Theme]) VALUES (205, @ThemeId);
END

-- Question 21
SET IDENTITY_INSERT [dbo].[Question_QST] ON;
IF NOT EXISTS (SELECT 1 FROM [dbo].[Question_QST] WHERE Id = 206)
BEGIN
    INSERT INTO [dbo].[Question_QST] ([Id], [Question], [Id_Difficulty])
    VALUES (206, N'Quel jeu implique des véhicules et des courses sur circuit ?', 1);
END
SET IDENTITY_INSERT [dbo].[Question_QST] OFF;

INSERT INTO [dbo].[Answer_ANS] ([Id_Question], [Value], [Valid]) VALUES
    (206, N'Mario Kart', 1),
    (206, N'FIFA', 0),
    (206, N'Rocket League', 0),
    (206, N'Need for Speed', 0);

IF NOT EXISTS (SELECT 1 FROM [dbo].[QuestionTheme_QTH] WHERE Id_Question = 206 AND Id_Theme = @ThemeId)
BEGIN
    INSERT INTO [dbo].[QuestionTheme_QTH] ([Id_Question], [Id_Theme]) VALUES (206, @ThemeId);
END

-- Question 22
SET IDENTITY_INSERT [dbo].[Question_QST] ON;
IF NOT EXISTS (SELECT 1 FROM [dbo].[Question_QST] WHERE Id = 207)
BEGIN
    INSERT INTO [dbo].[Question_QST] ([Id], [Question], [Id_Difficulty])
    VALUES (207, N'Quel jeu vidéo a pour héros Kratos ?', 1);
END
SET IDENTITY_INSERT [dbo].[Question_QST] OFF;

INSERT INTO [dbo].[Answer_ANS] ([Id_Question], [Value], [Valid]) VALUES
    (207, N'God of War', 1),
    (207, N'Assassin’s Creed', 0),
    (207, N'The Witcher', 0),
    (207, N'Devil May Cry', 0);

IF NOT EXISTS (SELECT 1 FROM [dbo].[QuestionTheme_QTH] WHERE Id_Question = 207 AND Id_Theme = @ThemeId)
BEGIN
    INSERT INTO [dbo].[QuestionTheme_QTH] ([Id_Question], [Id_Theme]) VALUES (207, @ThemeId);
END

-- Question 23
SET IDENTITY_INSERT [dbo].[Question_QST] ON;
IF NOT EXISTS (SELECT 1 FROM [dbo].[Question_QST] WHERE Id = 208)
BEGIN
    INSERT INTO [dbo].[Question_QST] ([Id], [Question], [Id_Difficulty])
    VALUES (208, N'Quel est le jeu où l’on joue avec des blocs et des ennemis à affronter ?', 1);
END
SET IDENTITY_INSERT [dbo].[Question_QST] OFF;

INSERT INTO [dbo].[Answer_ANS] ([Id_Question], [Value], [Valid]) VALUES
    (208, N'Minecraft', 1),
    (208, N'Terraria', 0),
    (208, N'Roblox', 0),
    (208, N'Fortnite', 0);

IF NOT EXISTS (SELECT 1 FROM [dbo].[QuestionTheme_QTH] WHERE Id_Question = 208 AND Id_Theme = @ThemeId)
BEGIN
    INSERT INTO [dbo].[QuestionTheme_QTH] ([Id_Question], [Id_Theme]) VALUES (208, @ThemeId);
END

-- Question 24
SET IDENTITY_INSERT [dbo].[Question_QST] ON;
IF NOT EXISTS (SELECT 1 FROM [dbo].[Question_QST] WHERE Id = 209)
BEGIN
    INSERT INTO [dbo].[Question_QST] ([Id], [Question], [Id_Difficulty])
    VALUES (209, N'Quel jeu est connu pour sa carte appelée ''Summoner’s Rift'' ?', 1);
END
SET IDENTITY_INSERT [dbo].[Question_QST] OFF;

INSERT INTO [dbo].[Answer_ANS] ([Id_Question], [Value], [Valid]) VALUES
    (209, N'League of Legends', 1),
    (209, N'Dota 2', 0),
    (209, N'Smite', 0),
    (209, N'Heroes of the Storm', 0);

IF NOT EXISTS (SELECT 1 FROM [dbo].[QuestionTheme_QTH] WHERE Id_Question = 209 AND Id_Theme = @ThemeId)
BEGIN
    INSERT INTO [dbo].[QuestionTheme_QTH] ([Id_Question], [Id_Theme]) VALUES (209, @ThemeId);
END

-- Question 25
SET IDENTITY_INSERT [dbo].[Question_QST] ON;
IF NOT EXISTS (SELECT 1 FROM [dbo].[Question_QST] WHERE Id = 210)
BEGIN
    INSERT INTO [dbo].[Question_QST] ([Id], [Question], [Id_Difficulty])
    VALUES (210, N'Quel jeu implique des tours et des vagues d’ennemis à repousser ?', 1);
END
SET IDENTITY_INSERT [dbo].[Question_QST] OFF;

INSERT INTO [dbo].[Answer_ANS] ([Id_Question], [Value], [Valid]) VALUES
    (210, N'Plants vs Zombies', 1),
    (210, N'Tower Defense', 0),
    (210, N'League of Legends', 0),
    (210, N'Clash Royale', 0);

IF NOT EXISTS (SELECT 1 FROM [dbo].[QuestionTheme_QTH] WHERE Id_Question = 210 AND Id_Theme = @ThemeId)
BEGIN
    INSERT INTO [dbo].[QuestionTheme_QTH] ([Id_Question], [Id_Theme]) VALUES (210, @ThemeId);
END

-- Question 26
SET IDENTITY_INSERT [dbo].[Question_QST] ON;
IF NOT EXISTS (SELECT 1 FROM [dbo].[Question_QST] WHERE Id = 211)
BEGIN
    INSERT INTO [dbo].[Question_QST] ([Id], [Question], [Id_Difficulty])
    VALUES (211, N'Quel jeu a popularisé le personnage Lara Croft ?', 1);
END
SET IDENTITY_INSERT [dbo].[Question_QST] OFF;

INSERT INTO [dbo].[Answer_ANS] ([Id_Question], [Value], [Valid]) VALUES
    (211, N'Tomb Raider', 1),
    (211, N'Uncharted', 0),
    (211, N'Assassin’s Creed', 0),
    (211, N'Prince of Persia', 0);

IF NOT EXISTS (SELECT 1 FROM [dbo].[QuestionTheme_QTH] WHERE Id_Question = 211 AND Id_Theme = @ThemeId)
BEGIN
    INSERT INTO [dbo].[QuestionTheme_QTH] ([Id_Question], [Id_Theme]) VALUES (211, @ThemeId);
END

-- Question 27
SET IDENTITY_INSERT [dbo].[Question_QST] ON;
IF NOT EXISTS (SELECT 1 FROM [dbo].[Question_QST] WHERE Id = 212)
BEGIN
    INSERT INTO [dbo].[Question_QST] ([Id], [Question], [Id_Difficulty])
    VALUES (212, N'Quel est le jeu de construction et d’aventure en 2D ?', 1);
END
SET IDENTITY_INSERT [dbo].[Question_QST] OFF;

INSERT INTO [dbo].[Answer_ANS] ([Id_Question], [Value], [Valid]) VALUES
    (212, N'Terraria', 1),
    (212, N'Minecraft', 0),
    (212, N'Roblox', 0),
    (212, N'The Sims', 0);

IF NOT EXISTS (SELECT 1 FROM [dbo].[QuestionTheme_QTH] WHERE Id_Question = 212 AND Id_Theme = @ThemeId)
BEGIN
    INSERT INTO [dbo].[QuestionTheme_QTH] ([Id_Question], [Id_Theme]) VALUES (212, @ThemeId);
END

-- Question 28
SET IDENTITY_INSERT [dbo].[Question_QST] ON;
IF NOT EXISTS (SELECT 1 FROM [dbo].[Question_QST] WHERE Id = 213)
BEGIN
    INSERT INTO [dbo].[Question_QST] ([Id], [Question], [Id_Difficulty])
    VALUES (213, N'Quel jeu implique des cartes à collectionner et à combattre ?', 1);
END
SET IDENTITY_INSERT [dbo].[Question_QST] OFF;

INSERT INTO [dbo].[Answer_ANS] ([Id_Question], [Value], [Valid]) VALUES
    (213, N'Hearthstone', 1),
    (213, N'Magic: The Gathering', 0),
    (213, N'Yu-Gi-Oh!', 0),
    (213, N'Legends of Runeterra', 0);

IF NOT EXISTS (SELECT 1 FROM [dbo].[QuestionTheme_QTH] WHERE Id_Question = 213 AND Id_Theme = @ThemeId)
BEGIN
    INSERT INTO [dbo].[QuestionTheme_QTH] ([Id_Question], [Id_Theme]) VALUES (213, @ThemeId);
END

-- Question 29
SET IDENTITY_INSERT [dbo].[Question_QST] ON;
IF NOT EXISTS (SELECT 1 FROM [dbo].[Question_QST] WHERE Id = 214)
BEGIN
    INSERT INTO [dbo].[Question_QST] ([Id], [Question], [Id_Difficulty])
    VALUES (214, N'Quel jeu vidéo a pour héros Link ?', 1);
END
SET IDENTITY_INSERT [dbo].[Question_QST] OFF;

INSERT INTO [dbo].[Answer_ANS] ([Id_Question], [Value], [Valid]) VALUES
    (214, N'The Legend of Zelda', 1),
    (214, N'Mario', 0),
    (214, N'Sonic', 0),
    (214, N'Donkey Kong', 0);

IF NOT EXISTS (SELECT 1 FROM [dbo].[QuestionTheme_QTH] WHERE Id_Question = 214 AND Id_Theme = @ThemeId)
BEGIN
    INSERT INTO [dbo].[QuestionTheme_QTH] ([Id_Question], [Id_Theme]) VALUES (214, @ThemeId);
END

-- Question 30
SET IDENTITY_INSERT [dbo].[Question_QST] ON;
IF NOT EXISTS (SELECT 1 FROM [dbo].[Question_QST] WHERE Id = 215)
BEGIN
    INSERT INTO [dbo].[Question_QST] ([Id], [Question], [Id_Difficulty])
    VALUES (215, N'Quel jeu implique des skins et des passes de combat populaires ?', 1);
END
SET IDENTITY_INSERT [dbo].[Question_QST] OFF;

INSERT INTO [dbo].[Answer_ANS] ([Id_Question], [Value], [Valid]) VALUES
    (215, N'Fortnite', 1),
    (215, N'PUBG', 0),
    (215, N'Apex Legends', 0),
    (215, N'Valorant', 0);

IF NOT EXISTS (SELECT 1 FROM [dbo].[QuestionTheme_QTH] WHERE Id_Question = 215 AND Id_Theme = @ThemeId)
BEGIN
    INSERT INTO [dbo].[QuestionTheme_QTH] ([Id_Question], [Id_Theme]) VALUES (215, @ThemeId);
END

-- Question 31
SET IDENTITY_INSERT [dbo].[Question_QST] ON;
IF NOT EXISTS (SELECT 1 FROM [dbo].[Question_QST] WHERE Id = 216)
BEGIN
    INSERT INTO [dbo].[Question_QST] ([Id], [Question], [Id_Difficulty])
    VALUES (216, N'Quel est le jeu où l’on doit construire des villes et gérer les ressources ?', 1);
END
SET IDENTITY_INSERT [dbo].[Question_QST] OFF;

INSERT INTO [dbo].[Answer_ANS] ([Id_Question], [Value], [Valid]) VALUES
    (216, N'SimCity', 1),
    (216, N'The Sims', 0),
    (216, N'Cities: Skylines', 0),
    (216, N'Minecraft', 0);

IF NOT EXISTS (SELECT 1 FROM [dbo].[QuestionTheme_QTH] WHERE Id_Question = 216 AND Id_Theme = @ThemeId)
BEGIN
    INSERT INTO [dbo].[QuestionTheme_QTH] ([Id_Question], [Id_Theme]) VALUES (216, @ThemeId);
END

-- Question 32
SET IDENTITY_INSERT [dbo].[Question_QST] ON;
IF NOT EXISTS (SELECT 1 FROM [dbo].[Question_QST] WHERE Id = 217)
BEGIN
    INSERT INTO [dbo].[Question_QST] ([Id], [Question], [Id_Difficulty])
    VALUES (217, N'Quel jeu est connu pour sa formule ''Capture the Flag'' ?', 1);
END
SET IDENTITY_INSERT [dbo].[Question_QST] OFF;

INSERT INTO [dbo].[Answer_ANS] ([Id_Question], [Value], [Valid]) VALUES
    (217, N'Halo', 1),
    (217, N'Call of Duty', 0),
    (217, N'Overwatch', 0),
    (217, N'Battlefield', 0);

IF NOT EXISTS (SELECT 1 FROM [dbo].[QuestionTheme_QTH] WHERE Id_Question = 217 AND Id_Theme = @ThemeId)
BEGIN
    INSERT INTO [dbo].[QuestionTheme_QTH] ([Id_Question], [Id_Theme]) VALUES (217, @ThemeId);
END

-- Question 33
SET IDENTITY_INSERT [dbo].[Question_QST] ON;
IF NOT EXISTS (SELECT 1 FROM [dbo].[Question_QST] WHERE Id = 218)
BEGIN
    INSERT INTO [dbo].[Question_QST] ([Id], [Question], [Id_Difficulty])
    VALUES (218, N'Quel jeu implique des créatures appelées ''Pikachu'', ''Charmander'' et ''Bulbasaur'' ?', 1);
END
SET IDENTITY_INSERT [dbo].[Question_QST] OFF;

INSERT INTO [dbo].[Answer_ANS] ([Id_Question], [Value], [Valid]) VALUES
    (218, N'Pokémon', 1),
    (218, N'Digimon', 0),
    (218, N'Yu-Gi-Oh!', 0),
    (218, N'Monster Hunter', 0);

IF NOT EXISTS (SELECT 1 FROM [dbo].[QuestionTheme_QTH] WHERE Id_Question = 218 AND Id_Theme = @ThemeId)
BEGIN
    INSERT INTO [dbo].[QuestionTheme_QTH] ([Id_Question], [Id_Theme]) VALUES (218, @ThemeId);
END

-- Question 34
SET IDENTITY_INSERT [dbo].[Question_QST] ON;
IF NOT EXISTS (SELECT 1 FROM [dbo].[Question_QST] WHERE Id = 219)
BEGIN
    INSERT INTO [dbo].[Question_QST] ([Id], [Question], [Id_Difficulty])
    VALUES (219, N'Quel jeu a popularisé le ''Jump and Run'' sur console ?', 1);
END
SET IDENTITY_INSERT [dbo].[Question_QST] OFF;

INSERT INTO [dbo].[Answer_ANS] ([Id_Question], [Value], [Valid]) VALUES
    (219, N'Super Mario Bros', 1),
    (219, N'Sonic', 0),
    (219, N'Crash Bandicoot', 0),
    (219, N'Rayman', 0);

IF NOT EXISTS (SELECT 1 FROM [dbo].[QuestionTheme_QTH] WHERE Id_Question = 219 AND Id_Theme = @ThemeId)
BEGIN
    INSERT INTO [dbo].[QuestionTheme_QTH] ([Id_Question], [Id_Theme]) VALUES (219, @ThemeId);
END

-- Question 35
SET IDENTITY_INSERT [dbo].[Question_QST] ON;
IF NOT EXISTS (SELECT 1 FROM [dbo].[Question_QST] WHERE Id = 220)
BEGIN
    INSERT INTO [dbo].[Question_QST] ([Id], [Question], [Id_Difficulty])
    VALUES (220, N'Quel jeu vidéo a pour héros Master Chief ?', 1);
END
SET IDENTITY_INSERT [dbo].[Question_QST] OFF;

INSERT INTO [dbo].[Answer_ANS] ([Id_Question], [Value], [Valid]) VALUES
    (220, N'Halo', 1),
    (220, N'Gears of War', 0),
    (220, N'Destiny', 0),
    (220, N'Titanfall', 0);

IF NOT EXISTS (SELECT 1 FROM [dbo].[QuestionTheme_QTH] WHERE Id_Question = 220 AND Id_Theme = @ThemeId)
BEGIN
    INSERT INTO [dbo].[QuestionTheme_QTH] ([Id_Question], [Id_Theme]) VALUES (220, @ThemeId);
END

-- Question 36
SET IDENTITY_INSERT [dbo].[Question_QST] ON;
IF NOT EXISTS (SELECT 1 FROM [dbo].[Question_QST] WHERE Id = 221)
BEGIN
    INSERT INTO [dbo].[Question_QST] ([Id], [Question], [Id_Difficulty])
    VALUES (221, N'Quel jeu implique des équipes qui s’affrontent en ligne avec des héros ?', 1);
END
SET IDENTITY_INSERT [dbo].[Question_QST] OFF;

INSERT INTO [dbo].[Answer_ANS] ([Id_Question], [Value], [Valid]) VALUES
    (221, N'Overwatch', 1),
    (221, N'League of Legends', 0),
    (221, N'Dota 2', 0),
    (221, N'Smite', 0);

IF NOT EXISTS (SELECT 1 FROM [dbo].[QuestionTheme_QTH] WHERE Id_Question = 221 AND Id_Theme = @ThemeId)
BEGIN
    INSERT INTO [dbo].[QuestionTheme_QTH] ([Id_Question], [Id_Theme]) VALUES (221, @ThemeId);
END

-- Question 37
SET IDENTITY_INSERT [dbo].[Question_QST] ON;
IF NOT EXISTS (SELECT 1 FROM [dbo].[Question_QST] WHERE Id = 222)
BEGIN
    INSERT INTO [dbo].[Question_QST] ([Id], [Question], [Id_Difficulty])
    VALUES (222, N'Quel jeu est célèbre pour ses armes à feu et ses batailles multijoueurs ?', 1);
END
SET IDENTITY_INSERT [dbo].[Question_QST] OFF;

INSERT INTO [dbo].[Answer_ANS] ([Id_Question], [Value], [Valid]) VALUES
    (222, N'Call of Duty', 1),
    (222, N'Battlefield', 0),
    (222, N'PUBG', 0),
    (222, N'Fortnite', 0);

IF NOT EXISTS (SELECT 1 FROM [dbo].[QuestionTheme_QTH] WHERE Id_Question = 222 AND Id_Theme = @ThemeId)
BEGIN
    INSERT INTO [dbo].[QuestionTheme_QTH] ([Id_Question], [Id_Theme]) VALUES (222, @ThemeId);
END

-- Question 38
SET IDENTITY_INSERT [dbo].[Question_QST] ON;
IF NOT EXISTS (SELECT 1 FROM [dbo].[Question_QST] WHERE Id = 223)
BEGIN
    INSERT INTO [dbo].[Question_QST] ([Id], [Question], [Id_Difficulty])
    VALUES (223, N'Quel jeu implique la survie dans un monde post-apocalyptique ?', 1);
END
SET IDENTITY_INSERT [dbo].[Question_QST] OFF;

INSERT INTO [dbo].[Answer_ANS] ([Id_Question], [Value], [Valid]) VALUES
    (223, N'Fallout', 1),
    (223, N'The Last of Us', 0),
    (223, N'Minecraft', 0),
    (223, N'Terraria', 0);

IF NOT EXISTS (SELECT 1 FROM [dbo].[QuestionTheme_QTH] WHERE Id_Question = 223 AND Id_Theme = @ThemeId)
BEGIN
    INSERT INTO [dbo].[QuestionTheme_QTH] ([Id_Question], [Id_Theme]) VALUES (223, @ThemeId);
END

-- Question 39
SET IDENTITY_INSERT [dbo].[Question_QST] ON;
IF NOT EXISTS (SELECT 1 FROM [dbo].[Question_QST] WHERE Id = 224)
BEGIN
    INSERT INTO [dbo].[Question_QST] ([Id], [Question], [Id_Difficulty])
    VALUES (224, N'Quel jeu a pour héros Mario Kart ?', 1);
END
SET IDENTITY_INSERT [dbo].[Question_QST] OFF;

INSERT INTO [dbo].[Answer_ANS] ([Id_Question], [Value], [Valid]) VALUES
    (224, N'Mario', 1),
    (224, N'Luigi', 0),
    (224, N'Peach', 0),
    (224, N'Bowser', 0);

IF NOT EXISTS (SELECT 1 FROM [dbo].[QuestionTheme_QTH] WHERE Id_Question = 224 AND Id_Theme = @ThemeId)
BEGIN
    INSERT INTO [dbo].[QuestionTheme_QTH] ([Id_Question], [Id_Theme]) VALUES (224, @ThemeId);
END

-- Question 40
SET IDENTITY_INSERT [dbo].[Question_QST] ON;
IF NOT EXISTS (SELECT 1 FROM [dbo].[Question_QST] WHERE Id = 225)
BEGIN
    INSERT INTO [dbo].[Question_QST] ([Id], [Question], [Id_Difficulty])
    VALUES (225, N'Quel jeu implique des animaux de compagnie et des combats tactiques ?', 1);
END
SET IDENTITY_INSERT [dbo].[Question_QST] OFF;

INSERT INTO [dbo].[Answer_ANS] ([Id_Question], [Value], [Valid]) VALUES
    (225, N'Pokémon', 1),
    (225, N'Digimon', 0),
    (225, N'Yo-Kai Watch', 0),
    (225, N'Monster Rancher', 0);

IF NOT EXISTS (SELECT 1 FROM [dbo].[QuestionTheme_QTH] WHERE Id_Question = 225 AND Id_Theme = @ThemeId)
BEGIN
    INSERT INTO [dbo].[QuestionTheme_QTH] ([Id_Question], [Id_Theme]) VALUES (225, @ThemeId);
END

-- Question 41
SET IDENTITY_INSERT [dbo].[Question_QST] ON;
IF NOT EXISTS (SELECT 1 FROM [dbo].[Question_QST] WHERE Id = 226)
BEGIN
    INSERT INTO [dbo].[Question_QST] ([Id], [Question], [Id_Difficulty])
    VALUES (226, N'Quel jeu est connu pour son mode créatif et survie ?', 1);
END
SET IDENTITY_INSERT [dbo].[Question_QST] OFF;

INSERT INTO [dbo].[Answer_ANS] ([Id_Question], [Value], [Valid]) VALUES
    (226, N'Minecraft', 1),
    (226, N'Terraria', 0),
    (226, N'Roblox', 0),
    (226, N'Fortnite', 0);

IF NOT EXISTS (SELECT 1 FROM [dbo].[QuestionTheme_QTH] WHERE Id_Question = 226 AND Id_Theme = @ThemeId)
BEGIN
    INSERT INTO [dbo].[QuestionTheme_QTH] ([Id_Question], [Id_Theme]) VALUES (226, @ThemeId);
END

-- Question 42
SET IDENTITY_INSERT [dbo].[Question_QST] ON;
IF NOT EXISTS (SELECT 1 FROM [dbo].[Question_QST] WHERE Id = 227)
BEGIN
    INSERT INTO [dbo].[Question_QST] ([Id], [Question], [Id_Difficulty])
    VALUES (227, N'Quel jeu vidéo est développé par Nintendo et a pour personnage principal Link ?', 1);
END
SET IDENTITY_INSERT [dbo].[Question_QST] OFF;

INSERT INTO [dbo].[Answer_ANS] ([Id_Question], [Value], [Valid]) VALUES
    (227, N'The Legend of Zelda', 1),
    (227, N'Super Mario Bros', 0),
    (227, N'Metroid', 0),
    (227, N'Donkey Kong', 0);

IF NOT EXISTS (SELECT 1 FROM [dbo].[QuestionTheme_QTH] WHERE Id_Question = 227 AND Id_Theme = @ThemeId)
BEGIN
    INSERT INTO [dbo].[QuestionTheme_QTH] ([Id_Question], [Id_Theme]) VALUES (227, @ThemeId);
END

-- Question 43
SET IDENTITY_INSERT [dbo].[Question_QST] ON;
IF NOT EXISTS (SELECT 1 FROM [dbo].[Question_QST] WHERE Id = 228)
BEGIN
    INSERT INTO [dbo].[Question_QST] ([Id], [Question], [Id_Difficulty])
    VALUES (228, N'Quel jeu implique de construire des bases et défendre contre des vagues d’ennemis ?', 1);
END
SET IDENTITY_INSERT [dbo].[Question_QST] OFF;

INSERT INTO [dbo].[Answer_ANS] ([Id_Question], [Value], [Valid]) VALUES
    (228, N'Fortnite: Save the World', 1),
    (228, N'Minecraft', 0),
    (228, N'Terraria', 0),
    (228, N'Roblox', 0);

IF NOT EXISTS (SELECT 1 FROM [dbo].[QuestionTheme_QTH] WHERE Id_Question = 228 AND Id_Theme = @ThemeId)
BEGIN
    INSERT INTO [dbo].[QuestionTheme_QTH] ([Id_Question], [Id_Theme]) VALUES (228, @ThemeId);
END

-- Question 44
SET IDENTITY_INSERT [dbo].[Question_QST] ON;
IF NOT EXISTS (SELECT 1 FROM [dbo].[Question_QST] WHERE Id = 229)
BEGIN
    INSERT INTO [dbo].[Question_QST] ([Id], [Question], [Id_Difficulty])
    VALUES (229, N'Quel jeu est connu pour ses cartes et modes compétitifs en ligne ?', 1);
END
SET IDENTITY_INSERT [dbo].[Question_QST] OFF;

INSERT INTO [dbo].[Answer_ANS] ([Id_Question], [Value], [Valid]) VALUES
    (229, N'Hearthstone', 1),
    (229, N'Yu-Gi-Oh!', 0),
    (229, N'Magic: The Gathering', 0),
    (229, N'Legends of Runeterra', 0);

IF NOT EXISTS (SELECT 1 FROM [dbo].[QuestionTheme_QTH] WHERE Id_Question = 229 AND Id_Theme = @ThemeId)
BEGIN
    INSERT INTO [dbo].[QuestionTheme_QTH] ([Id_Question], [Id_Theme]) VALUES (229, @ThemeId);
END

-- Question 45
SET IDENTITY_INSERT [dbo].[Question_QST] ON;
IF NOT EXISTS (SELECT 1 FROM [dbo].[Question_QST] WHERE Id = 230)
BEGIN
    INSERT INTO [dbo].[Question_QST] ([Id], [Question], [Id_Difficulty])
    VALUES (230, N'Quel jeu vidéo implique des courses de kart avec des objets ?', 1);
END
SET IDENTITY_INSERT [dbo].[Question_QST] OFF;

INSERT INTO [dbo].[Answer_ANS] ([Id_Question], [Value], [Valid]) VALUES
    (230, N'Mario Kart', 1),
    (230, N'Crash Team Racing', 0),
    (230, N'Sonic & All-Stars Racing', 0),
    (230, N'KartRider', 0);

IF NOT EXISTS (SELECT 1 FROM [dbo].[QuestionTheme_QTH] WHERE Id_Question = 230 AND Id_Theme = @ThemeId)
BEGIN
    INSERT INTO [dbo].[QuestionTheme_QTH] ([Id_Question], [Id_Theme]) VALUES (230, @ThemeId);
END

-- Question 46
SET IDENTITY_INSERT [dbo].[Question_QST] ON;
IF NOT EXISTS (SELECT 1 FROM [dbo].[Question_QST] WHERE Id = 231)
BEGIN
    INSERT INTO [dbo].[Question_QST] ([Id], [Question], [Id_Difficulty])
    VALUES (231, N'Quel jeu est célèbre pour ses zombies et ses tours de plantes ?', 1);
END
SET IDENTITY_INSERT [dbo].[Question_QST] OFF;

INSERT INTO [dbo].[Answer_ANS] ([Id_Question], [Value], [Valid]) VALUES
    (231, N'Plants vs Zombies', 1),
    (231, N'Left 4 Dead', 0),
    (231, N'Resident Evil', 0),
    (231, N'Dead Rising', 0);

IF NOT EXISTS (SELECT 1 FROM [dbo].[QuestionTheme_QTH] WHERE Id_Question = 231 AND Id_Theme = @ThemeId)
BEGIN
    INSERT INTO [dbo].[QuestionTheme_QTH] ([Id_Question], [Id_Theme]) VALUES (231, @ThemeId);
END

-- Question 47
SET IDENTITY_INSERT [dbo].[Question_QST] ON;
IF NOT EXISTS (SELECT 1 FROM [dbo].[Question_QST] WHERE Id = 232)
BEGIN
    INSERT INTO [dbo].[Question_QST] ([Id], [Question], [Id_Difficulty])
    VALUES (232, N'Quel jeu implique de survivre sur une île déserte ?', 1);
END
SET IDENTITY_INSERT [dbo].[Question_QST] OFF;

INSERT INTO [dbo].[Answer_ANS] ([Id_Question], [Value], [Valid]) VALUES
    (232, N'The Sims', 0),
    (232, N'Stranded Deep', 1),
    (232, N'Minecraft', 0),
    (232, N'ARK: Survival Evolved', 0);

IF NOT EXISTS (SELECT 1 FROM [dbo].[QuestionTheme_QTH] WHERE Id_Question = 232 AND Id_Theme = @ThemeId)
BEGIN
    INSERT INTO [dbo].[QuestionTheme_QTH] ([Id_Question], [Id_Theme]) VALUES (232, @ThemeId);
END

-- Question 48
SET IDENTITY_INSERT [dbo].[Question_QST] ON;
IF NOT EXISTS (SELECT 1 FROM [dbo].[Question_QST] WHERE Id = 233)
BEGIN
    INSERT INTO [dbo].[Question_QST] ([Id], [Question], [Id_Difficulty])
    VALUES (233, N'Quel jeu vidéo est célèbre pour son multijoueur en ligne compétitif ''Apex Legends'' ?', 1);
END
SET IDENTITY_INSERT [dbo].[Question_QST] OFF;

INSERT INTO [dbo].[Answer_ANS] ([Id_Question], [Value], [Valid]) VALUES
    (233, N'Apex Legends', 1),
    (233, N'Fortnite', 0),
    (233, N'PUBG', 0),
    (233, N'Call of Duty', 0);

IF NOT EXISTS (SELECT 1 FROM [dbo].[QuestionTheme_QTH] WHERE Id_Question = 233 AND Id_Theme = @ThemeId)
BEGIN
    INSERT INTO [dbo].[QuestionTheme_QTH] ([Id_Question], [Id_Theme]) VALUES (233, @ThemeId);
END

-- Question 49
SET IDENTITY_INSERT [dbo].[Question_QST] ON;
IF NOT EXISTS (SELECT 1 FROM [dbo].[Question_QST] WHERE Id = 234)
BEGIN
    INSERT INTO [dbo].[Question_QST] ([Id], [Question], [Id_Difficulty])
    VALUES (234, N'Quel jeu implique des batailles en ligne dans une arène avec des héros ?', 1);
END
SET IDENTITY_INSERT [dbo].[Question_QST] OFF;

INSERT INTO [dbo].[Answer_ANS] ([Id_Question], [Value], [Valid]) VALUES
    (234, N'League of Legends', 1),
    (234, N'Dota 2', 0),
    (234, N'Smite', 0),
    (234, N'Heroes of the Storm', 0);

IF NOT EXISTS (SELECT 1 FROM [dbo].[QuestionTheme_QTH] WHERE Id_Question = 234 AND Id_Theme = @ThemeId)
BEGIN
    INSERT INTO [dbo].[QuestionTheme_QTH] ([Id_Question], [Id_Theme]) VALUES (234, @ThemeId);
END

-- Question 50
SET IDENTITY_INSERT [dbo].[Question_QST] ON;
IF NOT EXISTS (SELECT 1 FROM [dbo].[Question_QST] WHERE Id = 235)
BEGIN
    INSERT INTO [dbo].[Question_QST] ([Id], [Question], [Id_Difficulty])
    VALUES (235, N'Quel jeu est développé par Mojang et permet la création en 3D ?', 1);
END
SET IDENTITY_INSERT [dbo].[Question_QST] OFF;

INSERT INTO [dbo].[Answer_ANS] ([Id_Question], [Value], [Valid]) VALUES
    (235, N'Minecraft', 1),
    (235, N'Roblox', 0),
    (235, N'Terraria', 0),
    (235, N'Fortnite', 0);

IF NOT EXISTS (SELECT 1 FROM [dbo].[QuestionTheme_QTH] WHERE Id_Question = 235 AND Id_Theme = @ThemeId)
BEGIN
    INSERT INTO [dbo].[QuestionTheme_QTH] ([Id_Question], [Id_Theme]) VALUES (235, @ThemeId);
END

-- Question 51
SET IDENTITY_INSERT [dbo].[Question_QST] ON;
IF NOT EXISTS (SELECT 1 FROM [dbo].[Question_QST] WHERE Id = 236)
BEGIN
    INSERT INTO [dbo].[Question_QST] ([Id], [Question], [Id_Difficulty])
    VALUES (236, N'Quel jeu de tir multijoueur est développé par Riot Games ?', 2);
END
SET IDENTITY_INSERT [dbo].[Question_QST] OFF;

INSERT INTO [dbo].[Answer_ANS] ([Id_Question], [Value], [Valid]) VALUES
    (236, N'Valorant', 1),
    (236, N'Overwatch', 0),
    (236, N'Counter-Strike', 0),
    (236, N'Call of Duty', 0);

IF NOT EXISTS (SELECT 1 FROM [dbo].[QuestionTheme_QTH] WHERE Id_Question = 236 AND Id_Theme = @ThemeId)
BEGIN
    INSERT INTO [dbo].[QuestionTheme_QTH] ([Id_Question], [Id_Theme]) VALUES (236, @ThemeId);
END

-- Question 52
SET IDENTITY_INSERT [dbo].[Question_QST] ON;
IF NOT EXISTS (SELECT 1 FROM [dbo].[Question_QST] WHERE Id = 237)
BEGIN
    INSERT INTO [dbo].[Question_QST] ([Id], [Question], [Id_Difficulty])
    VALUES (237, N'Dans quel jeu peut-on créer ses propres jeux et mondes en ligne ?', 2);
END
SET IDENTITY_INSERT [dbo].[Question_QST] OFF;

INSERT INTO [dbo].[Answer_ANS] ([Id_Question], [Value], [Valid]) VALUES
    (237, N'Roblox', 1),
    (237, N'Minecraft', 0),
    (237, N'Fortnite', 0),
    (237, N'Terraria', 0);

IF NOT EXISTS (SELECT 1 FROM [dbo].[QuestionTheme_QTH] WHERE Id_Question = 237 AND Id_Theme = @ThemeId)
BEGIN
    INSERT INTO [dbo].[QuestionTheme_QTH] ([Id_Question], [Id_Theme]) VALUES (237, @ThemeId);
END

-- Question 53
SET IDENTITY_INSERT [dbo].[Question_QST] ON;
IF NOT EXISTS (SELECT 1 FROM [dbo].[Question_QST] WHERE Id = 238)
BEGIN
    INSERT INTO [dbo].[Question_QST] ([Id], [Question], [Id_Difficulty])
    VALUES (238, N'Quel est le protagoniste de la série ''God of War'' ?', 2);
END
SET IDENTITY_INSERT [dbo].[Question_QST] OFF;

INSERT INTO [dbo].[Answer_ANS] ([Id_Question], [Value], [Valid]) VALUES
    (238, N'Kratos', 1),
    (238, N'Zeus', 0),
    (238, N'Atreus', 0),
    (238, N'Thor', 0);

IF NOT EXISTS (SELECT 1 FROM [dbo].[QuestionTheme_QTH] WHERE Id_Question = 238 AND Id_Theme = @ThemeId)
BEGIN
    INSERT INTO [dbo].[QuestionTheme_QTH] ([Id_Question], [Id_Theme]) VALUES (238, @ThemeId);
END

-- Question 54
SET IDENTITY_INSERT [dbo].[Question_QST] ON;
IF NOT EXISTS (SELECT 1 FROM [dbo].[Question_QST] WHERE Id = 239)
BEGIN
    INSERT INTO [dbo].[Question_QST] ([Id], [Question], [Id_Difficulty])
    VALUES (239, N'Quel jeu met en scène une bataille royale sur une île avec 100 joueurs ?', 2);
END
SET IDENTITY_INSERT [dbo].[Question_QST] OFF;

INSERT INTO [dbo].[Answer_ANS] ([Id_Question], [Value], [Valid]) VALUES
    (239, N'PUBG', 1),
    (239, N'Fortnite', 0),
    (239, N'Apex Legends', 0),
    (239, N'H1Z1', 0);

IF NOT EXISTS (SELECT 1 FROM [dbo].[QuestionTheme_QTH] WHERE Id_Question = 239 AND Id_Theme = @ThemeId)
BEGIN
    INSERT INTO [dbo].[QuestionTheme_QTH] ([Id_Question], [Id_Theme]) VALUES (239, @ThemeId);
END

-- Question 55
SET IDENTITY_INSERT [dbo].[Question_QST] ON;
IF NOT EXISTS (SELECT 1 FROM [dbo].[Question_QST] WHERE Id = 240)
BEGIN
    INSERT INTO [dbo].[Question_QST] ([Id], [Question], [Id_Difficulty])
    VALUES (240, N'Quel jeu implique de résoudre des énigmes et explorer des temples anciens ?', 2);
END
SET IDENTITY_INSERT [dbo].[Question_QST] OFF;

INSERT INTO [dbo].[Answer_ANS] ([Id_Question], [Value], [Valid]) VALUES
    (240, N'Tomb Raider', 1),
    (240, N'Uncharted', 0),
    (240, N'Assassin''s Creed', 0),
    (240, N'Prince of Persia', 0);

IF NOT EXISTS (SELECT 1 FROM [dbo].[QuestionTheme_QTH] WHERE Id_Question = 240 AND Id_Theme = @ThemeId)
BEGIN
    INSERT INTO [dbo].[QuestionTheme_QTH] ([Id_Question], [Id_Theme]) VALUES (240, @ThemeId);
END

-- Question 56
SET IDENTITY_INSERT [dbo].[Question_QST] ON;
IF NOT EXISTS (SELECT 1 FROM [dbo].[Question_QST] WHERE Id = 241)
BEGIN
    INSERT INTO [dbo].[Question_QST] ([Id], [Question], [Id_Difficulty])
    VALUES (241, N'Quel jeu de cartes à collectionner est basé sur l’univers de Warcraft ?', 2);
END
SET IDENTITY_INSERT [dbo].[Question_QST] OFF;

INSERT INTO [dbo].[Answer_ANS] ([Id_Question], [Value], [Valid]) VALUES
    (241, N'Hearthstone', 1),
    (241, N'Magic: The Gathering', 0),
    (241, N'Yu-Gi-Oh!', 0),
    (241, N'Legends of Runeterra', 0);

IF NOT EXISTS (SELECT 1 FROM [dbo].[QuestionTheme_QTH] WHERE Id_Question = 241 AND Id_Theme = @ThemeId)
BEGIN
    INSERT INTO [dbo].[QuestionTheme_QTH] ([Id_Question], [Id_Theme]) VALUES (241, @ThemeId);
END

-- Question 57
SET IDENTITY_INSERT [dbo].[Question_QST] ON;
IF NOT EXISTS (SELECT 1 FROM [dbo].[Question_QST] WHERE Id = 242)
BEGIN
    INSERT INTO [dbo].[Question_QST] ([Id], [Question], [Id_Difficulty])
    VALUES (242, N'Quel jeu d’action-aventure se déroule dans un monde post-apocalyptique rempli de créatures ?', 2);
END
SET IDENTITY_INSERT [dbo].[Question_QST] OFF;

INSERT INTO [dbo].[Answer_ANS] ([Id_Question], [Value], [Valid]) VALUES
    (242, N'The Last of Us', 1),
    (242, N'Fallout', 0),
    (242, N'Metro Exodus', 0),
    (242, N'Horizon Zero Dawn', 0);

IF NOT EXISTS (SELECT 1 FROM [dbo].[QuestionTheme_QTH] WHERE Id_Question = 242 AND Id_Theme = @ThemeId)
BEGIN
    INSERT INTO [dbo].[QuestionTheme_QTH] ([Id_Question], [Id_Theme]) VALUES (242, @ThemeId);
END

-- Question 58
SET IDENTITY_INSERT [dbo].[Question_QST] ON;
IF NOT EXISTS (SELECT 1 FROM [dbo].[Question_QST] WHERE Id = 243)
BEGIN
    INSERT INTO [dbo].[Question_QST] ([Id], [Question], [Id_Difficulty])
    VALUES (243, N'Quel jeu de rôle japonais (JRPG) est connu pour son univers et ses combats au tour par tour ?', 2);
END
SET IDENTITY_INSERT [dbo].[Question_QST] OFF;

INSERT INTO [dbo].[Answer_ANS] ([Id_Question], [Value], [Valid]) VALUES
    (243, N'Final Fantasy', 1),
    (243, N'Dragon Quest', 0),
    (243, N'Persona', 0),
    (243, N'Chrono Trigger', 0);

IF NOT EXISTS (SELECT 1 FROM [dbo].[QuestionTheme_QTH] WHERE Id_Question = 243 AND Id_Theme = @ThemeId)
BEGIN
    INSERT INTO [dbo].[QuestionTheme_QTH] ([Id_Question], [Id_Theme]) VALUES (243, @ThemeId);
END

-- Question 59
SET IDENTITY_INSERT [dbo].[Question_QST] ON;
IF NOT EXISTS (SELECT 1 FROM [dbo].[Question_QST] WHERE Id = 244)
BEGIN
    INSERT INTO [dbo].[Question_QST] ([Id], [Question], [Id_Difficulty])
    VALUES (244, N'Quel jeu met en scène des équipes de héros avec des capacités spéciales dans des matchs compétitifs ?', 2);
END
SET IDENTITY_INSERT [dbo].[Question_QST] OFF;

INSERT INTO [dbo].[Answer_ANS] ([Id_Question], [Value], [Valid]) VALUES
    (244, N'Overwatch', 1),
    (244, N'League of Legends', 0),
    (244, N'Dota 2', 0),
    (244, N'Smite', 0);

IF NOT EXISTS (SELECT 1 FROM [dbo].[QuestionTheme_QTH] WHERE Id_Question = 244 AND Id_Theme = @ThemeId)
BEGIN
    INSERT INTO [dbo].[QuestionTheme_QTH] ([Id_Question], [Id_Theme]) VALUES (244, @ThemeId);
END

-- Question 60
SET IDENTITY_INSERT [dbo].[Question_QST] ON;
IF NOT EXISTS (SELECT 1 FROM [dbo].[Question_QST] WHERE Id = 245)
BEGIN
    INSERT INTO [dbo].[Question_QST] ([Id], [Question], [Id_Difficulty])
    VALUES (245, N'Quel jeu vidéo propose de collectionner des créatures, chacune avec ses propres types et attaques ?', 2);
END
SET IDENTITY_INSERT [dbo].[Question_QST] OFF;

INSERT INTO [dbo].[Answer_ANS] ([Id_Question], [Value], [Valid]) VALUES
    (245, N'Pokémon', 1),
    (245, N'Digimon', 0),
    (245, N'Monster Hunter', 0),
    (245, N'Yo-Kai Watch', 0);

IF NOT EXISTS (SELECT 1 FROM [dbo].[QuestionTheme_QTH] WHERE Id_Question = 245 AND Id_Theme = @ThemeId)
BEGIN
    INSERT INTO [dbo].[QuestionTheme_QTH] ([Id_Question], [Id_Theme]) VALUES (245, @ThemeId);
END

-- Question 61
SET IDENTITY_INSERT [dbo].[Question_QST] ON;
IF NOT EXISTS (SELECT 1 FROM [dbo].[Question_QST] WHERE Id = 246)
BEGIN
    INSERT INTO [dbo].[Question_QST] ([Id], [Question], [Id_Difficulty])
    VALUES (246, N'Quel jeu de survie et d’exploration se déroule dans un monde généré de manière procédurale ?', 2);
END
SET IDENTITY_INSERT [dbo].[Question_QST] OFF;

INSERT INTO [dbo].[Answer_ANS] ([Id_Question], [Value], [Valid]) VALUES
    (246, N'Terraria', 1),
    (246, N'Minecraft', 0),
    (246, N'Don''t Starve', 0),
    (246, N'ARK: Survival Evolved', 0);

IF NOT EXISTS (SELECT 1 FROM [dbo].[QuestionTheme_QTH] WHERE Id_Question = 246 AND Id_Theme = @ThemeId)
BEGIN
    INSERT INTO [dbo].[QuestionTheme_QTH] ([Id_Question], [Id_Theme]) VALUES (246, @ThemeId);
END

-- Question 62
SET IDENTITY_INSERT [dbo].[Question_QST] ON;
IF NOT EXISTS (SELECT 1 FROM [dbo].[Question_QST] WHERE Id = 247)
BEGIN
    INSERT INTO [dbo].[Question_QST] ([Id], [Question], [Id_Difficulty])
    VALUES (247, N'Quel jeu implique des courses de véhicules avec des objets et des bonus ?', 2);
END
SET IDENTITY_INSERT [dbo].[Question_QST] OFF;

INSERT INTO [dbo].[Answer_ANS] ([Id_Question], [Value], [Valid]) VALUES
    (247, N'Mario Kart', 1),
    (247, N'Crash Team Racing', 0),
    (247, N'Sonic & All-Stars Racing', 0),
    (247, N'KartRider', 0);

IF NOT EXISTS (SELECT 1 FROM [dbo].[QuestionTheme_QTH] WHERE Id_Question = 247 AND Id_Theme = @ThemeId)
BEGIN
    INSERT INTO [dbo].[QuestionTheme_QTH] ([Id_Question], [Id_Theme]) VALUES (247, @ThemeId);
END

-- Question 63
SET IDENTITY_INSERT [dbo].[Question_QST] ON;
IF NOT EXISTS (SELECT 1 FROM [dbo].[Question_QST] WHERE Id = 248)
BEGIN
    INSERT INTO [dbo].[Question_QST] ([Id], [Question], [Id_Difficulty])
    VALUES (248, N'Quel jeu est un MOBA célèbre avec des héros et des sorts dans des arènes ?', 2);
END
SET IDENTITY_INSERT [dbo].[Question_QST] OFF;

INSERT INTO [dbo].[Answer_ANS] ([Id_Question], [Value], [Valid]) VALUES
    (248, N'League of Legends', 1),
    (248, N'Dota 2', 0),
    (248, N'Smite', 0),
    (248, N'Heroes of the Storm', 0);

IF NOT EXISTS (SELECT 1 FROM [dbo].[QuestionTheme_QTH] WHERE Id_Question = 248 AND Id_Theme = @ThemeId)
BEGIN
    INSERT INTO [dbo].[QuestionTheme_QTH] ([Id_Question], [Id_Theme]) VALUES (248, @ThemeId);
END

-- Question 64
SET IDENTITY_INSERT [dbo].[Question_QST] ON;
IF NOT EXISTS (SELECT 1 FROM [dbo].[Question_QST] WHERE Id = 249)
BEGIN
    INSERT INTO [dbo].[Question_QST] ([Id], [Question], [Id_Difficulty])
    VALUES (249, N'Quel jeu implique la construction de bases et la défense contre des vagues d’ennemis ?', 2);
END
SET IDENTITY_INSERT [dbo].[Question_QST] OFF;

INSERT INTO [dbo].[Answer_ANS] ([Id_Question], [Value], [Valid]) VALUES
    (249, N'Fortnite: Save the World', 1),
    (249, N'Minecraft', 0),
    (249, N'Terraria', 0),
    (249, N'Roblox', 0);

IF NOT EXISTS (SELECT 1 FROM [dbo].[QuestionTheme_QTH] WHERE Id_Question = 249 AND Id_Theme = @ThemeId)
BEGIN
    INSERT INTO [dbo].[QuestionTheme_QTH] ([Id_Question], [Id_Theme]) VALUES (249, @ThemeId);
END

-- Question 65
SET IDENTITY_INSERT [dbo].[Question_QST] ON;
IF NOT EXISTS (SELECT 1 FROM [dbo].[Question_QST] WHERE Id = 250)
BEGIN
    INSERT INTO [dbo].[Question_QST] ([Id], [Question], [Id_Difficulty])
    VALUES (250, N'Quel jeu de stratégie en temps réel est célèbre pour ses races Terran, Zerg et Protoss ?', 2);
END
SET IDENTITY_INSERT [dbo].[Question_QST] OFF;

INSERT INTO [dbo].[Answer_ANS] ([Id_Question], [Value], [Valid]) VALUES
    (250, N'StarCraft', 1),
    (250, N'Age of Empires', 0),
    (250, N'Command & Conquer', 0),
    (250, N'Warcraft', 0);

IF NOT EXISTS (SELECT 1 FROM [dbo].[QuestionTheme_QTH] WHERE Id_Question = 250 AND Id_Theme = @ThemeId)
BEGIN
    INSERT INTO [dbo].[QuestionTheme_QTH] ([Id_Question], [Id_Theme]) VALUES (250, @ThemeId);
END

-- Question 66
SET IDENTITY_INSERT [dbo].[Question_QST] ON;
IF NOT EXISTS (SELECT 1 FROM [dbo].[Question_QST] WHERE Id = 251)
BEGIN
    INSERT INTO [dbo].[Question_QST] ([Id], [Question], [Id_Difficulty])
    VALUES (251, N'Quel jeu implique un protagoniste nommé Link sauvant Hyrule ?', 2);
END
SET IDENTITY_INSERT [dbo].[Question_QST] OFF;

INSERT INTO [dbo].[Answer_ANS] ([Id_Question], [Value], [Valid]) VALUES
    (251, N'The Legend of Zelda', 1),
    (251, N'Super Mario', 0),
    (251, N'Metroid', 0),
    (251, N'Kirby', 0);

IF NOT EXISTS (SELECT 1 FROM [dbo].[QuestionTheme_QTH] WHERE Id_Question = 251 AND Id_Theme = @ThemeId)
BEGIN
    INSERT INTO [dbo].[QuestionTheme_QTH] ([Id_Question], [Id_Theme]) VALUES (251, @ThemeId);
END

-- Question 67
SET IDENTITY_INSERT [dbo].[Question_QST] ON;
IF NOT EXISTS (SELECT 1 FROM [dbo].[Question_QST] WHERE Id = 252)
BEGIN
    INSERT INTO [dbo].[Question_QST] ([Id], [Question], [Id_Difficulty])
    VALUES (252, N'Quel jeu est développé par Epic Games et combine construction et tir ?', 2);
END
SET IDENTITY_INSERT [dbo].[Question_QST] OFF;

INSERT INTO [dbo].[Answer_ANS] ([Id_Question], [Value], [Valid]) VALUES
    (252, N'Fortnite', 1),
    (252, N'PUBG', 0),
    (252, N'Apex Legends', 0),
    (252, N'Roblox', 0);

IF NOT EXISTS (SELECT 1 FROM [dbo].[QuestionTheme_QTH] WHERE Id_Question = 252 AND Id_Theme = @ThemeId)
BEGIN
    INSERT INTO [dbo].[QuestionTheme_QTH] ([Id_Question], [Id_Theme]) VALUES (252, @ThemeId);
END

-- Question 68
SET IDENTITY_INSERT [dbo].[Question_QST] ON;
IF NOT EXISTS (SELECT 1 FROM [dbo].[Question_QST] WHERE Id = 253)
BEGIN
    INSERT INTO [dbo].[Question_QST] ([Id], [Question], [Id_Difficulty])
    VALUES (253, N'Quel jeu de tir tactique a popularisé les cartes comme ''Dust II'' ?', 2);
END
SET IDENTITY_INSERT [dbo].[Question_QST] OFF;

INSERT INTO [dbo].[Answer_ANS] ([Id_Question], [Value], [Valid]) VALUES
    (253, N'Counter-Strike', 1),
    (253, N'Valorant', 0),
    (253, N'Overwatch', 0),
    (253, N'Call of Duty', 0);

IF NOT EXISTS (SELECT 1 FROM [dbo].[QuestionTheme_QTH] WHERE Id_Question = 253 AND Id_Theme = @ThemeId)
BEGIN
    INSERT INTO [dbo].[QuestionTheme_QTH] ([Id_Question], [Id_Theme]) VALUES (253, @ThemeId);
END

-- Question 69
SET IDENTITY_INSERT [dbo].[Question_QST] ON;
IF NOT EXISTS (SELECT 1 FROM [dbo].[Question_QST] WHERE Id = 254)
BEGIN
    INSERT INTO [dbo].[Question_QST] ([Id], [Question], [Id_Difficulty])
    VALUES (254, N'Quel jeu est connu pour ses zombies et le mode ''Tower Defense'' ?', 2);
END
SET IDENTITY_INSERT [dbo].[Question_QST] OFF;

INSERT INTO [dbo].[Answer_ANS] ([Id_Question], [Value], [Valid]) VALUES
    (254, N'Plants vs Zombies', 1),
    (254, N'Left 4 Dead', 0),
    (254, N'Resident Evil', 0),
    (254, N'Dead Rising', 0);

IF NOT EXISTS (SELECT 1 FROM [dbo].[QuestionTheme_QTH] WHERE Id_Question = 254 AND Id_Theme = @ThemeId)
BEGIN
    INSERT INTO [dbo].[QuestionTheme_QTH] ([Id_Question], [Id_Theme]) VALUES (254, @ThemeId);
END

-- Question 70
SET IDENTITY_INSERT [dbo].[Question_QST] ON;
IF NOT EXISTS (SELECT 1 FROM [dbo].[Question_QST] WHERE Id = 255)
BEGIN
    INSERT INTO [dbo].[Question_QST] ([Id], [Question], [Id_Difficulty])
    VALUES (255, N'Quel jeu implique de collecter des ressources et de survivre à la nuit ?', 2);
END
SET IDENTITY_INSERT [dbo].[Question_QST] OFF;

INSERT INTO [dbo].[Answer_ANS] ([Id_Question], [Value], [Valid]) VALUES
    (255, N'Minecraft', 1),
    (255, N'Terraria', 0),
    (255, N'Don''t Starve', 0),
    (255, N'ARK: Survival Evolved', 0);

IF NOT EXISTS (SELECT 1 FROM [dbo].[QuestionTheme_QTH] WHERE Id_Question = 255 AND Id_Theme = @ThemeId)
BEGIN
    INSERT INTO [dbo].[QuestionTheme_QTH] ([Id_Question], [Id_Theme]) VALUES (255, @ThemeId);
END

-- Question 71
SET IDENTITY_INSERT [dbo].[Question_QST] ON;
IF NOT EXISTS (SELECT 1 FROM [dbo].[Question_QST] WHERE Id = 256)
BEGIN
    INSERT INTO [dbo].[Question_QST] ([Id], [Question], [Id_Difficulty])
    VALUES (256, N'Quel jeu de rôle en monde ouvert est basé sur l’univers de The Witcher ?', 2);
END
SET IDENTITY_INSERT [dbo].[Question_QST] OFF;

INSERT INTO [dbo].[Answer_ANS] ([Id_Question], [Value], [Valid]) VALUES
    (256, N'The Witcher 3: Wild Hunt', 1),
    (256, N'Skyrim', 0),
    (256, N'Dragon Age', 0),
    (256, N'Assassin''s Creed', 0);

IF NOT EXISTS (SELECT 1 FROM [dbo].[QuestionTheme_QTH] WHERE Id_Question = 256 AND Id_Theme = @ThemeId)
BEGIN
    INSERT INTO [dbo].[QuestionTheme_QTH] ([Id_Question], [Id_Theme]) VALUES (256, @ThemeId);
END

-- Question 72
SET IDENTITY_INSERT [dbo].[Question_QST] ON;
IF NOT EXISTS (SELECT 1 FROM [dbo].[Question_QST] WHERE Id = 257)
BEGIN
    INSERT INTO [dbo].[Question_QST] ([Id], [Question], [Id_Difficulty])
    VALUES (257, N'Quel jeu implique des batailles multijoueurs avec des véhicules futuristes ?', 2);
END
SET IDENTITY_INSERT [dbo].[Question_QST] OFF;

INSERT INTO [dbo].[Answer_ANS] ([Id_Question], [Value], [Valid]) VALUES
    (257, N'Halo', 1),
    (257, N'Titanfall', 0),
    (257, N'Destiny', 0),
    (257, N'Call of Duty', 0);

IF NOT EXISTS (SELECT 1 FROM [dbo].[QuestionTheme_QTH] WHERE Id_Question = 257 AND Id_Theme = @ThemeId)
BEGIN
    INSERT INTO [dbo].[QuestionTheme_QTH] ([Id_Question], [Id_Theme]) VALUES (257, @ThemeId);
END

-- Question 73
SET IDENTITY_INSERT [dbo].[Question_QST] ON;
IF NOT EXISTS (SELECT 1 FROM [dbo].[Question_QST] WHERE Id = 258)
BEGIN
    INSERT INTO [dbo].[Question_QST] ([Id], [Question], [Id_Difficulty])
    VALUES (258, N'Quel jeu de simulation permet de créer et gérer une ville ?', 2);
END
SET IDENTITY_INSERT [dbo].[Question_QST] OFF;

INSERT INTO [dbo].[Answer_ANS] ([Id_Question], [Value], [Valid]) VALUES
    (258, N'SimCity', 1),
    (258, N'Cities: Skylines', 0),
    (258, N'The Sims', 0),
    (258, N'Minecraft', 0);

IF NOT EXISTS (SELECT 1 FROM [dbo].[QuestionTheme_QTH] WHERE Id_Question = 258 AND Id_Theme = @ThemeId)
BEGIN
    INSERT INTO [dbo].[QuestionTheme_QTH] ([Id_Question], [Id_Theme]) VALUES (258, @ThemeId);
END

-- Question 74
SET IDENTITY_INSERT [dbo].[Question_QST] ON;
IF NOT EXISTS (SELECT 1 FROM [dbo].[Question_QST] WHERE Id = 259)
BEGIN
    INSERT INTO [dbo].[Question_QST] ([Id], [Question], [Id_Difficulty])
    VALUES (259, N'Quel jeu de stratégie au tour par tour se déroule dans un monde fantastique ?', 2);
END
SET IDENTITY_INSERT [dbo].[Question_QST] OFF;

INSERT INTO [dbo].[Answer_ANS] ([Id_Question], [Value], [Valid]) VALUES
    (259, N'Heroes of Might & Magic', 1),
    (259, N'Civilization', 0),
    (259, N'XCOM', 0),
    (259, N'Fire Emblem', 0);

IF NOT EXISTS (SELECT 1 FROM [dbo].[QuestionTheme_QTH] WHERE Id_Question = 259 AND Id_Theme = @ThemeId)
BEGIN
    INSERT INTO [dbo].[QuestionTheme_QTH] ([Id_Question], [Id_Theme]) VALUES (259, @ThemeId);
END

-- Question 75
SET IDENTITY_INSERT [dbo].[Question_QST] ON;
IF NOT EXISTS (SELECT 1 FROM [dbo].[Question_QST] WHERE Id = 260)
BEGIN
    INSERT INTO [dbo].[Question_QST] ([Id], [Question], [Id_Difficulty])
    VALUES (260, N'Quel jeu implique de collectionner des cartes et d’affronter d’autres joueurs en ligne ?', 2);
END
SET IDENTITY_INSERT [dbo].[Question_QST] OFF;

INSERT INTO [dbo].[Answer_ANS] ([Id_Question], [Value], [Valid]) VALUES
    (260, N'Hearthstone', 1),
    (260, N'Magic: The Gathering', 0),
    (260, N'Yu-Gi-Oh!', 0),
    (260, N'Legends of Runeterra', 0);

IF NOT EXISTS (SELECT 1 FROM [dbo].[QuestionTheme_QTH] WHERE Id_Question = 260 AND Id_Theme = @ThemeId)
BEGIN
    INSERT INTO [dbo].[QuestionTheme_QTH] ([Id_Question], [Id_Theme]) VALUES (260, @ThemeId);
END

-- Question 76
SET IDENTITY_INSERT [dbo].[Question_QST] ON;
IF NOT EXISTS (SELECT 1 FROM [dbo].[Question_QST] WHERE Id = 261)
BEGIN
    INSERT INTO [dbo].[Question_QST] ([Id], [Question], [Id_Difficulty])
    VALUES (261, N'Quel jeu d’aventure se déroule sur une île avec des dinosaures ?', 2);
END
SET IDENTITY_INSERT [dbo].[Question_QST] OFF;

INSERT INTO [dbo].[Answer_ANS] ([Id_Question], [Value], [Valid]) VALUES
    (261, N'ARK: Survival Evolved', 1),
    (261, N'The Isle', 0),
    (261, N'Jurassic World Evolution', 0),
    (261, N'Minecraft', 0);

IF NOT EXISTS (SELECT 1 FROM [dbo].[QuestionTheme_QTH] WHERE Id_Question = 261 AND Id_Theme = @ThemeId)
BEGIN
    INSERT INTO [dbo].[QuestionTheme_QTH] ([Id_Question], [Id_Theme]) VALUES (261, @ThemeId);
END

-- Question 77
SET IDENTITY_INSERT [dbo].[Question_QST] ON;
IF NOT EXISTS (SELECT 1 FROM [dbo].[Question_QST] WHERE Id = 262)
BEGIN
    INSERT INTO [dbo].[Question_QST] ([Id], [Question], [Id_Difficulty])
    VALUES (262, N'Quel jeu propose des matchs de football avec des équipes et des compétitions ?', 2);
END
SET IDENTITY_INSERT [dbo].[Question_QST] OFF;

INSERT INTO [dbo].[Answer_ANS] ([Id_Question], [Value], [Valid]) VALUES
    (262, N'FIFA', 1),
    (262, N'PES', 0),
    (262, N'Football Manager', 0),
    (262, N'Rocket League', 0);

IF NOT EXISTS (SELECT 1 FROM [dbo].[QuestionTheme_QTH] WHERE Id_Question = 262 AND Id_Theme = @ThemeId)
BEGIN
    INSERT INTO [dbo].[QuestionTheme_QTH] ([Id_Question], [Id_Theme]) VALUES (262, @ThemeId);
END

-- Question 78
SET IDENTITY_INSERT [dbo].[Question_QST] ON;
IF NOT EXISTS (SELECT 1 FROM [dbo].[Question_QST] WHERE Id = 263)
BEGIN
    INSERT INTO [dbo].[Question_QST] ([Id], [Question], [Id_Difficulty])
    VALUES (263, N'Quel jeu implique la personnalisation de personnages et la création de maisons ?', 2);
END
SET IDENTITY_INSERT [dbo].[Question_QST] OFF;

INSERT INTO [dbo].[Answer_ANS] ([Id_Question], [Value], [Valid]) VALUES
    (263, N'The Sims', 1),
    (263, N'Minecraft', 0),
    (263, N'Roblox', 0),
    (263, N'Terraria', 0);

IF NOT EXISTS (SELECT 1 FROM [dbo].[QuestionTheme_QTH] WHERE Id_Question = 263 AND Id_Theme = @ThemeId)
BEGIN
    INSERT INTO [dbo].[QuestionTheme_QTH] ([Id_Question], [Id_Theme]) VALUES (263, @ThemeId);
END

-- Question 79
SET IDENTITY_INSERT [dbo].[Question_QST] ON;
IF NOT EXISTS (SELECT 1 FROM [dbo].[Question_QST] WHERE Id = 264)
BEGIN
    INSERT INTO [dbo].[Question_QST] ([Id], [Question], [Id_Difficulty])
    VALUES (264, N'Quel jeu vidéo implique des batailles aériennes et spatiales ?', 2);
END
SET IDENTITY_INSERT [dbo].[Question_QST] OFF;

INSERT INTO [dbo].[Answer_ANS] ([Id_Question], [Value], [Valid]) VALUES
    (264, N'Star Wars: Squadrons', 1),
    (264, N'Elite Dangerous', 0),
    (264, N'EVE Online', 0),
    (264, N'Star Citizen', 0);

IF NOT EXISTS (SELECT 1 FROM [dbo].[QuestionTheme_QTH] WHERE Id_Question = 264 AND Id_Theme = @ThemeId)
BEGIN
    INSERT INTO [dbo].[QuestionTheme_QTH] ([Id_Question], [Id_Theme]) VALUES (264, @ThemeId);
END

-- Question 80
SET IDENTITY_INSERT [dbo].[Question_QST] ON;
IF NOT EXISTS (SELECT 1 FROM [dbo].[Question_QST] WHERE Id = 265)
BEGIN
    INSERT INTO [dbo].[Question_QST] ([Id], [Question], [Id_Difficulty])
    VALUES (265, N'Quel jeu implique des ninjas et des combats compétitifs multijoueurs ?', 2);
END
SET IDENTITY_INSERT [dbo].[Question_QST] OFF;

INSERT INTO [dbo].[Answer_ANS] ([Id_Question], [Value], [Valid]) VALUES
    (265, N'Naruto Shippuden: Ultimate Ninja Storm', 1),
    (265, N'Dragon Ball FighterZ', 0),
    (265, N'Street Fighter', 0),
    (265, N'Tekken', 0);

IF NOT EXISTS (SELECT 1 FROM [dbo].[QuestionTheme_QTH] WHERE Id_Question = 265 AND Id_Theme = @ThemeId)
BEGIN
    INSERT INTO [dbo].[QuestionTheme_QTH] ([Id_Question], [Id_Theme]) VALUES (265, @ThemeId);
END

-- Question 81
SET IDENTITY_INSERT [dbo].[Question_QST] ON;
IF NOT EXISTS (SELECT 1 FROM [dbo].[Question_QST] WHERE Id = 266)
BEGIN
    INSERT INTO [dbo].[Question_QST] ([Id], [Question], [Id_Difficulty])
    VALUES (266, N'Quel jeu de tir multijoueur se déroule dans un futur cyberpunk ?', 2);
END
SET IDENTITY_INSERT [dbo].[Question_QST] OFF;

INSERT INTO [dbo].[Answer_ANS] ([Id_Question], [Value], [Valid]) VALUES
    (266, N'Cyberpunk 2077 Multiplayer', 1),
    (266, N'Deus Ex: Mankind Divided', 0),
    (266, N'Overwatch', 0),
    (266, N'Valorant', 0);

IF NOT EXISTS (SELECT 1 FROM [dbo].[QuestionTheme_QTH] WHERE Id_Question = 266 AND Id_Theme = @ThemeId)
BEGIN
    INSERT INTO [dbo].[QuestionTheme_QTH] ([Id_Question], [Id_Theme]) VALUES (266, @ThemeId);
END

-- Question 82
SET IDENTITY_INSERT [dbo].[Question_QST] ON;
IF NOT EXISTS (SELECT 1 FROM [dbo].[Question_QST] WHERE Id = 267)
BEGIN
    INSERT INTO [dbo].[Question_QST] ([Id], [Question], [Id_Difficulty])
    VALUES (267, N'Quel jeu implique la collecte de cartes Pokémon et leur combat stratégique ?', 2);
END
SET IDENTITY_INSERT [dbo].[Question_QST] OFF;

INSERT INTO [dbo].[Answer_ANS] ([Id_Question], [Value], [Valid]) VALUES
    (267, N'Pokémon TCG Online', 1),
    (267, N'Hearthstone', 0),
    (267, N'Yu-Gi-Oh!', 0),
    (267, N'Magic: The Gathering', 0);

IF NOT EXISTS (SELECT 1 FROM [dbo].[QuestionTheme_QTH] WHERE Id_Question = 267 AND Id_Theme = @ThemeId)
BEGIN
    INSERT INTO [dbo].[QuestionTheme_QTH] ([Id_Question], [Id_Theme]) VALUES (267, @ThemeId);
END

-- Question 83
SET IDENTITY_INSERT [dbo].[Question_QST] ON;
IF NOT EXISTS (SELECT 1 FROM [dbo].[Question_QST] WHERE Id = 268)
BEGIN
    INSERT INTO [dbo].[Question_QST] ([Id], [Question], [Id_Difficulty])
    VALUES (268, N'Quel jeu de stratégie en temps réel est célèbre pour son mode campagne ?', 2);
END
SET IDENTITY_INSERT [dbo].[Question_QST] OFF;

INSERT INTO [dbo].[Answer_ANS] ([Id_Question], [Value], [Valid]) VALUES
    (268, N'StarCraft', 1),
    (268, N'Age of Empires', 0),
    (268, N'Warcraft III', 0),
    (268, N'Command & Conquer', 0);

IF NOT EXISTS (SELECT 1 FROM [dbo].[QuestionTheme_QTH] WHERE Id_Question = 268 AND Id_Theme = @ThemeId)
BEGIN
    INSERT INTO [dbo].[QuestionTheme_QTH] ([Id_Question], [Id_Theme]) VALUES (268, @ThemeId);
END

-- Question 84
SET IDENTITY_INSERT [dbo].[Question_QST] ON;
IF NOT EXISTS (SELECT 1 FROM [dbo].[Question_QST] WHERE Id = 269)
BEGIN
    INSERT INTO [dbo].[Question_QST] ([Id], [Question], [Id_Difficulty])
    VALUES (269, N'Quel jeu met en scène des courses futuristes avec des véhicules anti-gravité ?', 2);
END
SET IDENTITY_INSERT [dbo].[Question_QST] OFF;

INSERT INTO [dbo].[Answer_ANS] ([Id_Question], [Value], [Valid]) VALUES
    (269, N'Wipeout', 1),
    (269, N'F-Zero', 0),
    (269, N'Redout', 0),
    (269, N'Fast RMX', 0);

IF NOT EXISTS (SELECT 1 FROM [dbo].[QuestionTheme_QTH] WHERE Id_Question = 269 AND Id_Theme = @ThemeId)
BEGIN
    INSERT INTO [dbo].[QuestionTheme_QTH] ([Id_Question], [Id_Theme]) VALUES (269, @ThemeId);
END

-- Question 85
SET IDENTITY_INSERT [dbo].[Question_QST] ON;
IF NOT EXISTS (SELECT 1 FROM [dbo].[Question_QST] WHERE Id = 270)
BEGIN
    INSERT INTO [dbo].[Question_QST] ([Id], [Question], [Id_Difficulty])
    VALUES (270, N'Quel jeu implique de sauver des princesses ou des royaumes ?', 2);
END
SET IDENTITY_INSERT [dbo].[Question_QST] OFF;

INSERT INTO [dbo].[Answer_ANS] ([Id_Question], [Value], [Valid]) VALUES
    (270, N'The Legend of Zelda', 1),
    (270, N'Super Mario', 0),
    (270, N'Donkey Kong', 0),
    (270, N'Kirby', 0);

IF NOT EXISTS (SELECT 1 FROM [dbo].[QuestionTheme_QTH] WHERE Id_Question = 270 AND Id_Theme = @ThemeId)
BEGIN
    INSERT INTO [dbo].[QuestionTheme_QTH] ([Id_Question], [Id_Theme]) VALUES (270, @ThemeId);
END

-- Question 86
SET IDENTITY_INSERT [dbo].[Question_QST] ON;
IF NOT EXISTS (SELECT 1 FROM [dbo].[Question_QST] WHERE Id = 271)
BEGIN
    INSERT INTO [dbo].[Question_QST] ([Id], [Question], [Id_Difficulty])
    VALUES (271, N'Quel jeu est célèbre pour ses batailles de cartes en ligne compétitives ?', 2);
END
SET IDENTITY_INSERT [dbo].[Question_QST] OFF;

INSERT INTO [dbo].[Answer_ANS] ([Id_Question], [Value], [Valid]) VALUES
    (271, N'Hearthstone', 1),
    (271, N'Magic: The Gathering', 0),
    (271, N'Yu-Gi-Oh!', 0),
    (271, N'Legends of Runeterra', 0);

IF NOT EXISTS (SELECT 1 FROM [dbo].[QuestionTheme_QTH] WHERE Id_Question = 271 AND Id_Theme = @ThemeId)
BEGIN
    INSERT INTO [dbo].[QuestionTheme_QTH] ([Id_Question], [Id_Theme]) VALUES (271, @ThemeId);
END

-- Question 87
SET IDENTITY_INSERT [dbo].[Question_QST] ON;
IF NOT EXISTS (SELECT 1 FROM [dbo].[Question_QST] WHERE Id = 272)
BEGIN
    INSERT INTO [dbo].[Question_QST] ([Id], [Question], [Id_Difficulty])
    VALUES (272, N'Quel jeu implique de survivre dans un monde généré de manière procédurale ?', 2);
END
SET IDENTITY_INSERT [dbo].[Question_QST] OFF;

INSERT INTO [dbo].[Answer_ANS] ([Id_Question], [Value], [Valid]) VALUES
    (272, N'Minecraft', 1),
    (272, N'Terraria', 0),
    (272, N'Don''t Starve', 0),
    (272, N'ARK: Survival Evolved', 0);

IF NOT EXISTS (SELECT 1 FROM [dbo].[QuestionTheme_QTH] WHERE Id_Question = 272 AND Id_Theme = @ThemeId)
BEGIN
    INSERT INTO [dbo].[QuestionTheme_QTH] ([Id_Question], [Id_Theme]) VALUES (272, @ThemeId);
END

-- Question 88
SET IDENTITY_INSERT [dbo].[Question_QST] ON;
IF NOT EXISTS (SELECT 1 FROM [dbo].[Question_QST] WHERE Id = 273)
BEGIN
    INSERT INTO [dbo].[Question_QST] ([Id], [Question], [Id_Difficulty])
    VALUES (273, N'Quel jeu de combat met en scène des personnages de Street Fighter ?', 2);
END
SET IDENTITY_INSERT [dbo].[Question_QST] OFF;

INSERT INTO [dbo].[Answer_ANS] ([Id_Question], [Value], [Valid]) VALUES
    (273, N'Street Fighter', 1),
    (273, N'Tekken', 0),
    (273, N'Mortal Kombat', 0),
    (273, N'King of Fighters', 0);

IF NOT EXISTS (SELECT 1 FROM [dbo].[QuestionTheme_QTH] WHERE Id_Question = 273 AND Id_Theme = @ThemeId)
BEGIN
    INSERT INTO [dbo].[QuestionTheme_QTH] ([Id_Question], [Id_Theme]) VALUES (273, @ThemeId);
END

-- Question 89
SET IDENTITY_INSERT [dbo].[Question_QST] ON;
IF NOT EXISTS (SELECT 1 FROM [dbo].[Question_QST] WHERE Id = 274)
BEGIN
    INSERT INTO [dbo].[Question_QST] ([Id], [Question], [Id_Difficulty])
    VALUES (274, N'Quel jeu implique un protagoniste avec une armure verte nommé Master Chief ?', 2);
END
SET IDENTITY_INSERT [dbo].[Question_QST] OFF;

INSERT INTO [dbo].[Answer_ANS] ([Id_Question], [Value], [Valid]) VALUES
    (274, N'Halo', 1),
    (274, N'Destiny', 0),
    (274, N'Titanfall', 0),
    (274, N'Call of Duty', 0);

IF NOT EXISTS (SELECT 1 FROM [dbo].[QuestionTheme_QTH] WHERE Id_Question = 274 AND Id_Theme = @ThemeId)
BEGIN
    INSERT INTO [dbo].[QuestionTheme_QTH] ([Id_Question], [Id_Theme]) VALUES (274, @ThemeId);
END

-- Question 90
SET IDENTITY_INSERT [dbo].[Question_QST] ON;
IF NOT EXISTS (SELECT 1 FROM [dbo].[Question_QST] WHERE Id = 275)
BEGIN
    INSERT INTO [dbo].[Question_QST] ([Id], [Question], [Id_Difficulty])
    VALUES (275, N'Quel jeu vidéo implique de la construction de bases et du crafting ?', 2);
END
SET IDENTITY_INSERT [dbo].[Question_QST] OFF;

INSERT INTO [dbo].[Answer_ANS] ([Id_Question], [Value], [Valid]) VALUES
    (275, N'Minecraft', 1),
    (275, N'Terraria', 0),
    (275, N'Fortnite', 0),
    (275, N'ARK: Survival Evolved', 0);

IF NOT EXISTS (SELECT 1 FROM [dbo].[QuestionTheme_QTH] WHERE Id_Question = 275 AND Id_Theme = @ThemeId)
BEGIN
    INSERT INTO [dbo].[QuestionTheme_QTH] ([Id_Question], [Id_Theme]) VALUES (275, @ThemeId);
END

-- Question 91
SET IDENTITY_INSERT [dbo].[Question_QST] ON;
IF NOT EXISTS (SELECT 1 FROM [dbo].[Question_QST] WHERE Id = 276)
BEGIN
    INSERT INTO [dbo].[Question_QST] ([Id], [Question], [Id_Difficulty])
    VALUES (276, N'Quel jeu implique des affrontements de joueurs avec des champions aux pouvoirs uniques ?', 2);
END
SET IDENTITY_INSERT [dbo].[Question_QST] OFF;

INSERT INTO [dbo].[Answer_ANS] ([Id_Question], [Value], [Valid]) VALUES
    (276, N'League of Legends', 1),
    (276, N'Dota 2', 0),
    (276, N'Smite', 0),
    (276, N'Heroes of the Storm', 0);

IF NOT EXISTS (SELECT 1 FROM [dbo].[QuestionTheme_QTH] WHERE Id_Question = 276 AND Id_Theme = @ThemeId)
BEGIN
    INSERT INTO [dbo].[QuestionTheme_QTH] ([Id_Question], [Id_Theme]) VALUES (276, @ThemeId);
END

-- Question 92
SET IDENTITY_INSERT [dbo].[Question_QST] ON;
IF NOT EXISTS (SELECT 1 FROM [dbo].[Question_QST] WHERE Id = 277)
BEGIN
    INSERT INTO [dbo].[Question_QST] ([Id], [Question], [Id_Difficulty])
    VALUES (277, N'Quel jeu met en scène des combats de cartes et des stratégies en tour par tour ?', 2);
END
SET IDENTITY_INSERT [dbo].[Question_QST] OFF;

INSERT INTO [dbo].[Answer_ANS] ([Id_Question], [Value], [Valid]) VALUES
    (277, N'Hearthstone', 1),
    (277, N'Magic: The Gathering', 0),
    (277, N'Yu-Gi-Oh!', 0),
    (277, N'Legends of Runeterra', 0);

IF NOT EXISTS (SELECT 1 FROM [dbo].[QuestionTheme_QTH] WHERE Id_Question = 277 AND Id_Theme = @ThemeId)
BEGIN
    INSERT INTO [dbo].[QuestionTheme_QTH] ([Id_Question], [Id_Theme]) VALUES (277, @ThemeId);
END

-- Question 93
SET IDENTITY_INSERT [dbo].[Question_QST] ON;
IF NOT EXISTS (SELECT 1 FROM [dbo].[Question_QST] WHERE Id = 278)
BEGIN
    INSERT INTO [dbo].[Question_QST] ([Id], [Question], [Id_Difficulty])
    VALUES (278, N'Quel jeu de tir multijoueur est développé par Blizzard ?', 2);
END
SET IDENTITY_INSERT [dbo].[Question_QST] OFF;

INSERT INTO [dbo].[Answer_ANS] ([Id_Question], [Value], [Valid]) VALUES
    (278, N'Overwatch', 1),
    (278, N'Valorant', 0),
    (278, N'Call of Duty', 0),
    (278, N'Counter-Strike', 0);

IF NOT EXISTS (SELECT 1 FROM [dbo].[QuestionTheme_QTH] WHERE Id_Question = 278 AND Id_Theme = @ThemeId)
BEGIN
    INSERT INTO [dbo].[QuestionTheme_QTH] ([Id_Question], [Id_Theme]) VALUES (278, @ThemeId);
END

-- Question 94
SET IDENTITY_INSERT [dbo].[Question_QST] ON;
IF NOT EXISTS (SELECT 1 FROM [dbo].[Question_QST] WHERE Id = 279)
BEGIN
    INSERT INTO [dbo].[Question_QST] ([Id], [Question], [Id_Difficulty])
    VALUES (279, N'Quel jeu implique des mondes créés par les joueurs en ligne ?', 2);
END
SET IDENTITY_INSERT [dbo].[Question_QST] OFF;

INSERT INTO [dbo].[Answer_ANS] ([Id_Question], [Value], [Valid]) VALUES
    (279, N'Roblox', 1),
    (279, N'Minecraft', 0),
    (279, N'Terraria', 0),
    (279, N'Fortnite', 0);

IF NOT EXISTS (SELECT 1 FROM [dbo].[QuestionTheme_QTH] WHERE Id_Question = 279 AND Id_Theme = @ThemeId)
BEGIN
    INSERT INTO [dbo].[QuestionTheme_QTH] ([Id_Question], [Id_Theme]) VALUES (279, @ThemeId);
END

-- Question 95
SET IDENTITY_INSERT [dbo].[Question_QST] ON;
IF NOT EXISTS (SELECT 1 FROM [dbo].[Question_QST] WHERE Id = 280)
BEGIN
    INSERT INTO [dbo].[Question_QST] ([Id], [Question], [Id_Difficulty])
    VALUES (280, N'Quel jeu de stratégie met en scène des civilisations historiques ?', 2);
END
SET IDENTITY_INSERT [dbo].[Question_QST] OFF;

INSERT INTO [dbo].[Answer_ANS] ([Id_Question], [Value], [Valid]) VALUES
    (280, N'Civilization', 1),
    (280, N'Age of Empires', 0),
    (280, N'Total War', 0),
    (280, N'Europa Universalis', 0);

IF NOT EXISTS (SELECT 1 FROM [dbo].[QuestionTheme_QTH] WHERE Id_Question = 280 AND Id_Theme = @ThemeId)
BEGIN
    INSERT INTO [dbo].[QuestionTheme_QTH] ([Id_Question], [Id_Theme]) VALUES (280, @ThemeId);
END

-- Question 96
SET IDENTITY_INSERT [dbo].[Question_QST] ON;
IF NOT EXISTS (SELECT 1 FROM [dbo].[Question_QST] WHERE Id = 281)
BEGIN
    INSERT INTO [dbo].[Question_QST] ([Id], [Question], [Id_Difficulty])
    VALUES (281, N'Quel jeu implique des batailles de robots dans un futur dystopique ?', 2);
END
SET IDENTITY_INSERT [dbo].[Question_QST] OFF;

INSERT INTO [dbo].[Answer_ANS] ([Id_Question], [Value], [Valid]) VALUES
    (281, N'Titanfall', 1),
    (281, N'MechWarrior', 0),
    (281, N'Hawken', 0),
    (281, N'Override', 0);

IF NOT EXISTS (SELECT 1 FROM [dbo].[QuestionTheme_QTH] WHERE Id_Question = 281 AND Id_Theme = @ThemeId)
BEGIN
    INSERT INTO [dbo].[QuestionTheme_QTH] ([Id_Question], [Id_Theme]) VALUES (281, @ThemeId);
END

-- Question 97
SET IDENTITY_INSERT [dbo].[Question_QST] ON;
IF NOT EXISTS (SELECT 1 FROM [dbo].[Question_QST] WHERE Id = 282)
BEGIN
    INSERT INTO [dbo].[Question_QST] ([Id], [Question], [Id_Difficulty])
    VALUES (282, N'Quel jeu implique des courses avec des véhicules aériens futuristes ?', 2);
END
SET IDENTITY_INSERT [dbo].[Question_QST] OFF;

INSERT INTO [dbo].[Answer_ANS] ([Id_Question], [Value], [Valid]) VALUES
    (282, N'F-Zero', 1),
    (282, N'Wipeout', 0),
    (282, N'Fast RMX', 0),
    (282, N'Redout', 0);

IF NOT EXISTS (SELECT 1 FROM [dbo].[QuestionTheme_QTH] WHERE Id_Question = 282 AND Id_Theme = @ThemeId)
BEGIN
    INSERT INTO [dbo].[QuestionTheme_QTH] ([Id_Question], [Id_Theme]) VALUES (282, @ThemeId);
END

-- Question 98
SET IDENTITY_INSERT [dbo].[Question_QST] ON;
IF NOT EXISTS (SELECT 1 FROM [dbo].[Question_QST] WHERE Id = 283)
BEGIN
    INSERT INTO [dbo].[Question_QST] ([Id], [Question], [Id_Difficulty])
    VALUES (283, N'Quel jeu implique de collectionner et de combattre avec des monstres ?', 2);
END
SET IDENTITY_INSERT [dbo].[Question_QST] OFF;

INSERT INTO [dbo].[Answer_ANS] ([Id_Question], [Value], [Valid]) VALUES
    (283, N'Pokémon', 1),
    (283, N'Digimon', 0),
    (283, N'Monster Hunter', 0),
    (283, N'Yo-Kai Watch', 0);

IF NOT EXISTS (SELECT 1 FROM [dbo].[QuestionTheme_QTH] WHERE Id_Question = 283 AND Id_Theme = @ThemeId)
BEGIN
    INSERT INTO [dbo].[QuestionTheme_QTH] ([Id_Question], [Id_Theme]) VALUES (283, @ThemeId);
END

-- Question 99
SET IDENTITY_INSERT [dbo].[Question_QST] ON;
IF NOT EXISTS (SELECT 1 FROM [dbo].[Question_QST] WHERE Id = 284)
BEGIN
    INSERT INTO [dbo].[Question_QST] ([Id], [Question], [Id_Difficulty])
    VALUES (284, N'Quel jeu de rôle en monde ouvert se déroule dans un univers médiéval fantastique avec des monstres et des sorciers ?', 3);
END
SET IDENTITY_INSERT [dbo].[Question_QST] OFF;

INSERT INTO [dbo].[Answer_ANS] ([Id_Question], [Value], [Valid]) VALUES
    (284, N'The Witcher 3: Wild Hunt', 1),
    (284, N'Skyrim', 0),
    (284, N'Dragon Age: Inquisition', 0),
    (284, N'Divinity: Original Sin 2', 0);

IF NOT EXISTS (SELECT 1 FROM [dbo].[QuestionTheme_QTH] WHERE Id_Question = 284 AND Id_Theme = @ThemeId)
BEGIN
    INSERT INTO [dbo].[QuestionTheme_QTH] ([Id_Question], [Id_Theme]) VALUES (284, @ThemeId);
END

-- Question 100
SET IDENTITY_INSERT [dbo].[Question_QST] ON;
IF NOT EXISTS (SELECT 1 FROM [dbo].[Question_QST] WHERE Id = 285)
BEGIN
    INSERT INTO [dbo].[Question_QST] ([Id], [Question], [Id_Difficulty])
    VALUES (285, N'Quel jeu de stratégie en temps réel met en scène les Terrans, Zergs et Protoss ?', 3);
END
SET IDENTITY_INSERT [dbo].[Question_QST] OFF;

INSERT INTO [dbo].[Answer_ANS] ([Id_Question], [Value], [Valid]) VALUES
    (285, N'StarCraft II', 1),
    (285, N'Age of Empires II', 0),
    (285, N'Warcraft III', 0),
    (285, N'Command & Conquer', 0);

IF NOT EXISTS (SELECT 1 FROM [dbo].[QuestionTheme_QTH] WHERE Id_Question = 285 AND Id_Theme = @ThemeId)
BEGIN
    INSERT INTO [dbo].[QuestionTheme_QTH] ([Id_Question], [Id_Theme]) VALUES (285, @ThemeId);
END

-- Question 101
SET IDENTITY_INSERT [dbo].[Question_QST] ON;
IF NOT EXISTS (SELECT 1 FROM [dbo].[Question_QST] WHERE Id = 286)
BEGIN
    INSERT INTO [dbo].[Question_QST] ([Id], [Question], [Id_Difficulty])
    VALUES (286, N'Quel jeu implique l’utilisation de compétences uniques pour chaque héros dans une arène en ligne ?', 3);
END
SET IDENTITY_INSERT [dbo].[Question_QST] OFF;

INSERT INTO [dbo].[Answer_ANS] ([Id_Question], [Value], [Valid]) VALUES
    (286, N'League of Legends', 1),
    (286, N'Dota 2', 0),
    (286, N'Heroes of the Storm', 0),
    (286, N'Smite', 0);

IF NOT EXISTS (SELECT 1 FROM [dbo].[QuestionTheme_QTH] WHERE Id_Question = 286 AND Id_Theme = @ThemeId)
BEGIN
    INSERT INTO [dbo].[QuestionTheme_QTH] ([Id_Question], [Id_Theme]) VALUES (286, @ThemeId);
END

-- Question 102
SET IDENTITY_INSERT [dbo].[Question_QST] ON;
IF NOT EXISTS (SELECT 1 FROM [dbo].[Question_QST] WHERE Id = 287)
BEGIN
    INSERT INTO [dbo].[Question_QST] ([Id], [Question], [Id_Difficulty])
    VALUES (287, N'Quel jeu vidéo est connu pour son système de combat par tour et ses invocations de créatures ?', 3);
END
SET IDENTITY_INSERT [dbo].[Question_QST] OFF;

INSERT INTO [dbo].[Answer_ANS] ([Id_Question], [Value], [Valid]) VALUES
    (287, N'Final Fantasy Tactics', 1),
    (287, N'Fire Emblem', 0),
    (287, N'Dragon Quest XI', 0),
    (287, N'Disgaea', 0);

IF NOT EXISTS (SELECT 1 FROM [dbo].[QuestionTheme_QTH] WHERE Id_Question = 287 AND Id_Theme = @ThemeId)
BEGIN
    INSERT INTO [dbo].[QuestionTheme_QTH] ([Id_Question], [Id_Theme]) VALUES (287, @ThemeId);
END

-- Question 103
SET IDENTITY_INSERT [dbo].[Question_QST] ON;
IF NOT EXISTS (SELECT 1 FROM [dbo].[Question_QST] WHERE Id = 288)
BEGIN
    INSERT INTO [dbo].[Question_QST] ([Id], [Question], [Id_Difficulty])
    VALUES (288, N'Quel jeu de tir futuriste est développé par Respawn Entertainment ?', 3);
END
SET IDENTITY_INSERT [dbo].[Question_QST] OFF;

INSERT INTO [dbo].[Answer_ANS] ([Id_Question], [Value], [Valid]) VALUES
    (288, N'Titanfall 2', 1),
    (288, N'Overwatch', 0),
    (288, N'Destiny 2', 0),
    (288, N'Halo 5', 0);

IF NOT EXISTS (SELECT 1 FROM [dbo].[QuestionTheme_QTH] WHERE Id_Question = 288 AND Id_Theme = @ThemeId)
BEGIN
    INSERT INTO [dbo].[QuestionTheme_QTH] ([Id_Question], [Id_Theme]) VALUES (288, @ThemeId);
END

-- Question 104
SET IDENTITY_INSERT [dbo].[Question_QST] ON;
IF NOT EXISTS (SELECT 1 FROM [dbo].[Question_QST] WHERE Id = 289)
BEGIN
    INSERT INTO [dbo].[Question_QST] ([Id], [Question], [Id_Difficulty])
    VALUES (289, N'Quel jeu de survie en monde ouvert implique des dinosaures et des combats PvP ?', 3);
END
SET IDENTITY_INSERT [dbo].[Question_QST] OFF;

INSERT INTO [dbo].[Answer_ANS] ([Id_Question], [Value], [Valid]) VALUES
    (289, N'ARK: Survival Evolved', 1),
    (289, N'The Isle', 0),
    (289, N'Rust', 0),
    (289, N'Conan Exiles', 0);

IF NOT EXISTS (SELECT 1 FROM [dbo].[QuestionTheme_QTH] WHERE Id_Question = 289 AND Id_Theme = @ThemeId)
BEGIN
    INSERT INTO [dbo].[QuestionTheme_QTH] ([Id_Question], [Id_Theme]) VALUES (289, @ThemeId);
END

-- Question 105
SET IDENTITY_INSERT [dbo].[Question_QST] ON;
IF NOT EXISTS (SELECT 1 FROM [dbo].[Question_QST] WHERE Id = 290)
BEGIN
    INSERT INTO [dbo].[Question_QST] ([Id], [Question], [Id_Difficulty])
    VALUES (290, N'Quel jeu met en scène une guerre intergalactique avec des vaisseaux spatiaux ?', 3);
END
SET IDENTITY_INSERT [dbo].[Question_QST] OFF;

INSERT INTO [dbo].[Answer_ANS] ([Id_Question], [Value], [Valid]) VALUES
    (290, N'EVE Online', 1),
    (290, N'Elite Dangerous', 0),
    (290, N'Star Wars: Squadrons', 0),
    (290, N'Star Citizen', 0);

IF NOT EXISTS (SELECT 1 FROM [dbo].[QuestionTheme_QTH] WHERE Id_Question = 290 AND Id_Theme = @ThemeId)
BEGIN
    INSERT INTO [dbo].[QuestionTheme_QTH] ([Id_Question], [Id_Theme]) VALUES (290, @ThemeId);
END

-- Question 106
SET IDENTITY_INSERT [dbo].[Question_QST] ON;
IF NOT EXISTS (SELECT 1 FROM [dbo].[Question_QST] WHERE Id = 291)
BEGIN
    INSERT INTO [dbo].[Question_QST] ([Id], [Question], [Id_Difficulty])
    VALUES (291, N'Quel jeu de construction et survie combine exploration 3D et combat contre des mobs ?', 3);
END
SET IDENTITY_INSERT [dbo].[Question_QST] OFF;

INSERT INTO [dbo].[Answer_ANS] ([Id_Question], [Value], [Valid]) VALUES
    (291, N'Minecraft', 1),
    (291, N'Terraria', 0),
    (291, N'Don''t Starve Together', 0),
    (291, N'7 Days to Die', 0);

IF NOT EXISTS (SELECT 1 FROM [dbo].[QuestionTheme_QTH] WHERE Id_Question = 291 AND Id_Theme = @ThemeId)
BEGIN
    INSERT INTO [dbo].[QuestionTheme_QTH] ([Id_Question], [Id_Theme]) VALUES (291, @ThemeId);
END

-- Question 107
SET IDENTITY_INSERT [dbo].[Question_QST] ON;
IF NOT EXISTS (SELECT 1 FROM [dbo].[Question_QST] WHERE Id = 292)
BEGIN
    INSERT INTO [dbo].[Question_QST] ([Id], [Question], [Id_Difficulty])
    VALUES (292, N'Quel jeu implique des cartes à collectionner et des stratégies avancées pour vaincre l’adversaire ?', 3);
END
SET IDENTITY_INSERT [dbo].[Question_QST] OFF;

INSERT INTO [dbo].[Answer_ANS] ([Id_Question], [Value], [Valid]) VALUES
    (292, N'Hearthstone', 1),
    (292, N'Magic: The Gathering Arena', 0),
    (292, N'Legends of Runeterra', 0),
    (292, N'Gwent', 0);

IF NOT EXISTS (SELECT 1 FROM [dbo].[QuestionTheme_QTH] WHERE Id_Question = 292 AND Id_Theme = @ThemeId)
BEGIN
    INSERT INTO [dbo].[QuestionTheme_QTH] ([Id_Question], [Id_Theme]) VALUES (292, @ThemeId);
END

-- Question 108
SET IDENTITY_INSERT [dbo].[Question_QST] ON;
IF NOT EXISTS (SELECT 1 FROM [dbo].[Question_QST] WHERE Id = 293)
BEGIN
    INSERT INTO [dbo].[Question_QST] ([Id], [Question], [Id_Difficulty])
    VALUES (293, N'Quel jeu de tir multijoueur utilise des compétences et des ultimes pour chaque personnage ?', 3);
END
SET IDENTITY_INSERT [dbo].[Question_QST] OFF;

INSERT INTO [dbo].[Answer_ANS] ([Id_Question], [Value], [Valid]) VALUES
    (293, N'Overwatch', 1),
    (293, N'Paladins', 0),
    (293, N'Battleborn', 0),
    (293, N'Valorant', 0);

IF NOT EXISTS (SELECT 1 FROM [dbo].[QuestionTheme_QTH] WHERE Id_Question = 293 AND Id_Theme = @ThemeId)
BEGIN
    INSERT INTO [dbo].[QuestionTheme_QTH] ([Id_Question], [Id_Theme]) VALUES (293, @ThemeId);
END

-- Question 109
SET IDENTITY_INSERT [dbo].[Question_QST] ON;
IF NOT EXISTS (SELECT 1 FROM [dbo].[Question_QST] WHERE Id = 294)
BEGIN
    INSERT INTO [dbo].[Question_QST] ([Id], [Question], [Id_Difficulty])
    VALUES (294, N'Quel jeu vidéo propose des combats de boss et de l’exploration dans des donjons générés procéduralement ?', 3);
END
SET IDENTITY_INSERT [dbo].[Question_QST] OFF;

INSERT INTO [dbo].[Answer_ANS] ([Id_Question], [Value], [Valid]) VALUES
    (294, N'Diablo III', 1),
    (294, N'Path of Exile', 0),
    (294, N'Torchlight II', 0),
    (294, N'Grim Dawn', 0);

IF NOT EXISTS (SELECT 1 FROM [dbo].[QuestionTheme_QTH] WHERE Id_Question = 294 AND Id_Theme = @ThemeId)
BEGIN
    INSERT INTO [dbo].[QuestionTheme_QTH] ([Id_Question], [Id_Theme]) VALUES (294, @ThemeId);
END

-- Question 110
SET IDENTITY_INSERT [dbo].[Question_QST] ON;
IF NOT EXISTS (SELECT 1 FROM [dbo].[Question_QST] WHERE Id = 295)
BEGIN
    INSERT INTO [dbo].[Question_QST] ([Id], [Question], [Id_Difficulty])
    VALUES (295, N'Quel jeu de RPG japonais est connu pour ses combats au tour par tour et ses invocations d’entités mythiques ?', 3);
END
SET IDENTITY_INSERT [dbo].[Question_QST] OFF;

INSERT INTO [dbo].[Answer_ANS] ([Id_Question], [Value], [Valid]) VALUES
    (295, N'Final Fantasy VII', 1),
    (295, N'Dragon Quest XI', 0),
    (295, N'Persona 5', 0),
    (295, N'Bravely Default', 0);

IF NOT EXISTS (SELECT 1 FROM [dbo].[QuestionTheme_QTH] WHERE Id_Question = 295 AND Id_Theme = @ThemeId)
BEGIN
    INSERT INTO [dbo].[QuestionTheme_QTH] ([Id_Question], [Id_Theme]) VALUES (295, @ThemeId);
END

-- Question 111
SET IDENTITY_INSERT [dbo].[Question_QST] ON;
IF NOT EXISTS (SELECT 1 FROM [dbo].[Question_QST] WHERE Id = 296)
BEGIN
    INSERT INTO [dbo].[Question_QST] ([Id], [Question], [Id_Difficulty])
    VALUES (296, N'Quel jeu implique la collecte et l’amélioration de héros dans un univers médiéval fantastique ?', 3);
END
SET IDENTITY_INSERT [dbo].[Question_QST] OFF;

INSERT INTO [dbo].[Answer_ANS] ([Id_Question], [Value], [Valid]) VALUES
    (296, N'Fire Emblem Heroes', 1),
    (296, N'AFK Arena', 0),
    (296, N'Summoners War', 0),
    (296, N'Epic Seven', 0);

IF NOT EXISTS (SELECT 1 FROM [dbo].[QuestionTheme_QTH] WHERE Id_Question = 296 AND Id_Theme = @ThemeId)
BEGIN
    INSERT INTO [dbo].[QuestionTheme_QTH] ([Id_Question], [Id_Theme]) VALUES (296, @ThemeId);
END

-- Question 112
SET IDENTITY_INSERT [dbo].[Question_QST] ON;
IF NOT EXISTS (SELECT 1 FROM [dbo].[Question_QST] WHERE Id = 297)
BEGIN
    INSERT INTO [dbo].[Question_QST] ([Id], [Question], [Id_Difficulty])
    VALUES (297, N'Quel jeu de tir tactique implique des cartes avec des objectifs précis et des équipes de cinq joueurs ?', 3);
END
SET IDENTITY_INSERT [dbo].[Question_QST] OFF;

INSERT INTO [dbo].[Answer_ANS] ([Id_Question], [Value], [Valid]) VALUES
    (297, N'Valorant', 1),
    (297, N'Counter-Strike: Global Offensive', 0),
    (297, N'Rainbow Six Siege', 0),
    (297, N'Overwatch', 0);

IF NOT EXISTS (SELECT 1 FROM [dbo].[QuestionTheme_QTH] WHERE Id_Question = 297 AND Id_Theme = @ThemeId)
BEGIN
    INSERT INTO [dbo].[QuestionTheme_QTH] ([Id_Question], [Id_Theme]) VALUES (297, @ThemeId);
END

-- Question 113
SET IDENTITY_INSERT [dbo].[Question_QST] ON;
IF NOT EXISTS (SELECT 1 FROM [dbo].[Question_QST] WHERE Id = 298)
BEGIN
    INSERT INTO [dbo].[Question_QST] ([Id], [Question], [Id_Difficulty])
    VALUES (298, N'Quel jeu de simulation de vie permet de gérer plusieurs personnages et leurs relations ?', 3);
END
SET IDENTITY_INSERT [dbo].[Question_QST] OFF;

INSERT INTO [dbo].[Answer_ANS] ([Id_Question], [Value], [Valid]) VALUES
    (298, N'The Sims 4', 1),
    (298, N'Stardew Valley', 0),
    (298, N'Animal Crossing: New Horizons', 0),
    (298, N'RimWorld', 0);

IF NOT EXISTS (SELECT 1 FROM [dbo].[QuestionTheme_QTH] WHERE Id_Question = 298 AND Id_Theme = @ThemeId)
BEGIN
    INSERT INTO [dbo].[QuestionTheme_QTH] ([Id_Question], [Id_Theme]) VALUES (298, @ThemeId);
END

-- Question 114
SET IDENTITY_INSERT [dbo].[Question_QST] ON;
IF NOT EXISTS (SELECT 1 FROM [dbo].[Question_QST] WHERE Id = 299)
BEGIN
    INSERT INTO [dbo].[Question_QST] ([Id], [Question], [Id_Difficulty])
    VALUES (299, N'Quel jeu de plateforme met en scène un protagoniste avec des transformations et des pouvoirs variés ?', 3);
END
SET IDENTITY_INSERT [dbo].[Question_QST] OFF;

INSERT INTO [dbo].[Answer_ANS] ([Id_Question], [Value], [Valid]) VALUES
    (299, N'Ori and the Blind Forest', 1),
    (299, N'Hollow Knight', 0),
    (299, N'Celeste', 0),
    (299, N'Shovel Knight', 0);

IF NOT EXISTS (SELECT 1 FROM [dbo].[QuestionTheme_QTH] WHERE Id_Question = 299 AND Id_Theme = @ThemeId)
BEGIN
    INSERT INTO [dbo].[QuestionTheme_QTH] ([Id_Question], [Id_Theme]) VALUES (299, @ThemeId);
END

-- Question 115
SET IDENTITY_INSERT [dbo].[Question_QST] ON;
IF NOT EXISTS (SELECT 1 FROM [dbo].[Question_QST] WHERE Id = 300)
BEGIN
    INSERT INTO [dbo].[Question_QST] ([Id], [Question], [Id_Difficulty])
    VALUES (300, N'Quel jeu de stratégie met en scène des civilisations historiques avec diplomatie et guerres ?', 3);
END
SET IDENTITY_INSERT [dbo].[Question_QST] OFF;

INSERT INTO [dbo].[Answer_ANS] ([Id_Question], [Value], [Valid]) VALUES
    (300, N'Civilization VI', 1),
    (300, N'Age of Empires III', 0),
    (300, N'Total War: Rome II', 0),
    (300, N'Europa Universalis IV', 0);

IF NOT EXISTS (SELECT 1 FROM [dbo].[QuestionTheme_QTH] WHERE Id_Question = 300 AND Id_Theme = @ThemeId)
BEGIN
    INSERT INTO [dbo].[QuestionTheme_QTH] ([Id_Question], [Id_Theme]) VALUES (300, @ThemeId);
END

-- Question 116
SET IDENTITY_INSERT [dbo].[Question_QST] ON;
IF NOT EXISTS (SELECT 1 FROM [dbo].[Question_QST] WHERE Id = 301)
BEGIN
    INSERT INTO [dbo].[Question_QST] ([Id], [Question], [Id_Difficulty])
    VALUES (301, N'Quel jeu de tir multijoueur se déroule dans un futur cyberpunk avec des agents spécialisés ?', 3);
END
SET IDENTITY_INSERT [dbo].[Question_QST] OFF;

INSERT INTO [dbo].[Answer_ANS] ([Id_Question], [Value], [Valid]) VALUES
    (301, N'Cyberpunk 2077 Multiplayer', 1),
    (301, N'Deus Ex: Mankind Divided', 0),
    (301, N'Overwatch', 0),
    (301, N'Valorant', 0);

IF NOT EXISTS (SELECT 1 FROM [dbo].[QuestionTheme_QTH] WHERE Id_Question = 301 AND Id_Theme = @ThemeId)
BEGIN
    INSERT INTO [dbo].[QuestionTheme_QTH] ([Id_Question], [Id_Theme]) VALUES (301, @ThemeId);
END

-- Question 117
SET IDENTITY_INSERT [dbo].[Question_QST] ON;
IF NOT EXISTS (SELECT 1 FROM [dbo].[Question_QST] WHERE Id = 302)
BEGIN
    INSERT INTO [dbo].[Question_QST] ([Id], [Question], [Id_Difficulty])
    VALUES (302, N'Quel jeu implique un protagoniste qui explore une ville ouverte avec parkour et combat acrobatique ?', 3);
END
SET IDENTITY_INSERT [dbo].[Question_QST] OFF;

INSERT INTO [dbo].[Answer_ANS] ([Id_Question], [Value], [Valid]) VALUES
    (302, N'Assassin’s Creed II', 1),
    (302, N'Mirror’s Edge', 0),
    (302, N'Batman: Arkham City', 0),
    (302, N'Dying Light', 0);

IF NOT EXISTS (SELECT 1 FROM [dbo].[QuestionTheme_QTH] WHERE Id_Question = 302 AND Id_Theme = @ThemeId)
BEGIN
    INSERT INTO [dbo].[QuestionTheme_QTH] ([Id_Question], [Id_Theme]) VALUES (302, @ThemeId);
END

-- Question 118
SET IDENTITY_INSERT [dbo].[Question_QST] ON;
IF NOT EXISTS (SELECT 1 FROM [dbo].[Question_QST] WHERE Id = 303)
BEGIN
    INSERT INTO [dbo].[Question_QST] ([Id], [Question], [Id_Difficulty])
    VALUES (303, N'Quel jeu de stratégie militaire combine construction de base, récolte de ressources et batailles tactiques ?', 3);
END
SET IDENTITY_INSERT [dbo].[Question_QST] OFF;

INSERT INTO [dbo].[Answer_ANS] ([Id_Question], [Value], [Valid]) VALUES
    (303, N'StarCraft II', 1),
    (303, N'Command & Conquer: Red Alert 3', 0),
    (303, N'Age of Empires II', 0),
    (303, N'Warcraft III', 0);

IF NOT EXISTS (SELECT 1 FROM [dbo].[QuestionTheme_QTH] WHERE Id_Question = 303 AND Id_Theme = @ThemeId)
BEGIN
    INSERT INTO [dbo].[QuestionTheme_QTH] ([Id_Question], [Id_Theme]) VALUES (303, @ThemeId);
END

-- Question 119
SET IDENTITY_INSERT [dbo].[Question_QST] ON;
IF NOT EXISTS (SELECT 1 FROM [dbo].[Question_QST] WHERE Id = 304)
BEGIN
    INSERT INTO [dbo].[Question_QST] ([Id], [Question], [Id_Difficulty])
    VALUES (304, N'Quel jeu implique de collecter, faire évoluer et combattre des créatures dans des arènes compétitives ?', 3);
END
SET IDENTITY_INSERT [dbo].[Question_QST] OFF;

INSERT INTO [dbo].[Answer_ANS] ([Id_Question], [Value], [Valid]) VALUES
    (304, N'Pokémon Sword & Shield', 1),
    (304, N'Digimon Story: Cyber Sleuth', 0),
    (304, N'Yo-Kai Watch', 0),
    (304, N'Monster Hunter Stories', 0);

IF NOT EXISTS (SELECT 1 FROM [dbo].[QuestionTheme_QTH] WHERE Id_Question = 304 AND Id_Theme = @ThemeId)
BEGIN
    INSERT INTO [dbo].[QuestionTheme_QTH] ([Id_Question], [Id_Theme]) VALUES (304, @ThemeId);
END

-- Question 120
SET IDENTITY_INSERT [dbo].[Question_QST] ON;
IF NOT EXISTS (SELECT 1 FROM [dbo].[Question_QST] WHERE Id = 305)
BEGIN
    INSERT INTO [dbo].[Question_QST] ([Id], [Question], [Id_Difficulty])
    VALUES (305, N'Quel jeu vidéo met en scène des batailles entre équipes de héros avec des rôles distincts ?', 3);
END
SET IDENTITY_INSERT [dbo].[Question_QST] OFF;

INSERT INTO [dbo].[Answer_ANS] ([Id_Question], [Value], [Valid]) VALUES
    (305, N'Dota 2', 1),
    (305, N'League of Legends', 0),
    (305, N'Overwatch', 0),
    (305, N'Smite', 0);

IF NOT EXISTS (SELECT 1 FROM [dbo].[QuestionTheme_QTH] WHERE Id_Question = 305 AND Id_Theme = @ThemeId)
BEGIN
    INSERT INTO [dbo].[QuestionTheme_QTH] ([Id_Question], [Id_Theme]) VALUES (305, @ThemeId);
END

-- Question 121
SET IDENTITY_INSERT [dbo].[Question_QST] ON;
IF NOT EXISTS (SELECT 1 FROM [dbo].[Question_QST] WHERE Id = 306)
BEGIN
    INSERT INTO [dbo].[Question_QST] ([Id], [Question], [Id_Difficulty])
    VALUES (306, N'Quel jeu de tir à la première personne se déroule dans un univers militaire moderne ?', 3);
END
SET IDENTITY_INSERT [dbo].[Question_QST] OFF;

INSERT INTO [dbo].[Answer_ANS] ([Id_Question], [Value], [Valid]) VALUES
    (306, N'Call of Duty: Modern Warfare', 1),
    (306, N'Battlefield V', 0),
    (306, N'Rainbow Six Siege', 0),
    (306, N'Counter-Strike: Global Offensive', 0);

IF NOT EXISTS (SELECT 1 FROM [dbo].[QuestionTheme_QTH] WHERE Id_Question = 306 AND Id_Theme = @ThemeId)
BEGIN
    INSERT INTO [dbo].[QuestionTheme_QTH] ([Id_Question], [Id_Theme]) VALUES (306, @ThemeId);
END

-- Question 122
SET IDENTITY_INSERT [dbo].[Question_QST] ON;
IF NOT EXISTS (SELECT 1 FROM [dbo].[Question_QST] WHERE Id = 307)
BEGIN
    INSERT INTO [dbo].[Question_QST] ([Id], [Question], [Id_Difficulty])
    VALUES (307, N'Quel jeu implique des batailles tactiques au tour par tour sur des cartes hexagonales ?', 3);
END
SET IDENTITY_INSERT [dbo].[Question_QST] OFF;

INSERT INTO [dbo].[Answer_ANS] ([Id_Question], [Value], [Valid]) VALUES
    (307, N'XCOM 2', 1),
    (307, N'Advance Wars', 0),
    (307, N'Fire Emblem: Three Houses', 0),
    (307, N'Gears Tactics', 0);

IF NOT EXISTS (SELECT 1 FROM [dbo].[QuestionTheme_QTH] WHERE Id_Question = 307 AND Id_Theme = @ThemeId)
BEGIN
    INSERT INTO [dbo].[QuestionTheme_QTH] ([Id_Question], [Id_Theme]) VALUES (307, @ThemeId);
END

-- Question 123
SET IDENTITY_INSERT [dbo].[Question_QST] ON;
IF NOT EXISTS (SELECT 1 FROM [dbo].[Question_QST] WHERE Id = 308)
BEGIN
    INSERT INTO [dbo].[Question_QST] ([Id], [Question], [Id_Difficulty])
    VALUES (308, N'Quel jeu de survie met en scène des zombies et nécessite de construire des défenses ?', 3);
END
SET IDENTITY_INSERT [dbo].[Question_QST] OFF;

INSERT INTO [dbo].[Answer_ANS] ([Id_Question], [Value], [Valid]) VALUES
    (308, N'7 Days to Die', 1),
    (308, N'Project Zomboid', 0),
    (308, N'State of Decay 2', 0),
    (308, N'DayZ', 0);

IF NOT EXISTS (SELECT 1 FROM [dbo].[QuestionTheme_QTH] WHERE Id_Question = 308 AND Id_Theme = @ThemeId)
BEGIN
    INSERT INTO [dbo].[QuestionTheme_QTH] ([Id_Question], [Id_Theme]) VALUES (308, @ThemeId);
END

-- Question 124
SET IDENTITY_INSERT [dbo].[Question_QST] ON;
IF NOT EXISTS (SELECT 1 FROM [dbo].[Question_QST] WHERE Id = 309)
BEGIN
    INSERT INTO [dbo].[Question_QST] ([Id], [Question], [Id_Difficulty])
    VALUES (309, N'Quel jeu implique un protagoniste voyageant dans un monde ouvert avec montures et combats contre des monstres géants ?', 3);
END
SET IDENTITY_INSERT [dbo].[Question_QST] OFF;

INSERT INTO [dbo].[Answer_ANS] ([Id_Question], [Value], [Valid]) VALUES
    (309, N'The Witcher 3: Wild Hunt', 1),
    (309, N'Skyrim', 0),
    (309, N'Dragon Age: Inquisition', 0),
    (309, N'Horizon Zero Dawn', 0);

IF NOT EXISTS (SELECT 1 FROM [dbo].[QuestionTheme_QTH] WHERE Id_Question = 309 AND Id_Theme = @ThemeId)
BEGIN
    INSERT INTO [dbo].[QuestionTheme_QTH] ([Id_Question], [Id_Theme]) VALUES (309, @ThemeId);
END

-- Question 125
SET IDENTITY_INSERT [dbo].[Question_QST] ON;
IF NOT EXISTS (SELECT 1 FROM [dbo].[Question_QST] WHERE Id = 310)
BEGIN
    INSERT INTO [dbo].[Question_QST] ([Id], [Question], [Id_Difficulty])
    VALUES (310, N'Quel jeu de stratégie fantastique met en scène des héros, des créatures et des sorts magiques ?', 3);
END
SET IDENTITY_INSERT [dbo].[Question_QST] OFF;

INSERT INTO [dbo].[Answer_ANS] ([Id_Question], [Value], [Valid]) VALUES
    (310, N'Heroes of Might & Magic III', 1),
    (310, N'Warcraft III', 0),
    (310, N'Age of Wonders III', 0),
    (310, N'Disciples II', 0);

IF NOT EXISTS (SELECT 1 FROM [dbo].[QuestionTheme_QTH] WHERE Id_Question = 310 AND Id_Theme = @ThemeId)
BEGIN
    INSERT INTO [dbo].[QuestionTheme_QTH] ([Id_Question], [Id_Theme]) VALUES (310, @ThemeId);
END

-- Question 126
SET IDENTITY_INSERT [dbo].[Question_QST] ON;
IF NOT EXISTS (SELECT 1 FROM [dbo].[Question_QST] WHERE Id = 311)
BEGIN
    INSERT INTO [dbo].[Question_QST] ([Id], [Question], [Id_Difficulty])
    VALUES (311, N'Quel jeu de rôle occidental propose un monde ouvert avec choix moraux et factions ?', 3);
END
SET IDENTITY_INSERT [dbo].[Question_QST] OFF;

INSERT INTO [dbo].[Answer_ANS] ([Id_Question], [Value], [Valid]) VALUES
    (311, N'Dragon Age: Inquisition', 1),
    (311, N'The Elder Scrolls V: Skyrim', 0),
    (311, N'Fallout 4', 0),
    (311, N'Divinity: Original Sin 2', 0);

IF NOT EXISTS (SELECT 1 FROM [dbo].[QuestionTheme_QTH] WHERE Id_Question = 311 AND Id_Theme = @ThemeId)
BEGIN
    INSERT INTO [dbo].[QuestionTheme_QTH] ([Id_Question], [Id_Theme]) VALUES (311, @ThemeId);
END

-- Question 127
SET IDENTITY_INSERT [dbo].[Question_QST] ON;
IF NOT EXISTS (SELECT 1 FROM [dbo].[Question_QST] WHERE Id = 312)
BEGIN
    INSERT INTO [dbo].[Question_QST] ([Id], [Question], [Id_Difficulty])
    VALUES (312, N'Quel jeu de combat propose des personnages issus de l’univers Nintendo ?', 3);
END
SET IDENTITY_INSERT [dbo].[Question_QST] OFF;

INSERT INTO [dbo].[Answer_ANS] ([Id_Question], [Value], [Valid]) VALUES
    (312, N'Super Smash Bros. Ultimate', 1),
    (312, N'Brawlhalla', 0),
    (312, N'PlayStation All-Stars Battle Royale', 0),
    (312, N'Rivals of Aether', 0);

IF NOT EXISTS (SELECT 1 FROM [dbo].[QuestionTheme_QTH] WHERE Id_Question = 312 AND Id_Theme = @ThemeId)
BEGIN
    INSERT INTO [dbo].[QuestionTheme_QTH] ([Id_Question], [Id_Theme]) VALUES (312, @ThemeId);
END

-- Question 128
SET IDENTITY_INSERT [dbo].[Question_QST] ON;
IF NOT EXISTS (SELECT 1 FROM [dbo].[Question_QST] WHERE Id = 313)
BEGIN
    INSERT INTO [dbo].[Question_QST] ([Id], [Question], [Id_Difficulty])
    VALUES (313, N'Quel jeu implique des combats de cartes avec mécanique de mana et stratégie avancée ?', 3);
END
SET IDENTITY_INSERT [dbo].[Question_QST] OFF;

INSERT INTO [dbo].[Answer_ANS] ([Id_Question], [Value], [Valid]) VALUES
    (313, N'Magic: The Gathering Arena', 1),
    (313, N'Hearthstone', 0),
    (313, N'Legends of Runeterra', 0),
    (313, N'Gwent', 0);

IF NOT EXISTS (SELECT 1 FROM [dbo].[QuestionTheme_QTH] WHERE Id_Question = 313 AND Id_Theme = @ThemeId)
BEGIN
    INSERT INTO [dbo].[QuestionTheme_QTH] ([Id_Question], [Id_Theme]) VALUES (313, @ThemeId);
END

-- Question 129
SET IDENTITY_INSERT [dbo].[Question_QST] ON;
IF NOT EXISTS (SELECT 1 FROM [dbo].[Question_QST] WHERE Id = 314)
BEGIN
    INSERT INTO [dbo].[Question_QST] ([Id], [Question], [Id_Difficulty])
    VALUES (314, N'Quel jeu de simulation de gestion met en scène la construction et l’administration d’une ville futuriste ?', 3);
END
SET IDENTITY_INSERT [dbo].[Question_QST] OFF;

INSERT INTO [dbo].[Answer_ANS] ([Id_Question], [Value], [Valid]) VALUES
    (314, N'Cities: Skylines', 1),
    (314, N'SimCity 4', 0),
    (314, N'Tropico 6', 0),
    (314, N'Anno 1800', 0);

IF NOT EXISTS (SELECT 1 FROM [dbo].[QuestionTheme_QTH] WHERE Id_Question = 314 AND Id_Theme = @ThemeId)
BEGIN
    INSERT INTO [dbo].[QuestionTheme_QTH] ([Id_Question], [Id_Theme]) VALUES (314, @ThemeId);
END

-- Question 130
SET IDENTITY_INSERT [dbo].[Question_QST] ON;
IF NOT EXISTS (SELECT 1 FROM [dbo].[Question_QST] WHERE Id = 315)
BEGIN
    INSERT INTO [dbo].[Question_QST] ([Id], [Question], [Id_Difficulty])
    VALUES (315, N'Quel jeu de tir à la première personne implique des mercenaires et missions coopératives ?', 3);
END
SET IDENTITY_INSERT [dbo].[Question_QST] OFF;

INSERT INTO [dbo].[Answer_ANS] ([Id_Question], [Value], [Valid]) VALUES
    (315, N'Borderlands 3', 1),
    (315, N'Payday 2', 0),
    (315, N'Tom Clancy’s Ghost Recon', 0),
    (315, N'Left 4 Dead 2', 0);

IF NOT EXISTS (SELECT 1 FROM [dbo].[QuestionTheme_QTH] WHERE Id_Question = 315 AND Id_Theme = @ThemeId)
BEGIN
    INSERT INTO [dbo].[QuestionTheme_QTH] ([Id_Question], [Id_Theme]) VALUES (315, @ThemeId);
END

-- Question 131
SET IDENTITY_INSERT [dbo].[Question_QST] ON;
IF NOT EXISTS (SELECT 1 FROM [dbo].[Question_QST] WHERE Id = 316)
BEGIN
    INSERT INTO [dbo].[Question_QST] ([Id], [Question], [Id_Difficulty])
    VALUES (316, N'Quel jeu de rôle japonais implique des combats stratégiques sur des cartes en isométrie ?', 3);
END
SET IDENTITY_INSERT [dbo].[Question_QST] OFF;

INSERT INTO [dbo].[Answer_ANS] ([Id_Question], [Value], [Valid]) VALUES
    (316, N'Disgaea 5', 1),
    (316, N'Final Fantasy Tactics', 0),
    (316, N'Tactics Ogre', 0),
    (316, N'Fire Emblem: Three Houses', 0);

IF NOT EXISTS (SELECT 1 FROM [dbo].[QuestionTheme_QTH] WHERE Id_Question = 316 AND Id_Theme = @ThemeId)
BEGIN
    INSERT INTO [dbo].[QuestionTheme_QTH] ([Id_Question], [Id_Theme]) VALUES (316, @ThemeId);
END

-- Question 132
SET IDENTITY_INSERT [dbo].[Question_QST] ON;
IF NOT EXISTS (SELECT 1 FROM [dbo].[Question_QST] WHERE Id = 317)
BEGIN
    INSERT INTO [dbo].[Question_QST] ([Id], [Question], [Id_Difficulty])
    VALUES (317, N'Quel jeu de plateforme met l’accent sur la précision et les puzzles environnementaux ?', 3);
END
SET IDENTITY_INSERT [dbo].[Question_QST] OFF;

INSERT INTO [dbo].[Answer_ANS] ([Id_Question], [Value], [Valid]) VALUES
    (317, N'Celeste', 1),
    (317, N'Ori and the Will of the Wisps', 0),
    (317, N'Hollow Knight', 0),
    (317, N'Inside', 0);

IF NOT EXISTS (SELECT 1 FROM [dbo].[QuestionTheme_QTH] WHERE Id_Question = 317 AND Id_Theme = @ThemeId)
BEGIN
    INSERT INTO [dbo].[QuestionTheme_QTH] ([Id_Question], [Id_Theme]) VALUES (317, @ThemeId);
END

-- Question 133
SET IDENTITY_INSERT [dbo].[Question_QST] ON;
IF NOT EXISTS (SELECT 1 FROM [dbo].[Question_QST] WHERE Id = 318)
BEGIN
    INSERT INTO [dbo].[Question_QST] ([Id], [Question], [Id_Difficulty])
    VALUES (318, N'Quel jeu implique l’exploration de planètes et la gestion de colonies spatiales ?', 3);
END
SET IDENTITY_INSERT [dbo].[Question_QST] OFF;

INSERT INTO [dbo].[Answer_ANS] ([Id_Question], [Value], [Valid]) VALUES
    (318, N'No Man’s Sky', 1),
    (318, N'Surviving Mars', 0),
    (318, N'Elite Dangerous', 0),
    (318, N'Starbound', 0);

IF NOT EXISTS (SELECT 1 FROM [dbo].[QuestionTheme_QTH] WHERE Id_Question = 318 AND Id_Theme = @ThemeId)
BEGIN
    INSERT INTO [dbo].[QuestionTheme_QTH] ([Id_Question], [Id_Theme]) VALUES (318, @ThemeId);
END

-- Question 134
SET IDENTITY_INSERT [dbo].[Question_QST] ON;
IF NOT EXISTS (SELECT 1 FROM [dbo].[Question_QST] WHERE Id = 319)
BEGIN
    INSERT INTO [dbo].[Question_QST] ([Id], [Question], [Id_Difficulty])
    VALUES (319, N'Quel jeu de stratégie implique la gestion d’unités et de ressources dans un univers futuriste ?', 3);
END
SET IDENTITY_INSERT [dbo].[Question_QST] OFF;

INSERT INTO [dbo].[Answer_ANS] ([Id_Question], [Value], [Valid]) VALUES
    (319, N'StarCraft II', 1),
    (319, N'Warhammer 40k: Dawn of War II', 0),
    (319, N'Command & Conquer 3', 0),
    (319, N'Planetary Annihilation', 0);

IF NOT EXISTS (SELECT 1 FROM [dbo].[QuestionTheme_QTH] WHERE Id_Question = 319 AND Id_Theme = @ThemeId)
BEGIN
    INSERT INTO [dbo].[QuestionTheme_QTH] ([Id_Question], [Id_Theme]) VALUES (319, @ThemeId);
END

-- Question 135
SET IDENTITY_INSERT [dbo].[Question_QST] ON;
IF NOT EXISTS (SELECT 1 FROM [dbo].[Question_QST] WHERE Id = 320)
BEGIN
    INSERT INTO [dbo].[Question_QST] ([Id], [Question], [Id_Difficulty])
    VALUES (320, N'Quel jeu implique un protagoniste robotique avec pouvoirs et compétences variées dans des donjons ?', 3);
END
SET IDENTITY_INSERT [dbo].[Question_QST] OFF;

INSERT INTO [dbo].[Answer_ANS] ([Id_Question], [Value], [Valid]) VALUES
    (320, N'Hades', 1),
    (320, N'Dead Cells', 0),
    (320, N'Shovel Knight', 0),
    (320, N'Hollow Knight', 0);

IF NOT EXISTS (SELECT 1 FROM [dbo].[QuestionTheme_QTH] WHERE Id_Question = 320 AND Id_Theme = @ThemeId)
BEGIN
    INSERT INTO [dbo].[QuestionTheme_QTH] ([Id_Question], [Id_Theme]) VALUES (320, @ThemeId);
END

-- Question 136
SET IDENTITY_INSERT [dbo].[Question_QST] ON;
IF NOT EXISTS (SELECT 1 FROM [dbo].[Question_QST] WHERE Id = 321)
BEGIN
    INSERT INTO [dbo].[Question_QST] ([Id], [Question], [Id_Difficulty])
    VALUES (321, N'Quel jeu de rôle occidental se déroule dans un univers médiéval sombre et mature ?', 3);
END
SET IDENTITY_INSERT [dbo].[Question_QST] OFF;

INSERT INTO [dbo].[Answer_ANS] ([Id_Question], [Value], [Valid]) VALUES
    (321, N'The Witcher 3: Wild Hunt', 1),
    (321, N'Dragon Age: Origins', 0),
    (321, N'Dark Souls', 0),
    (321, N'Kingdom Come: Deliverance', 0);

IF NOT EXISTS (SELECT 1 FROM [dbo].[QuestionTheme_QTH] WHERE Id_Question = 321 AND Id_Theme = @ThemeId)
BEGIN
    INSERT INTO [dbo].[QuestionTheme_QTH] ([Id_Question], [Id_Theme]) VALUES (321, @ThemeId);
END

-- Question 137
SET IDENTITY_INSERT [dbo].[Question_QST] ON;
IF NOT EXISTS (SELECT 1 FROM [dbo].[Question_QST] WHERE Id = 322)
BEGIN
    INSERT INTO [dbo].[Question_QST] ([Id], [Question], [Id_Difficulty])
    VALUES (322, N'Quel jeu de stratégie militaire combine tours et batailles en temps réel ?', 3);
END
SET IDENTITY_INSERT [dbo].[Question_QST] OFF;

INSERT INTO [dbo].[Answer_ANS] ([Id_Question], [Value], [Valid]) VALUES
    (322, N'Total War: Three Kingdoms', 1),
    (322, N'Age of Empires IV', 0),
    (322, N'Company of Heroes 2', 0),
    (322, N'StarCraft II', 0);

IF NOT EXISTS (SELECT 1 FROM [dbo].[QuestionTheme_QTH] WHERE Id_Question = 322 AND Id_Theme = @ThemeId)
BEGIN
    INSERT INTO [dbo].[QuestionTheme_QTH] ([Id_Question], [Id_Theme]) VALUES (322, @ThemeId);
END

-- Question 138
SET IDENTITY_INSERT [dbo].[Question_QST] ON;
IF NOT EXISTS (SELECT 1 FROM [dbo].[Question_QST] WHERE Id = 323)
BEGIN
    INSERT INTO [dbo].[Question_QST] ([Id], [Question], [Id_Difficulty])
    VALUES (323, N'Quel jeu implique la collecte et l’amélioration de héros pour des batailles tactiques ?', 3);
END
SET IDENTITY_INSERT [dbo].[Question_QST] OFF;

INSERT INTO [dbo].[Answer_ANS] ([Id_Question], [Value], [Valid]) VALUES
    (323, N'AFK Arena', 1),
    (323, N'Fire Emblem Heroes', 0),
    (323, N'Summoners War', 0),
    (323, N'Epic Seven', 0);

IF NOT EXISTS (SELECT 1 FROM [dbo].[QuestionTheme_QTH] WHERE Id_Question = 323 AND Id_Theme = @ThemeId)
BEGIN
    INSERT INTO [dbo].[QuestionTheme_QTH] ([Id_Question], [Id_Theme]) VALUES (323, @ThemeId);
END

-- Question 139
SET IDENTITY_INSERT [dbo].[Question_QST] ON;
IF NOT EXISTS (SELECT 1 FROM [dbo].[Question_QST] WHERE Id = 324)
BEGIN
    INSERT INTO [dbo].[Question_QST] ([Id], [Question], [Id_Difficulty])
    VALUES (324, N'Quel jeu de tir compétitif combine compétences de héros et objectifs d’équipe ?', 3);
END
SET IDENTITY_INSERT [dbo].[Question_QST] OFF;

INSERT INTO [dbo].[Answer_ANS] ([Id_Question], [Value], [Valid]) VALUES
    (324, N'Overwatch', 1),
    (324, N'Paladins', 0),
    (324, N'Battleborn', 0),
    (324, N'Valorant', 0);

IF NOT EXISTS (SELECT 1 FROM [dbo].[QuestionTheme_QTH] WHERE Id_Question = 324 AND Id_Theme = @ThemeId)
BEGIN
    INSERT INTO [dbo].[QuestionTheme_QTH] ([Id_Question], [Id_Theme]) VALUES (324, @ThemeId);
END

-- Question 140
SET IDENTITY_INSERT [dbo].[Question_QST] ON;
IF NOT EXISTS (SELECT 1 FROM [dbo].[Question_QST] WHERE Id = 325)
BEGIN
    INSERT INTO [dbo].[Question_QST] ([Id], [Question], [Id_Difficulty])
    VALUES (325, N'Quel jeu implique des batailles stratégiques sur des cartes avec différentes factions ?', 3);
END
SET IDENTITY_INSERT [dbo].[Question_QST] OFF;

INSERT INTO [dbo].[Answer_ANS] ([Id_Question], [Value], [Valid]) VALUES
    (325, N'Civilization VI', 1),
    (325, N'Total War: Warhammer II', 0),
    (325, N'Age of Wonders III', 0),
    (325, N'Endless Legend', 0);

IF NOT EXISTS (SELECT 1 FROM [dbo].[QuestionTheme_QTH] WHERE Id_Question = 325 AND Id_Theme = @ThemeId)
BEGIN
    INSERT INTO [dbo].[QuestionTheme_QTH] ([Id_Question], [Id_Theme]) VALUES (325, @ThemeId);
END

-- Question 141
SET IDENTITY_INSERT [dbo].[Question_QST] ON;
IF NOT EXISTS (SELECT 1 FROM [dbo].[Question_QST] WHERE Id = 326)
BEGIN
    INSERT INTO [dbo].[Question_QST] ([Id], [Question], [Id_Difficulty])
    VALUES (326, N'Quel jeu de survie implique l’exploration, la construction et la défense contre des hordes ?', 3);
END
SET IDENTITY_INSERT [dbo].[Question_QST] OFF;

INSERT INTO [dbo].[Answer_ANS] ([Id_Question], [Value], [Valid]) VALUES
    (326, N'7 Days to Die', 1),
    (326, N'Rust', 0),
    (326, N'Project Zomboid', 0),
    (326, N'State of Decay 2', 0);

IF NOT EXISTS (SELECT 1 FROM [dbo].[QuestionTheme_QTH] WHERE Id_Question = 326 AND Id_Theme = @ThemeId)
BEGIN
    INSERT INTO [dbo].[QuestionTheme_QTH] ([Id_Question], [Id_Theme]) VALUES (326, @ThemeId);
END

-- Question 142
SET IDENTITY_INSERT [dbo].[Question_QST] ON;
IF NOT EXISTS (SELECT 1 FROM [dbo].[Question_QST] WHERE Id = 327)
BEGIN
    INSERT INTO [dbo].[Question_QST] ([Id], [Question], [Id_Difficulty])
    VALUES (327, N'Quel jeu implique des batailles dans une arène multijoueur avec des personnages aux capacités uniques ?', 3);
END
SET IDENTITY_INSERT [dbo].[Question_QST] OFF;

INSERT INTO [dbo].[Answer_ANS] ([Id_Question], [Value], [Valid]) VALUES
    (327, N'League of Legends', 1),
    (327, N'Dota 2', 0),
    (327, N'Smite', 0),
    (327, N'Heroes of the Storm', 0);

IF NOT EXISTS (SELECT 1 FROM [dbo].[QuestionTheme_QTH] WHERE Id_Question = 327 AND Id_Theme = @ThemeId)
BEGIN
    INSERT INTO [dbo].[QuestionTheme_QTH] ([Id_Question], [Id_Theme]) VALUES (327, @ThemeId);
END

-- Question 143
SET IDENTITY_INSERT [dbo].[Question_QST] ON;
IF NOT EXISTS (SELECT 1 FROM [dbo].[Question_QST] WHERE Id = 328)
BEGIN
    INSERT INTO [dbo].[Question_QST] ([Id], [Question], [Id_Difficulty])
    VALUES (328, N'Quel jeu met en œuvre la mécanique du ''permadeath'' dans un monde procédurallement généré ?', 4);
END
SET IDENTITY_INSERT [dbo].[Question_QST] OFF;

INSERT INTO [dbo].[Answer_ANS] ([Id_Question], [Value], [Valid]) VALUES
    (328, N'Hades', 0),
    (328, N'Dead Cells', 0),
    (328, N'Rogue Legacy', 1),
    (328, N'Darkest Dungeon', 0);

IF NOT EXISTS (SELECT 1 FROM [dbo].[QuestionTheme_QTH] WHERE Id_Question = 328 AND Id_Theme = @ThemeId)
BEGIN
    INSERT INTO [dbo].[QuestionTheme_QTH] ([Id_Question], [Id_Theme]) VALUES (328, @ThemeId);
END

-- Question 144
SET IDENTITY_INSERT [dbo].[Question_QST] ON;
IF NOT EXISTS (SELECT 1 FROM [dbo].[Question_QST] WHERE Id = 329)
BEGIN
    INSERT INTO [dbo].[Question_QST] ([Id], [Question], [Id_Difficulty])
    VALUES (329, N'Quel jeu de simulation spatiale permet la colonisation et l’exploration à l’échelle galactique ?', 4);
END
SET IDENTITY_INSERT [dbo].[Question_QST] OFF;

INSERT INTO [dbo].[Answer_ANS] ([Id_Question], [Value], [Valid]) VALUES
    (329, N'Elite Dangerous', 0),
    (329, N'No Man’s Sky', 0),
    (329, N'Star Citizen', 0),
    (329, N'Kerbal Space Program', 1);

IF NOT EXISTS (SELECT 1 FROM [dbo].[QuestionTheme_QTH] WHERE Id_Question = 329 AND Id_Theme = @ThemeId)
BEGIN
    INSERT INTO [dbo].[QuestionTheme_QTH] ([Id_Question], [Id_Theme]) VALUES (329, @ThemeId);
END

-- Question 145
SET IDENTITY_INSERT [dbo].[Question_QST] ON;
IF NOT EXISTS (SELECT 1 FROM [dbo].[Question_QST] WHERE Id = 330)
BEGIN
    INSERT INTO [dbo].[Question_QST] ([Id], [Question], [Id_Difficulty])
    VALUES (330, N'Quel jeu de stratégie en temps réel est célèbre pour son intelligence artificielle avancée et son micro-management ?', 4);
END
SET IDENTITY_INSERT [dbo].[Question_QST] OFF;

INSERT INTO [dbo].[Answer_ANS] ([Id_Question], [Value], [Valid]) VALUES
    (330, N'StarCraft II', 1),
    (330, N'Age of Empires IV', 0),
    (330, N'Warcraft III', 0),
    (330, N'Company of Heroes 2', 0);

IF NOT EXISTS (SELECT 1 FROM [dbo].[QuestionTheme_QTH] WHERE Id_Question = 330 AND Id_Theme = @ThemeId)
BEGIN
    INSERT INTO [dbo].[QuestionTheme_QTH] ([Id_Question], [Id_Theme]) VALUES (330, @ThemeId);
END

-- Question 146
SET IDENTITY_INSERT [dbo].[Question_QST] ON;
IF NOT EXISTS (SELECT 1 FROM [dbo].[Question_QST] WHERE Id = 331)
BEGIN
    INSERT INTO [dbo].[Question_QST] ([Id], [Question], [Id_Difficulty])
    VALUES (331, N'Quel jeu de rôle met en avant un système de choix moraux complexes influençant l’histoire ?', 4);
END
SET IDENTITY_INSERT [dbo].[Question_QST] OFF;

INSERT INTO [dbo].[Answer_ANS] ([Id_Question], [Value], [Valid]) VALUES
    (331, N'The Witcher 3: Wild Hunt', 0),
    (331, N'Mass Effect 2', 0),
    (331, N'Divinity: Original Sin 2', 1),
    (331, N'Dragon Age: Inquisition', 0);

IF NOT EXISTS (SELECT 1 FROM [dbo].[QuestionTheme_QTH] WHERE Id_Question = 331 AND Id_Theme = @ThemeId)
BEGIN
    INSERT INTO [dbo].[QuestionTheme_QTH] ([Id_Question], [Id_Theme]) VALUES (331, @ThemeId);
END

-- Question 147
SET IDENTITY_INSERT [dbo].[Question_QST] ON;
IF NOT EXISTS (SELECT 1 FROM [dbo].[Question_QST] WHERE Id = 332)
BEGIN
    INSERT INTO [dbo].[Question_QST] ([Id], [Question], [Id_Difficulty])
    VALUES (332, N'Quel jeu de tir tactique combine réalité virtuelle et stratégie multi-joueur ?', 4);
END
SET IDENTITY_INSERT [dbo].[Question_QST] OFF;

INSERT INTO [dbo].[Answer_ANS] ([Id_Question], [Value], [Valid]) VALUES
    (332, N'Pavlov VR', 0),
    (332, N'Onward', 1),
    (332, N'Zero Caliber VR', 0),
    (332, N'Contractors VR', 0);

IF NOT EXISTS (SELECT 1 FROM [dbo].[QuestionTheme_QTH] WHERE Id_Question = 332 AND Id_Theme = @ThemeId)
BEGIN
    INSERT INTO [dbo].[QuestionTheme_QTH] ([Id_Question], [Id_Theme]) VALUES (332, @ThemeId);
END

-- Question 148
SET IDENTITY_INSERT [dbo].[Question_QST] ON;
IF NOT EXISTS (SELECT 1 FROM [dbo].[Question_QST] WHERE Id = 333)
BEGIN
    INSERT INTO [dbo].[Question_QST] ([Id], [Question], [Id_Difficulty])
    VALUES (333, N'Quel jeu met en scène un monde ouvert post-apocalyptique avec survie et crafting ?', 4);
END
SET IDENTITY_INSERT [dbo].[Question_QST] OFF;

INSERT INTO [dbo].[Answer_ANS] ([Id_Question], [Value], [Valid]) VALUES
    (333, N'Fallout 76', 0),
    (333, N'DayZ', 0),
    (333, N'ARK: Survival Evolved', 1),
    (333, N'Conan Exiles', 0);

IF NOT EXISTS (SELECT 1 FROM [dbo].[QuestionTheme_QTH] WHERE Id_Question = 333 AND Id_Theme = @ThemeId)
BEGIN
    INSERT INTO [dbo].[QuestionTheme_QTH] ([Id_Question], [Id_Theme]) VALUES (333, @ThemeId);
END

-- Question 149
SET IDENTITY_INSERT [dbo].[Question_QST] ON;
IF NOT EXISTS (SELECT 1 FROM [dbo].[Question_QST] WHERE Id = 334)
BEGIN
    INSERT INTO [dbo].[Question_QST] ([Id], [Question], [Id_Difficulty])
    VALUES (334, N'Quel jeu de plateforme exige de la précision et des réflexes dans des niveaux générés procéduralement ?', 4);
END
SET IDENTITY_INSERT [dbo].[Question_QST] OFF;

INSERT INTO [dbo].[Answer_ANS] ([Id_Question], [Value], [Valid]) VALUES
    (334, N'Spelunky 2', 1),
    (334, N'Hollow Knight', 0),
    (334, N'Dead Cells', 0),
    (334, N'Celeste', 0);

IF NOT EXISTS (SELECT 1 FROM [dbo].[QuestionTheme_QTH] WHERE Id_Question = 334 AND Id_Theme = @ThemeId)
BEGIN
    INSERT INTO [dbo].[QuestionTheme_QTH] ([Id_Question], [Id_Theme]) VALUES (334, @ThemeId);
END

-- Question 150
SET IDENTITY_INSERT [dbo].[Question_QST] ON;
IF NOT EXISTS (SELECT 1 FROM [dbo].[Question_QST] WHERE Id = 335)
BEGIN
    INSERT INTO [dbo].[Question_QST] ([Id], [Question], [Id_Difficulty])
    VALUES (335, N'Quel jeu de stratégie au tour par tour implique diplomatie, guerre et technologies avancées ?', 4);
END
SET IDENTITY_INSERT [dbo].[Question_QST] OFF;

INSERT INTO [dbo].[Answer_ANS] ([Id_Question], [Value], [Valid]) VALUES
    (335, N'Civilization VI', 1),
    (335, N'Endless Legend', 0),
    (335, N'Europa Universalis IV', 0),
    (335, N'Total War: Three Kingdoms', 0);

IF NOT EXISTS (SELECT 1 FROM [dbo].[QuestionTheme_QTH] WHERE Id_Question = 335 AND Id_Theme = @ThemeId)
BEGIN
    INSERT INTO [dbo].[QuestionTheme_QTH] ([Id_Question], [Id_Theme]) VALUES (335, @ThemeId);
END

-- Question 151
SET IDENTITY_INSERT [dbo].[Question_QST] ON;
IF NOT EXISTS (SELECT 1 FROM [dbo].[Question_QST] WHERE Id = 336)
BEGIN
    INSERT INTO [dbo].[Question_QST] ([Id], [Question], [Id_Difficulty])
    VALUES (336, N'Quel jeu de tir futuriste combine compétences de héros et cartes dynamiques ?', 4);
END
SET IDENTITY_INSERT [dbo].[Question_QST] OFF;

INSERT INTO [dbo].[Answer_ANS] ([Id_Question], [Value], [Valid]) VALUES
    (336, N'Overwatch', 1),
    (336, N'Paladins', 0),
    (336, N'Battleborn', 0),
    (336, N'Valorant', 0);

IF NOT EXISTS (SELECT 1 FROM [dbo].[QuestionTheme_QTH] WHERE Id_Question = 336 AND Id_Theme = @ThemeId)
BEGIN
    INSERT INTO [dbo].[QuestionTheme_QTH] ([Id_Question], [Id_Theme]) VALUES (336, @ThemeId);
END

-- Question 152
SET IDENTITY_INSERT [dbo].[Question_QST] ON;
IF NOT EXISTS (SELECT 1 FROM [dbo].[Question_QST] WHERE Id = 337)
BEGIN
    INSERT INTO [dbo].[Question_QST] ([Id], [Question], [Id_Difficulty])
    VALUES (337, N'Quel jeu de RPG japonais implique la gestion d’une équipe de personnages et combats tactiques au tour par tour ?', 4);
END
SET IDENTITY_INSERT [dbo].[Question_QST] OFF;

INSERT INTO [dbo].[Answer_ANS] ([Id_Question], [Value], [Valid]) VALUES
    (337, N'Fire Emblem: Three Houses', 1),
    (337, N'Disgaea 5', 0),
    (337, N'Final Fantasy Tactics', 0),
    (337, N'Tactics Ogre', 0);

IF NOT EXISTS (SELECT 1 FROM [dbo].[QuestionTheme_QTH] WHERE Id_Question = 337 AND Id_Theme = @ThemeId)
BEGIN
    INSERT INTO [dbo].[QuestionTheme_QTH] ([Id_Question], [Id_Theme]) VALUES (337, @ThemeId);
END

-- Question 153
SET IDENTITY_INSERT [dbo].[Question_QST] ON;
IF NOT EXISTS (SELECT 1 FROM [dbo].[Question_QST] WHERE Id = 338)
BEGIN
    INSERT INTO [dbo].[Question_QST] ([Id], [Question], [Id_Difficulty])
    VALUES (338, N'Quel jeu de combat compétitif mélange mouvements complexes, combos et frame data pour les pros ?', 4);
END
SET IDENTITY_INSERT [dbo].[Question_QST] OFF;

INSERT INTO [dbo].[Answer_ANS] ([Id_Question], [Value], [Valid]) VALUES
    (338, N'Street Fighter V', 0),
    (338, N'Tekken 7', 0),
    (338, N'Guilty Gear Strive', 1),
    (338, N'Mortal Kombat 11', 0);

IF NOT EXISTS (SELECT 1 FROM [dbo].[QuestionTheme_QTH] WHERE Id_Question = 338 AND Id_Theme = @ThemeId)
BEGIN
    INSERT INTO [dbo].[QuestionTheme_QTH] ([Id_Question], [Id_Theme]) VALUES (338, @ThemeId);
END

-- Question 154
SET IDENTITY_INSERT [dbo].[Question_QST] ON;
IF NOT EXISTS (SELECT 1 FROM [dbo].[Question_QST] WHERE Id = 339)
BEGIN
    INSERT INTO [dbo].[Question_QST] ([Id], [Question], [Id_Difficulty])
    VALUES (339, N'Quel jeu de stratégie en temps réel est célèbre pour son équilibrage extrême et sa scène compétitive ?', 4);
END
SET IDENTITY_INSERT [dbo].[Question_QST] OFF;

INSERT INTO [dbo].[Answer_ANS] ([Id_Question], [Value], [Valid]) VALUES
    (339, N'StarCraft II', 1),
    (339, N'Age of Empires II', 0),
    (339, N'Warcraft III', 0),
    (339, N'Command & Conquer 3', 0);

IF NOT EXISTS (SELECT 1 FROM [dbo].[QuestionTheme_QTH] WHERE Id_Question = 339 AND Id_Theme = @ThemeId)
BEGIN
    INSERT INTO [dbo].[QuestionTheme_QTH] ([Id_Question], [Id_Theme]) VALUES (339, @ThemeId);
END

-- Question 155
SET IDENTITY_INSERT [dbo].[Question_QST] ON;
IF NOT EXISTS (SELECT 1 FROM [dbo].[Question_QST] WHERE Id = 340)
BEGIN
    INSERT INTO [dbo].[Question_QST] ([Id], [Question], [Id_Difficulty])
    VALUES (340, N'Quel jeu de survie exige la gestion de la faim, de la soif et du stress dans un monde hostile ?', 4);
END
SET IDENTITY_INSERT [dbo].[Question_QST] OFF;

INSERT INTO [dbo].[Answer_ANS] ([Id_Question], [Value], [Valid]) VALUES
    (340, N'Project Zomboid', 1),
    (340, N'The Long Dark', 0),
    (340, N'Don''t Starve', 0),
    (340, N'State of Decay 2', 0);

IF NOT EXISTS (SELECT 1 FROM [dbo].[QuestionTheme_QTH] WHERE Id_Question = 340 AND Id_Theme = @ThemeId)
BEGIN
    INSERT INTO [dbo].[QuestionTheme_QTH] ([Id_Question], [Id_Theme]) VALUES (340, @ThemeId);
END

-- Question 156
SET IDENTITY_INSERT [dbo].[Question_QST] ON;
IF NOT EXISTS (SELECT 1 FROM [dbo].[Question_QST] WHERE Id = 341)
BEGIN
    INSERT INTO [dbo].[Question_QST] ([Id], [Question], [Id_Difficulty])
    VALUES (341, N'Quel jeu vidéo utilise des mécaniques de deck-building avancées dans un monde de fantaisie ?', 4);
END
SET IDENTITY_INSERT [dbo].[Question_QST] OFF;

INSERT INTO [dbo].[Answer_ANS] ([Id_Question], [Value], [Valid]) VALUES
    (341, N'Slay the Spire', 1),
    (341, N'Monster Train', 0),
    (341, N'Hearthstone', 0),
    (341, N'Gwent', 0);

IF NOT EXISTS (SELECT 1 FROM [dbo].[QuestionTheme_QTH] WHERE Id_Question = 341 AND Id_Theme = @ThemeId)
BEGIN
    INSERT INTO [dbo].[QuestionTheme_QTH] ([Id_Question], [Id_Theme]) VALUES (341, @ThemeId);
END

-- Question 157
SET IDENTITY_INSERT [dbo].[Question_QST] ON;
IF NOT EXISTS (SELECT 1 FROM [dbo].[Question_QST] WHERE Id = 342)
BEGIN
    INSERT INTO [dbo].[Question_QST] ([Id], [Question], [Id_Difficulty])
    VALUES (342, N'Quel jeu implique la gestion d’une colonie sur Mars avec survie et ressources limitées ?', 4);
END
SET IDENTITY_INSERT [dbo].[Question_QST] OFF;

INSERT INTO [dbo].[Answer_ANS] ([Id_Question], [Value], [Valid]) VALUES
    (342, N'Surviving Mars', 1),
    (342, N'Factorio', 0),
    (342, N'RimWorld', 0),
    (342, N'Kerbal Space Program', 0);

IF NOT EXISTS (SELECT 1 FROM [dbo].[QuestionTheme_QTH] WHERE Id_Question = 342 AND Id_Theme = @ThemeId)
BEGIN
    INSERT INTO [dbo].[QuestionTheme_QTH] ([Id_Question], [Id_Theme]) VALUES (342, @ThemeId);
END

-- Question 158
SET IDENTITY_INSERT [dbo].[Question_QST] ON;
IF NOT EXISTS (SELECT 1 FROM [dbo].[Question_QST] WHERE Id = 343)
BEGIN
    INSERT INTO [dbo].[Question_QST] ([Id], [Question], [Id_Difficulty])
    VALUES (343, N'Quel jeu met en avant des batailles multijoueurs asymétriques avec chasseurs et proies ?', 4);
END
SET IDENTITY_INSERT [dbo].[Question_QST] OFF;

INSERT INTO [dbo].[Answer_ANS] ([Id_Question], [Value], [Valid]) VALUES
    (343, N'Dead by Daylight', 1),
    (343, N'Evolve', 0),
    (343, N'Friday the 13th: The Game', 0),
    (343, N'Identity V', 0);

IF NOT EXISTS (SELECT 1 FROM [dbo].[QuestionTheme_QTH] WHERE Id_Question = 343 AND Id_Theme = @ThemeId)
BEGIN
    INSERT INTO [dbo].[QuestionTheme_QTH] ([Id_Question], [Id_Theme]) VALUES (343, @ThemeId);
END

-- Question 159
SET IDENTITY_INSERT [dbo].[Question_QST] ON;
IF NOT EXISTS (SELECT 1 FROM [dbo].[Question_QST] WHERE Id = 344)
BEGIN
    INSERT INTO [dbo].[Question_QST] ([Id], [Question], [Id_Difficulty])
    VALUES (344, N'Quel jeu de tir combine parkour, compétences et combats à grande vitesse ?', 4);
END
SET IDENTITY_INSERT [dbo].[Question_QST] OFF;

INSERT INTO [dbo].[Answer_ANS] ([Id_Question], [Value], [Valid]) VALUES
    (344, N'Titanfall 2', 1),
    (344, N'Mirror’s Edge Catalyst', 0),
    (344, N'Warframe', 0),
    (344, N'Doom Eternal', 0);

IF NOT EXISTS (SELECT 1 FROM [dbo].[QuestionTheme_QTH] WHERE Id_Question = 344 AND Id_Theme = @ThemeId)
BEGIN
    INSERT INTO [dbo].[QuestionTheme_QTH] ([Id_Question], [Id_Theme]) VALUES (344, @ThemeId);
END

-- Question 160
SET IDENTITY_INSERT [dbo].[Question_QST] ON;
IF NOT EXISTS (SELECT 1 FROM [dbo].[Question_QST] WHERE Id = 345)
BEGIN
    INSERT INTO [dbo].[Question_QST] ([Id], [Question], [Id_Difficulty])
    VALUES (345, N'Quel jeu de rôle offre des dialogues dynamiques, relations complexes et un système de factions ?', 4);
END
SET IDENTITY_INSERT [dbo].[Question_QST] OFF;

INSERT INTO [dbo].[Answer_ANS] ([Id_Question], [Value], [Valid]) VALUES
    (345, N'Divinity: Original Sin 2', 1),
    (345, N'Pillars of Eternity II', 0),
    (345, N'Baldur’s Gate 3', 0),
    (345, N'Dragon Age: Origins', 0);

IF NOT EXISTS (SELECT 1 FROM [dbo].[QuestionTheme_QTH] WHERE Id_Question = 345 AND Id_Theme = @ThemeId)
BEGIN
    INSERT INTO [dbo].[QuestionTheme_QTH] ([Id_Question], [Id_Theme]) VALUES (345, @ThemeId);
END

-- Question 161
SET IDENTITY_INSERT [dbo].[Question_QST] ON;
IF NOT EXISTS (SELECT 1 FROM [dbo].[Question_QST] WHERE Id = 346)
BEGIN
    INSERT INTO [dbo].[Question_QST] ([Id], [Question], [Id_Difficulty])
    VALUES (346, N'Quel jeu de simulation militaire se concentre sur le contrôle de véhicules blindés et la stratégie tactique ?', 4);
END
SET IDENTITY_INSERT [dbo].[Question_QST] OFF;

INSERT INTO [dbo].[Answer_ANS] ([Id_Question], [Value], [Valid]) VALUES
    (346, N'Arma 3', 1),
    (346, N'War Thunder', 0),
    (346, N'World of Tanks', 0),
    (346, N'Steel Division 2', 0);

IF NOT EXISTS (SELECT 1 FROM [dbo].[QuestionTheme_QTH] WHERE Id_Question = 346 AND Id_Theme = @ThemeId)
BEGIN
    INSERT INTO [dbo].[QuestionTheme_QTH] ([Id_Question], [Id_Theme]) VALUES (346, @ThemeId);
END

-- Question 162
SET IDENTITY_INSERT [dbo].[Question_QST] ON;
IF NOT EXISTS (SELECT 1 FROM [dbo].[Question_QST] WHERE Id = 347)
BEGIN
    INSERT INTO [dbo].[Question_QST] ([Id], [Question], [Id_Difficulty])
    VALUES (347, N'Quel jeu implique l’exploration d’un multivers avec des mécaniques de réalité altérée et puzzles ?', 4);
END
SET IDENTITY_INSERT [dbo].[Question_QST] OFF;

INSERT INTO [dbo].[Answer_ANS] ([Id_Question], [Value], [Valid]) VALUES
    (347, N'The Stanley Parable', 0),
    (347, N'Control', 0),
    (347, N'Outer Wilds', 1),
    (347, N'Antichamber', 0);

IF NOT EXISTS (SELECT 1 FROM [dbo].[QuestionTheme_QTH] WHERE Id_Question = 347 AND Id_Theme = @ThemeId)
BEGIN
    INSERT INTO [dbo].[QuestionTheme_QTH] ([Id_Question], [Id_Theme]) VALUES (347, @ThemeId);
END

-- Question 163
SET IDENTITY_INSERT [dbo].[Question_QST] ON;
IF NOT EXISTS (SELECT 1 FROM [dbo].[Question_QST] WHERE Id = 348)
BEGIN
    INSERT INTO [dbo].[Question_QST] ([Id], [Question], [Id_Difficulty])
    VALUES (348, N'Quel jeu de tir stratégique nécessite la coordination d’équipes et le contrôle d’objectifs ?', 4);
END
SET IDENTITY_INSERT [dbo].[Question_QST] OFF;

INSERT INTO [dbo].[Answer_ANS] ([Id_Question], [Value], [Valid]) VALUES
    (348, N'Rainbow Six Siege', 1),
    (348, N'Counter-Strike: Global Offensive', 0),
    (348, N'Valorant', 0),
    (348, N'Overwatch', 0);

IF NOT EXISTS (SELECT 1 FROM [dbo].[QuestionTheme_QTH] WHERE Id_Question = 348 AND Id_Theme = @ThemeId)
BEGIN
    INSERT INTO [dbo].[QuestionTheme_QTH] ([Id_Question], [Id_Theme]) VALUES (348, @ThemeId);
END

-- Question 164
SET IDENTITY_INSERT [dbo].[Question_QST] ON;
IF NOT EXISTS (SELECT 1 FROM [dbo].[Question_QST] WHERE Id = 349)
BEGIN
    INSERT INTO [dbo].[Question_QST] ([Id], [Question], [Id_Difficulty])
    VALUES (349, N'Quel jeu de RPG occidental propose un monde ouvert avec une narration ramifiée et des conséquences permanentes ?', 4);
END
SET IDENTITY_INSERT [dbo].[Question_QST] OFF;

INSERT INTO [dbo].[Answer_ANS] ([Id_Question], [Value], [Valid]) VALUES
    (349, N'The Witcher 3: Wild Hunt', 0),
    (349, N'Cyberpunk 2077', 0),
    (349, N'Divinity: Original Sin 2', 1),
    (349, N'Dragon Age: Inquisition', 0);

IF NOT EXISTS (SELECT 1 FROM [dbo].[QuestionTheme_QTH] WHERE Id_Question = 349 AND Id_Theme = @ThemeId)
BEGIN
    INSERT INTO [dbo].[QuestionTheme_QTH] ([Id_Question], [Id_Theme]) VALUES (349, @ThemeId);
END

-- Question 165
SET IDENTITY_INSERT [dbo].[Question_QST] ON;
IF NOT EXISTS (SELECT 1 FROM [dbo].[Question_QST] WHERE Id = 350)
BEGIN
    INSERT INTO [dbo].[Question_QST] ([Id], [Question], [Id_Difficulty])
    VALUES (350, N'Quel jeu de survie post-apocalyptique combine crafting, exploration et PvP hardcore ?', 4);
END
SET IDENTITY_INSERT [dbo].[Question_QST] OFF;

INSERT INTO [dbo].[Answer_ANS] ([Id_Question], [Value], [Valid]) VALUES
    (350, N'Rust', 1),
    (350, N'DayZ', 0),
    (350, N'Conan Exiles', 0),
    (350, N'ARK: Survival Evolved', 0);

IF NOT EXISTS (SELECT 1 FROM [dbo].[QuestionTheme_QTH] WHERE Id_Question = 350 AND Id_Theme = @ThemeId)
BEGIN
    INSERT INTO [dbo].[QuestionTheme_QTH] ([Id_Question], [Id_Theme]) VALUES (350, @ThemeId);
END

-- Question 166
SET IDENTITY_INSERT [dbo].[Question_QST] ON;
IF NOT EXISTS (SELECT 1 FROM [dbo].[Question_QST] WHERE Id = 351)
BEGIN
    INSERT INTO [dbo].[Question_QST] ([Id], [Question], [Id_Difficulty])
    VALUES (351, N'Quel jeu vidéo exige la maîtrise de mécaniques roguelike et la répétition pour progresser ?', 4);
END
SET IDENTITY_INSERT [dbo].[Question_QST] OFF;

INSERT INTO [dbo].[Answer_ANS] ([Id_Question], [Value], [Valid]) VALUES
    (351, N'Hades', 1),
    (351, N'Dead Cells', 0),
    (351, N'Spelunky 2', 0),
    (351, N'Enter the Gungeon', 0);

IF NOT EXISTS (SELECT 1 FROM [dbo].[QuestionTheme_QTH] WHERE Id_Question = 351 AND Id_Theme = @ThemeId)
BEGIN
    INSERT INTO [dbo].[QuestionTheme_QTH] ([Id_Question], [Id_Theme]) VALUES (351, @ThemeId);
END

-- Question 167
SET IDENTITY_INSERT [dbo].[Question_QST] ON;
IF NOT EXISTS (SELECT 1 FROM [dbo].[Question_QST] WHERE Id = 352)
BEGIN
    INSERT INTO [dbo].[Question_QST] ([Id], [Question], [Id_Difficulty])
    VALUES (352, N'Quel jeu de stratégie exige la gestion complexe de ressources et unités avec combats en temps réel ?', 4);
END
SET IDENTITY_INSERT [dbo].[Question_QST] OFF;

INSERT INTO [dbo].[Answer_ANS] ([Id_Question], [Value], [Valid]) VALUES
    (352, N'StarCraft II', 1),
    (352, N'Warcraft III', 0),
    (352, N'Age of Empires III', 0),
    (352, N'Command & Conquer 3', 0);

IF NOT EXISTS (SELECT 1 FROM [dbo].[QuestionTheme_QTH] WHERE Id_Question = 352 AND Id_Theme = @ThemeId)
BEGIN
    INSERT INTO [dbo].[QuestionTheme_QTH] ([Id_Question], [Id_Theme]) VALUES (352, @ThemeId);
END

-- Question 168
SET IDENTITY_INSERT [dbo].[Question_QST] ON;
IF NOT EXISTS (SELECT 1 FROM [dbo].[Question_QST] WHERE Id = 353)
BEGIN
    INSERT INTO [dbo].[Question_QST] ([Id], [Question], [Id_Difficulty])
    VALUES (353, N'Quel jeu combine exploration, plateformes et narration environnementale complexe ?', 4);
END
SET IDENTITY_INSERT [dbo].[Question_QST] OFF;

INSERT INTO [dbo].[Answer_ANS] ([Id_Question], [Value], [Valid]) VALUES
    (353, N'Hollow Knight', 0),
    (353, N'Ori and the Will of the Wisps', 1),
    (353, N'Celeste', 0),
    (353, N'Inside', 0);

IF NOT EXISTS (SELECT 1 FROM [dbo].[QuestionTheme_QTH] WHERE Id_Question = 353 AND Id_Theme = @ThemeId)
BEGIN
    INSERT INTO [dbo].[QuestionTheme_QTH] ([Id_Question], [Id_Theme]) VALUES (353, @ThemeId);
END

-- Question 169
SET IDENTITY_INSERT [dbo].[Question_QST] ON;
IF NOT EXISTS (SELECT 1 FROM [dbo].[Question_QST] WHERE Id = 354)
BEGIN
    INSERT INTO [dbo].[Question_QST] ([Id], [Question], [Id_Difficulty])
    VALUES (354, N'Quel jeu implique la collecte de héros et la gestion d’armées dans un univers médiéval-fantastique ?', 4);
END
SET IDENTITY_INSERT [dbo].[Question_QST] OFF;

INSERT INTO [dbo].[Answer_ANS] ([Id_Question], [Value], [Valid]) VALUES
    (354, N'Fire Emblem Heroes', 1),
    (354, N'AFK Arena', 0),
    (354, N'Summoners War', 0),
    (354, N'Epic Seven', 0);

IF NOT EXISTS (SELECT 1 FROM [dbo].[QuestionTheme_QTH] WHERE Id_Question = 354 AND Id_Theme = @ThemeId)
BEGIN
    INSERT INTO [dbo].[QuestionTheme_QTH] ([Id_Question], [Id_Theme]) VALUES (354, @ThemeId);
END

-- Question 170
SET IDENTITY_INSERT [dbo].[Question_QST] ON;
IF NOT EXISTS (SELECT 1 FROM [dbo].[Question_QST] WHERE Id = 355)
BEGIN
    INSERT INTO [dbo].[Question_QST] ([Id], [Question], [Id_Difficulty])
    VALUES (355, N'Quel jeu de tir compétitif nécessite la maîtrise du recoil, des cartes et des stratégies d’équipe ?', 4);
END
SET IDENTITY_INSERT [dbo].[Question_QST] OFF;

INSERT INTO [dbo].[Answer_ANS] ([Id_Question], [Value], [Valid]) VALUES
    (355, N'Counter-Strike: Global Offensive', 1),
    (355, N'Valorant', 0),
    (355, N'Rainbow Six Siege', 0),
    (355, N'Overwatch', 0);

IF NOT EXISTS (SELECT 1 FROM [dbo].[QuestionTheme_QTH] WHERE Id_Question = 355 AND Id_Theme = @ThemeId)
BEGIN
    INSERT INTO [dbo].[QuestionTheme_QTH] ([Id_Question], [Id_Theme]) VALUES (355, @ThemeId);
END

-- Question 171
SET IDENTITY_INSERT [dbo].[Question_QST] ON;
IF NOT EXISTS (SELECT 1 FROM [dbo].[Question_QST] WHERE Id = 356)
BEGIN
    INSERT INTO [dbo].[Question_QST] ([Id], [Question], [Id_Difficulty])
    VALUES (356, N'Quel jeu implique l’exploration spatiale, la gestion de ressources et la diplomatie avec d’autres civilisations ?', 4);
END
SET IDENTITY_INSERT [dbo].[Question_QST] OFF;

INSERT INTO [dbo].[Answer_ANS] ([Id_Question], [Value], [Valid]) VALUES
    (356, N'Elite Dangerous', 0),
    (356, N'No Man’s Sky', 0),
    (356, N'Star Citizen', 0),
    (356, N'Endless Space 2', 1);

IF NOT EXISTS (SELECT 1 FROM [dbo].[QuestionTheme_QTH] WHERE Id_Question = 356 AND Id_Theme = @ThemeId)
BEGIN
    INSERT INTO [dbo].[QuestionTheme_QTH] ([Id_Question], [Id_Theme]) VALUES (356, @ThemeId);
END

-- Question 172
SET IDENTITY_INSERT [dbo].[Question_QST] ON;
IF NOT EXISTS (SELECT 1 FROM [dbo].[Question_QST] WHERE Id = 357)
BEGIN
    INSERT INTO [dbo].[Question_QST] ([Id], [Question], [Id_Difficulty])
    VALUES (357, N'Quel jeu met en avant des combats de cartes avancés avec combos et stratégie à long terme ?', 4);
END
SET IDENTITY_INSERT [dbo].[Question_QST] OFF;

INSERT INTO [dbo].[Answer_ANS] ([Id_Question], [Value], [Valid]) VALUES
    (357, N'Slay the Spire', 1),
    (357, N'Hearthstone', 0),
    (357, N'Gwent', 0),
    (357, N'Legends of Runeterra', 0);

IF NOT EXISTS (SELECT 1 FROM [dbo].[QuestionTheme_QTH] WHERE Id_Question = 357 AND Id_Theme = @ThemeId)
BEGIN
    INSERT INTO [dbo].[QuestionTheme_QTH] ([Id_Question], [Id_Theme]) VALUES (357, @ThemeId);
END

-- Question 173
SET IDENTITY_INSERT [dbo].[Question_QST] ON;
IF NOT EXISTS (SELECT 1 FROM [dbo].[Question_QST] WHERE Id = 358)
BEGIN
    INSERT INTO [dbo].[Question_QST] ([Id], [Question], [Id_Difficulty])
    VALUES (358, N'Quel jeu de rôle japonais implique des combats stratégiques, invocations et scénario complexe ?', 4);
END
SET IDENTITY_INSERT [dbo].[Question_QST] OFF;

INSERT INTO [dbo].[Answer_ANS] ([Id_Question], [Value], [Valid]) VALUES
    (358, N'Final Fantasy Tactics', 1),
    (358, N'Disgaea 5', 0),
    (358, N'Tactics Ogre', 0),
    (358, N'Fire Emblem: Three Houses', 0);

IF NOT EXISTS (SELECT 1 FROM [dbo].[QuestionTheme_QTH] WHERE Id_Question = 358 AND Id_Theme = @ThemeId)
BEGIN
    INSERT INTO [dbo].[QuestionTheme_QTH] ([Id_Question], [Id_Theme]) VALUES (358, @ThemeId);
END

-- Question 174
SET IDENTITY_INSERT [dbo].[Question_QST] ON;
IF NOT EXISTS (SELECT 1 FROM [dbo].[Question_QST] WHERE Id = 359)
BEGIN
    INSERT INTO [dbo].[Question_QST] ([Id], [Question], [Id_Difficulty])
    VALUES (359, N'Quel jeu exige de gérer une colonie sur une planète hostile avec survie et ressources limitées ?', 4);
END
SET IDENTITY_INSERT [dbo].[Question_QST] OFF;

INSERT INTO [dbo].[Answer_ANS] ([Id_Question], [Value], [Valid]) VALUES
    (359, N'RimWorld', 1),
    (359, N'Surviving Mars', 0),
    (359, N'Factorio', 0),
    (359, N'Oxygen Not Included', 0);

IF NOT EXISTS (SELECT 1 FROM [dbo].[QuestionTheme_QTH] WHERE Id_Question = 359 AND Id_Theme = @ThemeId)
BEGIN
    INSERT INTO [dbo].[QuestionTheme_QTH] ([Id_Question], [Id_Theme]) VALUES (359, @ThemeId);
END

-- Question 175
SET IDENTITY_INSERT [dbo].[Question_QST] ON;
IF NOT EXISTS (SELECT 1 FROM [dbo].[Question_QST] WHERE Id = 360)
BEGIN
    INSERT INTO [dbo].[Question_QST] ([Id], [Question], [Id_Difficulty])
    VALUES (360, N'Quel jeu de stratégie militaire propose des campagnes historiques avec un réalisme poussé ?', 4);
END
SET IDENTITY_INSERT [dbo].[Question_QST] OFF;

INSERT INTO [dbo].[Answer_ANS] ([Id_Question], [Value], [Valid]) VALUES
    (360, N'Total War: Three Kingdoms', 1),
    (360, N'Total War: Shogun 2', 0),
    (360, N'Steel Division 2', 0),
    (360, N'Company of Heroes 2', 0);

IF NOT EXISTS (SELECT 1 FROM [dbo].[QuestionTheme_QTH] WHERE Id_Question = 360 AND Id_Theme = @ThemeId)
BEGIN
    INSERT INTO [dbo].[QuestionTheme_QTH] ([Id_Question], [Id_Theme]) VALUES (360, @ThemeId);
END

-- Question 176
SET IDENTITY_INSERT [dbo].[Question_QST] ON;
IF NOT EXISTS (SELECT 1 FROM [dbo].[Question_QST] WHERE Id = 361)
BEGIN
    INSERT INTO [dbo].[Question_QST] ([Id], [Question], [Id_Difficulty])
    VALUES (361, N'Quel jeu met en scène des mécaniques roguelite avec combats et progression procédurale ?', 4);
END
SET IDENTITY_INSERT [dbo].[Question_QST] OFF;

INSERT INTO [dbo].[Answer_ANS] ([Id_Question], [Value], [Valid]) VALUES
    (361, N'Hades', 1),
    (361, N'Dead Cells', 0),
    (361, N'Enter the Gungeon', 0),
    (361, N'Slay the Spire', 0);

IF NOT EXISTS (SELECT 1 FROM [dbo].[QuestionTheme_QTH] WHERE Id_Question = 361 AND Id_Theme = @ThemeId)
BEGIN
    INSERT INTO [dbo].[QuestionTheme_QTH] ([Id_Question], [Id_Theme]) VALUES (361, @ThemeId);
END

-- Question 177
SET IDENTITY_INSERT [dbo].[Question_QST] ON;
IF NOT EXISTS (SELECT 1 FROM [dbo].[Question_QST] WHERE Id = 362)
BEGIN
    INSERT INTO [dbo].[Question_QST] ([Id], [Question], [Id_Difficulty])
    VALUES (362, N'Quel jeu implique des puzzles complexes et un gameplay basé sur la physique dans un monde ouvert ?', 4);
END
SET IDENTITY_INSERT [dbo].[Question_QST] OFF;

INSERT INTO [dbo].[Answer_ANS] ([Id_Question], [Value], [Valid]) VALUES
    (362, N'The Witness', 0),
    (362, N'Portal 2', 0),
    (362, N'The Talos Principle', 1),
    (362, N'Braid', 0);

IF NOT EXISTS (SELECT 1 FROM [dbo].[QuestionTheme_QTH] WHERE Id_Question = 362 AND Id_Theme = @ThemeId)
BEGIN
    INSERT INTO [dbo].[QuestionTheme_QTH] ([Id_Question], [Id_Theme]) VALUES (362, @ThemeId);
END

-- Question 178
SET IDENTITY_INSERT [dbo].[Question_QST] ON;
IF NOT EXISTS (SELECT 1 FROM [dbo].[Question_QST] WHERE Id = 363)
BEGIN
    INSERT INTO [dbo].[Question_QST] ([Id], [Question], [Id_Difficulty])
    VALUES (363, N'Quel jeu de tir tactique est célèbre pour son réalisme et ses cartes détaillées ?', 4);
END
SET IDENTITY_INSERT [dbo].[Question_QST] OFF;

INSERT INTO [dbo].[Answer_ANS] ([Id_Question], [Value], [Valid]) VALUES
    (363, N'Arma 3', 1),
    (363, N'Squad', 0),
    (363, N'Insurgency', 0),
    (363, N'Escape from Tarkov', 0);

IF NOT EXISTS (SELECT 1 FROM [dbo].[QuestionTheme_QTH] WHERE Id_Question = 363 AND Id_Theme = @ThemeId)
BEGIN
    INSERT INTO [dbo].[QuestionTheme_QTH] ([Id_Question], [Id_Theme]) VALUES (363, @ThemeId);
END

-- Question 179
SET IDENTITY_INSERT [dbo].[Question_QST] ON;
IF NOT EXISTS (SELECT 1 FROM [dbo].[Question_QST] WHERE Id = 364)
BEGIN
    INSERT INTO [dbo].[Question_QST] ([Id], [Question], [Id_Difficulty])
    VALUES (364, N'Quel jeu combine exploration, combat et narration dans un monde dystopique ?', 4);
END
SET IDENTITY_INSERT [dbo].[Question_QST] OFF;

INSERT INTO [dbo].[Answer_ANS] ([Id_Question], [Value], [Valid]) VALUES
    (364, N'Cyberpunk 2077', 0),
    (364, N'Deus Ex: Mankind Divided', 1),
    (364, N'Horizon Zero Dawn', 0),
    (364, N'The Outer Worlds', 0);

IF NOT EXISTS (SELECT 1 FROM [dbo].[QuestionTheme_QTH] WHERE Id_Question = 364 AND Id_Theme = @ThemeId)
BEGIN
    INSERT INTO [dbo].[QuestionTheme_QTH] ([Id_Question], [Id_Theme]) VALUES (364, @ThemeId);
END

-- Question 180
SET IDENTITY_INSERT [dbo].[Question_QST] ON;
IF NOT EXISTS (SELECT 1 FROM [dbo].[Question_QST] WHERE Id = 365)
BEGIN
    INSERT INTO [dbo].[Question_QST] ([Id], [Question], [Id_Difficulty])
    VALUES (365, N'Quel jeu de stratégie complexe exige la planification sur plusieurs tours et ressources ?', 4);
END
SET IDENTITY_INSERT [dbo].[Question_QST] OFF;

INSERT INTO [dbo].[Answer_ANS] ([Id_Question], [Value], [Valid]) VALUES
    (365, N'Civilization VI', 1),
    (365, N'Europa Universalis IV', 0),
    (365, N'Total War: Warhammer II', 0),
    (365, N'Endless Legend', 0);

IF NOT EXISTS (SELECT 1 FROM [dbo].[QuestionTheme_QTH] WHERE Id_Question = 365 AND Id_Theme = @ThemeId)
BEGIN
    INSERT INTO [dbo].[QuestionTheme_QTH] ([Id_Question], [Id_Theme]) VALUES (365, @ThemeId);
END

-- Question 181
SET IDENTITY_INSERT [dbo].[Question_QST] ON;
IF NOT EXISTS (SELECT 1 FROM [dbo].[Question_QST] WHERE Id = 366)
BEGIN
    INSERT INTO [dbo].[Question_QST] ([Id], [Question], [Id_Difficulty])
    VALUES (366, N'Quel jeu vidéo exige une coordination extrême et un timing parfait pour progresser ?', 4);
END
SET IDENTITY_INSERT [dbo].[Question_QST] OFF;

INSERT INTO [dbo].[Answer_ANS] ([Id_Question], [Value], [Valid]) VALUES
    (366, N'Celeste', 0),
    (366, N'Hollow Knight', 0),
    (366, N'Cuphead', 0),
    (366, N'Super Meat Boy', 1);

IF NOT EXISTS (SELECT 1 FROM [dbo].[QuestionTheme_QTH] WHERE Id_Question = 366 AND Id_Theme = @ThemeId)
BEGIN
    INSERT INTO [dbo].[QuestionTheme_QTH] ([Id_Question], [Id_Theme]) VALUES (366, @ThemeId);
END

-- Question 182
SET IDENTITY_INSERT [dbo].[Question_QST] ON;
IF NOT EXISTS (SELECT 1 FROM [dbo].[Question_QST] WHERE Id = 367)
BEGIN
    INSERT INTO [dbo].[Question_QST] ([Id], [Question], [Id_Difficulty])
    VALUES (367, N'Quel jeu implique la survie dans un monde généré procéduralement avec gestion de faim et stress ?', 4);
END
SET IDENTITY_INSERT [dbo].[Question_QST] OFF;

INSERT INTO [dbo].[Answer_ANS] ([Id_Question], [Value], [Valid]) VALUES
    (367, N'Project Zomboid', 1),
    (367, N'The Long Dark', 0),
    (367, N'Don''t Starve', 0),
    (367, N'RimWorld', 0);

IF NOT EXISTS (SELECT 1 FROM [dbo].[QuestionTheme_QTH] WHERE Id_Question = 367 AND Id_Theme = @ThemeId)
BEGIN
    INSERT INTO [dbo].[QuestionTheme_QTH] ([Id_Question], [Id_Theme]) VALUES (367, @ThemeId);
END

-- Question 183
SET IDENTITY_INSERT [dbo].[Question_QST] ON;
IF NOT EXISTS (SELECT 1 FROM [dbo].[Question_QST] WHERE Id = 368)
BEGIN
    INSERT INTO [dbo].[Question_QST] ([Id], [Question], [Id_Difficulty])
    VALUES (368, N'Quel jeu de rôle occidental combine monde ouvert, choix moraux et combats tactiques ?', 4);
END
SET IDENTITY_INSERT [dbo].[Question_QST] OFF;

INSERT INTO [dbo].[Answer_ANS] ([Id_Question], [Value], [Valid]) VALUES
    (368, N'Divinity: Original Sin 2', 1),
    (368, N'The Witcher 3', 0),
    (368, N'Pillars of Eternity II', 0),
    (368, N'Dragon Age: Inquisition', 0);

IF NOT EXISTS (SELECT 1 FROM [dbo].[QuestionTheme_QTH] WHERE Id_Question = 368 AND Id_Theme = @ThemeId)
BEGIN
    INSERT INTO [dbo].[QuestionTheme_QTH] ([Id_Question], [Id_Theme]) VALUES (368, @ThemeId);
END

-- Question 184
SET IDENTITY_INSERT [dbo].[Question_QST] ON;
IF NOT EXISTS (SELECT 1 FROM [dbo].[Question_QST] WHERE Id = 369)
BEGIN
    INSERT INTO [dbo].[Question_QST] ([Id], [Question], [Id_Difficulty])
    VALUES (369, N'Quel jeu met en avant la stratégie, la diplomatie et la conquête galactique ?', 4);
END
SET IDENTITY_INSERT [dbo].[Question_QST] OFF;

INSERT INTO [dbo].[Answer_ANS] ([Id_Question], [Value], [Valid]) VALUES
    (369, N'Stellaris', 1),
    (369, N'Endless Space 2', 0),
    (369, N'Master of Orion', 0),
    (369, N'Galactic Civilizations III', 0);

IF NOT EXISTS (SELECT 1 FROM [dbo].[QuestionTheme_QTH] WHERE Id_Question = 369 AND Id_Theme = @ThemeId)
BEGIN
    INSERT INTO [dbo].[QuestionTheme_QTH] ([Id_Question], [Id_Theme]) VALUES (369, @ThemeId);
END

-- Question 185
SET IDENTITY_INSERT [dbo].[Question_QST] ON;
IF NOT EXISTS (SELECT 1 FROM [dbo].[Question_QST] WHERE Id = 370)
BEGIN
    INSERT INTO [dbo].[Question_QST] ([Id], [Question], [Id_Difficulty])
    VALUES (370, N'Quel jeu implique la gestion de héros, ressources et batailles tactiques sur des cartes ?', 4);
END
SET IDENTITY_INSERT [dbo].[Question_QST] OFF;

INSERT INTO [dbo].[Answer_ANS] ([Id_Question], [Value], [Valid]) VALUES
    (370, N'Fire Emblem Heroes', 1),
    (370, N'AFK Arena', 0),
    (370, N'Summoners War', 0),
    (370, N'Epic Seven', 0);

IF NOT EXISTS (SELECT 1 FROM [dbo].[QuestionTheme_QTH] WHERE Id_Question = 370 AND Id_Theme = @ThemeId)
BEGIN
    INSERT INTO [dbo].[QuestionTheme_QTH] ([Id_Question], [Id_Theme]) VALUES (370, @ThemeId);
END

-- Question 186
SET IDENTITY_INSERT [dbo].[Question_QST] ON;
IF NOT EXISTS (SELECT 1 FROM [dbo].[Question_QST] WHERE Id = 371)
BEGIN
    INSERT INTO [dbo].[Question_QST] ([Id], [Question], [Id_Difficulty])
    VALUES (371, N'Quel jeu vidéo exige la maîtrise de mécaniques de combat roguelike et des compétences variées ?', 4);
END
SET IDENTITY_INSERT [dbo].[Question_QST] OFF;

INSERT INTO [dbo].[Answer_ANS] ([Id_Question], [Value], [Valid]) VALUES
    (371, N'Dead Cells', 1),
    (371, N'Hades', 0),
    (371, N'Enter the Gungeon', 0),
    (371, N'Rogue Legacy', 0);

IF NOT EXISTS (SELECT 1 FROM [dbo].[QuestionTheme_QTH] WHERE Id_Question = 371 AND Id_Theme = @ThemeId)
BEGIN
    INSERT INTO [dbo].[QuestionTheme_QTH] ([Id_Question], [Id_Theme]) VALUES (371, @ThemeId);
END

-- Question 187
SET IDENTITY_INSERT [dbo].[Question_QST] ON;
IF NOT EXISTS (SELECT 1 FROM [dbo].[Question_QST] WHERE Id = 372)
BEGIN
    INSERT INTO [dbo].[Question_QST] ([Id], [Question], [Id_Difficulty])
    VALUES (372, N'Quel jeu combine simulation, exploration spatiale et combat multijoueur massif ?', 4);
END
SET IDENTITY_INSERT [dbo].[Question_QST] OFF;

INSERT INTO [dbo].[Answer_ANS] ([Id_Question], [Value], [Valid]) VALUES
    (372, N'Star Citizen', 1),
    (372, N'Elite Dangerous', 0),
    (372, N'No Man’s Sky', 0),
    (372, N'EVE Online', 0);

IF NOT EXISTS (SELECT 1 FROM [dbo].[QuestionTheme_QTH] WHERE Id_Question = 372 AND Id_Theme = @ThemeId)
BEGIN
    INSERT INTO [dbo].[QuestionTheme_QTH] ([Id_Question], [Id_Theme]) VALUES (372, @ThemeId);
END

-- Question 188
SET IDENTITY_INSERT [dbo].[Question_QST] ON;
IF NOT EXISTS (SELECT 1 FROM [dbo].[Question_QST] WHERE Id = 373)
BEGIN
    INSERT INTO [dbo].[Question_QST] ([Id], [Question], [Id_Difficulty])
    VALUES (373, N'Quel jeu de stratégie fantastique exige la gestion de factions, ressources et magie complexe ?', 4);
END
SET IDENTITY_INSERT [dbo].[Question_QST] OFF;

INSERT INTO [dbo].[Answer_ANS] ([Id_Question], [Value], [Valid]) VALUES
    (373, N'Total War: Warhammer II', 1),
    (373, N'Age of Wonders III', 0),
    (373, N'Heroes of Might & Magic III', 0),
    (373, N'Endless Legend', 0);

IF NOT EXISTS (SELECT 1 FROM [dbo].[QuestionTheme_QTH] WHERE Id_Question = 373 AND Id_Theme = @ThemeId)
BEGIN
    INSERT INTO [dbo].[QuestionTheme_QTH] ([Id_Question], [Id_Theme]) VALUES (373, @ThemeId);
END

-- Question 189
SET IDENTITY_INSERT [dbo].[Question_QST] ON;
IF NOT EXISTS (SELECT 1 FROM [dbo].[Question_QST] WHERE Id = 374)
BEGIN
    INSERT INTO [dbo].[Question_QST] ([Id], [Question], [Id_Difficulty])
    VALUES (374, N'Quel jeu implique un monde ouvert, parkour et combats acrobatiques dans une ville futuriste ?', 4);
END
SET IDENTITY_INSERT [dbo].[Question_QST] OFF;

INSERT INTO [dbo].[Answer_ANS] ([Id_Question], [Value], [Valid]) VALUES
    (374, N'Mirror’s Edge Catalyst', 1),
    (374, N'Cyberpunk 2077', 0),
    (374, N'Dying Light', 0),
    (374, N'Assassin''s Creed Syndicate', 0);

IF NOT EXISTS (SELECT 1 FROM [dbo].[QuestionTheme_QTH] WHERE Id_Question = 374 AND Id_Theme = @ThemeId)
BEGIN
    INSERT INTO [dbo].[QuestionTheme_QTH] ([Id_Question], [Id_Theme]) VALUES (374, @ThemeId);
END

-- ======================
-- Questions / Réponses - Thème : Histoire (197 questions)
-- ======================
SET @ThemeId = (SELECT Id FROM [dbo].[Theme_THM] WHERE Label = N'Histoire');

-- Question 1
SET IDENTITY_INSERT [dbo].[Question_QST] ON;
IF NOT EXISTS (SELECT 1 FROM [dbo].[Question_QST] WHERE Id = 375)
BEGIN
    INSERT INTO [dbo].[Question_QST] ([Id], [Question], [Id_Difficulty])
    VALUES (375, N'Qui était le premier empereur de France ?', 1);
END
SET IDENTITY_INSERT [dbo].[Question_QST] OFF;

INSERT INTO [dbo].[Answer_ANS] ([Id_Question], [Value], [Valid]) VALUES
    (375, N'Louis XIV', 0),
    (375, N'Napoléon Bonaparte', 1),
    (375, N'Charlemagne', 0),
    (375, N'François Ier', 0);

IF NOT EXISTS (SELECT 1 FROM [dbo].[QuestionTheme_QTH] WHERE Id_Question = 375 AND Id_Theme = @ThemeId)
BEGIN
    INSERT INTO [dbo].[QuestionTheme_QTH] ([Id_Question], [Id_Theme]) VALUES (375, @ThemeId);
END

-- Question 2
SET IDENTITY_INSERT [dbo].[Question_QST] ON;
IF NOT EXISTS (SELECT 1 FROM [dbo].[Question_QST] WHERE Id = 376)
BEGIN
    INSERT INTO [dbo].[Question_QST] ([Id], [Question], [Id_Difficulty])
    VALUES (376, N'En quelle année a eu lieu la Révolution française ?', 1);
END
SET IDENTITY_INSERT [dbo].[Question_QST] OFF;

INSERT INTO [dbo].[Answer_ANS] ([Id_Question], [Value], [Valid]) VALUES
    (376, N'1789', 1),
    (376, N'1799', 0),
    (376, N'1815', 0),
    (376, N'1848', 0);

IF NOT EXISTS (SELECT 1 FROM [dbo].[QuestionTheme_QTH] WHERE Id_Question = 376 AND Id_Theme = @ThemeId)
BEGIN
    INSERT INTO [dbo].[QuestionTheme_QTH] ([Id_Question], [Id_Theme]) VALUES (376, @ThemeId);
END

-- Question 3
SET IDENTITY_INSERT [dbo].[Question_QST] ON;
IF NOT EXISTS (SELECT 1 FROM [dbo].[Question_QST] WHERE Id = 377)
BEGIN
    INSERT INTO [dbo].[Question_QST] ([Id], [Question], [Id_Difficulty])
    VALUES (377, N'Qui était le président des États-Unis pendant la Seconde Guerre mondiale ?', 1);
END
SET IDENTITY_INSERT [dbo].[Question_QST] OFF;

INSERT INTO [dbo].[Answer_ANS] ([Id_Question], [Value], [Valid]) VALUES
    (377, N'Abraham Lincoln', 0),
    (377, N'Franklin D. Roosevelt', 1),
    (377, N'John F. Kennedy', 0),
    (377, N'Harry Truman', 0);

IF NOT EXISTS (SELECT 1 FROM [dbo].[QuestionTheme_QTH] WHERE Id_Question = 377 AND Id_Theme = @ThemeId)
BEGIN
    INSERT INTO [dbo].[QuestionTheme_QTH] ([Id_Question], [Id_Theme]) VALUES (377, @ThemeId);
END

-- Question 4
SET IDENTITY_INSERT [dbo].[Question_QST] ON;
IF NOT EXISTS (SELECT 1 FROM [dbo].[Question_QST] WHERE Id = 378)
BEGIN
    INSERT INTO [dbo].[Question_QST] ([Id], [Question], [Id_Difficulty])
    VALUES (378, N'Quel pays a construit les pyramides de Gizeh ?', 1);
END
SET IDENTITY_INSERT [dbo].[Question_QST] OFF;

INSERT INTO [dbo].[Answer_ANS] ([Id_Question], [Value], [Valid]) VALUES
    (378, N'Grèce', 0),
    (378, N'Égypte', 1),
    (378, N'Mésopotamie', 0),
    (378, N'Rome', 0);

IF NOT EXISTS (SELECT 1 FROM [dbo].[QuestionTheme_QTH] WHERE Id_Question = 378 AND Id_Theme = @ThemeId)
BEGIN
    INSERT INTO [dbo].[QuestionTheme_QTH] ([Id_Question], [Id_Theme]) VALUES (378, @ThemeId);
END

-- Question 5
SET IDENTITY_INSERT [dbo].[Question_QST] ON;
IF NOT EXISTS (SELECT 1 FROM [dbo].[Question_QST] WHERE Id = 379)
BEGIN
    INSERT INTO [dbo].[Question_QST] ([Id], [Question], [Id_Difficulty])
    VALUES (379, N'Qui a découvert l''Amérique en 1492 (pour l''Europe) ?', 1);
END
SET IDENTITY_INSERT [dbo].[Question_QST] OFF;

INSERT INTO [dbo].[Answer_ANS] ([Id_Question], [Value], [Valid]) VALUES
    (379, N'Vasco de Gama', 0),
    (379, N'Christophe Colomb', 1),
    (379, N'Magellan', 0),
    (379, N'Marco Polo', 0);

IF NOT EXISTS (SELECT 1 FROM [dbo].[QuestionTheme_QTH] WHERE Id_Question = 379 AND Id_Theme = @ThemeId)
BEGIN
    INSERT INTO [dbo].[QuestionTheme_QTH] ([Id_Question], [Id_Theme]) VALUES (379, @ThemeId);
END

-- Question 6
SET IDENTITY_INSERT [dbo].[Question_QST] ON;
IF NOT EXISTS (SELECT 1 FROM [dbo].[Question_QST] WHERE Id = 380)
BEGIN
    INSERT INTO [dbo].[Question_QST] ([Id], [Question], [Id_Difficulty])
    VALUES (380, N'Quelle muraille fut construite pour protéger la Chine des invasions ?', 1);
END
SET IDENTITY_INSERT [dbo].[Question_QST] OFF;

INSERT INTO [dbo].[Answer_ANS] ([Id_Question], [Value], [Valid]) VALUES
    (380, N'Muraille de Berlin', 0),
    (380, N'Grande Muraille de Chine', 1),
    (380, N'Muraille Romaine', 0),
    (380, N'Muraille Inca', 0);

IF NOT EXISTS (SELECT 1 FROM [dbo].[QuestionTheme_QTH] WHERE Id_Question = 380 AND Id_Theme = @ThemeId)
BEGIN
    INSERT INTO [dbo].[QuestionTheme_QTH] ([Id_Question], [Id_Theme]) VALUES (380, @ThemeId);
END

-- Question 7
SET IDENTITY_INSERT [dbo].[Question_QST] ON;
IF NOT EXISTS (SELECT 1 FROM [dbo].[Question_QST] WHERE Id = 381)
BEGIN
    INSERT INTO [dbo].[Question_QST] ([Id], [Question], [Id_Difficulty])
    VALUES (381, N'Quel roi est surnommé le Roi-Soleil ?', 1);
END
SET IDENTITY_INSERT [dbo].[Question_QST] OFF;

INSERT INTO [dbo].[Answer_ANS] ([Id_Question], [Value], [Valid]) VALUES
    (381, N'Louis XIII', 0),
    (381, N'Louis XIV', 1),
    (381, N'Louis XV', 0),
    (381, N'Louis XVI', 0);

IF NOT EXISTS (SELECT 1 FROM [dbo].[QuestionTheme_QTH] WHERE Id_Question = 381 AND Id_Theme = @ThemeId)
BEGIN
    INSERT INTO [dbo].[QuestionTheme_QTH] ([Id_Question], [Id_Theme]) VALUES (381, @ThemeId);
END

-- Question 8
SET IDENTITY_INSERT [dbo].[Question_QST] ON;
IF NOT EXISTS (SELECT 1 FROM [dbo].[Question_QST] WHERE Id = 382)
BEGIN
    INSERT INTO [dbo].[Question_QST] ([Id], [Question], [Id_Difficulty])
    VALUES (382, N'Quel événement marque le début du Moyen Âge (476) ?', 1);
END
SET IDENTITY_INSERT [dbo].[Question_QST] OFF;

INSERT INTO [dbo].[Answer_ANS] ([Id_Question], [Value], [Valid]) VALUES
    (382, N'Chute de Rome', 1),
    (382, N'Découverte de l''Amérique', 0),
    (382, N'Guerre de Cent Ans', 0),
    (382, N'Croisades', 0);

IF NOT EXISTS (SELECT 1 FROM [dbo].[QuestionTheme_QTH] WHERE Id_Question = 382 AND Id_Theme = @ThemeId)
BEGIN
    INSERT INTO [dbo].[QuestionTheme_QTH] ([Id_Question], [Id_Theme]) VALUES (382, @ThemeId);
END

-- Question 9
SET IDENTITY_INSERT [dbo].[Question_QST] ON;
IF NOT EXISTS (SELECT 1 FROM [dbo].[Question_QST] WHERE Id = 383)
BEGIN
    INSERT INTO [dbo].[Question_QST] ([Id], [Question], [Id_Difficulty])
    VALUES (383, N'Quel était le surnom de Jeanne d’Arc ?', 1);
END
SET IDENTITY_INSERT [dbo].[Question_QST] OFF;

INSERT INTO [dbo].[Answer_ANS] ([Id_Question], [Value], [Valid]) VALUES
    (383, N'La Vierge d’Orléans', 1),
    (383, N'La Dame de Fer', 0),
    (383, N'La Louve de France', 0),
    (383, N'La Sainte Guerrière', 0);

IF NOT EXISTS (SELECT 1 FROM [dbo].[QuestionTheme_QTH] WHERE Id_Question = 383 AND Id_Theme = @ThemeId)
BEGIN
    INSERT INTO [dbo].[QuestionTheme_QTH] ([Id_Question], [Id_Theme]) VALUES (383, @ThemeId);
END

-- Question 10
SET IDENTITY_INSERT [dbo].[Question_QST] ON;
IF NOT EXISTS (SELECT 1 FROM [dbo].[Question_QST] WHERE Id = 384)
BEGIN
    INSERT INTO [dbo].[Question_QST] ([Id], [Question], [Id_Difficulty])
    VALUES (384, N'Qui était le dictateur allemand pendant la Seconde Guerre mondiale ?', 1);
END
SET IDENTITY_INSERT [dbo].[Question_QST] OFF;

INSERT INTO [dbo].[Answer_ANS] ([Id_Question], [Value], [Valid]) VALUES
    (384, N'Mussolini', 0),
    (384, N'Hitler', 1),
    (384, N'Staline', 0),
    (384, N'Franco', 0);

IF NOT EXISTS (SELECT 1 FROM [dbo].[QuestionTheme_QTH] WHERE Id_Question = 384 AND Id_Theme = @ThemeId)
BEGIN
    INSERT INTO [dbo].[QuestionTheme_QTH] ([Id_Question], [Id_Theme]) VALUES (384, @ThemeId);
END

-- Question 11
SET IDENTITY_INSERT [dbo].[Question_QST] ON;
IF NOT EXISTS (SELECT 1 FROM [dbo].[Question_QST] WHERE Id = 385)
BEGIN
    INSERT INTO [dbo].[Question_QST] ([Id], [Question], [Id_Difficulty])
    VALUES (385, N'Quelle est la capitale de l’Empire romain ?', 1);
END
SET IDENTITY_INSERT [dbo].[Question_QST] OFF;

INSERT INTO [dbo].[Answer_ANS] ([Id_Question], [Value], [Valid]) VALUES
    (385, N'Rome', 1),
    (385, N'Athènes', 0),
    (385, N'Constantinople', 0),
    (385, N'Alexandrie', 0);

IF NOT EXISTS (SELECT 1 FROM [dbo].[QuestionTheme_QTH] WHERE Id_Question = 385 AND Id_Theme = @ThemeId)
BEGIN
    INSERT INTO [dbo].[QuestionTheme_QTH] ([Id_Question], [Id_Theme]) VALUES (385, @ThemeId);
END

-- Question 12
SET IDENTITY_INSERT [dbo].[Question_QST] ON;
IF NOT EXISTS (SELECT 1 FROM [dbo].[Question_QST] WHERE Id = 386)
BEGIN
    INSERT INTO [dbo].[Question_QST] ([Id], [Question], [Id_Difficulty])
    VALUES (386, N'Quelle guerre dura de 1914 à 1918 ?', 1);
END
SET IDENTITY_INSERT [dbo].[Question_QST] OFF;

INSERT INTO [dbo].[Answer_ANS] ([Id_Question], [Value], [Valid]) VALUES
    (386, N'Guerre de Sécession', 0),
    (386, N'Première Guerre mondiale', 1),
    (386, N'Seconde Guerre mondiale', 0),
    (386, N'Guerre froide', 0);

IF NOT EXISTS (SELECT 1 FROM [dbo].[QuestionTheme_QTH] WHERE Id_Question = 386 AND Id_Theme = @ThemeId)
BEGIN
    INSERT INTO [dbo].[QuestionTheme_QTH] ([Id_Question], [Id_Theme]) VALUES (386, @ThemeId);
END

-- Question 13
SET IDENTITY_INSERT [dbo].[Question_QST] ON;
IF NOT EXISTS (SELECT 1 FROM [dbo].[Question_QST] WHERE Id = 387)
BEGIN
    INSERT INTO [dbo].[Question_QST] ([Id], [Question], [Id_Difficulty])
    VALUES (387, N'En quelle année l’homme a-t-il marché sur la Lune ?', 1);
END
SET IDENTITY_INSERT [dbo].[Question_QST] OFF;

INSERT INTO [dbo].[Answer_ANS] ([Id_Question], [Value], [Valid]) VALUES
    (387, N'1965', 0),
    (387, N'1969', 1),
    (387, N'1972', 0),
    (387, N'1979', 0);

IF NOT EXISTS (SELECT 1 FROM [dbo].[QuestionTheme_QTH] WHERE Id_Question = 387 AND Id_Theme = @ThemeId)
BEGIN
    INSERT INTO [dbo].[QuestionTheme_QTH] ([Id_Question], [Id_Theme]) VALUES (387, @ThemeId);
END

-- Question 14
SET IDENTITY_INSERT [dbo].[Question_QST] ON;
IF NOT EXISTS (SELECT 1 FROM [dbo].[Question_QST] WHERE Id = 388)
BEGIN
    INSERT INTO [dbo].[Question_QST] ([Id], [Question], [Id_Difficulty])
    VALUES (388, N'Quel pays a inventé la démocratie ?', 1);
END
SET IDENTITY_INSERT [dbo].[Question_QST] OFF;

INSERT INTO [dbo].[Answer_ANS] ([Id_Question], [Value], [Valid]) VALUES
    (388, N'Égypte', 0),
    (388, N'Grèce antique', 1),
    (388, N'Rome', 0),
    (388, N'Perse', 0);

IF NOT EXISTS (SELECT 1 FROM [dbo].[QuestionTheme_QTH] WHERE Id_Question = 388 AND Id_Theme = @ThemeId)
BEGIN
    INSERT INTO [dbo].[QuestionTheme_QTH] ([Id_Question], [Id_Theme]) VALUES (388, @ThemeId);
END

-- Question 15
SET IDENTITY_INSERT [dbo].[Question_QST] ON;
IF NOT EXISTS (SELECT 1 FROM [dbo].[Question_QST] WHERE Id = 389)
BEGIN
    INSERT INTO [dbo].[Question_QST] ([Id], [Question], [Id_Difficulty])
    VALUES (389, N'Qui a peint la Cène ?', 1);
END
SET IDENTITY_INSERT [dbo].[Question_QST] OFF;

INSERT INTO [dbo].[Answer_ANS] ([Id_Question], [Value], [Valid]) VALUES
    (389, N'Raphaël', 0),
    (389, N'Michel-Ange', 0),
    (389, N'Léonard de Vinci', 1),
    (389, N'Botticelli', 0);

IF NOT EXISTS (SELECT 1 FROM [dbo].[QuestionTheme_QTH] WHERE Id_Question = 389 AND Id_Theme = @ThemeId)
BEGIN
    INSERT INTO [dbo].[QuestionTheme_QTH] ([Id_Question], [Id_Theme]) VALUES (389, @ThemeId);
END

-- Question 16
SET IDENTITY_INSERT [dbo].[Question_QST] ON;
IF NOT EXISTS (SELECT 1 FROM [dbo].[Question_QST] WHERE Id = 390)
BEGIN
    INSERT INTO [dbo].[Question_QST] ([Id], [Question], [Id_Difficulty])
    VALUES (390, N'Qui était le premier président de la République française ?', 1);
END
SET IDENTITY_INSERT [dbo].[Question_QST] OFF;

INSERT INTO [dbo].[Answer_ANS] ([Id_Question], [Value], [Valid]) VALUES
    (390, N'Napoléon III', 0),
    (390, N'Adolphe Thiers', 0),
    (390, N'Louis-Napoléon Bonaparte', 1),
    (390, N'Jules Grévy', 0);

IF NOT EXISTS (SELECT 1 FROM [dbo].[QuestionTheme_QTH] WHERE Id_Question = 390 AND Id_Theme = @ThemeId)
BEGIN
    INSERT INTO [dbo].[QuestionTheme_QTH] ([Id_Question], [Id_Theme]) VALUES (390, @ThemeId);
END

-- Question 17
SET IDENTITY_INSERT [dbo].[Question_QST] ON;
IF NOT EXISTS (SELECT 1 FROM [dbo].[Question_QST] WHERE Id = 391)
BEGIN
    INSERT INTO [dbo].[Question_QST] ([Id], [Question], [Id_Difficulty])
    VALUES (391, N'Qui a été assassiné à Sarajevo en 1914, déclenchant la Première Guerre mondiale ?', 1);
END
SET IDENTITY_INSERT [dbo].[Question_QST] OFF;

INSERT INTO [dbo].[Answer_ANS] ([Id_Question], [Value], [Valid]) VALUES
    (391, N'Guillaume II', 0),
    (391, N'François-Ferdinand', 1),
    (391, N'Nicolas II', 0),
    (391, N'Clémenceau', 0);

IF NOT EXISTS (SELECT 1 FROM [dbo].[QuestionTheme_QTH] WHERE Id_Question = 391 AND Id_Theme = @ThemeId)
BEGIN
    INSERT INTO [dbo].[QuestionTheme_QTH] ([Id_Question], [Id_Theme]) VALUES (391, @ThemeId);
END

-- Question 18
SET IDENTITY_INSERT [dbo].[Question_QST] ON;
IF NOT EXISTS (SELECT 1 FROM [dbo].[Question_QST] WHERE Id = 392)
BEGIN
    INSERT INTO [dbo].[Question_QST] ([Id], [Question], [Id_Difficulty])
    VALUES (392, N'Quel célèbre mur est tombé en 1989 ?', 1);
END
SET IDENTITY_INSERT [dbo].[Question_QST] OFF;

INSERT INTO [dbo].[Answer_ANS] ([Id_Question], [Value], [Valid]) VALUES
    (392, N'Muraille de Chine', 0),
    (392, N'Mur de Berlin', 1),
    (392, N'Mur de Varsovie', 0),
    (392, N'Mur de Prague', 0);

IF NOT EXISTS (SELECT 1 FROM [dbo].[QuestionTheme_QTH] WHERE Id_Question = 392 AND Id_Theme = @ThemeId)
BEGIN
    INSERT INTO [dbo].[QuestionTheme_QTH] ([Id_Question], [Id_Theme]) VALUES (392, @ThemeId);
END

-- Question 19
SET IDENTITY_INSERT [dbo].[Question_QST] ON;
IF NOT EXISTS (SELECT 1 FROM [dbo].[Question_QST] WHERE Id = 393)
BEGIN
    INSERT INTO [dbo].[Question_QST] ([Id], [Question], [Id_Difficulty])
    VALUES (393, N'Quel empire était dirigé par Gengis Khan ?', 1);
END
SET IDENTITY_INSERT [dbo].[Question_QST] OFF;

INSERT INTO [dbo].[Answer_ANS] ([Id_Question], [Value], [Valid]) VALUES
    (393, N'Empire ottoman', 0),
    (393, N'Empire mongol', 1),
    (393, N'Empire perse', 0),
    (393, N'Empire byzantin', 0);

IF NOT EXISTS (SELECT 1 FROM [dbo].[QuestionTheme_QTH] WHERE Id_Question = 393 AND Id_Theme = @ThemeId)
BEGIN
    INSERT INTO [dbo].[QuestionTheme_QTH] ([Id_Question], [Id_Theme]) VALUES (393, @ThemeId);
END

-- Question 20
SET IDENTITY_INSERT [dbo].[Question_QST] ON;
IF NOT EXISTS (SELECT 1 FROM [dbo].[Question_QST] WHERE Id = 394)
BEGIN
    INSERT INTO [dbo].[Question_QST] ([Id], [Question], [Id_Difficulty])
    VALUES (394, N'Quelle reine d’Égypte fut célèbre pour sa beauté et son alliance avec César ?', 1);
END
SET IDENTITY_INSERT [dbo].[Question_QST] OFF;

INSERT INTO [dbo].[Answer_ANS] ([Id_Question], [Value], [Valid]) VALUES
    (394, N'Néfertiti', 0),
    (394, N'Cléopâtre', 1),
    (394, N'Hatshepsout', 0),
    (394, N'Ankhesenamon', 0);

IF NOT EXISTS (SELECT 1 FROM [dbo].[QuestionTheme_QTH] WHERE Id_Question = 394 AND Id_Theme = @ThemeId)
BEGIN
    INSERT INTO [dbo].[QuestionTheme_QTH] ([Id_Question], [Id_Theme]) VALUES (394, @ThemeId);
END

-- Question 21
SET IDENTITY_INSERT [dbo].[Question_QST] ON;
IF NOT EXISTS (SELECT 1 FROM [dbo].[Question_QST] WHERE Id = 395)
BEGIN
    INSERT INTO [dbo].[Question_QST] ([Id], [Question], [Id_Difficulty])
    VALUES (395, N'Qui fut le premier président noir des États-Unis ?', 1);
END
SET IDENTITY_INSERT [dbo].[Question_QST] OFF;

INSERT INTO [dbo].[Answer_ANS] ([Id_Question], [Value], [Valid]) VALUES
    (395, N'Martin Luther King', 0),
    (395, N'Barack Obama', 1),
    (395, N'Malcolm X', 0),
    (395, N'Jesse Jackson', 0);

IF NOT EXISTS (SELECT 1 FROM [dbo].[QuestionTheme_QTH] WHERE Id_Question = 395 AND Id_Theme = @ThemeId)
BEGIN
    INSERT INTO [dbo].[QuestionTheme_QTH] ([Id_Question], [Id_Theme]) VALUES (395, @ThemeId);
END

-- Question 22
SET IDENTITY_INSERT [dbo].[Question_QST] ON;
IF NOT EXISTS (SELECT 1 FROM [dbo].[Question_QST] WHERE Id = 396)
BEGIN
    INSERT INTO [dbo].[Question_QST] ([Id], [Question], [Id_Difficulty])
    VALUES (396, N'Qui a dirigé l’URSS pendant la Seconde Guerre mondiale ?', 1);
END
SET IDENTITY_INSERT [dbo].[Question_QST] OFF;

INSERT INTO [dbo].[Answer_ANS] ([Id_Question], [Value], [Valid]) VALUES
    (396, N'Trotski', 0),
    (396, N'Staline', 1),
    (396, N'Lénine', 0),
    (396, N'Khrouchtchev', 0);

IF NOT EXISTS (SELECT 1 FROM [dbo].[QuestionTheme_QTH] WHERE Id_Question = 396 AND Id_Theme = @ThemeId)
BEGIN
    INSERT INTO [dbo].[QuestionTheme_QTH] ([Id_Question], [Id_Theme]) VALUES (396, @ThemeId);
END

-- Question 23
SET IDENTITY_INSERT [dbo].[Question_QST] ON;
IF NOT EXISTS (SELECT 1 FROM [dbo].[Question_QST] WHERE Id = 397)
BEGIN
    INSERT INTO [dbo].[Question_QST] ([Id], [Question], [Id_Difficulty])
    VALUES (397, N'Quelle bataille en 1815 a marqué la chute de Napoléon ?', 1);
END
SET IDENTITY_INSERT [dbo].[Question_QST] OFF;

INSERT INTO [dbo].[Answer_ANS] ([Id_Question], [Value], [Valid]) VALUES
    (397, N'Austerlitz', 0),
    (397, N'Waterloo', 1),
    (397, N'Trafalgar', 0),
    (397, N'Borodino', 0);

IF NOT EXISTS (SELECT 1 FROM [dbo].[QuestionTheme_QTH] WHERE Id_Question = 397 AND Id_Theme = @ThemeId)
BEGIN
    INSERT INTO [dbo].[QuestionTheme_QTH] ([Id_Question], [Id_Theme]) VALUES (397, @ThemeId);
END

-- Question 24
SET IDENTITY_INSERT [dbo].[Question_QST] ON;
IF NOT EXISTS (SELECT 1 FROM [dbo].[Question_QST] WHERE Id = 398)
BEGIN
    INSERT INTO [dbo].[Question_QST] ([Id], [Question], [Id_Difficulty])
    VALUES (398, N'Quel pays a utilisé la bombe atomique en 1945 ?', 1);
END
SET IDENTITY_INSERT [dbo].[Question_QST] OFF;

INSERT INTO [dbo].[Answer_ANS] ([Id_Question], [Value], [Valid]) VALUES
    (398, N'Allemagne', 0),
    (398, N'URSS', 0),
    (398, N'États-Unis', 1),
    (398, N'Japon', 0);

IF NOT EXISTS (SELECT 1 FROM [dbo].[QuestionTheme_QTH] WHERE Id_Question = 398 AND Id_Theme = @ThemeId)
BEGIN
    INSERT INTO [dbo].[QuestionTheme_QTH] ([Id_Question], [Id_Theme]) VALUES (398, @ThemeId);
END

-- Question 25
SET IDENTITY_INSERT [dbo].[Question_QST] ON;
IF NOT EXISTS (SELECT 1 FROM [dbo].[Question_QST] WHERE Id = 399)
BEGIN
    INSERT INTO [dbo].[Question_QST] ([Id], [Question], [Id_Difficulty])
    VALUES (399, N'Quel roi a fait construire le château de Versailles ?', 1);
END
SET IDENTITY_INSERT [dbo].[Question_QST] OFF;

INSERT INTO [dbo].[Answer_ANS] ([Id_Question], [Value], [Valid]) VALUES
    (399, N'Louis XIII', 0),
    (399, N'Louis XIV', 1),
    (399, N'Louis XV', 0),
    (399, N'Louis XVI', 0);

IF NOT EXISTS (SELECT 1 FROM [dbo].[QuestionTheme_QTH] WHERE Id_Question = 399 AND Id_Theme = @ThemeId)
BEGIN
    INSERT INTO [dbo].[QuestionTheme_QTH] ([Id_Question], [Id_Theme]) VALUES (399, @ThemeId);
END

-- Question 26
SET IDENTITY_INSERT [dbo].[Question_QST] ON;
IF NOT EXISTS (SELECT 1 FROM [dbo].[Question_QST] WHERE Id = 400)
BEGIN
    INSERT INTO [dbo].[Question_QST] ([Id], [Question], [Id_Difficulty])
    VALUES (400, N'Quel dictateur italien s’allia à Hitler ?', 1);
END
SET IDENTITY_INSERT [dbo].[Question_QST] OFF;

INSERT INTO [dbo].[Answer_ANS] ([Id_Question], [Value], [Valid]) VALUES
    (400, N'Mussolini', 1),
    (400, N'Franco', 0),
    (400, N'Salazar', 0),
    (400, N'Cavour', 0);

IF NOT EXISTS (SELECT 1 FROM [dbo].[QuestionTheme_QTH] WHERE Id_Question = 400 AND Id_Theme = @ThemeId)
BEGIN
    INSERT INTO [dbo].[QuestionTheme_QTH] ([Id_Question], [Id_Theme]) VALUES (400, @ThemeId);
END

-- Question 27
SET IDENTITY_INSERT [dbo].[Question_QST] ON;
IF NOT EXISTS (SELECT 1 FROM [dbo].[Question_QST] WHERE Id = 401)
BEGIN
    INSERT INTO [dbo].[Question_QST] ([Id], [Question], [Id_Difficulty])
    VALUES (401, N'Quel explorateur a fait le tour du monde en bateau (1519-1522) ?', 1);
END
SET IDENTITY_INSERT [dbo].[Question_QST] OFF;

INSERT INTO [dbo].[Answer_ANS] ([Id_Question], [Value], [Valid]) VALUES
    (401, N'Magellan', 1),
    (401, N'Colomb', 0),
    (401, N'Cook', 0),
    (401, N'Cortès', 0);

IF NOT EXISTS (SELECT 1 FROM [dbo].[QuestionTheme_QTH] WHERE Id_Question = 401 AND Id_Theme = @ThemeId)
BEGIN
    INSERT INTO [dbo].[QuestionTheme_QTH] ([Id_Question], [Id_Theme]) VALUES (401, @ThemeId);
END

-- Question 28
SET IDENTITY_INSERT [dbo].[Question_QST] ON;
IF NOT EXISTS (SELECT 1 FROM [dbo].[Question_QST] WHERE Id = 402)
BEGIN
    INSERT INTO [dbo].[Question_QST] ([Id], [Question], [Id_Difficulty])
    VALUES (402, N'En quelle année la Seconde Guerre mondiale a-t-elle commencé ?', 1);
END
SET IDENTITY_INSERT [dbo].[Question_QST] OFF;

INSERT INTO [dbo].[Answer_ANS] ([Id_Question], [Value], [Valid]) VALUES
    (402, N'1937', 0),
    (402, N'1939', 1),
    (402, N'1941', 0),
    (402, N'1945', 0);

IF NOT EXISTS (SELECT 1 FROM [dbo].[QuestionTheme_QTH] WHERE Id_Question = 402 AND Id_Theme = @ThemeId)
BEGIN
    INSERT INTO [dbo].[QuestionTheme_QTH] ([Id_Question], [Id_Theme]) VALUES (402, @ThemeId);
END

-- Question 29
SET IDENTITY_INSERT [dbo].[Question_QST] ON;
IF NOT EXISTS (SELECT 1 FROM [dbo].[Question_QST] WHERE Id = 403)
BEGIN
    INSERT INTO [dbo].[Question_QST] ([Id], [Question], [Id_Difficulty])
    VALUES (403, N'Quel empire a construit le Colisée ?', 1);
END
SET IDENTITY_INSERT [dbo].[Question_QST] OFF;

INSERT INTO [dbo].[Answer_ANS] ([Id_Question], [Value], [Valid]) VALUES
    (403, N'Grèce', 0),
    (403, N'Rome', 1),
    (403, N'Byzance', 0),
    (403, N'Perse', 0);

IF NOT EXISTS (SELECT 1 FROM [dbo].[QuestionTheme_QTH] WHERE Id_Question = 403 AND Id_Theme = @ThemeId)
BEGIN
    INSERT INTO [dbo].[QuestionTheme_QTH] ([Id_Question], [Id_Theme]) VALUES (403, @ThemeId);
END

-- Question 30
SET IDENTITY_INSERT [dbo].[Question_QST] ON;
IF NOT EXISTS (SELECT 1 FROM [dbo].[Question_QST] WHERE Id = 404)
BEGIN
    INSERT INTO [dbo].[Question_QST] ([Id], [Question], [Id_Difficulty])
    VALUES (404, N'Quelle civilisation a inventé l’écriture cunéiforme ?', 1);
END
SET IDENTITY_INSERT [dbo].[Question_QST] OFF;

INSERT INTO [dbo].[Answer_ANS] ([Id_Question], [Value], [Valid]) VALUES
    (404, N'Égyptiens', 0),
    (404, N'Sumériens', 1),
    (404, N'Phéniciens', 0),
    (404, N'Perses', 0);

IF NOT EXISTS (SELECT 1 FROM [dbo].[QuestionTheme_QTH] WHERE Id_Question = 404 AND Id_Theme = @ThemeId)
BEGIN
    INSERT INTO [dbo].[QuestionTheme_QTH] ([Id_Question], [Id_Theme]) VALUES (404, @ThemeId);
END

-- Question 31
SET IDENTITY_INSERT [dbo].[Question_QST] ON;
IF NOT EXISTS (SELECT 1 FROM [dbo].[Question_QST] WHERE Id = 405)
BEGIN
    INSERT INTO [dbo].[Question_QST] ([Id], [Question], [Id_Difficulty])
    VALUES (405, N'Qui a mené la Révolution russe en 1917 ?', 1);
END
SET IDENTITY_INSERT [dbo].[Question_QST] OFF;

INSERT INTO [dbo].[Answer_ANS] ([Id_Question], [Value], [Valid]) VALUES
    (405, N'Trotski', 0),
    (405, N'Staline', 0),
    (405, N'Lénine', 1),
    (405, N'Kirov', 0);

IF NOT EXISTS (SELECT 1 FROM [dbo].[QuestionTheme_QTH] WHERE Id_Question = 405 AND Id_Theme = @ThemeId)
BEGIN
    INSERT INTO [dbo].[QuestionTheme_QTH] ([Id_Question], [Id_Theme]) VALUES (405, @ThemeId);
END

-- Question 32
SET IDENTITY_INSERT [dbo].[Question_QST] ON;
IF NOT EXISTS (SELECT 1 FROM [dbo].[Question_QST] WHERE Id = 406)
BEGIN
    INSERT INTO [dbo].[Question_QST] ([Id], [Question], [Id_Difficulty])
    VALUES (406, N'Quelle ville fut bombardée le 6 août 1945 ?', 1);
END
SET IDENTITY_INSERT [dbo].[Question_QST] OFF;

INSERT INTO [dbo].[Answer_ANS] ([Id_Question], [Value], [Valid]) VALUES
    (406, N'Tokyo', 0),
    (406, N'Hiroshima', 1),
    (406, N'Nagasaki', 0),
    (406, N'Kyoto', 0);

IF NOT EXISTS (SELECT 1 FROM [dbo].[QuestionTheme_QTH] WHERE Id_Question = 406 AND Id_Theme = @ThemeId)
BEGIN
    INSERT INTO [dbo].[QuestionTheme_QTH] ([Id_Question], [Id_Theme]) VALUES (406, @ThemeId);
END

-- Question 33
SET IDENTITY_INSERT [dbo].[Question_QST] ON;
IF NOT EXISTS (SELECT 1 FROM [dbo].[Question_QST] WHERE Id = 407)
BEGIN
    INSERT INTO [dbo].[Question_QST] ([Id], [Question], [Id_Difficulty])
    VALUES (407, N'Qui était surnommé le « Père de la Nation indienne » ?', 1);
END
SET IDENTITY_INSERT [dbo].[Question_QST] OFF;

INSERT INTO [dbo].[Answer_ANS] ([Id_Question], [Value], [Valid]) VALUES
    (407, N'Gandhi', 1),
    (407, N'Nehru', 0),
    (407, N'Indira Gandhi', 0),
    (407, N'Tagore', 0);

IF NOT EXISTS (SELECT 1 FROM [dbo].[QuestionTheme_QTH] WHERE Id_Question = 407 AND Id_Theme = @ThemeId)
BEGIN
    INSERT INTO [dbo].[QuestionTheme_QTH] ([Id_Question], [Id_Theme]) VALUES (407, @ThemeId);
END

-- Question 34
SET IDENTITY_INSERT [dbo].[Question_QST] ON;
IF NOT EXISTS (SELECT 1 FROM [dbo].[Question_QST] WHERE Id = 408)
BEGIN
    INSERT INTO [dbo].[Question_QST] ([Id], [Question], [Id_Difficulty])
    VALUES (408, N'Quel général français est devenu président en 1958 ?', 1);
END
SET IDENTITY_INSERT [dbo].[Question_QST] OFF;

INSERT INTO [dbo].[Answer_ANS] ([Id_Question], [Value], [Valid]) VALUES
    (408, N'Mac Mahon', 0),
    (408, N'Pétain', 0),
    (408, N'De Gaulle', 1),
    (408, N'Joffre', 0);

IF NOT EXISTS (SELECT 1 FROM [dbo].[QuestionTheme_QTH] WHERE Id_Question = 408 AND Id_Theme = @ThemeId)
BEGIN
    INSERT INTO [dbo].[QuestionTheme_QTH] ([Id_Question], [Id_Theme]) VALUES (408, @ThemeId);
END

-- Question 35
SET IDENTITY_INSERT [dbo].[Question_QST] ON;
IF NOT EXISTS (SELECT 1 FROM [dbo].[Question_QST] WHERE Id = 409)
BEGIN
    INSERT INTO [dbo].[Question_QST] ([Id], [Question], [Id_Difficulty])
    VALUES (409, N'Quelle période suit le Moyen Âge en Europe ?', 1);
END
SET IDENTITY_INSERT [dbo].[Question_QST] OFF;

INSERT INTO [dbo].[Answer_ANS] ([Id_Question], [Value], [Valid]) VALUES
    (409, N'Renaissance', 1),
    (409, N'Antiquité', 0),
    (409, N'Révolution industrielle', 0),
    (409, N'Révolution française', 0);

IF NOT EXISTS (SELECT 1 FROM [dbo].[QuestionTheme_QTH] WHERE Id_Question = 409 AND Id_Theme = @ThemeId)
BEGIN
    INSERT INTO [dbo].[QuestionTheme_QTH] ([Id_Question], [Id_Theme]) VALUES (409, @ThemeId);
END

-- Question 36
SET IDENTITY_INSERT [dbo].[Question_QST] ON;
IF NOT EXISTS (SELECT 1 FROM [dbo].[Question_QST] WHERE Id = 410)
BEGIN
    INSERT INTO [dbo].[Question_QST] ([Id], [Question], [Id_Difficulty])
    VALUES (410, N'Qui a découvert l’Amérique avant Colomb (vers l’an 1000) ?', 1);
END
SET IDENTITY_INSERT [dbo].[Question_QST] OFF;

INSERT INTO [dbo].[Answer_ANS] ([Id_Question], [Value], [Valid]) VALUES
    (410, N'Vasco de Gama', 0),
    (410, N'Éric le Rouge', 0),
    (410, N'Leif Erikson', 1),
    (410, N'Magellan', 0);

IF NOT EXISTS (SELECT 1 FROM [dbo].[QuestionTheme_QTH] WHERE Id_Question = 410 AND Id_Theme = @ThemeId)
BEGIN
    INSERT INTO [dbo].[QuestionTheme_QTH] ([Id_Question], [Id_Theme]) VALUES (410, @ThemeId);
END

-- Question 37
SET IDENTITY_INSERT [dbo].[Question_QST] ON;
IF NOT EXISTS (SELECT 1 FROM [dbo].[Question_QST] WHERE Id = 411)
BEGIN
    INSERT INTO [dbo].[Question_QST] ([Id], [Question], [Id_Difficulty])
    VALUES (411, N'Quel pays fut dirigé par Mao Zedong ?', 1);
END
SET IDENTITY_INSERT [dbo].[Question_QST] OFF;

INSERT INTO [dbo].[Answer_ANS] ([Id_Question], [Value], [Valid]) VALUES
    (411, N'Vietnam', 0),
    (411, N'Chine', 1),
    (411, N'Corée du Nord', 0),
    (411, N'Japon', 0);

IF NOT EXISTS (SELECT 1 FROM [dbo].[QuestionTheme_QTH] WHERE Id_Question = 411 AND Id_Theme = @ThemeId)
BEGIN
    INSERT INTO [dbo].[QuestionTheme_QTH] ([Id_Question], [Id_Theme]) VALUES (411, @ThemeId);
END

-- Question 38
SET IDENTITY_INSERT [dbo].[Question_QST] ON;
IF NOT EXISTS (SELECT 1 FROM [dbo].[Question_QST] WHERE Id = 412)
BEGIN
    INSERT INTO [dbo].[Question_QST] ([Id], [Question], [Id_Difficulty])
    VALUES (412, N'Quel empereur romain a christianisé l’Empire ?', 1);
END
SET IDENTITY_INSERT [dbo].[Question_QST] OFF;

INSERT INTO [dbo].[Answer_ANS] ([Id_Question], [Value], [Valid]) VALUES
    (412, N'César', 0),
    (412, N'Néron', 0),
    (412, N'Constantin', 1),
    (412, N'Marc Aurèle', 0);

IF NOT EXISTS (SELECT 1 FROM [dbo].[QuestionTheme_QTH] WHERE Id_Question = 412 AND Id_Theme = @ThemeId)
BEGIN
    INSERT INTO [dbo].[QuestionTheme_QTH] ([Id_Question], [Id_Theme]) VALUES (412, @ThemeId);
END

-- Question 39
SET IDENTITY_INSERT [dbo].[Question_QST] ON;
IF NOT EXISTS (SELECT 1 FROM [dbo].[Question_QST] WHERE Id = 413)
BEGIN
    INSERT INTO [dbo].[Question_QST] ([Id], [Question], [Id_Difficulty])
    VALUES (413, N'Quel peuple a inventé l’alphabet moderne ?', 1);
END
SET IDENTITY_INSERT [dbo].[Question_QST] OFF;

INSERT INTO [dbo].[Answer_ANS] ([Id_Question], [Value], [Valid]) VALUES
    (413, N'Sumériens', 0),
    (413, N'Phéniciens', 1),
    (413, N'Égyptiens', 0),
    (413, N'Grecs', 0);

IF NOT EXISTS (SELECT 1 FROM [dbo].[QuestionTheme_QTH] WHERE Id_Question = 413 AND Id_Theme = @ThemeId)
BEGIN
    INSERT INTO [dbo].[QuestionTheme_QTH] ([Id_Question], [Id_Theme]) VALUES (413, @ThemeId);
END

-- Question 40
SET IDENTITY_INSERT [dbo].[Question_QST] ON;
IF NOT EXISTS (SELECT 1 FROM [dbo].[Question_QST] WHERE Id = 414)
BEGIN
    INSERT INTO [dbo].[Question_QST] ([Id], [Question], [Id_Difficulty])
    VALUES (414, N'Qui a fondé l’Empire carolingien ?', 1);
END
SET IDENTITY_INSERT [dbo].[Question_QST] OFF;

INSERT INTO [dbo].[Answer_ANS] ([Id_Question], [Value], [Valid]) VALUES
    (414, N'Charlemagne', 1),
    (414, N'Clovis', 0),
    (414, N'Charles Martel', 0),
    (414, N'Philippe Auguste', 0);

IF NOT EXISTS (SELECT 1 FROM [dbo].[QuestionTheme_QTH] WHERE Id_Question = 414 AND Id_Theme = @ThemeId)
BEGIN
    INSERT INTO [dbo].[QuestionTheme_QTH] ([Id_Question], [Id_Theme]) VALUES (414, @ThemeId);
END

-- Question 41
SET IDENTITY_INSERT [dbo].[Question_QST] ON;
IF NOT EXISTS (SELECT 1 FROM [dbo].[Question_QST] WHERE Id = 415)
BEGIN
    INSERT INTO [dbo].[Question_QST] ([Id], [Question], [Id_Difficulty])
    VALUES (415, N'Quel pays a mené la guerre d’indépendance contre l’Angleterre en 1776 ?', 1);
END
SET IDENTITY_INSERT [dbo].[Question_QST] OFF;

INSERT INTO [dbo].[Answer_ANS] ([Id_Question], [Value], [Valid]) VALUES
    (415, N'Canada', 0),
    (415, N'États-Unis', 1),
    (415, N'Inde', 0),
    (415, N'Irlande', 0);

IF NOT EXISTS (SELECT 1 FROM [dbo].[QuestionTheme_QTH] WHERE Id_Question = 415 AND Id_Theme = @ThemeId)
BEGIN
    INSERT INTO [dbo].[QuestionTheme_QTH] ([Id_Question], [Id_Theme]) VALUES (415, @ThemeId);
END

-- Question 42
SET IDENTITY_INSERT [dbo].[Question_QST] ON;
IF NOT EXISTS (SELECT 1 FROM [dbo].[Question_QST] WHERE Id = 416)
BEGIN
    INSERT INTO [dbo].[Question_QST] ([Id], [Question], [Id_Difficulty])
    VALUES (416, N'Qui a été la première femme à obtenir le droit de vote (pays pionnier, 1893) ?', 1);
END
SET IDENTITY_INSERT [dbo].[Question_QST] OFF;

INSERT INTO [dbo].[Answer_ANS] ([Id_Question], [Value], [Valid]) VALUES
    (416, N'France', 0),
    (416, N'Nouvelle-Zélande', 1),
    (416, N'Suisse', 0),
    (416, N'États-Unis', 0);

IF NOT EXISTS (SELECT 1 FROM [dbo].[QuestionTheme_QTH] WHERE Id_Question = 416 AND Id_Theme = @ThemeId)
BEGIN
    INSERT INTO [dbo].[QuestionTheme_QTH] ([Id_Question], [Id_Theme]) VALUES (416, @ThemeId);
END

-- Question 43
SET IDENTITY_INSERT [dbo].[Question_QST] ON;
IF NOT EXISTS (SELECT 1 FROM [dbo].[Question_QST] WHERE Id = 417)
BEGIN
    INSERT INTO [dbo].[Question_QST] ([Id], [Question], [Id_Difficulty])
    VALUES (417, N'Quelle guerre opposa le Nord et le Sud des États-Unis ?', 1);
END
SET IDENTITY_INSERT [dbo].[Question_QST] OFF;

INSERT INTO [dbo].[Answer_ANS] ([Id_Question], [Value], [Valid]) VALUES
    (417, N'Guerre de Sécession', 1),
    (417, N'Première Guerre mondiale', 0),
    (417, N'Guerre d’Indépendance', 0),
    (417, N'Guerre froide', 0);

IF NOT EXISTS (SELECT 1 FROM [dbo].[QuestionTheme_QTH] WHERE Id_Question = 417 AND Id_Theme = @ThemeId)
BEGIN
    INSERT INTO [dbo].[QuestionTheme_QTH] ([Id_Question], [Id_Theme]) VALUES (417, @ThemeId);
END

-- Question 44
SET IDENTITY_INSERT [dbo].[Question_QST] ON;
IF NOT EXISTS (SELECT 1 FROM [dbo].[Question_QST] WHERE Id = 418)
BEGIN
    INSERT INTO [dbo].[Question_QST] ([Id], [Question], [Id_Difficulty])
    VALUES (418, N'Quel pharaon a fait construire la pyramide de Khéops ?', 1);
END
SET IDENTITY_INSERT [dbo].[Question_QST] OFF;

INSERT INTO [dbo].[Answer_ANS] ([Id_Question], [Value], [Valid]) VALUES
    (418, N'Ramsès II', 0),
    (418, N'Toutankhamon', 0),
    (418, N'Khéops', 1),
    (418, N'Aménophis', 0);

IF NOT EXISTS (SELECT 1 FROM [dbo].[QuestionTheme_QTH] WHERE Id_Question = 418 AND Id_Theme = @ThemeId)
BEGIN
    INSERT INTO [dbo].[QuestionTheme_QTH] ([Id_Question], [Id_Theme]) VALUES (418, @ThemeId);
END

-- Question 45
SET IDENTITY_INSERT [dbo].[Question_QST] ON;
IF NOT EXISTS (SELECT 1 FROM [dbo].[Question_QST] WHERE Id = 419)
BEGIN
    INSERT INTO [dbo].[Question_QST] ([Id], [Question], [Id_Difficulty])
    VALUES (419, N'Quel pays a connu la Terreur pendant sa Révolution ?', 1);
END
SET IDENTITY_INSERT [dbo].[Question_QST] OFF;

INSERT INTO [dbo].[Answer_ANS] ([Id_Question], [Value], [Valid]) VALUES
    (419, N'Italie', 0),
    (419, N'Allemagne', 0),
    (419, N'France', 1),
    (419, N'Russie', 0);

IF NOT EXISTS (SELECT 1 FROM [dbo].[QuestionTheme_QTH] WHERE Id_Question = 419 AND Id_Theme = @ThemeId)
BEGIN
    INSERT INTO [dbo].[QuestionTheme_QTH] ([Id_Question], [Id_Theme]) VALUES (419, @ThemeId);
END

-- Question 46
SET IDENTITY_INSERT [dbo].[Question_QST] ON;
IF NOT EXISTS (SELECT 1 FROM [dbo].[Question_QST] WHERE Id = 420)
BEGIN
    INSERT INTO [dbo].[Question_QST] ([Id], [Question], [Id_Difficulty])
    VALUES (420, N'Quel célèbre roi anglais eut six épouses ?', 1);
END
SET IDENTITY_INSERT [dbo].[Question_QST] OFF;

INSERT INTO [dbo].[Answer_ANS] ([Id_Question], [Value], [Valid]) VALUES
    (420, N'Élisabeth Ier', 0),
    (420, N'Henri VIII', 1),
    (420, N'Georges III', 0),
    (420, N'Richard Cœur de Lion', 0);

IF NOT EXISTS (SELECT 1 FROM [dbo].[QuestionTheme_QTH] WHERE Id_Question = 420 AND Id_Theme = @ThemeId)
BEGIN
    INSERT INTO [dbo].[QuestionTheme_QTH] ([Id_Question], [Id_Theme]) VALUES (420, @ThemeId);
END

-- Question 47
SET IDENTITY_INSERT [dbo].[Question_QST] ON;
IF NOT EXISTS (SELECT 1 FROM [dbo].[Question_QST] WHERE Id = 421)
BEGIN
    INSERT INTO [dbo].[Question_QST] ([Id], [Question], [Id_Difficulty])
    VALUES (421, N'Quel général a traversé les Alpes avec des éléphants ?', 1);
END
SET IDENTITY_INSERT [dbo].[Question_QST] OFF;

INSERT INTO [dbo].[Answer_ANS] ([Id_Question], [Value], [Valid]) VALUES
    (421, N'Alexandre', 0),
    (421, N'Hannibal', 1),
    (421, N'César', 0),
    (421, N'Scipion', 0);

IF NOT EXISTS (SELECT 1 FROM [dbo].[QuestionTheme_QTH] WHERE Id_Question = 421 AND Id_Theme = @ThemeId)
BEGIN
    INSERT INTO [dbo].[QuestionTheme_QTH] ([Id_Question], [Id_Theme]) VALUES (421, @ThemeId);
END

-- Question 48
SET IDENTITY_INSERT [dbo].[Question_QST] ON;
IF NOT EXISTS (SELECT 1 FROM [dbo].[Question_QST] WHERE Id = 422)
BEGIN
    INSERT INTO [dbo].[Question_QST] ([Id], [Question], [Id_Difficulty])
    VALUES (422, N'Qui a inventé l’imprimerie vers 1450 ?', 1);
END
SET IDENTITY_INSERT [dbo].[Question_QST] OFF;

INSERT INTO [dbo].[Answer_ANS] ([Id_Question], [Value], [Valid]) VALUES
    (422, N'Galilée', 0),
    (422, N'Luther', 0),
    (422, N'Gutenberg', 1),
    (422, N'Descartes', 0);

IF NOT EXISTS (SELECT 1 FROM [dbo].[QuestionTheme_QTH] WHERE Id_Question = 422 AND Id_Theme = @ThemeId)
BEGIN
    INSERT INTO [dbo].[QuestionTheme_QTH] ([Id_Question], [Id_Theme]) VALUES (422, @ThemeId);
END

-- Question 49
SET IDENTITY_INSERT [dbo].[Question_QST] ON;
IF NOT EXISTS (SELECT 1 FROM [dbo].[Question_QST] WHERE Id = 423)
BEGIN
    INSERT INTO [dbo].[Question_QST] ([Id], [Question], [Id_Difficulty])
    VALUES (423, N'Quelle ville fut capitale de Byzance ?', 1);
END
SET IDENTITY_INSERT [dbo].[Question_QST] OFF;

INSERT INTO [dbo].[Answer_ANS] ([Id_Question], [Value], [Valid]) VALUES
    (423, N'Rome', 0),
    (423, N'Constantinople', 1),
    (423, N'Athènes', 0),
    (423, N'Antioche', 0);

IF NOT EXISTS (SELECT 1 FROM [dbo].[QuestionTheme_QTH] WHERE Id_Question = 423 AND Id_Theme = @ThemeId)
BEGIN
    INSERT INTO [dbo].[QuestionTheme_QTH] ([Id_Question], [Id_Theme]) VALUES (423, @ThemeId);
END

-- Question 50
SET IDENTITY_INSERT [dbo].[Question_QST] ON;
IF NOT EXISTS (SELECT 1 FROM [dbo].[Question_QST] WHERE Id = 424)
BEGIN
    INSERT INTO [dbo].[Question_QST] ([Id], [Question], [Id_Difficulty])
    VALUES (424, N'Quelle révolution a eu lieu en Russie en 1917 ?', 1);
END
SET IDENTITY_INSERT [dbo].[Question_QST] OFF;

INSERT INTO [dbo].[Answer_ANS] ([Id_Question], [Value], [Valid]) VALUES
    (424, N'Rouge', 0),
    (424, N'Bolchévique', 1),
    (424, N'Socialiste', 0),
    (424, N'Ouvrière', 0);

IF NOT EXISTS (SELECT 1 FROM [dbo].[QuestionTheme_QTH] WHERE Id_Question = 424 AND Id_Theme = @ThemeId)
BEGIN
    INSERT INTO [dbo].[QuestionTheme_QTH] ([Id_Question], [Id_Theme]) VALUES (424, @ThemeId);
END

-- Question 51
SET IDENTITY_INSERT [dbo].[Question_QST] ON;
IF NOT EXISTS (SELECT 1 FROM [dbo].[Question_QST] WHERE Id = 425)
BEGIN
    INSERT INTO [dbo].[Question_QST] ([Id], [Question], [Id_Difficulty])
    VALUES (425, N'Quel roi de France a été guillotiné en 1793 ?', 2);
END
SET IDENTITY_INSERT [dbo].[Question_QST] OFF;

INSERT INTO [dbo].[Answer_ANS] ([Id_Question], [Value], [Valid]) VALUES
    (425, N'Louis XIV', 0),
    (425, N'Louis XV', 0),
    (425, N'Louis XVI', 1),
    (425, N'Charles X', 0);

IF NOT EXISTS (SELECT 1 FROM [dbo].[QuestionTheme_QTH] WHERE Id_Question = 425 AND Id_Theme = @ThemeId)
BEGIN
    INSERT INTO [dbo].[QuestionTheme_QTH] ([Id_Question], [Id_Theme]) VALUES (425, @ThemeId);
END

-- Question 52
SET IDENTITY_INSERT [dbo].[Question_QST] ON;
IF NOT EXISTS (SELECT 1 FROM [dbo].[Question_QST] WHERE Id = 426)
BEGIN
    INSERT INTO [dbo].[Question_QST] ([Id], [Question], [Id_Difficulty])
    VALUES (426, N'Qui était le premier président de la Ve République française ?', 2);
END
SET IDENTITY_INSERT [dbo].[Question_QST] OFF;

INSERT INTO [dbo].[Answer_ANS] ([Id_Question], [Value], [Valid]) VALUES
    (426, N'Pompidou', 0),
    (426, N'Mitterrand', 0),
    (426, N'De Gaulle', 1),
    (426, N'Chirac', 0);

IF NOT EXISTS (SELECT 1 FROM [dbo].[QuestionTheme_QTH] WHERE Id_Question = 426 AND Id_Theme = @ThemeId)
BEGIN
    INSERT INTO [dbo].[QuestionTheme_QTH] ([Id_Question], [Id_Theme]) VALUES (426, @ThemeId);
END

-- Question 53
SET IDENTITY_INSERT [dbo].[Question_QST] ON;
IF NOT EXISTS (SELECT 1 FROM [dbo].[Question_QST] WHERE Id = 427)
BEGIN
    INSERT INTO [dbo].[Question_QST] ([Id], [Question], [Id_Difficulty])
    VALUES (427, N'Quelle bataille navale opposa Rome et Carthage ?', 2);
END
SET IDENTITY_INSERT [dbo].[Question_QST] OFF;

INSERT INTO [dbo].[Answer_ANS] ([Id_Question], [Value], [Valid]) VALUES
    (427, N'Salamine', 0),
    (427, N'Trafalgar', 0),
    (427, N'Actium', 0),
    (427, N'Les guerres puniques', 1);

IF NOT EXISTS (SELECT 1 FROM [dbo].[QuestionTheme_QTH] WHERE Id_Question = 427 AND Id_Theme = @ThemeId)
BEGIN
    INSERT INTO [dbo].[QuestionTheme_QTH] ([Id_Question], [Id_Theme]) VALUES (427, @ThemeId);
END

-- Question 54
SET IDENTITY_INSERT [dbo].[Question_QST] ON;
IF NOT EXISTS (SELECT 1 FROM [dbo].[Question_QST] WHERE Id = 428)
BEGIN
    INSERT INTO [dbo].[Question_QST] ([Id], [Question], [Id_Difficulty])
    VALUES (428, N'Quel traité mit fin à la Première Guerre mondiale ?', 2);
END
SET IDENTITY_INSERT [dbo].[Question_QST] OFF;

INSERT INTO [dbo].[Answer_ANS] ([Id_Question], [Value], [Valid]) VALUES
    (428, N'Traité de Versailles', 1),
    (428, N'Traité de Vienne', 0),
    (428, N'Traité de Paris', 0),
    (428, N'Traité de Francfort', 0);

IF NOT EXISTS (SELECT 1 FROM [dbo].[QuestionTheme_QTH] WHERE Id_Question = 428 AND Id_Theme = @ThemeId)
BEGIN
    INSERT INTO [dbo].[QuestionTheme_QTH] ([Id_Question], [Id_Theme]) VALUES (428, @ThemeId);
END

-- Question 55
SET IDENTITY_INSERT [dbo].[Question_QST] ON;
IF NOT EXISTS (SELECT 1 FROM [dbo].[Question_QST] WHERE Id = 429)
BEGIN
    INSERT INTO [dbo].[Question_QST] ([Id], [Question], [Id_Difficulty])
    VALUES (429, N'Qui fut le dernier tsar de Russie ?', 2);
END
SET IDENTITY_INSERT [dbo].[Question_QST] OFF;

INSERT INTO [dbo].[Answer_ANS] ([Id_Question], [Value], [Valid]) VALUES
    (429, N'Nicolas II', 1),
    (429, N'Alexandre III', 0),
    (429, N'Pierre le Grand', 0),
    (429, N'Paul Ier', 0);

IF NOT EXISTS (SELECT 1 FROM [dbo].[QuestionTheme_QTH] WHERE Id_Question = 429 AND Id_Theme = @ThemeId)
BEGIN
    INSERT INTO [dbo].[QuestionTheme_QTH] ([Id_Question], [Id_Theme]) VALUES (429, @ThemeId);
END

-- Question 56
SET IDENTITY_INSERT [dbo].[Question_QST] ON;
IF NOT EXISTS (SELECT 1 FROM [dbo].[Question_QST] WHERE Id = 430)
BEGIN
    INSERT INTO [dbo].[Question_QST] ([Id], [Question], [Id_Difficulty])
    VALUES (430, N'En quelle année a eu lieu la prise de la Bastille ?', 2);
END
SET IDENTITY_INSERT [dbo].[Question_QST] OFF;

INSERT INTO [dbo].[Answer_ANS] ([Id_Question], [Value], [Valid]) VALUES
    (430, N'1776', 0),
    (430, N'1789', 1),
    (430, N'1792', 0),
    (430, N'1804', 0);

IF NOT EXISTS (SELECT 1 FROM [dbo].[QuestionTheme_QTH] WHERE Id_Question = 430 AND Id_Theme = @ThemeId)
BEGIN
    INSERT INTO [dbo].[QuestionTheme_QTH] ([Id_Question], [Id_Theme]) VALUES (430, @ThemeId);
END

-- Question 57
SET IDENTITY_INSERT [dbo].[Question_QST] ON;
IF NOT EXISTS (SELECT 1 FROM [dbo].[Question_QST] WHERE Id = 431)
BEGIN
    INSERT INTO [dbo].[Question_QST] ([Id], [Question], [Id_Difficulty])
    VALUES (431, N'Quelle bataille a marqué la victoire d’Octave sur Marc Antoine ?', 2);
END
SET IDENTITY_INSERT [dbo].[Question_QST] OFF;

INSERT INTO [dbo].[Answer_ANS] ([Id_Question], [Value], [Valid]) VALUES
    (431, N'Actium', 1),
    (431, N'Philippes', 0),
    (431, N'Salamine', 0),
    (431, N'Pydna', 0);

IF NOT EXISTS (SELECT 1 FROM [dbo].[QuestionTheme_QTH] WHERE Id_Question = 431 AND Id_Theme = @ThemeId)
BEGIN
    INSERT INTO [dbo].[QuestionTheme_QTH] ([Id_Question], [Id_Theme]) VALUES (431, @ThemeId);
END

-- Question 58
SET IDENTITY_INSERT [dbo].[Question_QST] ON;
IF NOT EXISTS (SELECT 1 FROM [dbo].[Question_QST] WHERE Id = 432)
BEGIN
    INSERT INTO [dbo].[Question_QST] ([Id], [Question], [Id_Difficulty])
    VALUES (432, N'Qui a fondé la dynastie mérovingienne ?', 2);
END
SET IDENTITY_INSERT [dbo].[Question_QST] OFF;

INSERT INTO [dbo].[Answer_ANS] ([Id_Question], [Value], [Valid]) VALUES
    (432, N'Clovis', 1),
    (432, N'Charlemagne', 0),
    (432, N'Dagobert Ier', 0),
    (432, N'Charles Martel', 0);

IF NOT EXISTS (SELECT 1 FROM [dbo].[QuestionTheme_QTH] WHERE Id_Question = 432 AND Id_Theme = @ThemeId)
BEGIN
    INSERT INTO [dbo].[QuestionTheme_QTH] ([Id_Question], [Id_Theme]) VALUES (432, @ThemeId);
END

-- Question 59
SET IDENTITY_INSERT [dbo].[Question_QST] ON;
IF NOT EXISTS (SELECT 1 FROM [dbo].[Question_QST] WHERE Id = 433)
BEGIN
    INSERT INTO [dbo].[Question_QST] ([Id], [Question], [Id_Difficulty])
    VALUES (433, N'Quelle conférence internationale de 1945 a fondé l’ONU ?', 2);
END
SET IDENTITY_INSERT [dbo].[Question_QST] OFF;

INSERT INTO [dbo].[Answer_ANS] ([Id_Question], [Value], [Valid]) VALUES
    (433, N'Yalta', 1),
    (433, N'Potsdam', 0),
    (433, N'Versailles', 0),
    (433, N'Genève', 0);

IF NOT EXISTS (SELECT 1 FROM [dbo].[QuestionTheme_QTH] WHERE Id_Question = 433 AND Id_Theme = @ThemeId)
BEGIN
    INSERT INTO [dbo].[QuestionTheme_QTH] ([Id_Question], [Id_Theme]) VALUES (433, @ThemeId);
END

-- Question 60
SET IDENTITY_INSERT [dbo].[Question_QST] ON;
IF NOT EXISTS (SELECT 1 FROM [dbo].[Question_QST] WHERE Id = 434)
BEGIN
    INSERT INTO [dbo].[Question_QST] ([Id], [Question], [Id_Difficulty])
    VALUES (434, N'Quel pays fut colonisé par les Boers et les Britanniques ?', 2);
END
SET IDENTITY_INSERT [dbo].[Question_QST] OFF;

INSERT INTO [dbo].[Answer_ANS] ([Id_Question], [Value], [Valid]) VALUES
    (434, N'Afrique du Sud', 1),
    (434, N'Kenya', 0),
    (434, N'Namibie', 0),
    (434, N'Nigéria', 0);

IF NOT EXISTS (SELECT 1 FROM [dbo].[QuestionTheme_QTH] WHERE Id_Question = 434 AND Id_Theme = @ThemeId)
BEGIN
    INSERT INTO [dbo].[QuestionTheme_QTH] ([Id_Question], [Id_Theme]) VALUES (434, @ThemeId);
END

-- Question 61
SET IDENTITY_INSERT [dbo].[Question_QST] ON;
IF NOT EXISTS (SELECT 1 FROM [dbo].[Question_QST] WHERE Id = 435)
BEGIN
    INSERT INTO [dbo].[Question_QST] ([Id], [Question], [Id_Difficulty])
    VALUES (435, N'Quel explorateur portugais a atteint l’Inde en 1498 ?', 2);
END
SET IDENTITY_INSERT [dbo].[Question_QST] OFF;

INSERT INTO [dbo].[Answer_ANS] ([Id_Question], [Value], [Valid]) VALUES
    (435, N'Magellan', 0),
    (435, N'Vasco de Gama', 1),
    (435, N'Cortès', 0),
    (435, N'Pizarro', 0);

IF NOT EXISTS (SELECT 1 FROM [dbo].[QuestionTheme_QTH] WHERE Id_Question = 435 AND Id_Theme = @ThemeId)
BEGIN
    INSERT INTO [dbo].[QuestionTheme_QTH] ([Id_Question], [Id_Theme]) VALUES (435, @ThemeId);
END

-- Question 62
SET IDENTITY_INSERT [dbo].[Question_QST] ON;
IF NOT EXISTS (SELECT 1 FROM [dbo].[Question_QST] WHERE Id = 436)
BEGIN
    INSERT INTO [dbo].[Question_QST] ([Id], [Question], [Id_Difficulty])
    VALUES (436, N'Quelle dynastie a succédé aux Mérovingiens ?', 2);
END
SET IDENTITY_INSERT [dbo].[Question_QST] OFF;

INSERT INTO [dbo].[Answer_ANS] ([Id_Question], [Value], [Valid]) VALUES
    (436, N'Carolingienne', 1),
    (436, N'Capétienne', 0),
    (436, N'Valois', 0),
    (436, N'Bourbons', 0);

IF NOT EXISTS (SELECT 1 FROM [dbo].[QuestionTheme_QTH] WHERE Id_Question = 436 AND Id_Theme = @ThemeId)
BEGIN
    INSERT INTO [dbo].[QuestionTheme_QTH] ([Id_Question], [Id_Theme]) VALUES (436, @ThemeId);
END

-- Question 63
SET IDENTITY_INSERT [dbo].[Question_QST] ON;
IF NOT EXISTS (SELECT 1 FROM [dbo].[Question_QST] WHERE Id = 437)
BEGIN
    INSERT INTO [dbo].[Question_QST] ([Id], [Question], [Id_Difficulty])
    VALUES (437, N'Quel empereur romain a construit un mur en Bretagne ?', 2);
END
SET IDENTITY_INSERT [dbo].[Question_QST] OFF;

INSERT INTO [dbo].[Answer_ANS] ([Id_Question], [Value], [Valid]) VALUES
    (437, N'Auguste', 0),
    (437, N'Hadrien', 1),
    (437, N'Trajan', 0),
    (437, N'Marc Aurèle', 0);

IF NOT EXISTS (SELECT 1 FROM [dbo].[QuestionTheme_QTH] WHERE Id_Question = 437 AND Id_Theme = @ThemeId)
BEGIN
    INSERT INTO [dbo].[QuestionTheme_QTH] ([Id_Question], [Id_Theme]) VALUES (437, @ThemeId);
END

-- Question 64
SET IDENTITY_INSERT [dbo].[Question_QST] ON;
IF NOT EXISTS (SELECT 1 FROM [dbo].[Question_QST] WHERE Id = 438)
BEGIN
    INSERT INTO [dbo].[Question_QST] ([Id], [Question], [Id_Difficulty])
    VALUES (438, N'Quel pape a lancé la première croisade en 1095 ?', 2);
END
SET IDENTITY_INSERT [dbo].[Question_QST] OFF;

INSERT INTO [dbo].[Answer_ANS] ([Id_Question], [Value], [Valid]) VALUES
    (438, N'Urbain II', 1),
    (438, N'Grégoire VII', 0),
    (438, N'Innocent III', 0),
    (438, N'Clément V', 0);

IF NOT EXISTS (SELECT 1 FROM [dbo].[QuestionTheme_QTH] WHERE Id_Question = 438 AND Id_Theme = @ThemeId)
BEGIN
    INSERT INTO [dbo].[QuestionTheme_QTH] ([Id_Question], [Id_Theme]) VALUES (438, @ThemeId);
END

-- Question 65
SET IDENTITY_INSERT [dbo].[Question_QST] ON;
IF NOT EXISTS (SELECT 1 FROM [dbo].[Question_QST] WHERE Id = 439)
BEGIN
    INSERT INTO [dbo].[Question_QST] ([Id], [Question], [Id_Difficulty])
    VALUES (439, N'Quelle ville fut détruite par le Vésuve en 79 ?', 2);
END
SET IDENTITY_INSERT [dbo].[Question_QST] OFF;

INSERT INTO [dbo].[Answer_ANS] ([Id_Question], [Value], [Valid]) VALUES
    (439, N'Rome', 0),
    (439, N'Pompei', 1),
    (439, N'Naples', 0),
    (439, N'Capoue', 0);

IF NOT EXISTS (SELECT 1 FROM [dbo].[QuestionTheme_QTH] WHERE Id_Question = 439 AND Id_Theme = @ThemeId)
BEGIN
    INSERT INTO [dbo].[QuestionTheme_QTH] ([Id_Question], [Id_Theme]) VALUES (439, @ThemeId);
END

-- Question 66
SET IDENTITY_INSERT [dbo].[Question_QST] ON;
IF NOT EXISTS (SELECT 1 FROM [dbo].[Question_QST] WHERE Id = 440)
BEGIN
    INSERT INTO [dbo].[Question_QST] ([Id], [Question], [Id_Difficulty])
    VALUES (440, N'Quel roi de Macédoine a conquis la Perse ?', 2);
END
SET IDENTITY_INSERT [dbo].[Question_QST] OFF;

INSERT INTO [dbo].[Answer_ANS] ([Id_Question], [Value], [Valid]) VALUES
    (440, N'Philippe II', 0),
    (440, N'Alexandre le Grand', 1),
    (440, N'Cyrus', 0),
    (440, N'Darius', 0);

IF NOT EXISTS (SELECT 1 FROM [dbo].[QuestionTheme_QTH] WHERE Id_Question = 440 AND Id_Theme = @ThemeId)
BEGIN
    INSERT INTO [dbo].[QuestionTheme_QTH] ([Id_Question], [Id_Theme]) VALUES (440, @ThemeId);
END

-- Question 67
SET IDENTITY_INSERT [dbo].[Question_QST] ON;
IF NOT EXISTS (SELECT 1 FROM [dbo].[Question_QST] WHERE Id = 441)
BEGIN
    INSERT INTO [dbo].[Question_QST] ([Id], [Question], [Id_Difficulty])
    VALUES (441, N'Quel président américain a mis fin à la ségrégation raciale (loi de 1964) ?', 2);
END
SET IDENTITY_INSERT [dbo].[Question_QST] OFF;

INSERT INTO [dbo].[Answer_ANS] ([Id_Question], [Value], [Valid]) VALUES
    (441, N'Kennedy', 0),
    (441, N'Johnson', 1),
    (441, N'Truman', 0),
    (441, N'Eisenhower', 0);

IF NOT EXISTS (SELECT 1 FROM [dbo].[QuestionTheme_QTH] WHERE Id_Question = 441 AND Id_Theme = @ThemeId)
BEGIN
    INSERT INTO [dbo].[QuestionTheme_QTH] ([Id_Question], [Id_Theme]) VALUES (441, @ThemeId);
END

-- Question 68
SET IDENTITY_INSERT [dbo].[Question_QST] ON;
IF NOT EXISTS (SELECT 1 FROM [dbo].[Question_QST] WHERE Id = 442)
BEGIN
    INSERT INTO [dbo].[Question_QST] ([Id], [Question], [Id_Difficulty])
    VALUES (442, N'Qui a fondé l’empire inca ?', 2);
END
SET IDENTITY_INSERT [dbo].[Question_QST] OFF;

INSERT INTO [dbo].[Answer_ANS] ([Id_Question], [Value], [Valid]) VALUES
    (442, N'Manco Cápac', 1),
    (442, N'Atahualpa', 0),
    (442, N'Pachacutec', 0),
    (442, N'Túpac Amaru', 0);

IF NOT EXISTS (SELECT 1 FROM [dbo].[QuestionTheme_QTH] WHERE Id_Question = 442 AND Id_Theme = @ThemeId)
BEGIN
    INSERT INTO [dbo].[QuestionTheme_QTH] ([Id_Question], [Id_Theme]) VALUES (442, @ThemeId);
END

-- Question 69
SET IDENTITY_INSERT [dbo].[Question_QST] ON;
IF NOT EXISTS (SELECT 1 FROM [dbo].[Question_QST] WHERE Id = 443)
BEGIN
    INSERT INTO [dbo].[Question_QST] ([Id], [Question], [Id_Difficulty])
    VALUES (443, N'Quelle guerre opposa la France et l’Angleterre de 1337 à 1453 ?', 2);
END
SET IDENTITY_INSERT [dbo].[Question_QST] OFF;

INSERT INTO [dbo].[Answer_ANS] ([Id_Question], [Value], [Valid]) VALUES
    (443, N'Guerre de Cent Ans', 1),
    (443, N'Guerre des Deux-Roses', 0),
    (443, N'Guerre de Succession', 0),
    (443, N'Guerre des Trois Couronnes', 0);

IF NOT EXISTS (SELECT 1 FROM [dbo].[QuestionTheme_QTH] WHERE Id_Question = 443 AND Id_Theme = @ThemeId)
BEGIN
    INSERT INTO [dbo].[QuestionTheme_QTH] ([Id_Question], [Id_Theme]) VALUES (443, @ThemeId);
END

-- Question 70
SET IDENTITY_INSERT [dbo].[Question_QST] ON;
IF NOT EXISTS (SELECT 1 FROM [dbo].[Question_QST] WHERE Id = 444)
BEGIN
    INSERT INTO [dbo].[Question_QST] ([Id], [Question], [Id_Difficulty])
    VALUES (444, N'Quel roi a signé la Magna Carta en 1215 ?', 2);
END
SET IDENTITY_INSERT [dbo].[Question_QST] OFF;

INSERT INTO [dbo].[Answer_ANS] ([Id_Question], [Value], [Valid]) VALUES
    (444, N'Henri II', 0),
    (444, N'Jean sans Terre', 1),
    (444, N'Richard Cœur de Lion', 0),
    (444, N'Édouard Ier', 0);

IF NOT EXISTS (SELECT 1 FROM [dbo].[QuestionTheme_QTH] WHERE Id_Question = 444 AND Id_Theme = @ThemeId)
BEGIN
    INSERT INTO [dbo].[QuestionTheme_QTH] ([Id_Question], [Id_Theme]) VALUES (444, @ThemeId);
END

-- Question 71
SET IDENTITY_INSERT [dbo].[Question_QST] ON;
IF NOT EXISTS (SELECT 1 FROM [dbo].[Question_QST] WHERE Id = 445)
BEGIN
    INSERT INTO [dbo].[Question_QST] ([Id], [Question], [Id_Difficulty])
    VALUES (445, N'Qui a fait le code civil en France ?', 2);
END
SET IDENTITY_INSERT [dbo].[Question_QST] OFF;

INSERT INTO [dbo].[Answer_ANS] ([Id_Question], [Value], [Valid]) VALUES
    (445, N'Louis XIV', 0),
    (445, N'Napoléon Bonaparte', 1),
    (445, N'Robespierre', 0),
    (445, N'Clémenceau', 0);

IF NOT EXISTS (SELECT 1 FROM [dbo].[QuestionTheme_QTH] WHERE Id_Question = 445 AND Id_Theme = @ThemeId)
BEGIN
    INSERT INTO [dbo].[QuestionTheme_QTH] ([Id_Question], [Id_Theme]) VALUES (445, @ThemeId);
END

-- Question 72
SET IDENTITY_INSERT [dbo].[Question_QST] ON;
IF NOT EXISTS (SELECT 1 FROM [dbo].[Question_QST] WHERE Id = 446)
BEGIN
    INSERT INTO [dbo].[Question_QST] ([Id], [Question], [Id_Difficulty])
    VALUES (446, N'Quelle dynastie a succédé aux Carolingiens ?', 2);
END
SET IDENTITY_INSERT [dbo].[Question_QST] OFF;

INSERT INTO [dbo].[Answer_ANS] ([Id_Question], [Value], [Valid]) VALUES
    (446, N'Capétiens', 1),
    (446, N'Valois', 0),
    (446, N'Mérovigiens', 0),
    (446, N'Bourbons', 0);

IF NOT EXISTS (SELECT 1 FROM [dbo].[QuestionTheme_QTH] WHERE Id_Question = 446 AND Id_Theme = @ThemeId)
BEGIN
    INSERT INTO [dbo].[QuestionTheme_QTH] ([Id_Question], [Id_Theme]) VALUES (446, @ThemeId);
END

-- Question 73
SET IDENTITY_INSERT [dbo].[Question_QST] ON;
IF NOT EXISTS (SELECT 1 FROM [dbo].[Question_QST] WHERE Id = 447)
BEGIN
    INSERT INTO [dbo].[Question_QST] ([Id], [Question], [Id_Difficulty])
    VALUES (447, N'Quelle civilisation a construit Machu Picchu ?', 2);
END
SET IDENTITY_INSERT [dbo].[Question_QST] OFF;

INSERT INTO [dbo].[Answer_ANS] ([Id_Question], [Value], [Valid]) VALUES
    (447, N'Mayas', 0),
    (447, N'Aztèques', 0),
    (447, N'Incas', 1),
    (447, N'Olmèques', 0);

IF NOT EXISTS (SELECT 1 FROM [dbo].[QuestionTheme_QTH] WHERE Id_Question = 447 AND Id_Theme = @ThemeId)
BEGIN
    INSERT INTO [dbo].[QuestionTheme_QTH] ([Id_Question], [Id_Theme]) VALUES (447, @ThemeId);
END

-- Question 74
SET IDENTITY_INSERT [dbo].[Question_QST] ON;
IF NOT EXISTS (SELECT 1 FROM [dbo].[Question_QST] WHERE Id = 448)
BEGIN
    INSERT INTO [dbo].[Question_QST] ([Id], [Question], [Id_Difficulty])
    VALUES (448, N'Qui a dirigé la Longue Marche en Chine ?', 2);
END
SET IDENTITY_INSERT [dbo].[Question_QST] OFF;

INSERT INTO [dbo].[Answer_ANS] ([Id_Question], [Value], [Valid]) VALUES
    (448, N'Sun Yat-sen', 0),
    (448, N'Mao Zedong', 1),
    (448, N'Tchang Kaï-chek', 0),
    (448, N'Zhou Enlai', 0);

IF NOT EXISTS (SELECT 1 FROM [dbo].[QuestionTheme_QTH] WHERE Id_Question = 448 AND Id_Theme = @ThemeId)
BEGIN
    INSERT INTO [dbo].[QuestionTheme_QTH] ([Id_Question], [Id_Theme]) VALUES (448, @ThemeId);
END

-- Question 75
SET IDENTITY_INSERT [dbo].[Question_QST] ON;
IF NOT EXISTS (SELECT 1 FROM [dbo].[Question_QST] WHERE Id = 449)
BEGIN
    INSERT INTO [dbo].[Question_QST] ([Id], [Question], [Id_Difficulty])
    VALUES (449, N'Quel peuple était opposé à Rome lors de la guerre de Jugurtha ?', 2);
END
SET IDENTITY_INSERT [dbo].[Question_QST] OFF;

INSERT INTO [dbo].[Answer_ANS] ([Id_Question], [Value], [Valid]) VALUES
    (449, N'Carthaginois', 0),
    (449, N'Numides', 1),
    (449, N'Gaulois', 0),
    (449, N'Germains', 0);

IF NOT EXISTS (SELECT 1 FROM [dbo].[QuestionTheme_QTH] WHERE Id_Question = 449 AND Id_Theme = @ThemeId)
BEGIN
    INSERT INTO [dbo].[QuestionTheme_QTH] ([Id_Question], [Id_Theme]) VALUES (449, @ThemeId);
END

-- Question 76
SET IDENTITY_INSERT [dbo].[Question_QST] ON;
IF NOT EXISTS (SELECT 1 FROM [dbo].[Question_QST] WHERE Id = 450)
BEGIN
    INSERT INTO [dbo].[Question_QST] ([Id], [Question], [Id_Difficulty])
    VALUES (450, N'Quelle dynastie française régna jusqu’en 1792 ?', 2);
END
SET IDENTITY_INSERT [dbo].[Question_QST] OFF;

INSERT INTO [dbo].[Answer_ANS] ([Id_Question], [Value], [Valid]) VALUES
    (450, N'Capétiens', 0),
    (450, N'Valois', 0),
    (450, N'Bourbons', 1),
    (450, N'Orléans', 0);

IF NOT EXISTS (SELECT 1 FROM [dbo].[QuestionTheme_QTH] WHERE Id_Question = 450 AND Id_Theme = @ThemeId)
BEGIN
    INSERT INTO [dbo].[QuestionTheme_QTH] ([Id_Question], [Id_Theme]) VALUES (450, @ThemeId);
END

-- Question 77
SET IDENTITY_INSERT [dbo].[Question_QST] ON;
IF NOT EXISTS (SELECT 1 FROM [dbo].[Question_QST] WHERE Id = 451)
BEGIN
    INSERT INTO [dbo].[Question_QST] ([Id], [Question], [Id_Difficulty])
    VALUES (451, N'Quel général a mené la bataille de Verdun ?', 2);
END
SET IDENTITY_INSERT [dbo].[Question_QST] OFF;

INSERT INTO [dbo].[Answer_ANS] ([Id_Question], [Value], [Valid]) VALUES
    (451, N'Foch', 0),
    (451, N'Joffre', 0),
    (451, N'Pétain', 1),
    (451, N'Nivelle', 0);

IF NOT EXISTS (SELECT 1 FROM [dbo].[QuestionTheme_QTH] WHERE Id_Question = 451 AND Id_Theme = @ThemeId)
BEGIN
    INSERT INTO [dbo].[QuestionTheme_QTH] ([Id_Question], [Id_Theme]) VALUES (451, @ThemeId);
END

-- Question 78
SET IDENTITY_INSERT [dbo].[Question_QST] ON;
IF NOT EXISTS (SELECT 1 FROM [dbo].[Question_QST] WHERE Id = 452)
BEGIN
    INSERT INTO [dbo].[Question_QST] ([Id], [Question], [Id_Difficulty])
    VALUES (452, N'Qui a assassiné Jules César ?', 2);
END
SET IDENTITY_INSERT [dbo].[Question_QST] OFF;

INSERT INTO [dbo].[Answer_ANS] ([Id_Question], [Value], [Valid]) VALUES
    (452, N'Brutus', 1),
    (452, N'Pompée', 0),
    (452, N'Octave', 0),
    (452, N'Cassius', 0);

IF NOT EXISTS (SELECT 1 FROM [dbo].[QuestionTheme_QTH] WHERE Id_Question = 452 AND Id_Theme = @ThemeId)
BEGIN
    INSERT INTO [dbo].[QuestionTheme_QTH] ([Id_Question], [Id_Theme]) VALUES (452, @ThemeId);
END

-- Question 79
SET IDENTITY_INSERT [dbo].[Question_QST] ON;
IF NOT EXISTS (SELECT 1 FROM [dbo].[Question_QST] WHERE Id = 453)
BEGIN
    INSERT INTO [dbo].[Question_QST] ([Id], [Question], [Id_Difficulty])
    VALUES (453, N'Quel roi fut vaincu à Azincourt en 1415 ?', 2);
END
SET IDENTITY_INSERT [dbo].[Question_QST] OFF;

INSERT INTO [dbo].[Answer_ANS] ([Id_Question], [Value], [Valid]) VALUES
    (453, N'Charles V', 0),
    (453, N'Charles VI', 1),
    (453, N'Charles VII', 0),
    (453, N'Henri II', 0);

IF NOT EXISTS (SELECT 1 FROM [dbo].[QuestionTheme_QTH] WHERE Id_Question = 453 AND Id_Theme = @ThemeId)
BEGIN
    INSERT INTO [dbo].[QuestionTheme_QTH] ([Id_Question], [Id_Theme]) VALUES (453, @ThemeId);
END

-- Question 80
SET IDENTITY_INSERT [dbo].[Question_QST] ON;
IF NOT EXISTS (SELECT 1 FROM [dbo].[Question_QST] WHERE Id = 454)
BEGIN
    INSERT INTO [dbo].[Question_QST] ([Id], [Question], [Id_Difficulty])
    VALUES (454, N'Quel traité de 1815 a redessiné l’Europe après Napoléon ?', 2);
END
SET IDENTITY_INSERT [dbo].[Question_QST] OFF;

INSERT INTO [dbo].[Answer_ANS] ([Id_Question], [Value], [Valid]) VALUES
    (454, N'Vienne', 1),
    (454, N'Versailles', 0),
    (454, N'Paris', 0),
    (454, N'La Haye', 0);

IF NOT EXISTS (SELECT 1 FROM [dbo].[QuestionTheme_QTH] WHERE Id_Question = 454 AND Id_Theme = @ThemeId)
BEGIN
    INSERT INTO [dbo].[QuestionTheme_QTH] ([Id_Question], [Id_Theme]) VALUES (454, @ThemeId);
END

-- Question 81
SET IDENTITY_INSERT [dbo].[Question_QST] ON;
IF NOT EXISTS (SELECT 1 FROM [dbo].[Question_QST] WHERE Id = 455)
BEGIN
    INSERT INTO [dbo].[Question_QST] ([Id], [Question], [Id_Difficulty])
    VALUES (455, N'Quel chef gaulois a résisté à César à Alésia ?', 2);
END
SET IDENTITY_INSERT [dbo].[Question_QST] OFF;

INSERT INTO [dbo].[Answer_ANS] ([Id_Question], [Value], [Valid]) VALUES
    (455, N'Brennus', 0),
    (455, N'Vercingétorix', 1),
    (455, N'Ambiorix', 0),
    (455, N'Divico', 0);

IF NOT EXISTS (SELECT 1 FROM [dbo].[QuestionTheme_QTH] WHERE Id_Question = 455 AND Id_Theme = @ThemeId)
BEGIN
    INSERT INTO [dbo].[QuestionTheme_QTH] ([Id_Question], [Id_Theme]) VALUES (455, @ThemeId);
END

-- Question 82
SET IDENTITY_INSERT [dbo].[Question_QST] ON;
IF NOT EXISTS (SELECT 1 FROM [dbo].[Question_QST] WHERE Id = 456)
BEGIN
    INSERT INTO [dbo].[Question_QST] ([Id], [Question], [Id_Difficulty])
    VALUES (456, N'Quel dirigeant sud-africain a lutté contre l’apartheid ?', 2);
END
SET IDENTITY_INSERT [dbo].[Question_QST] OFF;

INSERT INTO [dbo].[Answer_ANS] ([Id_Question], [Value], [Valid]) VALUES
    (456, N'Desmond Tutu', 0),
    (456, N'Mandela', 1),
    (456, N'Botha', 0),
    (456, N'Biko', 0);

IF NOT EXISTS (SELECT 1 FROM [dbo].[QuestionTheme_QTH] WHERE Id_Question = 456 AND Id_Theme = @ThemeId)
BEGIN
    INSERT INTO [dbo].[QuestionTheme_QTH] ([Id_Question], [Id_Theme]) VALUES (456, @ThemeId);
END

-- Question 83
SET IDENTITY_INSERT [dbo].[Question_QST] ON;
IF NOT EXISTS (SELECT 1 FROM [dbo].[Question_QST] WHERE Id = 457)
BEGIN
    INSERT INTO [dbo].[Question_QST] ([Id], [Question], [Id_Difficulty])
    VALUES (457, N'Quel empire a construit Tenochtitlán ?', 2);
END
SET IDENTITY_INSERT [dbo].[Question_QST] OFF;

INSERT INTO [dbo].[Answer_ANS] ([Id_Question], [Value], [Valid]) VALUES
    (457, N'Mayas', 0),
    (457, N'Aztèques', 1),
    (457, N'Incas', 0),
    (457, N'Olmèques', 0);

IF NOT EXISTS (SELECT 1 FROM [dbo].[QuestionTheme_QTH] WHERE Id_Question = 457 AND Id_Theme = @ThemeId)
BEGIN
    INSERT INTO [dbo].[QuestionTheme_QTH] ([Id_Question], [Id_Theme]) VALUES (457, @ThemeId);
END

-- Question 84
SET IDENTITY_INSERT [dbo].[Question_QST] ON;
IF NOT EXISTS (SELECT 1 FROM [dbo].[Question_QST] WHERE Id = 458)
BEGIN
    INSERT INTO [dbo].[Question_QST] ([Id], [Question], [Id_Difficulty])
    VALUES (458, N'Quel tsar a modernisé la Russie au XVIIe siècle ?', 2);
END
SET IDENTITY_INSERT [dbo].[Question_QST] OFF;

INSERT INTO [dbo].[Answer_ANS] ([Id_Question], [Value], [Valid]) VALUES
    (458, N'Ivan IV', 0),
    (458, N'Pierre le Grand', 1),
    (458, N'Nicolas II', 0),
    (458, N'Catherine II', 0);

IF NOT EXISTS (SELECT 1 FROM [dbo].[QuestionTheme_QTH] WHERE Id_Question = 458 AND Id_Theme = @ThemeId)
BEGIN
    INSERT INTO [dbo].[QuestionTheme_QTH] ([Id_Question], [Id_Theme]) VALUES (458, @ThemeId);
END

-- Question 85
SET IDENTITY_INSERT [dbo].[Question_QST] ON;
IF NOT EXISTS (SELECT 1 FROM [dbo].[Question_QST] WHERE Id = 459)
BEGIN
    INSERT INTO [dbo].[Question_QST] ([Id], [Question], [Id_Difficulty])
    VALUES (459, N'Quelle dynastie a précédé les Ming en Chine ?', 2);
END
SET IDENTITY_INSERT [dbo].[Question_QST] OFF;

INSERT INTO [dbo].[Answer_ANS] ([Id_Question], [Value], [Valid]) VALUES
    (459, N'Tang', 0),
    (459, N'Song', 0),
    (459, N'Yuan', 1),
    (459, N'Qing', 0);

IF NOT EXISTS (SELECT 1 FROM [dbo].[QuestionTheme_QTH] WHERE Id_Question = 459 AND Id_Theme = @ThemeId)
BEGIN
    INSERT INTO [dbo].[QuestionTheme_QTH] ([Id_Question], [Id_Theme]) VALUES (459, @ThemeId);
END

-- Question 86
SET IDENTITY_INSERT [dbo].[Question_QST] ON;
IF NOT EXISTS (SELECT 1 FROM [dbo].[Question_QST] WHERE Id = 460)
BEGIN
    INSERT INTO [dbo].[Question_QST] ([Id], [Question], [Id_Difficulty])
    VALUES (460, N'Quel président américain a aboli l’esclavage ?', 2);
END
SET IDENTITY_INSERT [dbo].[Question_QST] OFF;

INSERT INTO [dbo].[Answer_ANS] ([Id_Question], [Value], [Valid]) VALUES
    (460, N'Jefferson', 0),
    (460, N'Lincoln', 1),
    (460, N'Washington', 0),
    (460, N'Adams', 0);

IF NOT EXISTS (SELECT 1 FROM [dbo].[QuestionTheme_QTH] WHERE Id_Question = 460 AND Id_Theme = @ThemeId)
BEGIN
    INSERT INTO [dbo].[QuestionTheme_QTH] ([Id_Question], [Id_Theme]) VALUES (460, @ThemeId);
END

-- Question 87
SET IDENTITY_INSERT [dbo].[Question_QST] ON;
IF NOT EXISTS (SELECT 1 FROM [dbo].[Question_QST] WHERE Id = 461)
BEGIN
    INSERT INTO [dbo].[Question_QST] ([Id], [Question], [Id_Difficulty])
    VALUES (461, N'Quelle bataille fut la dernière victoire de Napoléon (1815) ?', 2);
END
SET IDENTITY_INSERT [dbo].[Question_QST] OFF;

INSERT INTO [dbo].[Answer_ANS] ([Id_Question], [Value], [Valid]) VALUES
    (461, N'Waterloo', 0),
    (461, N'Austerlitz', 0),
    (461, N'Iéna', 0),
    (461, N'Ligny', 1);

IF NOT EXISTS (SELECT 1 FROM [dbo].[QuestionTheme_QTH] WHERE Id_Question = 461 AND Id_Theme = @ThemeId)
BEGIN
    INSERT INTO [dbo].[QuestionTheme_QTH] ([Id_Question], [Id_Theme]) VALUES (461, @ThemeId);
END

-- Question 88
SET IDENTITY_INSERT [dbo].[Question_QST] ON;
IF NOT EXISTS (SELECT 1 FROM [dbo].[Question_QST] WHERE Id = 462)
BEGIN
    INSERT INTO [dbo].[Question_QST] ([Id], [Question], [Id_Difficulty])
    VALUES (462, N'Quel royaume a vaincu les Perses à Marathon ?', 2);
END
SET IDENTITY_INSERT [dbo].[Question_QST] OFF;

INSERT INTO [dbo].[Answer_ANS] ([Id_Question], [Value], [Valid]) VALUES
    (462, N'Athènes', 1),
    (462, N'Sparte', 0),
    (462, N'Macédoine', 0),
    (462, N'Corinthe', 0);

IF NOT EXISTS (SELECT 1 FROM [dbo].[QuestionTheme_QTH] WHERE Id_Question = 462 AND Id_Theme = @ThemeId)
BEGIN
    INSERT INTO [dbo].[QuestionTheme_QTH] ([Id_Question], [Id_Theme]) VALUES (462, @ThemeId);
END

-- Question 89
SET IDENTITY_INSERT [dbo].[Question_QST] ON;
IF NOT EXISTS (SELECT 1 FROM [dbo].[Question_QST] WHERE Id = 463)
BEGIN
    INSERT INTO [dbo].[Question_QST] ([Id], [Question], [Id_Difficulty])
    VALUES (463, N'Quel roi de Prusse a modernisé son armée au XVIIIe siècle ?', 2);
END
SET IDENTITY_INSERT [dbo].[Question_QST] OFF;

INSERT INTO [dbo].[Answer_ANS] ([Id_Question], [Value], [Valid]) VALUES
    (463, N'Frédéric-Guillaume', 0),
    (463, N'Frédéric II', 1),
    (463, N'Guillaume Ier', 0),
    (463, N'Otto von Bismarck', 0);

IF NOT EXISTS (SELECT 1 FROM [dbo].[QuestionTheme_QTH] WHERE Id_Question = 463 AND Id_Theme = @ThemeId)
BEGIN
    INSERT INTO [dbo].[QuestionTheme_QTH] ([Id_Question], [Id_Theme]) VALUES (463, @ThemeId);
END

-- Question 90
SET IDENTITY_INSERT [dbo].[Question_QST] ON;
IF NOT EXISTS (SELECT 1 FROM [dbo].[Question_QST] WHERE Id = 464)
BEGIN
    INSERT INTO [dbo].[Question_QST] ([Id], [Question], [Id_Difficulty])
    VALUES (464, N'Quel événement a marqué la fin de l’Empire byzantin en 1453 ?', 2);
END
SET IDENTITY_INSERT [dbo].[Question_QST] OFF;

INSERT INTO [dbo].[Answer_ANS] ([Id_Question], [Value], [Valid]) VALUES
    (464, N'Prise de Rome', 0),
    (464, N'Prise de Constantinople', 1),
    (464, N'Prise de Jérusalem', 0),
    (464, N'Prise d’Alexandrie', 0);

IF NOT EXISTS (SELECT 1 FROM [dbo].[QuestionTheme_QTH] WHERE Id_Question = 464 AND Id_Theme = @ThemeId)
BEGIN
    INSERT INTO [dbo].[QuestionTheme_QTH] ([Id_Question], [Id_Theme]) VALUES (464, @ThemeId);
END

-- Question 91
SET IDENTITY_INSERT [dbo].[Question_QST] ON;
IF NOT EXISTS (SELECT 1 FROM [dbo].[Question_QST] WHERE Id = 465)
BEGIN
    INSERT INTO [dbo].[Question_QST] ([Id], [Question], [Id_Difficulty])
    VALUES (465, N'Quel empereur romain a divisé l’Empire en deux parties ?', 2);
END
SET IDENTITY_INSERT [dbo].[Question_QST] OFF;

INSERT INTO [dbo].[Answer_ANS] ([Id_Question], [Value], [Valid]) VALUES
    (465, N'Auguste', 0),
    (465, N'Dioclétien', 1),
    (465, N'Constantin', 0),
    (465, N'Néron', 0);

IF NOT EXISTS (SELECT 1 FROM [dbo].[QuestionTheme_QTH] WHERE Id_Question = 465 AND Id_Theme = @ThemeId)
BEGIN
    INSERT INTO [dbo].[QuestionTheme_QTH] ([Id_Question], [Id_Theme]) VALUES (465, @ThemeId);
END

-- Question 92
SET IDENTITY_INSERT [dbo].[Question_QST] ON;
IF NOT EXISTS (SELECT 1 FROM [dbo].[Question_QST] WHERE Id = 466)
BEGIN
    INSERT INTO [dbo].[Question_QST] ([Id], [Question], [Id_Difficulty])
    VALUES (466, N'Quelle dynastie régna sur l’Autriche jusqu’en 1918 ?', 2);
END
SET IDENTITY_INSERT [dbo].[Question_QST] OFF;

INSERT INTO [dbo].[Answer_ANS] ([Id_Question], [Value], [Valid]) VALUES
    (466, N'Habsbourg', 1),
    (466, N'Wittelsbach', 0),
    (466, N'Bourbons', 0),
    (466, N'Savoie', 0);

IF NOT EXISTS (SELECT 1 FROM [dbo].[QuestionTheme_QTH] WHERE Id_Question = 466 AND Id_Theme = @ThemeId)
BEGIN
    INSERT INTO [dbo].[QuestionTheme_QTH] ([Id_Question], [Id_Theme]) VALUES (466, @ThemeId);
END

-- Question 93
SET IDENTITY_INSERT [dbo].[Question_QST] ON;
IF NOT EXISTS (SELECT 1 FROM [dbo].[Question_QST] WHERE Id = 467)
BEGIN
    INSERT INTO [dbo].[Question_QST] ([Id], [Question], [Id_Difficulty])
    VALUES (467, N'Quel révolutionnaire cubain accompagna Fidel Castro ?', 2);
END
SET IDENTITY_INSERT [dbo].[Question_QST] OFF;

INSERT INTO [dbo].[Answer_ANS] ([Id_Question], [Value], [Valid]) VALUES
    (467, N'Camilo Cienfuegos', 0),
    (467, N'Che Guevara', 1),
    (467, N'Batista', 0),
    (467, N'Ortega', 0);

IF NOT EXISTS (SELECT 1 FROM [dbo].[QuestionTheme_QTH] WHERE Id_Question = 467 AND Id_Theme = @ThemeId)
BEGIN
    INSERT INTO [dbo].[QuestionTheme_QTH] ([Id_Question], [Id_Theme]) VALUES (467, @ThemeId);
END

-- Question 94
SET IDENTITY_INSERT [dbo].[Question_QST] ON;
IF NOT EXISTS (SELECT 1 FROM [dbo].[Question_QST] WHERE Id = 468)
BEGIN
    INSERT INTO [dbo].[Question_QST] ([Id], [Question], [Id_Difficulty])
    VALUES (468, N'Quel roi d’Espagne régna pendant l’Invincible Armada ?', 2);
END
SET IDENTITY_INSERT [dbo].[Question_QST] OFF;

INSERT INTO [dbo].[Answer_ANS] ([Id_Question], [Value], [Valid]) VALUES
    (468, N'Philippe II', 1),
    (468, N'Charles Quint', 0),
    (468, N'Ferdinand', 0),
    (468, N'Alphonse X', 0);

IF NOT EXISTS (SELECT 1 FROM [dbo].[QuestionTheme_QTH] WHERE Id_Question = 468 AND Id_Theme = @ThemeId)
BEGIN
    INSERT INTO [dbo].[QuestionTheme_QTH] ([Id_Question], [Id_Theme]) VALUES (468, @ThemeId);
END

-- Question 95
SET IDENTITY_INSERT [dbo].[Question_QST] ON;
IF NOT EXISTS (SELECT 1 FROM [dbo].[Question_QST] WHERE Id = 469)
BEGIN
    INSERT INTO [dbo].[Question_QST] ([Id], [Question], [Id_Difficulty])
    VALUES (469, N'Qui a fondé l’Empire ottoman ?', 2);
END
SET IDENTITY_INSERT [dbo].[Question_QST] OFF;

INSERT INTO [dbo].[Answer_ANS] ([Id_Question], [Value], [Valid]) VALUES
    (469, N'Osman Ier', 1),
    (469, N'Suleiman', 0),
    (469, N'Mehmet II', 0),
    (469, N'Bayezid', 0);

IF NOT EXISTS (SELECT 1 FROM [dbo].[QuestionTheme_QTH] WHERE Id_Question = 469 AND Id_Theme = @ThemeId)
BEGIN
    INSERT INTO [dbo].[QuestionTheme_QTH] ([Id_Question], [Id_Theme]) VALUES (469, @ThemeId);
END

-- Question 96
SET IDENTITY_INSERT [dbo].[Question_QST] ON;
IF NOT EXISTS (SELECT 1 FROM [dbo].[Question_QST] WHERE Id = 470)
BEGIN
    INSERT INTO [dbo].[Question_QST] ([Id], [Question], [Id_Difficulty])
    VALUES (470, N'Quel roi d’Angleterre fut vaincu à Hastings (1066) ?', 2);
END
SET IDENTITY_INSERT [dbo].[Question_QST] OFF;

INSERT INTO [dbo].[Answer_ANS] ([Id_Question], [Value], [Valid]) VALUES
    (470, N'Harold II', 1),
    (470, N'Richard Ier', 0),
    (470, N'Jean sans Terre', 0),
    (470, N'Édouard II', 0);

IF NOT EXISTS (SELECT 1 FROM [dbo].[QuestionTheme_QTH] WHERE Id_Question = 470 AND Id_Theme = @ThemeId)
BEGIN
    INSERT INTO [dbo].[QuestionTheme_QTH] ([Id_Question], [Id_Theme]) VALUES (470, @ThemeId);
END

-- Question 97
SET IDENTITY_INSERT [dbo].[Question_QST] ON;
IF NOT EXISTS (SELECT 1 FROM [dbo].[Question_QST] WHERE Id = 471)
BEGIN
    INSERT INTO [dbo].[Question_QST] ([Id], [Question], [Id_Difficulty])
    VALUES (471, N'Quel président américain a déclenché la guerre du Vietnam ?', 2);
END
SET IDENTITY_INSERT [dbo].[Question_QST] OFF;

INSERT INTO [dbo].[Answer_ANS] ([Id_Question], [Value], [Valid]) VALUES
    (471, N'Truman', 0),
    (471, N'Eisenhower', 0),
    (471, N'Kennedy', 0),
    (471, N'Johnson', 1);

IF NOT EXISTS (SELECT 1 FROM [dbo].[QuestionTheme_QTH] WHERE Id_Question = 471 AND Id_Theme = @ThemeId)
BEGIN
    INSERT INTO [dbo].[QuestionTheme_QTH] ([Id_Question], [Id_Theme]) VALUES (471, @ThemeId);
END

-- Question 98
SET IDENTITY_INSERT [dbo].[Question_QST] ON;
IF NOT EXISTS (SELECT 1 FROM [dbo].[Question_QST] WHERE Id = 472)
BEGIN
    INSERT INTO [dbo].[Question_QST] ([Id], [Question], [Id_Difficulty])
    VALUES (472, N'Quel général carthaginois a mené la Seconde guerre punique ?', 2);
END
SET IDENTITY_INSERT [dbo].[Question_QST] OFF;

INSERT INTO [dbo].[Answer_ANS] ([Id_Question], [Value], [Valid]) VALUES
    (472, N'Hamilcar', 0),
    (472, N'Hannibal', 1),
    (472, N'Hasdrubal', 0),
    (472, N'Magon', 0);

IF NOT EXISTS (SELECT 1 FROM [dbo].[QuestionTheme_QTH] WHERE Id_Question = 472 AND Id_Theme = @ThemeId)
BEGIN
    INSERT INTO [dbo].[QuestionTheme_QTH] ([Id_Question], [Id_Theme]) VALUES (472, @ThemeId);
END

-- Question 99
SET IDENTITY_INSERT [dbo].[Question_QST] ON;
IF NOT EXISTS (SELECT 1 FROM [dbo].[Question_QST] WHERE Id = 473)
BEGIN
    INSERT INTO [dbo].[Question_QST] ([Id], [Question], [Id_Difficulty])
    VALUES (473, N'Quel traité a fondé la Communauté économique européenne en 1957 ?', 2);
END
SET IDENTITY_INSERT [dbo].[Question_QST] OFF;

INSERT INTO [dbo].[Answer_ANS] ([Id_Question], [Value], [Valid]) VALUES
    (473, N'Traité de Maastricht', 0),
    (473, N'Traité de Rome', 1),
    (473, N'Traité de Paris', 0),
    (473, N'Traité de Nice', 0);

IF NOT EXISTS (SELECT 1 FROM [dbo].[QuestionTheme_QTH] WHERE Id_Question = 473 AND Id_Theme = @ThemeId)
BEGIN
    INSERT INTO [dbo].[QuestionTheme_QTH] ([Id_Question], [Id_Theme]) VALUES (473, @ThemeId);
END

-- Question 100
SET IDENTITY_INSERT [dbo].[Question_QST] ON;
IF NOT EXISTS (SELECT 1 FROM [dbo].[Question_QST] WHERE Id = 474)
BEGIN
    INSERT INTO [dbo].[Question_QST] ([Id], [Question], [Id_Difficulty])
    VALUES (474, N'Quelle dynastie régnait sur la France avant les Mérovingiens ?', 3);
END
SET IDENTITY_INSERT [dbo].[Question_QST] OFF;

INSERT INTO [dbo].[Answer_ANS] ([Id_Question], [Value], [Valid]) VALUES
    (474, N'Les Carolingiens', 0),
    (474, N'Les Capétiens', 0),
    (474, N'Les Wisigoths', 0),
    (474, N'Aucune', 1);

IF NOT EXISTS (SELECT 1 FROM [dbo].[QuestionTheme_QTH] WHERE Id_Question = 474 AND Id_Theme = @ThemeId)
BEGIN
    INSERT INTO [dbo].[QuestionTheme_QTH] ([Id_Question], [Id_Theme]) VALUES (474, @ThemeId);
END

-- Question 101
SET IDENTITY_INSERT [dbo].[Question_QST] ON;
IF NOT EXISTS (SELECT 1 FROM [dbo].[Question_QST] WHERE Id = 475)
BEGIN
    INSERT INTO [dbo].[Question_QST] ([Id], [Question], [Id_Difficulty])
    VALUES (475, N'Quel roi wisigoth fut vaincu à la bataille de Vouillé (507) ?', 3);
END
SET IDENTITY_INSERT [dbo].[Question_QST] OFF;

INSERT INTO [dbo].[Answer_ANS] ([Id_Question], [Value], [Valid]) VALUES
    (475, N'Alaric II', 1),
    (475, N'Euric', 0),
    (475, N'Théodoric', 0),
    (475, N'Reccared Ier', 0);

IF NOT EXISTS (SELECT 1 FROM [dbo].[QuestionTheme_QTH] WHERE Id_Question = 475 AND Id_Theme = @ThemeId)
BEGIN
    INSERT INTO [dbo].[QuestionTheme_QTH] ([Id_Question], [Id_Theme]) VALUES (475, @ThemeId);
END

-- Question 102
SET IDENTITY_INSERT [dbo].[Question_QST] ON;
IF NOT EXISTS (SELECT 1 FROM [dbo].[Question_QST] WHERE Id = 476)
BEGIN
    INSERT INTO [dbo].[Question_QST] ([Id], [Question], [Id_Difficulty])
    VALUES (476, N'Quel pape a excommunié Luther en 1521 ?', 3);
END
SET IDENTITY_INSERT [dbo].[Question_QST] OFF;

INSERT INTO [dbo].[Answer_ANS] ([Id_Question], [Value], [Valid]) VALUES
    (476, N'Léon X', 1),
    (476, N'Pie II', 0),
    (476, N'Jules II', 0),
    (476, N'Clément VII', 0);

IF NOT EXISTS (SELECT 1 FROM [dbo].[QuestionTheme_QTH] WHERE Id_Question = 476 AND Id_Theme = @ThemeId)
BEGIN
    INSERT INTO [dbo].[QuestionTheme_QTH] ([Id_Question], [Id_Theme]) VALUES (476, @ThemeId);
END

-- Question 103
SET IDENTITY_INSERT [dbo].[Question_QST] ON;
IF NOT EXISTS (SELECT 1 FROM [dbo].[Question_QST] WHERE Id = 477)
BEGIN
    INSERT INTO [dbo].[Question_QST] ([Id], [Question], [Id_Difficulty])
    VALUES (477, N'Quel empereur byzantin a codifié le droit romain ?', 3);
END
SET IDENTITY_INSERT [dbo].[Question_QST] OFF;

INSERT INTO [dbo].[Answer_ANS] ([Id_Question], [Value], [Valid]) VALUES
    (477, N'Constantin', 0),
    (477, N'Théodose', 0),
    (477, N'Justinian', 1),
    (477, N'Basile II', 0);

IF NOT EXISTS (SELECT 1 FROM [dbo].[QuestionTheme_QTH] WHERE Id_Question = 477 AND Id_Theme = @ThemeId)
BEGIN
    INSERT INTO [dbo].[QuestionTheme_QTH] ([Id_Question], [Id_Theme]) VALUES (477, @ThemeId);
END

-- Question 104
SET IDENTITY_INSERT [dbo].[Question_QST] ON;
IF NOT EXISTS (SELECT 1 FROM [dbo].[Question_QST] WHERE Id = 478)
BEGIN
    INSERT INTO [dbo].[Question_QST] ([Id], [Question], [Id_Difficulty])
    VALUES (478, N'Quel fut le premier roi capétien ?', 3);
END
SET IDENTITY_INSERT [dbo].[Question_QST] OFF;

INSERT INTO [dbo].[Answer_ANS] ([Id_Question], [Value], [Valid]) VALUES
    (478, N'Hugues Capet', 1),
    (478, N'Robert II', 0),
    (478, N'Philippe Ier', 0),
    (478, N'Louis VI', 0);

IF NOT EXISTS (SELECT 1 FROM [dbo].[QuestionTheme_QTH] WHERE Id_Question = 478 AND Id_Theme = @ThemeId)
BEGIN
    INSERT INTO [dbo].[QuestionTheme_QTH] ([Id_Question], [Id_Theme]) VALUES (478, @ThemeId);
END

-- Question 105
SET IDENTITY_INSERT [dbo].[Question_QST] ON;
IF NOT EXISTS (SELECT 1 FROM [dbo].[Question_QST] WHERE Id = 479)
BEGIN
    INSERT INTO [dbo].[Question_QST] ([Id], [Question], [Id_Difficulty])
    VALUES (479, N'Quel roi franc a vaincu les Arabes à Poitiers en 732 ?', 3);
END
SET IDENTITY_INSERT [dbo].[Question_QST] OFF;

INSERT INTO [dbo].[Answer_ANS] ([Id_Question], [Value], [Valid]) VALUES
    (479, N'Clovis', 0),
    (479, N'Charles Martel', 1),
    (479, N'Pépin le Bref', 0),
    (479, N'Charlemagne', 0);

IF NOT EXISTS (SELECT 1 FROM [dbo].[QuestionTheme_QTH] WHERE Id_Question = 479 AND Id_Theme = @ThemeId)
BEGIN
    INSERT INTO [dbo].[QuestionTheme_QTH] ([Id_Question], [Id_Theme]) VALUES (479, @ThemeId);
END

-- Question 106
SET IDENTITY_INSERT [dbo].[Question_QST] ON;
IF NOT EXISTS (SELECT 1 FROM [dbo].[Question_QST] WHERE Id = 480)
BEGIN
    INSERT INTO [dbo].[Question_QST] ([Id], [Question], [Id_Difficulty])
    VALUES (480, N'Quelle bataille a marqué la fin de l’empire napoléonien en Russie ?', 3);
END
SET IDENTITY_INSERT [dbo].[Question_QST] OFF;

INSERT INTO [dbo].[Answer_ANS] ([Id_Question], [Value], [Valid]) VALUES
    (480, N'Moscou', 0),
    (480, N'Borodino', 0),
    (480, N'Smolensk', 0),
    (480, N'Leipzig', 1);

IF NOT EXISTS (SELECT 1 FROM [dbo].[QuestionTheme_QTH] WHERE Id_Question = 480 AND Id_Theme = @ThemeId)
BEGIN
    INSERT INTO [dbo].[QuestionTheme_QTH] ([Id_Question], [Id_Theme]) VALUES (480, @ThemeId);
END

-- Question 107
SET IDENTITY_INSERT [dbo].[Question_QST] ON;
IF NOT EXISTS (SELECT 1 FROM [dbo].[Question_QST] WHERE Id = 481)
BEGIN
    INSERT INTO [dbo].[Question_QST] ([Id], [Question], [Id_Difficulty])
    VALUES (481, N'Quel fut le premier empereur du Saint-Empire romain germanique ?', 3);
END
SET IDENTITY_INSERT [dbo].[Question_QST] OFF;

INSERT INTO [dbo].[Answer_ANS] ([Id_Question], [Value], [Valid]) VALUES
    (481, N'Otton Ier', 1),
    (481, N'Frédéric Barberousse', 0),
    (481, N'Henri IV', 0),
    (481, N'Charlemagne', 0);

IF NOT EXISTS (SELECT 1 FROM [dbo].[QuestionTheme_QTH] WHERE Id_Question = 481 AND Id_Theme = @ThemeId)
BEGIN
    INSERT INTO [dbo].[QuestionTheme_QTH] ([Id_Question], [Id_Theme]) VALUES (481, @ThemeId);
END

-- Question 108
SET IDENTITY_INSERT [dbo].[Question_QST] ON;
IF NOT EXISTS (SELECT 1 FROM [dbo].[Question_QST] WHERE Id = 482)
BEGIN
    INSERT INTO [dbo].[Question_QST] ([Id], [Question], [Id_Difficulty])
    VALUES (482, N'Quelle révolte paysanne anglaise eut lieu en 1381 ?', 3);
END
SET IDENTITY_INSERT [dbo].[Question_QST] OFF;

INSERT INTO [dbo].[Answer_ANS] ([Id_Question], [Value], [Valid]) VALUES
    (482, N'Révolte des Ciompi', 0),
    (482, N'Révolte des Tuchins', 0),
    (482, N'Révolte des paysans anglais', 1),
    (482, N'Révolte des Maillotins', 0);

IF NOT EXISTS (SELECT 1 FROM [dbo].[QuestionTheme_QTH] WHERE Id_Question = 482 AND Id_Theme = @ThemeId)
BEGIN
    INSERT INTO [dbo].[QuestionTheme_QTH] ([Id_Question], [Id_Theme]) VALUES (482, @ThemeId);
END

-- Question 109
SET IDENTITY_INSERT [dbo].[Question_QST] ON;
IF NOT EXISTS (SELECT 1 FROM [dbo].[Question_QST] WHERE Id = 483)
BEGIN
    INSERT INTO [dbo].[Question_QST] ([Id], [Question], [Id_Difficulty])
    VALUES (483, N'Quel empire précolombien avait pour capitale Tikal ?', 3);
END
SET IDENTITY_INSERT [dbo].[Question_QST] OFF;

INSERT INTO [dbo].[Answer_ANS] ([Id_Question], [Value], [Valid]) VALUES
    (483, N'Aztèque', 0),
    (483, N'Inca', 0),
    (483, N'Maya', 1),
    (483, N'Olmèque', 0);

IF NOT EXISTS (SELECT 1 FROM [dbo].[QuestionTheme_QTH] WHERE Id_Question = 483 AND Id_Theme = @ThemeId)
BEGIN
    INSERT INTO [dbo].[QuestionTheme_QTH] ([Id_Question], [Id_Theme]) VALUES (483, @ThemeId);
END

-- Question 110
SET IDENTITY_INSERT [dbo].[Question_QST] ON;
IF NOT EXISTS (SELECT 1 FROM [dbo].[Question_QST] WHERE Id = 484)
BEGIN
    INSERT INTO [dbo].[Question_QST] ([Id], [Question], [Id_Difficulty])
    VALUES (484, N'Quel roi anglais a signé le traité de Troyes (1420) ?', 3);
END
SET IDENTITY_INSERT [dbo].[Question_QST] OFF;

INSERT INTO [dbo].[Answer_ANS] ([Id_Question], [Value], [Valid]) VALUES
    (484, N'Henri V', 1),
    (484, N'Henri VI', 0),
    (484, N'Édouard III', 0),
    (484, N'Richard II', 0);

IF NOT EXISTS (SELECT 1 FROM [dbo].[QuestionTheme_QTH] WHERE Id_Question = 484 AND Id_Theme = @ThemeId)
BEGIN
    INSERT INTO [dbo].[QuestionTheme_QTH] ([Id_Question], [Id_Theme]) VALUES (484, @ThemeId);
END

-- Question 111
SET IDENTITY_INSERT [dbo].[Question_QST] ON;
IF NOT EXISTS (SELECT 1 FROM [dbo].[Question_QST] WHERE Id = 485)
BEGIN
    INSERT INTO [dbo].[Question_QST] ([Id], [Question], [Id_Difficulty])
    VALUES (485, N'Quel tsar a libéré les serfs en 1861 ?', 3);
END
SET IDENTITY_INSERT [dbo].[Question_QST] OFF;

INSERT INTO [dbo].[Answer_ANS] ([Id_Question], [Value], [Valid]) VALUES
    (485, N'Pierre le Grand', 0),
    (485, N'Alexandre II', 1),
    (485, N'Nicolas Ier', 0),
    (485, N'Alexandre III', 0);

IF NOT EXISTS (SELECT 1 FROM [dbo].[QuestionTheme_QTH] WHERE Id_Question = 485 AND Id_Theme = @ThemeId)
BEGIN
    INSERT INTO [dbo].[QuestionTheme_QTH] ([Id_Question], [Id_Theme]) VALUES (485, @ThemeId);
END

-- Question 112
SET IDENTITY_INSERT [dbo].[Question_QST] ON;
IF NOT EXISTS (SELECT 1 FROM [dbo].[Question_QST] WHERE Id = 486)
BEGIN
    INSERT INTO [dbo].[Question_QST] ([Id], [Question], [Id_Difficulty])
    VALUES (486, N'Quel empire avait pour capitale Cuzco ?', 3);
END
SET IDENTITY_INSERT [dbo].[Question_QST] OFF;

INSERT INTO [dbo].[Answer_ANS] ([Id_Question], [Value], [Valid]) VALUES
    (486, N'Aztèque', 0),
    (486, N'Inca', 1),
    (486, N'Maya', 0),
    (486, N'Olmèque', 0);

IF NOT EXISTS (SELECT 1 FROM [dbo].[QuestionTheme_QTH] WHERE Id_Question = 486 AND Id_Theme = @ThemeId)
BEGIN
    INSERT INTO [dbo].[QuestionTheme_QTH] ([Id_Question], [Id_Theme]) VALUES (486, @ThemeId);
END

-- Question 113
SET IDENTITY_INSERT [dbo].[Question_QST] ON;
IF NOT EXISTS (SELECT 1 FROM [dbo].[Question_QST] WHERE Id = 487)
BEGIN
    INSERT INTO [dbo].[Question_QST] ([Id], [Question], [Id_Difficulty])
    VALUES (487, N'Quelle femme a mené l’insurrection des Iceni contre Rome ?', 3);
END
SET IDENTITY_INSERT [dbo].[Question_QST] OFF;

INSERT INTO [dbo].[Answer_ANS] ([Id_Question], [Value], [Valid]) VALUES
    (487, N'Cléopâtre', 0),
    (487, N'Boudicca', 1),
    (487, N'Arsinoé', 0),
    (487, N'Agrippine', 0);

IF NOT EXISTS (SELECT 1 FROM [dbo].[QuestionTheme_QTH] WHERE Id_Question = 487 AND Id_Theme = @ThemeId)
BEGIN
    INSERT INTO [dbo].[QuestionTheme_QTH] ([Id_Question], [Id_Theme]) VALUES (487, @ThemeId);
END

-- Question 114
SET IDENTITY_INSERT [dbo].[Question_QST] ON;
IF NOT EXISTS (SELECT 1 FROM [dbo].[Question_QST] WHERE Id = 488)
BEGIN
    INSERT INTO [dbo].[Question_QST] ([Id], [Question], [Id_Difficulty])
    VALUES (488, N'Quelle dynastie chinoise a succédé aux Ming ?', 3);
END
SET IDENTITY_INSERT [dbo].[Question_QST] OFF;

INSERT INTO [dbo].[Answer_ANS] ([Id_Question], [Value], [Valid]) VALUES
    (488, N'Song', 0),
    (488, N'Tang', 0),
    (488, N'Qing', 1),
    (488, N'Han', 0);

IF NOT EXISTS (SELECT 1 FROM [dbo].[QuestionTheme_QTH] WHERE Id_Question = 488 AND Id_Theme = @ThemeId)
BEGIN
    INSERT INTO [dbo].[QuestionTheme_QTH] ([Id_Question], [Id_Theme]) VALUES (488, @ThemeId);
END

-- Question 115
SET IDENTITY_INSERT [dbo].[Question_QST] ON;
IF NOT EXISTS (SELECT 1 FROM [dbo].[Question_QST] WHERE Id = 489)
BEGIN
    INSERT INTO [dbo].[Question_QST] ([Id], [Question], [Id_Difficulty])
    VALUES (489, N'Quel roi anglais a perdu la guerre de Cent Ans ?', 3);
END
SET IDENTITY_INSERT [dbo].[Question_QST] OFF;

INSERT INTO [dbo].[Answer_ANS] ([Id_Question], [Value], [Valid]) VALUES
    (489, N'Henri VI', 1),
    (489, N'Richard II', 0),
    (489, N'Édouard IV', 0),
    (489, N'Henri V', 0);

IF NOT EXISTS (SELECT 1 FROM [dbo].[QuestionTheme_QTH] WHERE Id_Question = 489 AND Id_Theme = @ThemeId)
BEGIN
    INSERT INTO [dbo].[QuestionTheme_QTH] ([Id_Question], [Id_Theme]) VALUES (489, @ThemeId);
END

-- Question 116
SET IDENTITY_INSERT [dbo].[Question_QST] ON;
IF NOT EXISTS (SELECT 1 FROM [dbo].[Question_QST] WHERE Id = 490)
BEGIN
    INSERT INTO [dbo].[Question_QST] ([Id], [Question], [Id_Difficulty])
    VALUES (490, N'Quel empire a été détruit par les Conquistadors en 1521 ?', 3);
END
SET IDENTITY_INSERT [dbo].[Question_QST] OFF;

INSERT INTO [dbo].[Answer_ANS] ([Id_Question], [Value], [Valid]) VALUES
    (490, N'Incas', 0),
    (490, N'Mayas', 0),
    (490, N'Aztèques', 1),
    (490, N'Olmèques', 0);

IF NOT EXISTS (SELECT 1 FROM [dbo].[QuestionTheme_QTH] WHERE Id_Question = 490 AND Id_Theme = @ThemeId)
BEGIN
    INSERT INTO [dbo].[QuestionTheme_QTH] ([Id_Question], [Id_Theme]) VALUES (490, @ThemeId);
END

-- Question 117
SET IDENTITY_INSERT [dbo].[Question_QST] ON;
IF NOT EXISTS (SELECT 1 FROM [dbo].[Question_QST] WHERE Id = 491)
BEGIN
    INSERT INTO [dbo].[Question_QST] ([Id], [Question], [Id_Difficulty])
    VALUES (491, N'Qui fut le chancelier allemand de 1871 à 1890 ?', 3);
END
SET IDENTITY_INSERT [dbo].[Question_QST] OFF;

INSERT INTO [dbo].[Answer_ANS] ([Id_Question], [Value], [Valid]) VALUES
    (491, N'Bismarck', 1),
    (491, N'Guillaume Ier', 0),
    (491, N'Molkte', 0),
    (491, N'Hindenburg', 0);

IF NOT EXISTS (SELECT 1 FROM [dbo].[QuestionTheme_QTH] WHERE Id_Question = 491 AND Id_Theme = @ThemeId)
BEGIN
    INSERT INTO [dbo].[QuestionTheme_QTH] ([Id_Question], [Id_Theme]) VALUES (491, @ThemeId);
END

-- Question 118
SET IDENTITY_INSERT [dbo].[Question_QST] ON;
IF NOT EXISTS (SELECT 1 FROM [dbo].[Question_QST] WHERE Id = 492)
BEGIN
    INSERT INTO [dbo].[Question_QST] ([Id], [Question], [Id_Difficulty])
    VALUES (492, N'Quelle croisade a pris Constantinople en 1204 ?', 3);
END
SET IDENTITY_INSERT [dbo].[Question_QST] OFF;

INSERT INTO [dbo].[Answer_ANS] ([Id_Question], [Value], [Valid]) VALUES
    (492, N'Première', 0),
    (492, N'Deuxième', 0),
    (492, N'Troisième', 0),
    (492, N'Quatrième', 1);

IF NOT EXISTS (SELECT 1 FROM [dbo].[QuestionTheme_QTH] WHERE Id_Question = 492 AND Id_Theme = @ThemeId)
BEGIN
    INSERT INTO [dbo].[QuestionTheme_QTH] ([Id_Question], [Id_Theme]) VALUES (492, @ThemeId);
END

-- Question 119
SET IDENTITY_INSERT [dbo].[Question_QST] ON;
IF NOT EXISTS (SELECT 1 FROM [dbo].[Question_QST] WHERE Id = 493)
BEGIN
    INSERT INTO [dbo].[Question_QST] ([Id], [Question], [Id_Difficulty])
    VALUES (493, N'Quel traité de 1648 a mis fin à la guerre de Trente Ans ?', 3);
END
SET IDENTITY_INSERT [dbo].[Question_QST] OFF;

INSERT INTO [dbo].[Answer_ANS] ([Id_Question], [Value], [Valid]) VALUES
    (493, N'Westphalie', 1),
    (493, N'Utrecht', 0),
    (493, N'Vienne', 0),
    (493, N'Ryswick', 0);

IF NOT EXISTS (SELECT 1 FROM [dbo].[QuestionTheme_QTH] WHERE Id_Question = 493 AND Id_Theme = @ThemeId)
BEGIN
    INSERT INTO [dbo].[QuestionTheme_QTH] ([Id_Question], [Id_Theme]) VALUES (493, @ThemeId);
END

-- Question 120
SET IDENTITY_INSERT [dbo].[Question_QST] ON;
IF NOT EXISTS (SELECT 1 FROM [dbo].[Question_QST] WHERE Id = 494)
BEGIN
    INSERT INTO [dbo].[Question_QST] ([Id], [Question], [Id_Difficulty])
    VALUES (494, N'Qui a fondé l’Empire perse achéménide ?', 3);
END
SET IDENTITY_INSERT [dbo].[Question_QST] OFF;

INSERT INTO [dbo].[Answer_ANS] ([Id_Question], [Value], [Valid]) VALUES
    (494, N'Cyrus le Grand', 1),
    (494, N'Darius Ier', 0),
    (494, N'Xerxès Ier', 0),
    (494, N'Artaxerxès', 0);

IF NOT EXISTS (SELECT 1 FROM [dbo].[QuestionTheme_QTH] WHERE Id_Question = 494 AND Id_Theme = @ThemeId)
BEGIN
    INSERT INTO [dbo].[QuestionTheme_QTH] ([Id_Question], [Id_Theme]) VALUES (494, @ThemeId);
END

-- Question 121
SET IDENTITY_INSERT [dbo].[Question_QST] ON;
IF NOT EXISTS (SELECT 1 FROM [dbo].[Question_QST] WHERE Id = 495)
BEGIN
    INSERT INTO [dbo].[Question_QST] ([Id], [Question], [Id_Difficulty])
    VALUES (495, N'Quel sultan ottoman a pris Constantinople en 1453 ?', 3);
END
SET IDENTITY_INSERT [dbo].[Question_QST] OFF;

INSERT INTO [dbo].[Answer_ANS] ([Id_Question], [Value], [Valid]) VALUES
    (495, N'Suleiman', 0),
    (495, N'Mehmet II', 1),
    (495, N'Bayezid Ier', 0),
    (495, N'Selim Ier', 0);

IF NOT EXISTS (SELECT 1 FROM [dbo].[QuestionTheme_QTH] WHERE Id_Question = 495 AND Id_Theme = @ThemeId)
BEGIN
    INSERT INTO [dbo].[QuestionTheme_QTH] ([Id_Question], [Id_Theme]) VALUES (495, @ThemeId);
END

-- Question 122
SET IDENTITY_INSERT [dbo].[Question_QST] ON;
IF NOT EXISTS (SELECT 1 FROM [dbo].[Question_QST] WHERE Id = 496)
BEGIN
    INSERT INTO [dbo].[Question_QST] ([Id], [Question], [Id_Difficulty])
    VALUES (496, N'Quelle bataille de 480 av. J.-C. opposa Sparte aux Perses ?', 3);
END
SET IDENTITY_INSERT [dbo].[Question_QST] OFF;

INSERT INTO [dbo].[Answer_ANS] ([Id_Question], [Value], [Valid]) VALUES
    (496, N'Marathon', 0),
    (496, N'Salamine', 0),
    (496, N'Platées', 0),
    (496, N'Thermopyles', 1);

IF NOT EXISTS (SELECT 1 FROM [dbo].[QuestionTheme_QTH] WHERE Id_Question = 496 AND Id_Theme = @ThemeId)
BEGIN
    INSERT INTO [dbo].[QuestionTheme_QTH] ([Id_Question], [Id_Theme]) VALUES (496, @ThemeId);
END

-- Question 123
SET IDENTITY_INSERT [dbo].[Question_QST] ON;
IF NOT EXISTS (SELECT 1 FROM [dbo].[Question_QST] WHERE Id = 497)
BEGIN
    INSERT INTO [dbo].[Question_QST] ([Id], [Question], [Id_Difficulty])
    VALUES (497, N'Quel roi de France a été surnommé Saint Louis ?', 3);
END
SET IDENTITY_INSERT [dbo].[Question_QST] OFF;

INSERT INTO [dbo].[Answer_ANS] ([Id_Question], [Value], [Valid]) VALUES
    (497, N'Louis VII', 0),
    (497, N'Louis VIII', 0),
    (497, N'Louis IX', 1),
    (497, N'Louis X', 0);

IF NOT EXISTS (SELECT 1 FROM [dbo].[QuestionTheme_QTH] WHERE Id_Question = 497 AND Id_Theme = @ThemeId)
BEGIN
    INSERT INTO [dbo].[QuestionTheme_QTH] ([Id_Question], [Id_Theme]) VALUES (497, @ThemeId);
END

-- Question 124
SET IDENTITY_INSERT [dbo].[Question_QST] ON;
IF NOT EXISTS (SELECT 1 FROM [dbo].[Question_QST] WHERE Id = 498)
BEGIN
    INSERT INTO [dbo].[Question_QST] ([Id], [Question], [Id_Difficulty])
    VALUES (498, N'Quel peuple germanique a mis fin à l’Empire romain d’Occident ?', 3);
END
SET IDENTITY_INSERT [dbo].[Question_QST] OFF;

INSERT INTO [dbo].[Answer_ANS] ([Id_Question], [Value], [Valid]) VALUES
    (498, N'Goths', 1),
    (498, N'Vandales', 0),
    (498, N'Huns', 0),
    (498, N'Francs', 0);

IF NOT EXISTS (SELECT 1 FROM [dbo].[QuestionTheme_QTH] WHERE Id_Question = 498 AND Id_Theme = @ThemeId)
BEGIN
    INSERT INTO [dbo].[QuestionTheme_QTH] ([Id_Question], [Id_Theme]) VALUES (498, @ThemeId);
END

-- Question 125
SET IDENTITY_INSERT [dbo].[Question_QST] ON;
IF NOT EXISTS (SELECT 1 FROM [dbo].[Question_QST] WHERE Id = 499)
BEGIN
    INSERT INTO [dbo].[Question_QST] ([Id], [Question], [Id_Difficulty])
    VALUES (499, N'Quelle dynastie musulmane a construit l’Alhambra ?', 3);
END
SET IDENTITY_INSERT [dbo].[Question_QST] OFF;

INSERT INTO [dbo].[Answer_ANS] ([Id_Question], [Value], [Valid]) VALUES
    (499, N'Omeyyades', 0),
    (499, N'Abbassides', 0),
    (499, N'Nasrides', 1),
    (499, N'Fatimides', 0);

IF NOT EXISTS (SELECT 1 FROM [dbo].[QuestionTheme_QTH] WHERE Id_Question = 499 AND Id_Theme = @ThemeId)
BEGIN
    INSERT INTO [dbo].[QuestionTheme_QTH] ([Id_Question], [Id_Theme]) VALUES (499, @ThemeId);
END

-- Question 126
SET IDENTITY_INSERT [dbo].[Question_QST] ON;
IF NOT EXISTS (SELECT 1 FROM [dbo].[Question_QST] WHERE Id = 500)
BEGIN
    INSERT INTO [dbo].[Question_QST] ([Id], [Question], [Id_Difficulty])
    VALUES (500, N'Qui a dirigé la Commune de Paris en 1871 ?', 3);
END
SET IDENTITY_INSERT [dbo].[Question_QST] OFF;

INSERT INTO [dbo].[Answer_ANS] ([Id_Question], [Value], [Valid]) VALUES
    (500, N'Blanqui', 0),
    (500, N'Trotski', 0),
    (500, N'Thiers', 0),
    (500, N'Aucune personne unique', 1);

IF NOT EXISTS (SELECT 1 FROM [dbo].[QuestionTheme_QTH] WHERE Id_Question = 500 AND Id_Theme = @ThemeId)
BEGIN
    INSERT INTO [dbo].[QuestionTheme_QTH] ([Id_Question], [Id_Theme]) VALUES (500, @ThemeId);
END

-- Question 127
SET IDENTITY_INSERT [dbo].[Question_QST] ON;
IF NOT EXISTS (SELECT 1 FROM [dbo].[Question_QST] WHERE Id = 501)
BEGIN
    INSERT INTO [dbo].[Question_QST] ([Id], [Question], [Id_Difficulty])
    VALUES (501, N'Quel chef viking a fondé la Normandie ?', 3);
END
SET IDENTITY_INSERT [dbo].[Question_QST] OFF;

INSERT INTO [dbo].[Answer_ANS] ([Id_Question], [Value], [Valid]) VALUES
    (501, N'Ragnar', 0),
    (501, N'Rollon', 1),
    (501, N'Éric le Rouge', 0),
    (501, N'Leif Erikson', 0);

IF NOT EXISTS (SELECT 1 FROM [dbo].[QuestionTheme_QTH] WHERE Id_Question = 501 AND Id_Theme = @ThemeId)
BEGIN
    INSERT INTO [dbo].[QuestionTheme_QTH] ([Id_Question], [Id_Theme]) VALUES (501, @ThemeId);
END

-- Question 128
SET IDENTITY_INSERT [dbo].[Question_QST] ON;
IF NOT EXISTS (SELECT 1 FROM [dbo].[Question_QST] WHERE Id = 502)
BEGIN
    INSERT INTO [dbo].[Question_QST] ([Id], [Question], [Id_Difficulty])
    VALUES (502, N'Quel traité de 1957 a fondé la CEE ?', 3);
END
SET IDENTITY_INSERT [dbo].[Question_QST] OFF;

INSERT INTO [dbo].[Answer_ANS] ([Id_Question], [Value], [Valid]) VALUES
    (502, N'Traité de Rome', 1),
    (502, N'Traité de Maastricht', 0),
    (502, N'Traité de Lisbonne', 0),
    (502, N'Traité de Paris', 0);

IF NOT EXISTS (SELECT 1 FROM [dbo].[QuestionTheme_QTH] WHERE Id_Question = 502 AND Id_Theme = @ThemeId)
BEGIN
    INSERT INTO [dbo].[QuestionTheme_QTH] ([Id_Question], [Id_Theme]) VALUES (502, @ThemeId);
END

-- Question 129
SET IDENTITY_INSERT [dbo].[Question_QST] ON;
IF NOT EXISTS (SELECT 1 FROM [dbo].[Question_QST] WHERE Id = 503)
BEGIN
    INSERT INTO [dbo].[Question_QST] ([Id], [Question], [Id_Difficulty])
    VALUES (503, N'Quel empereur romain a instauré la Tétrarchie ?', 3);
END
SET IDENTITY_INSERT [dbo].[Question_QST] OFF;

INSERT INTO [dbo].[Answer_ANS] ([Id_Question], [Value], [Valid]) VALUES
    (503, N'Auguste', 0),
    (503, N'Néron', 0),
    (503, N'Dioclétien', 1),
    (503, N'Trajan', 0);

IF NOT EXISTS (SELECT 1 FROM [dbo].[QuestionTheme_QTH] WHERE Id_Question = 503 AND Id_Theme = @ThemeId)
BEGIN
    INSERT INTO [dbo].[QuestionTheme_QTH] ([Id_Question], [Id_Theme]) VALUES (503, @ThemeId);
END

-- Question 130
SET IDENTITY_INSERT [dbo].[Question_QST] ON;
IF NOT EXISTS (SELECT 1 FROM [dbo].[Question_QST] WHERE Id = 504)
BEGIN
    INSERT INTO [dbo].[Question_QST] ([Id], [Question], [Id_Difficulty])
    VALUES (504, N'Quel traité a mis fin à la guerre de Sept Ans en 1763 ?', 3);
END
SET IDENTITY_INSERT [dbo].[Question_QST] OFF;

INSERT INTO [dbo].[Answer_ANS] ([Id_Question], [Value], [Valid]) VALUES
    (504, N'Paris', 1),
    (504, N'Versailles', 0),
    (504, N'Westphalie', 0),
    (504, N'Utrecht', 0);

IF NOT EXISTS (SELECT 1 FROM [dbo].[QuestionTheme_QTH] WHERE Id_Question = 504 AND Id_Theme = @ThemeId)
BEGIN
    INSERT INTO [dbo].[QuestionTheme_QTH] ([Id_Question], [Id_Theme]) VALUES (504, @ThemeId);
END

-- Question 131
SET IDENTITY_INSERT [dbo].[Question_QST] ON;
IF NOT EXISTS (SELECT 1 FROM [dbo].[Question_QST] WHERE Id = 505)
BEGIN
    INSERT INTO [dbo].[Question_QST] ([Id], [Question], [Id_Difficulty])
    VALUES (505, N'Qui a mené la réforme protestante en Suisse ?', 3);
END
SET IDENTITY_INSERT [dbo].[Question_QST] OFF;

INSERT INTO [dbo].[Answer_ANS] ([Id_Question], [Value], [Valid]) VALUES
    (505, N'Luther', 0),
    (505, N'Calvin', 0),
    (505, N'Zwingli', 1),
    (505, N'Knox', 0);

IF NOT EXISTS (SELECT 1 FROM [dbo].[QuestionTheme_QTH] WHERE Id_Question = 505 AND Id_Theme = @ThemeId)
BEGIN
    INSERT INTO [dbo].[QuestionTheme_QTH] ([Id_Question], [Id_Theme]) VALUES (505, @ThemeId);
END

-- Question 132
SET IDENTITY_INSERT [dbo].[Question_QST] ON;
IF NOT EXISTS (SELECT 1 FROM [dbo].[Question_QST] WHERE Id = 506)
BEGIN
    INSERT INTO [dbo].[Question_QST] ([Id], [Question], [Id_Difficulty])
    VALUES (506, N'Quel royaume africain était dirigé par Mansa Moussa ?', 3);
END
SET IDENTITY_INSERT [dbo].[Question_QST] OFF;

INSERT INTO [dbo].[Answer_ANS] ([Id_Question], [Value], [Valid]) VALUES
    (506, N'Mali', 1),
    (506, N'Songhaï', 0),
    (506, N'Ghana', 0),
    (506, N'Kongo', 0);

IF NOT EXISTS (SELECT 1 FROM [dbo].[QuestionTheme_QTH] WHERE Id_Question = 506 AND Id_Theme = @ThemeId)
BEGIN
    INSERT INTO [dbo].[QuestionTheme_QTH] ([Id_Question], [Id_Theme]) VALUES (506, @ThemeId);
END

-- Question 133
SET IDENTITY_INSERT [dbo].[Question_QST] ON;
IF NOT EXISTS (SELECT 1 FROM [dbo].[Question_QST] WHERE Id = 507)
BEGIN
    INSERT INTO [dbo].[Question_QST] ([Id], [Question], [Id_Difficulty])
    VALUES (507, N'Quel roi anglais fut décapité en 1649 ?', 3);
END
SET IDENTITY_INSERT [dbo].[Question_QST] OFF;

INSERT INTO [dbo].[Answer_ANS] ([Id_Question], [Value], [Valid]) VALUES
    (507, N'Charles Ier', 1),
    (507, N'Charles II', 0),
    (507, N'Jacques Ier', 0),
    (507, N'Édouard VI', 0);

IF NOT EXISTS (SELECT 1 FROM [dbo].[QuestionTheme_QTH] WHERE Id_Question = 507 AND Id_Theme = @ThemeId)
BEGIN
    INSERT INTO [dbo].[QuestionTheme_QTH] ([Id_Question], [Id_Theme]) VALUES (507, @ThemeId);
END

-- Question 134
SET IDENTITY_INSERT [dbo].[Question_QST] ON;
IF NOT EXISTS (SELECT 1 FROM [dbo].[Question_QST] WHERE Id = 508)
BEGIN
    INSERT INTO [dbo].[Question_QST] ([Id], [Question], [Id_Difficulty])
    VALUES (508, N'Quel empire a eu pour capitale Gao ?', 3);
END
SET IDENTITY_INSERT [dbo].[Question_QST] OFF;

INSERT INTO [dbo].[Answer_ANS] ([Id_Question], [Value], [Valid]) VALUES
    (508, N'Mali', 0),
    (508, N'Songhaï', 1),
    (508, N'Ghana', 0),
    (508, N'Kanem', 0);

IF NOT EXISTS (SELECT 1 FROM [dbo].[QuestionTheme_QTH] WHERE Id_Question = 508 AND Id_Theme = @ThemeId)
BEGIN
    INSERT INTO [dbo].[QuestionTheme_QTH] ([Id_Question], [Id_Theme]) VALUES (508, @ThemeId);
END

-- Question 135
SET IDENTITY_INSERT [dbo].[Question_QST] ON;
IF NOT EXISTS (SELECT 1 FROM [dbo].[Question_QST] WHERE Id = 509)
BEGIN
    INSERT INTO [dbo].[Question_QST] ([Id], [Question], [Id_Difficulty])
    VALUES (509, N'Quel était le nom de la police politique de l’URSS ?', 3);
END
SET IDENTITY_INSERT [dbo].[Question_QST] OFF;

INSERT INTO [dbo].[Answer_ANS] ([Id_Question], [Value], [Valid]) VALUES
    (509, N'NKVD', 0),
    (509, N'KGB', 0),
    (509, N'Tchéka', 1),
    (509, N'GPU', 0);

IF NOT EXISTS (SELECT 1 FROM [dbo].[QuestionTheme_QTH] WHERE Id_Question = 509 AND Id_Theme = @ThemeId)
BEGIN
    INSERT INTO [dbo].[QuestionTheme_QTH] ([Id_Question], [Id_Theme]) VALUES (509, @ThemeId);
END

-- Question 136
SET IDENTITY_INSERT [dbo].[Question_QST] ON;
IF NOT EXISTS (SELECT 1 FROM [dbo].[Question_QST] WHERE Id = 510)
BEGIN
    INSERT INTO [dbo].[Question_QST] ([Id], [Question], [Id_Difficulty])
    VALUES (510, N'Quel empereur romain a marqué l’apogée territoriale de l’Empire ?', 3);
END
SET IDENTITY_INSERT [dbo].[Question_QST] OFF;

INSERT INTO [dbo].[Answer_ANS] ([Id_Question], [Value], [Valid]) VALUES
    (510, N'Trajan', 1),
    (510, N'Auguste', 0),
    (510, N'Hadrien', 0),
    (510, N'Marc Aurèle', 0);

IF NOT EXISTS (SELECT 1 FROM [dbo].[QuestionTheme_QTH] WHERE Id_Question = 510 AND Id_Theme = @ThemeId)
BEGIN
    INSERT INTO [dbo].[QuestionTheme_QTH] ([Id_Question], [Id_Theme]) VALUES (510, @ThemeId);
END

-- Question 137
SET IDENTITY_INSERT [dbo].[Question_QST] ON;
IF NOT EXISTS (SELECT 1 FROM [dbo].[Question_QST] WHERE Id = 511)
BEGIN
    INSERT INTO [dbo].[Question_QST] ([Id], [Question], [Id_Difficulty])
    VALUES (511, N'Qui a écrit ''De la démocratie en Amérique'' ?', 3);
END
SET IDENTITY_INSERT [dbo].[Question_QST] OFF;

INSERT INTO [dbo].[Answer_ANS] ([Id_Question], [Value], [Valid]) VALUES
    (511, N'Montesquieu', 0),
    (511, N'Tocqueville', 1),
    (511, N'Rousseau', 0),
    (511, N'Voltaire', 0);

IF NOT EXISTS (SELECT 1 FROM [dbo].[QuestionTheme_QTH] WHERE Id_Question = 511 AND Id_Theme = @ThemeId)
BEGIN
    INSERT INTO [dbo].[QuestionTheme_QTH] ([Id_Question], [Id_Theme]) VALUES (511, @ThemeId);
END

-- Question 138
SET IDENTITY_INSERT [dbo].[Question_QST] ON;
IF NOT EXISTS (SELECT 1 FROM [dbo].[Question_QST] WHERE Id = 512)
BEGIN
    INSERT INTO [dbo].[Question_QST] ([Id], [Question], [Id_Difficulty])
    VALUES (512, N'Quel traité de 1713 a mis fin à la guerre de Succession d’Espagne ?', 3);
END
SET IDENTITY_INSERT [dbo].[Question_QST] OFF;

INSERT INTO [dbo].[Answer_ANS] ([Id_Question], [Value], [Valid]) VALUES
    (512, N'Utrecht', 1),
    (512, N'Westphalie', 0),
    (512, N'Ryswick', 0),
    (512, N'Vienne', 0);

IF NOT EXISTS (SELECT 1 FROM [dbo].[QuestionTheme_QTH] WHERE Id_Question = 512 AND Id_Theme = @ThemeId)
BEGIN
    INSERT INTO [dbo].[QuestionTheme_QTH] ([Id_Question], [Id_Theme]) VALUES (512, @ThemeId);
END

-- Question 139
SET IDENTITY_INSERT [dbo].[Question_QST] ON;
IF NOT EXISTS (SELECT 1 FROM [dbo].[Question_QST] WHERE Id = 513)
BEGIN
    INSERT INTO [dbo].[Question_QST] ([Id], [Question], [Id_Difficulty])
    VALUES (513, N'Quelle civilisation a construit les lignes de Nazca ?', 3);
END
SET IDENTITY_INSERT [dbo].[Question_QST] OFF;

INSERT INTO [dbo].[Answer_ANS] ([Id_Question], [Value], [Valid]) VALUES
    (513, N'Incas', 0),
    (513, N'Nazcas', 1),
    (513, N'Mayas', 0),
    (513, N'Aztèques', 0);

IF NOT EXISTS (SELECT 1 FROM [dbo].[QuestionTheme_QTH] WHERE Id_Question = 513 AND Id_Theme = @ThemeId)
BEGIN
    INSERT INTO [dbo].[QuestionTheme_QTH] ([Id_Question], [Id_Theme]) VALUES (513, @ThemeId);
END

-- Question 140
SET IDENTITY_INSERT [dbo].[Question_QST] ON;
IF NOT EXISTS (SELECT 1 FROM [dbo].[Question_QST] WHERE Id = 514)
BEGIN
    INSERT INTO [dbo].[Question_QST] ([Id], [Question], [Id_Difficulty])
    VALUES (514, N'Quel roi de Prusse fut surnommé ''le Grand'' ?', 3);
END
SET IDENTITY_INSERT [dbo].[Question_QST] OFF;

INSERT INTO [dbo].[Answer_ANS] ([Id_Question], [Value], [Valid]) VALUES
    (514, N'Guillaume Ier', 0),
    (514, N'Frédéric II', 1),
    (514, N'Frédéric-Guillaume', 0),
    (514, N'Otto', 0);

IF NOT EXISTS (SELECT 1 FROM [dbo].[QuestionTheme_QTH] WHERE Id_Question = 514 AND Id_Theme = @ThemeId)
BEGIN
    INSERT INTO [dbo].[QuestionTheme_QTH] ([Id_Question], [Id_Theme]) VALUES (514, @ThemeId);
END

-- Question 141
SET IDENTITY_INSERT [dbo].[Question_QST] ON;
IF NOT EXISTS (SELECT 1 FROM [dbo].[Question_QST] WHERE Id = 515)
BEGIN
    INSERT INTO [dbo].[Question_QST] ([Id], [Question], [Id_Difficulty])
    VALUES (515, N'Quelle dynastie a dirigé la Perse avant l’invasion arabe ?', 3);
END
SET IDENTITY_INSERT [dbo].[Question_QST] OFF;

INSERT INTO [dbo].[Answer_ANS] ([Id_Question], [Value], [Valid]) VALUES
    (515, N'Achéménides', 0),
    (515, N'Sassanides', 1),
    (515, N'Partes', 0),
    (515, N'Séleucides', 0);

IF NOT EXISTS (SELECT 1 FROM [dbo].[QuestionTheme_QTH] WHERE Id_Question = 515 AND Id_Theme = @ThemeId)
BEGIN
    INSERT INTO [dbo].[QuestionTheme_QTH] ([Id_Question], [Id_Theme]) VALUES (515, @ThemeId);
END

-- Question 142
SET IDENTITY_INSERT [dbo].[Question_QST] ON;
IF NOT EXISTS (SELECT 1 FROM [dbo].[Question_QST] WHERE Id = 516)
BEGIN
    INSERT INTO [dbo].[Question_QST] ([Id], [Question], [Id_Difficulty])
    VALUES (516, N'Quel roi d’Angleterre a lancé la Réforme anglicane ?', 3);
END
SET IDENTITY_INSERT [dbo].[Question_QST] OFF;

INSERT INTO [dbo].[Answer_ANS] ([Id_Question], [Value], [Valid]) VALUES
    (516, N'Henri VIII', 1),
    (516, N'Élisabeth Ier', 0),
    (516, N'Édouard VI', 0),
    (516, N'Charles Ier', 0);

IF NOT EXISTS (SELECT 1 FROM [dbo].[QuestionTheme_QTH] WHERE Id_Question = 516 AND Id_Theme = @ThemeId)
BEGIN
    INSERT INTO [dbo].[QuestionTheme_QTH] ([Id_Question], [Id_Theme]) VALUES (516, @ThemeId);
END

-- Question 143
SET IDENTITY_INSERT [dbo].[Question_QST] ON;
IF NOT EXISTS (SELECT 1 FROM [dbo].[Question_QST] WHERE Id = 517)
BEGIN
    INSERT INTO [dbo].[Question_QST] ([Id], [Question], [Id_Difficulty])
    VALUES (517, N'Quel était le nom de la flotte espagnole détruite en 1588 ?', 3);
END
SET IDENTITY_INSERT [dbo].[Question_QST] OFF;

INSERT INTO [dbo].[Answer_ANS] ([Id_Question], [Value], [Valid]) VALUES
    (517, N'La Grande Armée', 0),
    (517, N'La Grande Armada', 1),
    (517, N'La Flotte royale', 0),
    (517, N'La Marine impériale', 0);

IF NOT EXISTS (SELECT 1 FROM [dbo].[QuestionTheme_QTH] WHERE Id_Question = 517 AND Id_Theme = @ThemeId)
BEGIN
    INSERT INTO [dbo].[QuestionTheme_QTH] ([Id_Question], [Id_Theme]) VALUES (517, @ThemeId);
END

-- Question 144
SET IDENTITY_INSERT [dbo].[Question_QST] ON;
IF NOT EXISTS (SELECT 1 FROM [dbo].[Question_QST] WHERE Id = 518)
BEGIN
    INSERT INTO [dbo].[Question_QST] ([Id], [Question], [Id_Difficulty])
    VALUES (518, N'Quel pharaon a instauré le culte d’Aton ?', 3);
END
SET IDENTITY_INSERT [dbo].[Question_QST] OFF;

INSERT INTO [dbo].[Answer_ANS] ([Id_Question], [Value], [Valid]) VALUES
    (518, N'Ramsès II', 0),
    (518, N'Akhenaton', 1),
    (518, N'Toutankhamon', 0),
    (518, N'Thoutmôsis III', 0);

IF NOT EXISTS (SELECT 1 FROM [dbo].[QuestionTheme_QTH] WHERE Id_Question = 518 AND Id_Theme = @ThemeId)
BEGIN
    INSERT INTO [dbo].[QuestionTheme_QTH] ([Id_Question], [Id_Theme]) VALUES (518, @ThemeId);
END

-- Question 145
SET IDENTITY_INSERT [dbo].[Question_QST] ON;
IF NOT EXISTS (SELECT 1 FROM [dbo].[Question_QST] WHERE Id = 519)
BEGIN
    INSERT INTO [dbo].[Question_QST] ([Id], [Question], [Id_Difficulty])
    VALUES (519, N'Quel traité de 1801 a réconcilié Napoléon et l’Église ?', 3);
END
SET IDENTITY_INSERT [dbo].[Question_QST] OFF;

INSERT INTO [dbo].[Answer_ANS] ([Id_Question], [Value], [Valid]) VALUES
    (519, N'Concordat de Paris', 0),
    (519, N'Concordat de Rome', 0),
    (519, N'Concordat de 1801', 1),
    (519, N'Traité du Latran', 0);

IF NOT EXISTS (SELECT 1 FROM [dbo].[QuestionTheme_QTH] WHERE Id_Question = 519 AND Id_Theme = @ThemeId)
BEGIN
    INSERT INTO [dbo].[QuestionTheme_QTH] ([Id_Question], [Id_Theme]) VALUES (519, @ThemeId);
END

-- Question 146
SET IDENTITY_INSERT [dbo].[Question_QST] ON;
IF NOT EXISTS (SELECT 1 FROM [dbo].[Question_QST] WHERE Id = 520)
BEGIN
    INSERT INTO [dbo].[Question_QST] ([Id], [Question], [Id_Difficulty])
    VALUES (520, N'Quel fut le dernier empereur romain d’Occident ?', 3);
END
SET IDENTITY_INSERT [dbo].[Question_QST] OFF;

INSERT INTO [dbo].[Answer_ANS] ([Id_Question], [Value], [Valid]) VALUES
    (520, N'Romulus Augustule', 1),
    (520, N'Honorius', 0),
    (520, N'Odoacre', 0),
    (520, N'Valentinien III', 0);

IF NOT EXISTS (SELECT 1 FROM [dbo].[QuestionTheme_QTH] WHERE Id_Question = 520 AND Id_Theme = @ThemeId)
BEGIN
    INSERT INTO [dbo].[QuestionTheme_QTH] ([Id_Question], [Id_Theme]) VALUES (520, @ThemeId);
END

-- Question 147
SET IDENTITY_INSERT [dbo].[Question_QST] ON;
IF NOT EXISTS (SELECT 1 FROM [dbo].[Question_QST] WHERE Id = 521)
BEGIN
    INSERT INTO [dbo].[Question_QST] ([Id], [Question], [Id_Difficulty])
    VALUES (521, N'Quel roi d’Espagne a abdiqué en 2014 ?', 3);
END
SET IDENTITY_INSERT [dbo].[Question_QST] OFF;

INSERT INTO [dbo].[Answer_ANS] ([Id_Question], [Value], [Valid]) VALUES
    (521, N'Juan Carlos Ier', 1),
    (521, N'Felipe VI', 0),
    (521, N'Alphonse XIII', 0),
    (521, N'Charles Quint', 0);

IF NOT EXISTS (SELECT 1 FROM [dbo].[QuestionTheme_QTH] WHERE Id_Question = 521 AND Id_Theme = @ThemeId)
BEGIN
    INSERT INTO [dbo].[QuestionTheme_QTH] ([Id_Question], [Id_Theme]) VALUES (521, @ThemeId);
END

-- Question 148
SET IDENTITY_INSERT [dbo].[Question_QST] ON;
IF NOT EXISTS (SELECT 1 FROM [dbo].[Question_QST] WHERE Id = 522)
BEGIN
    INSERT INTO [dbo].[Question_QST] ([Id], [Question], [Id_Difficulty])
    VALUES (522, N'Quel président français a signé les accords d’Évian (1962) ?', 3);
END
SET IDENTITY_INSERT [dbo].[Question_QST] OFF;

INSERT INTO [dbo].[Answer_ANS] ([Id_Question], [Value], [Valid]) VALUES
    (522, N'Pompidou', 0),
    (522, N'De Gaulle', 1),
    (522, N'Mitterrand', 0),
    (522, N'Giscard d’Estaing', 0);

IF NOT EXISTS (SELECT 1 FROM [dbo].[QuestionTheme_QTH] WHERE Id_Question = 522 AND Id_Theme = @ThemeId)
BEGIN
    INSERT INTO [dbo].[QuestionTheme_QTH] ([Id_Question], [Id_Theme]) VALUES (522, @ThemeId);
END

-- Question 149
SET IDENTITY_INSERT [dbo].[Question_QST] ON;
IF NOT EXISTS (SELECT 1 FROM [dbo].[Question_QST] WHERE Id = 523)
BEGIN
    INSERT INTO [dbo].[Question_QST] ([Id], [Question], [Id_Difficulty])
    VALUES (523, N'Quelle reine hittite a négocié avec Ramsès II après Qadesh ?', 4);
END
SET IDENTITY_INSERT [dbo].[Question_QST] OFF;

INSERT INTO [dbo].[Answer_ANS] ([Id_Question], [Value], [Valid]) VALUES
    (523, N'Puduhepa', 1),
    (523, N'Hatshepsout', 0),
    (523, N'Nefertari', 0),
    (523, N'Ankhesenamon', 0);

IF NOT EXISTS (SELECT 1 FROM [dbo].[QuestionTheme_QTH] WHERE Id_Question = 523 AND Id_Theme = @ThemeId)
BEGIN
    INSERT INTO [dbo].[QuestionTheme_QTH] ([Id_Question], [Id_Theme]) VALUES (523, @ThemeId);
END

-- Question 150
SET IDENTITY_INSERT [dbo].[Question_QST] ON;
IF NOT EXISTS (SELECT 1 FROM [dbo].[Question_QST] WHERE Id = 524)
BEGIN
    INSERT INTO [dbo].[Question_QST] ([Id], [Question], [Id_Difficulty])
    VALUES (524, N'Quel empereur romain a publié l’édit de Caracalla (212) ?', 4);
END
SET IDENTITY_INSERT [dbo].[Question_QST] OFF;

INSERT INTO [dbo].[Answer_ANS] ([Id_Question], [Value], [Valid]) VALUES
    (524, N'Néron', 0),
    (524, N'Caracalla', 1),
    (524, N'Trajan', 0),
    (524, N'Hadrien', 0);

IF NOT EXISTS (SELECT 1 FROM [dbo].[QuestionTheme_QTH] WHERE Id_Question = 524 AND Id_Theme = @ThemeId)
BEGIN
    INSERT INTO [dbo].[QuestionTheme_QTH] ([Id_Question], [Id_Theme]) VALUES (524, @ThemeId);
END

-- Question 151
SET IDENTITY_INSERT [dbo].[Question_QST] ON;
IF NOT EXISTS (SELECT 1 FROM [dbo].[Question_QST] WHERE Id = 525)
BEGIN
    INSERT INTO [dbo].[Question_QST] ([Id], [Question], [Id_Difficulty])
    VALUES (525, N'Quel chef spartiate fut vainqueur à Platées en -479 ?', 4);
END
SET IDENTITY_INSERT [dbo].[Question_QST] OFF;

INSERT INTO [dbo].[Answer_ANS] ([Id_Question], [Value], [Valid]) VALUES
    (525, N'Léonidas', 0),
    (525, N'Pausanias', 1),
    (525, N'Agésilas', 0),
    (525, N'Cléomène', 0);

IF NOT EXISTS (SELECT 1 FROM [dbo].[QuestionTheme_QTH] WHERE Id_Question = 525 AND Id_Theme = @ThemeId)
BEGIN
    INSERT INTO [dbo].[QuestionTheme_QTH] ([Id_Question], [Id_Theme]) VALUES (525, @ThemeId);
END

-- Question 152
SET IDENTITY_INSERT [dbo].[Question_QST] ON;
IF NOT EXISTS (SELECT 1 FROM [dbo].[Question_QST] WHERE Id = 526)
BEGIN
    INSERT INTO [dbo].[Question_QST] ([Id], [Question], [Id_Difficulty])
    VALUES (526, N'Quel traité mit fin à la guerre d’indépendance américaine ?', 4);
END
SET IDENTITY_INSERT [dbo].[Question_QST] OFF;

INSERT INTO [dbo].[Answer_ANS] ([Id_Question], [Value], [Valid]) VALUES
    (526, N'Versailles', 0),
    (526, N'Paris 1783', 1),
    (526, N'Utrecht', 0),
    (526, N'Philadelphie', 0);

IF NOT EXISTS (SELECT 1 FROM [dbo].[QuestionTheme_QTH] WHERE Id_Question = 526 AND Id_Theme = @ThemeId)
BEGIN
    INSERT INTO [dbo].[QuestionTheme_QTH] ([Id_Question], [Id_Theme]) VALUES (526, @ThemeId);
END

-- Question 153
SET IDENTITY_INSERT [dbo].[Question_QST] ON;
IF NOT EXISTS (SELECT 1 FROM [dbo].[Question_QST] WHERE Id = 527)
BEGIN
    INSERT INTO [dbo].[Question_QST] ([Id], [Question], [Id_Difficulty])
    VALUES (527, N'Quel roi mérovingien fut surnommé ''le Rude'' ?', 4);
END
SET IDENTITY_INSERT [dbo].[Question_QST] OFF;

INSERT INTO [dbo].[Answer_ANS] ([Id_Question], [Value], [Valid]) VALUES
    (527, N'Clotaire Ier', 1),
    (527, N'Childéric Ier', 0),
    (527, N'Thierry Ier', 0),
    (527, N'Dagobert II', 0);

IF NOT EXISTS (SELECT 1 FROM [dbo].[QuestionTheme_QTH] WHERE Id_Question = 527 AND Id_Theme = @ThemeId)
BEGIN
    INSERT INTO [dbo].[QuestionTheme_QTH] ([Id_Question], [Id_Theme]) VALUES (527, @ThemeId);
END

-- Question 154
SET IDENTITY_INSERT [dbo].[Question_QST] ON;
IF NOT EXISTS (SELECT 1 FROM [dbo].[Question_QST] WHERE Id = 528)
BEGIN
    INSERT INTO [dbo].[Question_QST] ([Id], [Question], [Id_Difficulty])
    VALUES (528, N'Quel était le nom du traité de paix entre Rome et les Parthes en -20 ?', 4);
END
SET IDENTITY_INSERT [dbo].[Question_QST] OFF;

INSERT INTO [dbo].[Answer_ANS] ([Id_Question], [Value], [Valid]) VALUES
    (528, N'Paix de Callinicos', 0),
    (528, N'Paix de Nicopolis', 0),
    (528, N'Paix d’Auguste', 0),
    (528, N'Paix de Rhandeia', 1);

IF NOT EXISTS (SELECT 1 FROM [dbo].[QuestionTheme_QTH] WHERE Id_Question = 528 AND Id_Theme = @ThemeId)
BEGIN
    INSERT INTO [dbo].[QuestionTheme_QTH] ([Id_Question], [Id_Theme]) VALUES (528, @ThemeId);
END

-- Question 155
SET IDENTITY_INSERT [dbo].[Question_QST] ON;
IF NOT EXISTS (SELECT 1 FROM [dbo].[Question_QST] WHERE Id = 529)
BEGIN
    INSERT INTO [dbo].[Question_QST] ([Id], [Question], [Id_Difficulty])
    VALUES (529, N'Quel doge vénitien mena la quatrième croisade ?', 4);
END
SET IDENTITY_INSERT [dbo].[Question_QST] OFF;

INSERT INTO [dbo].[Answer_ANS] ([Id_Question], [Value], [Valid]) VALUES
    (529, N'Enrico Dandolo', 1),
    (529, N'Andrea Gritti', 0),
    (529, N'Pietro Orseolo', 0),
    (529, N'Michele Steno', 0);

IF NOT EXISTS (SELECT 1 FROM [dbo].[QuestionTheme_QTH] WHERE Id_Question = 529 AND Id_Theme = @ThemeId)
BEGIN
    INSERT INTO [dbo].[QuestionTheme_QTH] ([Id_Question], [Id_Theme]) VALUES (529, @ThemeId);
END

-- Question 156
SET IDENTITY_INSERT [dbo].[Question_QST] ON;
IF NOT EXISTS (SELECT 1 FROM [dbo].[Question_QST] WHERE Id = 530)
BEGIN
    INSERT INTO [dbo].[Question_QST] ([Id], [Question], [Id_Difficulty])
    VALUES (530, N'Qui fut le dernier empereur byzantin en 1453 ?', 4);
END
SET IDENTITY_INSERT [dbo].[Question_QST] OFF;

INSERT INTO [dbo].[Answer_ANS] ([Id_Question], [Value], [Valid]) VALUES
    (530, N'Jean VIII', 0),
    (530, N'Constantin XI Paléologue', 1),
    (530, N'Manuel II', 0),
    (530, N'Andronic II', 0);

IF NOT EXISTS (SELECT 1 FROM [dbo].[QuestionTheme_QTH] WHERE Id_Question = 530 AND Id_Theme = @ThemeId)
BEGIN
    INSERT INTO [dbo].[QuestionTheme_QTH] ([Id_Question], [Id_Theme]) VALUES (530, @ThemeId);
END

-- Question 157
SET IDENTITY_INSERT [dbo].[Question_QST] ON;
IF NOT EXISTS (SELECT 1 FROM [dbo].[Question_QST] WHERE Id = 531)
BEGIN
    INSERT INTO [dbo].[Question_QST] ([Id], [Question], [Id_Difficulty])
    VALUES (531, N'Quel empire africain avait Tombouctou comme centre culturel ?', 4);
END
SET IDENTITY_INSERT [dbo].[Question_QST] OFF;

INSERT INTO [dbo].[Answer_ANS] ([Id_Question], [Value], [Valid]) VALUES
    (531, N'Mali', 1),
    (531, N'Songhaï', 0),
    (531, N'Ghana', 0),
    (531, N'Kanem-Bornou', 0);

IF NOT EXISTS (SELECT 1 FROM [dbo].[QuestionTheme_QTH] WHERE Id_Question = 531 AND Id_Theme = @ThemeId)
BEGIN
    INSERT INTO [dbo].[QuestionTheme_QTH] ([Id_Question], [Id_Theme]) VALUES (531, @ThemeId);
END

-- Question 158
SET IDENTITY_INSERT [dbo].[Question_QST] ON;
IF NOT EXISTS (SELECT 1 FROM [dbo].[Question_QST] WHERE Id = 532)
BEGIN
    INSERT INTO [dbo].[Question_QST] ([Id], [Question], [Id_Difficulty])
    VALUES (532, N'Quel traité mit fin à la guerre des Deux-Roses ?', 4);
END
SET IDENTITY_INSERT [dbo].[Question_QST] OFF;

INSERT INTO [dbo].[Answer_ANS] ([Id_Question], [Value], [Valid]) VALUES
    (532, N'Traité de Picquigny', 0),
    (532, N'Paix de Westminster', 1),
    (532, N'Traité de Tordesillas', 0),
    (532, N'Traité de Londres 1485', 0);

IF NOT EXISTS (SELECT 1 FROM [dbo].[QuestionTheme_QTH] WHERE Id_Question = 532 AND Id_Theme = @ThemeId)
BEGIN
    INSERT INTO [dbo].[QuestionTheme_QTH] ([Id_Question], [Id_Theme]) VALUES (532, @ThemeId);
END

-- Question 159
SET IDENTITY_INSERT [dbo].[Question_QST] ON;
IF NOT EXISTS (SELECT 1 FROM [dbo].[Question_QST] WHERE Id = 533)
BEGIN
    INSERT INTO [dbo].[Question_QST] ([Id], [Question], [Id_Difficulty])
    VALUES (533, N'Qui a écrit ''La Guerre du Péloponnèse'' ?', 4);
END
SET IDENTITY_INSERT [dbo].[Question_QST] OFF;

INSERT INTO [dbo].[Answer_ANS] ([Id_Question], [Value], [Valid]) VALUES
    (533, N'Platon', 0),
    (533, N'Thucydide', 1),
    (533, N'Xénophon', 0),
    (533, N'Polybe', 0);

IF NOT EXISTS (SELECT 1 FROM [dbo].[QuestionTheme_QTH] WHERE Id_Question = 533 AND Id_Theme = @ThemeId)
BEGIN
    INSERT INTO [dbo].[QuestionTheme_QTH] ([Id_Question], [Id_Theme]) VALUES (533, @ThemeId);
END

-- Question 160
SET IDENTITY_INSERT [dbo].[Question_QST] ON;
IF NOT EXISTS (SELECT 1 FROM [dbo].[Question_QST] WHERE Id = 534)
BEGIN
    INSERT INTO [dbo].[Question_QST] ([Id], [Question], [Id_Difficulty])
    VALUES (534, N'Quel roi de France a ordonné la Saint-Barthélemy (1572) ?', 4);
END
SET IDENTITY_INSERT [dbo].[Question_QST] OFF;

INSERT INTO [dbo].[Answer_ANS] ([Id_Question], [Value], [Valid]) VALUES
    (534, N'Charles IX', 1),
    (534, N'Henri III', 0),
    (534, N'François II', 0),
    (534, N'Henri IV', 0);

IF NOT EXISTS (SELECT 1 FROM [dbo].[QuestionTheme_QTH] WHERE Id_Question = 534 AND Id_Theme = @ThemeId)
BEGIN
    INSERT INTO [dbo].[QuestionTheme_QTH] ([Id_Question], [Id_Theme]) VALUES (534, @ThemeId);
END

-- Question 161
SET IDENTITY_INSERT [dbo].[Question_QST] ON;
IF NOT EXISTS (SELECT 1 FROM [dbo].[Question_QST] WHERE Id = 535)
BEGIN
    INSERT INTO [dbo].[Question_QST] ([Id], [Question], [Id_Difficulty])
    VALUES (535, N'Quelle réforme agraire a été lancée en Chine en 1950 ?', 4);
END
SET IDENTITY_INSERT [dbo].[Question_QST] OFF;

INSERT INTO [dbo].[Answer_ANS] ([Id_Question], [Value], [Valid]) VALUES
    (535, N'Réforme des Cent Fleurs', 0),
    (535, N'Réforme foncière', 1),
    (535, N'Grand Bond en avant', 0),
    (535, N'Réforme des coopératives', 0);

IF NOT EXISTS (SELECT 1 FROM [dbo].[QuestionTheme_QTH] WHERE Id_Question = 535 AND Id_Theme = @ThemeId)
BEGIN
    INSERT INTO [dbo].[QuestionTheme_QTH] ([Id_Question], [Id_Theme]) VALUES (535, @ThemeId);
END

-- Question 162
SET IDENTITY_INSERT [dbo].[Question_QST] ON;
IF NOT EXISTS (SELECT 1 FROM [dbo].[Question_QST] WHERE Id = 536)
BEGIN
    INSERT INTO [dbo].[Question_QST] ([Id], [Question], [Id_Difficulty])
    VALUES (536, N'Quel stratège athénien fut exilé après Syracuse ?', 4);
END
SET IDENTITY_INSERT [dbo].[Question_QST] OFF;

INSERT INTO [dbo].[Answer_ANS] ([Id_Question], [Value], [Valid]) VALUES
    (536, N'Thémistocle', 0),
    (536, N'Périclès', 0),
    (536, N'Nicias', 0),
    (536, N'Alcibiade', 1);

IF NOT EXISTS (SELECT 1 FROM [dbo].[QuestionTheme_QTH] WHERE Id_Question = 536 AND Id_Theme = @ThemeId)
BEGIN
    INSERT INTO [dbo].[QuestionTheme_QTH] ([Id_Question], [Id_Theme]) VALUES (536, @ThemeId);
END

-- Question 163
SET IDENTITY_INSERT [dbo].[Question_QST] ON;
IF NOT EXISTS (SELECT 1 FROM [dbo].[Question_QST] WHERE Id = 537)
BEGIN
    INSERT INTO [dbo].[Question_QST] ([Id], [Question], [Id_Difficulty])
    VALUES (537, N'Quel traité mit fin à la guerre de Succession d’Autriche (1748) ?', 4);
END
SET IDENTITY_INSERT [dbo].[Question_QST] OFF;

INSERT INTO [dbo].[Answer_ANS] ([Id_Question], [Value], [Valid]) VALUES
    (537, N'Traité d’Aix-la-Chapelle', 1),
    (537, N'Traité d’Utrecht', 0),
    (537, N'Traité de Vienne', 0),
    (537, N'Traité de Paris', 0);

IF NOT EXISTS (SELECT 1 FROM [dbo].[QuestionTheme_QTH] WHERE Id_Question = 537 AND Id_Theme = @ThemeId)
BEGIN
    INSERT INTO [dbo].[QuestionTheme_QTH] ([Id_Question], [Id_Theme]) VALUES (537, @ThemeId);
END

-- Question 164
SET IDENTITY_INSERT [dbo].[Question_QST] ON;
IF NOT EXISTS (SELECT 1 FROM [dbo].[Question_QST] WHERE Id = 538)
BEGIN
    INSERT INTO [dbo].[Question_QST] ([Id], [Question], [Id_Difficulty])
    VALUES (538, N'Quel chef mongol a conquis Bagdad en 1258 ?', 4);
END
SET IDENTITY_INSERT [dbo].[Question_QST] OFF;

INSERT INTO [dbo].[Answer_ANS] ([Id_Question], [Value], [Valid]) VALUES
    (538, N'Kubilaï Khan', 0),
    (538, N'Gengis Khan', 0),
    (538, N'Batu Khan', 0),
    (538, N'Hulagu', 1);

IF NOT EXISTS (SELECT 1 FROM [dbo].[QuestionTheme_QTH] WHERE Id_Question = 538 AND Id_Theme = @ThemeId)
BEGIN
    INSERT INTO [dbo].[QuestionTheme_QTH] ([Id_Question], [Id_Theme]) VALUES (538, @ThemeId);
END

-- Question 165
SET IDENTITY_INSERT [dbo].[Question_QST] ON;
IF NOT EXISTS (SELECT 1 FROM [dbo].[Question_QST] WHERE Id = 539)
BEGIN
    INSERT INTO [dbo].[Question_QST] ([Id], [Question], [Id_Difficulty])
    VALUES (539, N'Quel roi de France fut capturé à Pavie en 1525 ?', 4);
END
SET IDENTITY_INSERT [dbo].[Question_QST] OFF;

INSERT INTO [dbo].[Answer_ANS] ([Id_Question], [Value], [Valid]) VALUES
    (539, N'François Ier', 1),
    (539, N'Henri II', 0),
    (539, N'Charles VIII', 0),
    (539, N'Louis XII', 0);

IF NOT EXISTS (SELECT 1 FROM [dbo].[QuestionTheme_QTH] WHERE Id_Question = 539 AND Id_Theme = @ThemeId)
BEGIN
    INSERT INTO [dbo].[QuestionTheme_QTH] ([Id_Question], [Id_Theme]) VALUES (539, @ThemeId);
END

-- Question 166
SET IDENTITY_INSERT [dbo].[Question_QST] ON;
IF NOT EXISTS (SELECT 1 FROM [dbo].[Question_QST] WHERE Id = 540)
BEGIN
    INSERT INTO [dbo].[Question_QST] ([Id], [Question], [Id_Difficulty])
    VALUES (540, N'Quel calife abbasside fonda Bagdad ?', 4);
END
SET IDENTITY_INSERT [dbo].[Question_QST] OFF;

INSERT INTO [dbo].[Answer_ANS] ([Id_Question], [Value], [Valid]) VALUES
    (540, N'Al-Mansur', 1),
    (540, N'Al-Ma’mun', 0),
    (540, N'Haroun al-Rachid', 0),
    (540, N'Al-Mutawakkil', 0);

IF NOT EXISTS (SELECT 1 FROM [dbo].[QuestionTheme_QTH] WHERE Id_Question = 540 AND Id_Theme = @ThemeId)
BEGIN
    INSERT INTO [dbo].[QuestionTheme_QTH] ([Id_Question], [Id_Theme]) VALUES (540, @ThemeId);
END

-- Question 167
SET IDENTITY_INSERT [dbo].[Question_QST] ON;
IF NOT EXISTS (SELECT 1 FROM [dbo].[Question_QST] WHERE Id = 541)
BEGIN
    INSERT INTO [dbo].[Question_QST] ([Id], [Question], [Id_Difficulty])
    VALUES (541, N'Quel roi fut surnommé Philippe le Bel ?', 4);
END
SET IDENTITY_INSERT [dbo].[Question_QST] OFF;

INSERT INTO [dbo].[Answer_ANS] ([Id_Question], [Value], [Valid]) VALUES
    (541, N'Philippe IV', 1),
    (541, N'Philippe II', 0),
    (541, N'Philippe V', 0),
    (541, N'Philippe III', 0);

IF NOT EXISTS (SELECT 1 FROM [dbo].[QuestionTheme_QTH] WHERE Id_Question = 541 AND Id_Theme = @ThemeId)
BEGIN
    INSERT INTO [dbo].[QuestionTheme_QTH] ([Id_Question], [Id_Theme]) VALUES (541, @ThemeId);
END

-- Question 168
SET IDENTITY_INSERT [dbo].[Question_QST] ON;
IF NOT EXISTS (SELECT 1 FROM [dbo].[Question_QST] WHERE Id = 542)
BEGIN
    INSERT INTO [dbo].[Question_QST] ([Id], [Question], [Id_Difficulty])
    VALUES (542, N'Quel fut le premier roi de la dynastie Qing ?', 4);
END
SET IDENTITY_INSERT [dbo].[Question_QST] OFF;

INSERT INTO [dbo].[Answer_ANS] ([Id_Question], [Value], [Valid]) VALUES
    (542, N'Hongwu', 0),
    (542, N'Kangxi', 0),
    (542, N'Shunzhi', 1),
    (542, N'Yongle', 0);

IF NOT EXISTS (SELECT 1 FROM [dbo].[QuestionTheme_QTH] WHERE Id_Question = 542 AND Id_Theme = @ThemeId)
BEGIN
    INSERT INTO [dbo].[QuestionTheme_QTH] ([Id_Question], [Id_Theme]) VALUES (542, @ThemeId);
END

-- Question 169
SET IDENTITY_INSERT [dbo].[Question_QST] ON;
IF NOT EXISTS (SELECT 1 FROM [dbo].[Question_QST] WHERE Id = 543)
BEGIN
    INSERT INTO [dbo].[Question_QST] ([Id], [Question], [Id_Difficulty])
    VALUES (543, N'Quel traité de 843 partagea l’empire carolingien ?', 4);
END
SET IDENTITY_INSERT [dbo].[Question_QST] OFF;

INSERT INTO [dbo].[Answer_ANS] ([Id_Question], [Value], [Valid]) VALUES
    (543, N'Verdun', 1),
    (543, N'Meerssen', 0),
    (543, N'Fontenoy', 0),
    (543, N'Worms', 0);

IF NOT EXISTS (SELECT 1 FROM [dbo].[QuestionTheme_QTH] WHERE Id_Question = 543 AND Id_Theme = @ThemeId)
BEGIN
    INSERT INTO [dbo].[QuestionTheme_QTH] ([Id_Question], [Id_Theme]) VALUES (543, @ThemeId);
END

-- Question 170
SET IDENTITY_INSERT [dbo].[Question_QST] ON;
IF NOT EXISTS (SELECT 1 FROM [dbo].[Question_QST] WHERE Id = 544)
BEGIN
    INSERT INTO [dbo].[Question_QST] ([Id], [Question], [Id_Difficulty])
    VALUES (544, N'Quel roi anglo-saxon repoussa les Vikings ?', 4);
END
SET IDENTITY_INSERT [dbo].[Question_QST] OFF;

INSERT INTO [dbo].[Answer_ANS] ([Id_Question], [Value], [Valid]) VALUES
    (544, N'Alfred le Grand', 1),
    (544, N'Æthelred II', 0),
    (544, N'Cnut', 0),
    (544, N'Edmond', 0);

IF NOT EXISTS (SELECT 1 FROM [dbo].[QuestionTheme_QTH] WHERE Id_Question = 544 AND Id_Theme = @ThemeId)
BEGIN
    INSERT INTO [dbo].[QuestionTheme_QTH] ([Id_Question], [Id_Theme]) VALUES (544, @ThemeId);
END

-- Question 171
SET IDENTITY_INSERT [dbo].[Question_QST] ON;
IF NOT EXISTS (SELECT 1 FROM [dbo].[Question_QST] WHERE Id = 545)
BEGIN
    INSERT INTO [dbo].[Question_QST] ([Id], [Question], [Id_Difficulty])
    VALUES (545, N'Quel vizir persan a servi sous plusieurs califes abbassides ?', 4);
END
SET IDENTITY_INSERT [dbo].[Question_QST] OFF;

INSERT INTO [dbo].[Answer_ANS] ([Id_Question], [Value], [Valid]) VALUES
    (545, N'Al-Farabi', 0),
    (545, N'Nizam al-Mulk', 1),
    (545, N'Al-Mansur', 0),
    (545, N'Al-Mawardi', 0);

IF NOT EXISTS (SELECT 1 FROM [dbo].[QuestionTheme_QTH] WHERE Id_Question = 545 AND Id_Theme = @ThemeId)
BEGIN
    INSERT INTO [dbo].[QuestionTheme_QTH] ([Id_Question], [Id_Theme]) VALUES (545, @ThemeId);
END

-- Question 172
SET IDENTITY_INSERT [dbo].[Question_QST] ON;
IF NOT EXISTS (SELECT 1 FROM [dbo].[Question_QST] WHERE Id = 546)
BEGIN
    INSERT INTO [dbo].[Question_QST] ([Id], [Question], [Id_Difficulty])
    VALUES (546, N'Quel khan mongol a envahi la Russie au XIIIe siècle ?', 4);
END
SET IDENTITY_INSERT [dbo].[Question_QST] OFF;

INSERT INTO [dbo].[Answer_ANS] ([Id_Question], [Value], [Valid]) VALUES
    (546, N'Batu Khan', 1),
    (546, N'Tamerlan', 0),
    (546, N'Kubilaï', 0),
    (546, N'Ogodaï', 0);

IF NOT EXISTS (SELECT 1 FROM [dbo].[QuestionTheme_QTH] WHERE Id_Question = 546 AND Id_Theme = @ThemeId)
BEGIN
    INSERT INTO [dbo].[QuestionTheme_QTH] ([Id_Question], [Id_Theme]) VALUES (546, @ThemeId);
END

-- Question 173
SET IDENTITY_INSERT [dbo].[Question_QST] ON;
IF NOT EXISTS (SELECT 1 FROM [dbo].[Question_QST] WHERE Id = 547)
BEGIN
    INSERT INTO [dbo].[Question_QST] ([Id], [Question], [Id_Difficulty])
    VALUES (547, N'Quel traité de 1494 partagea le Nouveau Monde entre Espagne et Portugal ?', 4);
END
SET IDENTITY_INSERT [dbo].[Question_QST] OFF;

INSERT INTO [dbo].[Answer_ANS] ([Id_Question], [Value], [Valid]) VALUES
    (547, N'Tordesillas', 1),
    (547, N'Saragossa', 0),
    (547, N'Augsbourg', 0),
    (547, N'Alcáçovas', 0);

IF NOT EXISTS (SELECT 1 FROM [dbo].[QuestionTheme_QTH] WHERE Id_Question = 547 AND Id_Theme = @ThemeId)
BEGIN
    INSERT INTO [dbo].[QuestionTheme_QTH] ([Id_Question], [Id_Theme]) VALUES (547, @ThemeId);
END

-- Question 174
SET IDENTITY_INSERT [dbo].[Question_QST] ON;
IF NOT EXISTS (SELECT 1 FROM [dbo].[Question_QST] WHERE Id = 548)
BEGIN
    INSERT INTO [dbo].[Question_QST] ([Id], [Question], [Id_Difficulty])
    VALUES (548, N'Qui fut le dernier roi wisigoth d’Espagne ?', 4);
END
SET IDENTITY_INSERT [dbo].[Question_QST] OFF;

INSERT INTO [dbo].[Answer_ANS] ([Id_Question], [Value], [Valid]) VALUES
    (548, N'Alaric II', 0),
    (548, N'Roderic', 1),
    (548, N'Euric', 0),
    (548, N'Sisebut', 0);

IF NOT EXISTS (SELECT 1 FROM [dbo].[QuestionTheme_QTH] WHERE Id_Question = 548 AND Id_Theme = @ThemeId)
BEGIN
    INSERT INTO [dbo].[QuestionTheme_QTH] ([Id_Question], [Id_Theme]) VALUES (548, @ThemeId);
END

-- Question 175
SET IDENTITY_INSERT [dbo].[Question_QST] ON;
IF NOT EXISTS (SELECT 1 FROM [dbo].[Question_QST] WHERE Id = 549)
BEGIN
    INSERT INTO [dbo].[Question_QST] ([Id], [Question], [Id_Difficulty])
    VALUES (549, N'Quel empereur romain est associé à la construction du Panthéon ?', 4);
END
SET IDENTITY_INSERT [dbo].[Question_QST] OFF;

INSERT INTO [dbo].[Answer_ANS] ([Id_Question], [Value], [Valid]) VALUES
    (549, N'Hadrien', 1),
    (549, N'Trajan', 0),
    (549, N'Auguste', 0),
    (549, N'Néron', 0);

IF NOT EXISTS (SELECT 1 FROM [dbo].[QuestionTheme_QTH] WHERE Id_Question = 549 AND Id_Theme = @ThemeId)
BEGIN
    INSERT INTO [dbo].[QuestionTheme_QTH] ([Id_Question], [Id_Theme]) VALUES (549, @ThemeId);
END

-- Question 176
SET IDENTITY_INSERT [dbo].[Question_QST] ON;
IF NOT EXISTS (SELECT 1 FROM [dbo].[Question_QST] WHERE Id = 550)
BEGIN
    INSERT INTO [dbo].[Question_QST] ([Id], [Question], [Id_Difficulty])
    VALUES (550, N'Quel empire mésopotamien fut dirigé par Hammurabi ?', 4);
END
SET IDENTITY_INSERT [dbo].[Question_QST] OFF;

INSERT INTO [dbo].[Answer_ANS] ([Id_Question], [Value], [Valid]) VALUES
    (550, N'Babylone', 1),
    (550, N'Assyrie', 0),
    (550, N'Sumer', 0),
    (550, N'Akkad', 0);

IF NOT EXISTS (SELECT 1 FROM [dbo].[QuestionTheme_QTH] WHERE Id_Question = 550 AND Id_Theme = @ThemeId)
BEGIN
    INSERT INTO [dbo].[QuestionTheme_QTH] ([Id_Question], [Id_Theme]) VALUES (550, @ThemeId);
END

-- Question 177
SET IDENTITY_INSERT [dbo].[Question_QST] ON;
IF NOT EXISTS (SELECT 1 FROM [dbo].[Question_QST] WHERE Id = 551)
BEGIN
    INSERT INTO [dbo].[Question_QST] ([Id], [Question], [Id_Difficulty])
    VALUES (551, N'Quel empereur byzantin a écrasé la révolte Nika en 532 ?', 4);
END
SET IDENTITY_INSERT [dbo].[Question_QST] OFF;

INSERT INTO [dbo].[Answer_ANS] ([Id_Question], [Value], [Valid]) VALUES
    (551, N'Justinien', 1),
    (551, N'Basile Ier', 0),
    (551, N'Léon VI', 0),
    (551, N'Constantin V', 0);

IF NOT EXISTS (SELECT 1 FROM [dbo].[QuestionTheme_QTH] WHERE Id_Question = 551 AND Id_Theme = @ThemeId)
BEGIN
    INSERT INTO [dbo].[QuestionTheme_QTH] ([Id_Question], [Id_Theme]) VALUES (551, @ThemeId);
END

-- Question 178
SET IDENTITY_INSERT [dbo].[Question_QST] ON;
IF NOT EXISTS (SELECT 1 FROM [dbo].[Question_QST] WHERE Id = 552)
BEGIN
    INSERT INTO [dbo].[Question_QST] ([Id], [Question], [Id_Difficulty])
    VALUES (552, N'Quel traité de 1809 mit fin à la guerre de Finlande ?', 4);
END
SET IDENTITY_INSERT [dbo].[Question_QST] OFF;

INSERT INTO [dbo].[Answer_ANS] ([Id_Question], [Value], [Valid]) VALUES
    (552, N'Fredrikshamn', 1),
    (552, N'Kiel', 0),
    (552, N'Tilsit', 0),
    (552, N'Abo', 0);

IF NOT EXISTS (SELECT 1 FROM [dbo].[QuestionTheme_QTH] WHERE Id_Question = 552 AND Id_Theme = @ThemeId)
BEGIN
    INSERT INTO [dbo].[QuestionTheme_QTH] ([Id_Question], [Id_Theme]) VALUES (552, @ThemeId);
END

-- Question 179
SET IDENTITY_INSERT [dbo].[Question_QST] ON;
IF NOT EXISTS (SELECT 1 FROM [dbo].[Question_QST] WHERE Id = 553)
BEGIN
    INSERT INTO [dbo].[Question_QST] ([Id], [Question], [Id_Difficulty])
    VALUES (553, N'Quel pharaon a repoussé les peuples de la mer ?', 4);
END
SET IDENTITY_INSERT [dbo].[Question_QST] OFF;

INSERT INTO [dbo].[Answer_ANS] ([Id_Question], [Value], [Valid]) VALUES
    (553, N'Ramsès III', 1),
    (553, N'Toutankhamon', 0),
    (553, N'Thoutmôsis Ier', 0),
    (553, N'Séthi Ier', 0);

IF NOT EXISTS (SELECT 1 FROM [dbo].[QuestionTheme_QTH] WHERE Id_Question = 553 AND Id_Theme = @ThemeId)
BEGIN
    INSERT INTO [dbo].[QuestionTheme_QTH] ([Id_Question], [Id_Theme]) VALUES (553, @ThemeId);
END

-- Question 180
SET IDENTITY_INSERT [dbo].[Question_QST] ON;
IF NOT EXISTS (SELECT 1 FROM [dbo].[Question_QST] WHERE Id = 554)
BEGIN
    INSERT INTO [dbo].[Question_QST] ([Id], [Question], [Id_Difficulty])
    VALUES (554, N'Quel empereur romain a été capturé à Édesse en 260 ?', 4);
END
SET IDENTITY_INSERT [dbo].[Question_QST] OFF;

INSERT INTO [dbo].[Answer_ANS] ([Id_Question], [Value], [Valid]) VALUES
    (554, N'Valérien', 1),
    (554, N'Gallien', 0),
    (554, N'Aurélien', 0),
    (554, N'Claude II', 0);

IF NOT EXISTS (SELECT 1 FROM [dbo].[QuestionTheme_QTH] WHERE Id_Question = 554 AND Id_Theme = @ThemeId)
BEGIN
    INSERT INTO [dbo].[QuestionTheme_QTH] ([Id_Question], [Id_Theme]) VALUES (554, @ThemeId);
END

-- Question 181
SET IDENTITY_INSERT [dbo].[Question_QST] ON;
IF NOT EXISTS (SELECT 1 FROM [dbo].[Question_QST] WHERE Id = 555)
BEGIN
    INSERT INTO [dbo].[Question_QST] ([Id], [Question], [Id_Difficulty])
    VALUES (555, N'Quel roi écossais a combattu à Bannockburn (1314) ?', 4);
END
SET IDENTITY_INSERT [dbo].[Question_QST] OFF;

INSERT INTO [dbo].[Answer_ANS] ([Id_Question], [Value], [Valid]) VALUES
    (555, N'Robert Bruce', 1),
    (555, N'William Wallace', 0),
    (555, N'David II', 0),
    (555, N'James Ier', 0);

IF NOT EXISTS (SELECT 1 FROM [dbo].[QuestionTheme_QTH] WHERE Id_Question = 555 AND Id_Theme = @ThemeId)
BEGIN
    INSERT INTO [dbo].[QuestionTheme_QTH] ([Id_Question], [Id_Theme]) VALUES (555, @ThemeId);
END

-- Question 182
SET IDENTITY_INSERT [dbo].[Question_QST] ON;
IF NOT EXISTS (SELECT 1 FROM [dbo].[Question_QST] WHERE Id = 556)
BEGIN
    INSERT INTO [dbo].[Question_QST] ([Id], [Question], [Id_Difficulty])
    VALUES (556, N'Quel sultan ottoman a régné pendant le siège de Vienne (1529) ?', 4);
END
SET IDENTITY_INSERT [dbo].[Question_QST] OFF;

INSERT INTO [dbo].[Answer_ANS] ([Id_Question], [Value], [Valid]) VALUES
    (556, N'Selim Ier', 0),
    (556, N'Suleiman le Magnifique', 1),
    (556, N'Bayezid II', 0),
    (556, N'Mehmet II', 0);

IF NOT EXISTS (SELECT 1 FROM [dbo].[QuestionTheme_QTH] WHERE Id_Question = 556 AND Id_Theme = @ThemeId)
BEGIN
    INSERT INTO [dbo].[QuestionTheme_QTH] ([Id_Question], [Id_Theme]) VALUES (556, @ThemeId);
END

-- Question 183
SET IDENTITY_INSERT [dbo].[Question_QST] ON;
IF NOT EXISTS (SELECT 1 FROM [dbo].[Question_QST] WHERE Id = 557)
BEGIN
    INSERT INTO [dbo].[Question_QST] ([Id], [Question], [Id_Difficulty])
    VALUES (557, N'Quel concile a condamné l’arianisme en 325 ?', 4);
END
SET IDENTITY_INSERT [dbo].[Question_QST] OFF;

INSERT INTO [dbo].[Answer_ANS] ([Id_Question], [Value], [Valid]) VALUES
    (557, N'Chalcédoine', 0),
    (557, N'Nicée', 1),
    (557, N'Éphèse', 0),
    (557, N'Trente', 0);

IF NOT EXISTS (SELECT 1 FROM [dbo].[QuestionTheme_QTH] WHERE Id_Question = 557 AND Id_Theme = @ThemeId)
BEGIN
    INSERT INTO [dbo].[QuestionTheme_QTH] ([Id_Question], [Id_Theme]) VALUES (557, @ThemeId);
END

-- Question 184
SET IDENTITY_INSERT [dbo].[Question_QST] ON;
IF NOT EXISTS (SELECT 1 FROM [dbo].[Question_QST] WHERE Id = 558)
BEGIN
    INSERT INTO [dbo].[Question_QST] ([Id], [Question], [Id_Difficulty])
    VALUES (558, N'Quel roi capétien a lancé la croisade contre les Albigeois ?', 4);
END
SET IDENTITY_INSERT [dbo].[Question_QST] OFF;

INSERT INTO [dbo].[Answer_ANS] ([Id_Question], [Value], [Valid]) VALUES
    (558, N'Philippe II Auguste', 0),
    (558, N'Louis VIII', 1),
    (558, N'Louis IX', 0),
    (558, N'Philippe III', 0);

IF NOT EXISTS (SELECT 1 FROM [dbo].[QuestionTheme_QTH] WHERE Id_Question = 558 AND Id_Theme = @ThemeId)
BEGIN
    INSERT INTO [dbo].[QuestionTheme_QTH] ([Id_Question], [Id_Theme]) VALUES (558, @ThemeId);
END

-- Question 185
SET IDENTITY_INSERT [dbo].[Question_QST] ON;
IF NOT EXISTS (SELECT 1 FROM [dbo].[Question_QST] WHERE Id = 559)
BEGIN
    INSERT INTO [dbo].[Question_QST] ([Id], [Question], [Id_Difficulty])
    VALUES (559, N'Quel empereur inca fut exécuté par Pizarro ?', 4);
END
SET IDENTITY_INSERT [dbo].[Question_QST] OFF;

INSERT INTO [dbo].[Answer_ANS] ([Id_Question], [Value], [Valid]) VALUES
    (559, N'Atahualpa', 1),
    (559, N'Huayna Capac', 0),
    (559, N'Pachacutec', 0),
    (559, N'Manco Cápac', 0);

IF NOT EXISTS (SELECT 1 FROM [dbo].[QuestionTheme_QTH] WHERE Id_Question = 559 AND Id_Theme = @ThemeId)
BEGIN
    INSERT INTO [dbo].[QuestionTheme_QTH] ([Id_Question], [Id_Theme]) VALUES (559, @ThemeId);
END

-- Question 186
SET IDENTITY_INSERT [dbo].[Question_QST] ON;
IF NOT EXISTS (SELECT 1 FROM [dbo].[Question_QST] WHERE Id = 560)
BEGIN
    INSERT INTO [dbo].[Question_QST] ([Id], [Question], [Id_Difficulty])
    VALUES (560, N'Quel traité mit fin à la guerre de Corée (1953) ?', 4);
END
SET IDENTITY_INSERT [dbo].[Question_QST] OFF;

INSERT INTO [dbo].[Answer_ANS] ([Id_Question], [Value], [Valid]) VALUES
    (560, N'Pékin', 0),
    (560, N'Panmunjeom', 1),
    (560, N'Séoul', 0),
    (560, N'Tokyo', 0);

IF NOT EXISTS (SELECT 1 FROM [dbo].[QuestionTheme_QTH] WHERE Id_Question = 560 AND Id_Theme = @ThemeId)
BEGIN
    INSERT INTO [dbo].[QuestionTheme_QTH] ([Id_Question], [Id_Theme]) VALUES (560, @ThemeId);
END

-- Question 187
SET IDENTITY_INSERT [dbo].[Question_QST] ON;
IF NOT EXISTS (SELECT 1 FROM [dbo].[Question_QST] WHERE Id = 561)
BEGIN
    INSERT INTO [dbo].[Question_QST] ([Id], [Question], [Id_Difficulty])
    VALUES (561, N'Qui a dirigé la réforme militaire spartiate au VIe siècle av. J.-C. ?', 4);
END
SET IDENTITY_INSERT [dbo].[Question_QST] OFF;

INSERT INTO [dbo].[Answer_ANS] ([Id_Question], [Value], [Valid]) VALUES
    (561, N'Lycurgue', 1),
    (561, N'Cléomène', 0),
    (561, N'Agis IV', 0),
    (561, N'Démarate', 0);

IF NOT EXISTS (SELECT 1 FROM [dbo].[QuestionTheme_QTH] WHERE Id_Question = 561 AND Id_Theme = @ThemeId)
BEGIN
    INSERT INTO [dbo].[QuestionTheme_QTH] ([Id_Question], [Id_Theme]) VALUES (561, @ThemeId);
END

-- Question 188
SET IDENTITY_INSERT [dbo].[Question_QST] ON;
IF NOT EXISTS (SELECT 1 FROM [dbo].[Question_QST] WHERE Id = 562)
BEGIN
    INSERT INTO [dbo].[Question_QST] ([Id], [Question], [Id_Difficulty])
    VALUES (562, N'Quel empereur romain est mort à York en 211 ?', 4);
END
SET IDENTITY_INSERT [dbo].[Question_QST] OFF;

INSERT INTO [dbo].[Answer_ANS] ([Id_Question], [Value], [Valid]) VALUES
    (562, N'Hadrien', 0),
    (562, N'Septime Sévère', 1),
    (562, N'Commode', 0),
    (562, N'Antonin', 0);

IF NOT EXISTS (SELECT 1 FROM [dbo].[QuestionTheme_QTH] WHERE Id_Question = 562 AND Id_Theme = @ThemeId)
BEGIN
    INSERT INTO [dbo].[QuestionTheme_QTH] ([Id_Question], [Id_Theme]) VALUES (562, @ThemeId);
END

-- Question 189
SET IDENTITY_INSERT [dbo].[Question_QST] ON;
IF NOT EXISTS (SELECT 1 FROM [dbo].[Question_QST] WHERE Id = 563)
BEGIN
    INSERT INTO [dbo].[Question_QST] ([Id], [Question], [Id_Difficulty])
    VALUES (563, N'Quel traité de 1919 créa la Société des Nations ?', 4);
END
SET IDENTITY_INSERT [dbo].[Question_QST] OFF;

INSERT INTO [dbo].[Answer_ANS] ([Id_Question], [Value], [Valid]) VALUES
    (563, N'Versailles', 1),
    (563, N'Trianon', 0),
    (563, N'Saint-Germain', 0),
    (563, N'Neuilly', 0);

IF NOT EXISTS (SELECT 1 FROM [dbo].[QuestionTheme_QTH] WHERE Id_Question = 563 AND Id_Theme = @ThemeId)
BEGIN
    INSERT INTO [dbo].[QuestionTheme_QTH] ([Id_Question], [Id_Theme]) VALUES (563, @ThemeId);
END

-- Question 190
SET IDENTITY_INSERT [dbo].[Question_QST] ON;
IF NOT EXISTS (SELECT 1 FROM [dbo].[Question_QST] WHERE Id = 564)
BEGIN
    INSERT INTO [dbo].[Question_QST] ([Id], [Question], [Id_Difficulty])
    VALUES (564, N'Quel sultan ottoman a conquis l’Égypte en 1517 ?', 4);
END
SET IDENTITY_INSERT [dbo].[Question_QST] OFF;

INSERT INTO [dbo].[Answer_ANS] ([Id_Question], [Value], [Valid]) VALUES
    (564, N'Selim Ier', 1),
    (564, N'Suleiman', 0),
    (564, N'Mehmet II', 0),
    (564, N'Bayezid II', 0);

IF NOT EXISTS (SELECT 1 FROM [dbo].[QuestionTheme_QTH] WHERE Id_Question = 564 AND Id_Theme = @ThemeId)
BEGIN
    INSERT INTO [dbo].[QuestionTheme_QTH] ([Id_Question], [Id_Theme]) VALUES (564, @ThemeId);
END

-- Question 191
SET IDENTITY_INSERT [dbo].[Question_QST] ON;
IF NOT EXISTS (SELECT 1 FROM [dbo].[Question_QST] WHERE Id = 565)
BEGIN
    INSERT INTO [dbo].[Question_QST] ([Id], [Question], [Id_Difficulty])
    VALUES (565, N'Quel roi d’Angleterre a perdu la bataille de Bosworth (1485) ?', 4);
END
SET IDENTITY_INSERT [dbo].[Question_QST] OFF;

INSERT INTO [dbo].[Answer_ANS] ([Id_Question], [Value], [Valid]) VALUES
    (565, N'Richard III', 1),
    (565, N'Henri VI', 0),
    (565, N'Édouard IV', 0),
    (565, N'Henri VII', 0);

IF NOT EXISTS (SELECT 1 FROM [dbo].[QuestionTheme_QTH] WHERE Id_Question = 565 AND Id_Theme = @ThemeId)
BEGIN
    INSERT INTO [dbo].[QuestionTheme_QTH] ([Id_Question], [Id_Theme]) VALUES (565, @ThemeId);
END

-- Question 192
SET IDENTITY_INSERT [dbo].[Question_QST] ON;
IF NOT EXISTS (SELECT 1 FROM [dbo].[Question_QST] WHERE Id = 566)
BEGIN
    INSERT INTO [dbo].[Question_QST] ([Id], [Question], [Id_Difficulty])
    VALUES (566, N'Quelle dynastie a régné sur l’Iran de 1501 à 1736 ?', 4);
END
SET IDENTITY_INSERT [dbo].[Question_QST] OFF;

INSERT INTO [dbo].[Answer_ANS] ([Id_Question], [Value], [Valid]) VALUES
    (566, N'Safavides', 1),
    (566, N'Qajars', 0),
    (566, N'Sassanides', 0),
    (566, N'Zand', 0);

IF NOT EXISTS (SELECT 1 FROM [dbo].[QuestionTheme_QTH] WHERE Id_Question = 566 AND Id_Theme = @ThemeId)
BEGIN
    INSERT INTO [dbo].[QuestionTheme_QTH] ([Id_Question], [Id_Theme]) VALUES (566, @ThemeId);
END

-- Question 193
SET IDENTITY_INSERT [dbo].[Question_QST] ON;
IF NOT EXISTS (SELECT 1 FROM [dbo].[Question_QST] WHERE Id = 567)
BEGIN
    INSERT INTO [dbo].[Question_QST] ([Id], [Question], [Id_Difficulty])
    VALUES (567, N'Quel roi de France fut surnommé ''le Bien-Aimé'' ?', 4);
END
SET IDENTITY_INSERT [dbo].[Question_QST] OFF;

INSERT INTO [dbo].[Answer_ANS] ([Id_Question], [Value], [Valid]) VALUES
    (567, N'Louis XV', 1),
    (567, N'Louis XIV', 0),
    (567, N'Louis XIII', 0),
    (567, N'Louis XII', 0);

IF NOT EXISTS (SELECT 1 FROM [dbo].[QuestionTheme_QTH] WHERE Id_Question = 567 AND Id_Theme = @ThemeId)
BEGIN
    INSERT INTO [dbo].[QuestionTheme_QTH] ([Id_Question], [Id_Theme]) VALUES (567, @ThemeId);
END

-- Question 194
SET IDENTITY_INSERT [dbo].[Question_QST] ON;
IF NOT EXISTS (SELECT 1 FROM [dbo].[Question_QST] WHERE Id = 568)
BEGIN
    INSERT INTO [dbo].[Question_QST] ([Id], [Question], [Id_Difficulty])
    VALUES (568, N'Quel empereur romain a aboli la préfecture du prétoire ?', 4);
END
SET IDENTITY_INSERT [dbo].[Question_QST] OFF;

INSERT INTO [dbo].[Answer_ANS] ([Id_Question], [Value], [Valid]) VALUES
    (568, N'Dioclétien', 0),
    (568, N'Constantin', 1),
    (568, N'Théodose', 0),
    (568, N'Honorius', 0);

IF NOT EXISTS (SELECT 1 FROM [dbo].[QuestionTheme_QTH] WHERE Id_Question = 568 AND Id_Theme = @ThemeId)
BEGIN
    INSERT INTO [dbo].[QuestionTheme_QTH] ([Id_Question], [Id_Theme]) VALUES (568, @ThemeId);
END

-- Question 195
SET IDENTITY_INSERT [dbo].[Question_QST] ON;
IF NOT EXISTS (SELECT 1 FROM [dbo].[Question_QST] WHERE Id = 569)
BEGIN
    INSERT INTO [dbo].[Question_QST] ([Id], [Question], [Id_Difficulty])
    VALUES (569, N'Quel chef hun a menacé Rome au Ve siècle ?', 4);
END
SET IDENTITY_INSERT [dbo].[Question_QST] OFF;

INSERT INTO [dbo].[Answer_ANS] ([Id_Question], [Value], [Valid]) VALUES
    (569, N'Alaric', 0),
    (569, N'Attila', 1),
    (569, N'Odoacre', 0),
    (569, N'Genséric', 0);

IF NOT EXISTS (SELECT 1 FROM [dbo].[QuestionTheme_QTH] WHERE Id_Question = 569 AND Id_Theme = @ThemeId)
BEGIN
    INSERT INTO [dbo].[QuestionTheme_QTH] ([Id_Question], [Id_Theme]) VALUES (569, @ThemeId);
END

-- Question 196
SET IDENTITY_INSERT [dbo].[Question_QST] ON;
IF NOT EXISTS (SELECT 1 FROM [dbo].[Question_QST] WHERE Id = 570)
BEGIN
    INSERT INTO [dbo].[Question_QST] ([Id], [Question], [Id_Difficulty])
    VALUES (570, N'Quel traité de 1649 mit fin à la première guerre civile anglaise ?', 4);
END
SET IDENTITY_INSERT [dbo].[Question_QST] OFF;

INSERT INTO [dbo].[Answer_ANS] ([Id_Question], [Value], [Valid]) VALUES
    (570, N'Westminster', 0),
    (570, N'Putney', 0),
    (570, N'Newport', 0),
    (570, N'Aucun, Charles Ier fut exécuté', 1);

IF NOT EXISTS (SELECT 1 FROM [dbo].[QuestionTheme_QTH] WHERE Id_Question = 570 AND Id_Theme = @ThemeId)
BEGIN
    INSERT INTO [dbo].[QuestionTheme_QTH] ([Id_Question], [Id_Theme]) VALUES (570, @ThemeId);
END

-- Question 197
SET IDENTITY_INSERT [dbo].[Question_QST] ON;
IF NOT EXISTS (SELECT 1 FROM [dbo].[Question_QST] WHERE Id = 571)
BEGIN
    INSERT INTO [dbo].[Question_QST] ([Id], [Question], [Id_Difficulty])
    VALUES (571, N'Quel empereur aztèque affronta Cortés ?', 4);
END
SET IDENTITY_INSERT [dbo].[Question_QST] OFF;

INSERT INTO [dbo].[Answer_ANS] ([Id_Question], [Value], [Valid]) VALUES
    (571, N'Moctezuma II', 1),
    (571, N'Itzcoatl', 0),
    (571, N'Cuitlahuac', 0),
    (571, N'Ahuitzotl', 0);

IF NOT EXISTS (SELECT 1 FROM [dbo].[QuestionTheme_QTH] WHERE Id_Question = 571 AND Id_Theme = @ThemeId)
BEGIN
    INSERT INTO [dbo].[QuestionTheme_QTH] ([Id_Question], [Id_Theme]) VALUES (571, @ThemeId);
END

-- ======================
-- Questions / Réponses - Thème : Science (202 questions)
-- ======================
SET @ThemeId = (SELECT Id FROM [dbo].[Theme_THM] WHERE Label = N'Science');

-- Question 1
SET IDENTITY_INSERT [dbo].[Question_QST] ON;
IF NOT EXISTS (SELECT 1 FROM [dbo].[Question_QST] WHERE Id = 572)
BEGIN
    INSERT INTO [dbo].[Question_QST] ([Id], [Question], [Id_Difficulty])
    VALUES (572, N'Qui a découvert la gravité en observant une pomme ?', 1);
END
SET IDENTITY_INSERT [dbo].[Question_QST] OFF;

INSERT INTO [dbo].[Answer_ANS] ([Id_Question], [Value], [Valid]) VALUES
    (572, N'Newton', 1),
    (572, N'Galilée', 0),
    (572, N'Einstein', 0),
    (572, N'Archimède', 0);

IF NOT EXISTS (SELECT 1 FROM [dbo].[QuestionTheme_QTH] WHERE Id_Question = 572 AND Id_Theme = @ThemeId)
BEGIN
    INSERT INTO [dbo].[QuestionTheme_QTH] ([Id_Question], [Id_Theme]) VALUES (572, @ThemeId);
END

-- Question 2
SET IDENTITY_INSERT [dbo].[Question_QST] ON;
IF NOT EXISTS (SELECT 1 FROM [dbo].[Question_QST] WHERE Id = 573)
BEGIN
    INSERT INTO [dbo].[Question_QST] ([Id], [Question], [Id_Difficulty])
    VALUES (573, N'Quel est l''élément chimique dont le symbole est O ?', 1);
END
SET IDENTITY_INSERT [dbo].[Question_QST] OFF;

INSERT INTO [dbo].[Answer_ANS] ([Id_Question], [Value], [Valid]) VALUES
    (573, N'Or', 0),
    (573, N'Oxygène', 1),
    (573, N'Osmium', 0),
    (573, N'Ozium', 0);

IF NOT EXISTS (SELECT 1 FROM [dbo].[QuestionTheme_QTH] WHERE Id_Question = 573 AND Id_Theme = @ThemeId)
BEGIN
    INSERT INTO [dbo].[QuestionTheme_QTH] ([Id_Question], [Id_Theme]) VALUES (573, @ThemeId);
END

-- Question 3
SET IDENTITY_INSERT [dbo].[Question_QST] ON;
IF NOT EXISTS (SELECT 1 FROM [dbo].[Question_QST] WHERE Id = 574)
BEGIN
    INSERT INTO [dbo].[Question_QST] ([Id], [Question], [Id_Difficulty])
    VALUES (574, N'Quelle planète est la plus proche du Soleil ?', 1);
END
SET IDENTITY_INSERT [dbo].[Question_QST] OFF;

INSERT INTO [dbo].[Answer_ANS] ([Id_Question], [Value], [Valid]) VALUES
    (574, N'Vénus', 0),
    (574, N'Mercure', 1),
    (574, N'Mars', 0),
    (574, N'Jupiter', 0);

IF NOT EXISTS (SELECT 1 FROM [dbo].[QuestionTheme_QTH] WHERE Id_Question = 574 AND Id_Theme = @ThemeId)
BEGIN
    INSERT INTO [dbo].[QuestionTheme_QTH] ([Id_Question], [Id_Theme]) VALUES (574, @ThemeId);
END

-- Question 4
SET IDENTITY_INSERT [dbo].[Question_QST] ON;
IF NOT EXISTS (SELECT 1 FROM [dbo].[Question_QST] WHERE Id = 575)
BEGIN
    INSERT INTO [dbo].[Question_QST] ([Id], [Question], [Id_Difficulty])
    VALUES (575, N'Quel est le plus grand organe du corps humain ?', 1);
END
SET IDENTITY_INSERT [dbo].[Question_QST] OFF;

INSERT INTO [dbo].[Answer_ANS] ([Id_Question], [Value], [Valid]) VALUES
    (575, N'Cœur', 0),
    (575, N'Peau', 1),
    (575, N'Foie', 0),
    (575, N'Poumon', 0);

IF NOT EXISTS (SELECT 1 FROM [dbo].[QuestionTheme_QTH] WHERE Id_Question = 575 AND Id_Theme = @ThemeId)
BEGIN
    INSERT INTO [dbo].[QuestionTheme_QTH] ([Id_Question], [Id_Theme]) VALUES (575, @ThemeId);
END

-- Question 5
SET IDENTITY_INSERT [dbo].[Question_QST] ON;
IF NOT EXISTS (SELECT 1 FROM [dbo].[Question_QST] WHERE Id = 576)
BEGIN
    INSERT INTO [dbo].[Question_QST] ([Id], [Question], [Id_Difficulty])
    VALUES (576, N'Quelle est la formule chimique de l’eau ?', 1);
END
SET IDENTITY_INSERT [dbo].[Question_QST] OFF;

INSERT INTO [dbo].[Answer_ANS] ([Id_Question], [Value], [Valid]) VALUES
    (576, N'H2O', 1),
    (576, N'CO2', 0),
    (576, N'O2', 0),
    (576, N'NaCl', 0);

IF NOT EXISTS (SELECT 1 FROM [dbo].[QuestionTheme_QTH] WHERE Id_Question = 576 AND Id_Theme = @ThemeId)
BEGIN
    INSERT INTO [dbo].[QuestionTheme_QTH] ([Id_Question], [Id_Theme]) VALUES (576, @ThemeId);
END

-- Question 6
SET IDENTITY_INSERT [dbo].[Question_QST] ON;
IF NOT EXISTS (SELECT 1 FROM [dbo].[Question_QST] WHERE Id = 577)
BEGIN
    INSERT INTO [dbo].[Question_QST] ([Id], [Question], [Id_Difficulty])
    VALUES (577, N'Qui est le père de la théorie de l’évolution ?', 1);
END
SET IDENTITY_INSERT [dbo].[Question_QST] OFF;

INSERT INTO [dbo].[Answer_ANS] ([Id_Question], [Value], [Valid]) VALUES
    (577, N'Darwin', 1),
    (577, N'Mendel', 0),
    (577, N'Pasteur', 0),
    (577, N'Einstein', 0);

IF NOT EXISTS (SELECT 1 FROM [dbo].[QuestionTheme_QTH] WHERE Id_Question = 577 AND Id_Theme = @ThemeId)
BEGIN
    INSERT INTO [dbo].[QuestionTheme_QTH] ([Id_Question], [Id_Theme]) VALUES (577, @ThemeId);
END

-- Question 7
SET IDENTITY_INSERT [dbo].[Question_QST] ON;
IF NOT EXISTS (SELECT 1 FROM [dbo].[Question_QST] WHERE Id = 578)
BEGIN
    INSERT INTO [dbo].[Question_QST] ([Id], [Question], [Id_Difficulty])
    VALUES (578, N'Quelle planète est surnommée la planète rouge ?', 1);
END
SET IDENTITY_INSERT [dbo].[Question_QST] OFF;

INSERT INTO [dbo].[Answer_ANS] ([Id_Question], [Value], [Valid]) VALUES
    (578, N'Mars', 1),
    (578, N'Jupiter', 0),
    (578, N'Saturne', 0),
    (578, N'Vénus', 0);

IF NOT EXISTS (SELECT 1 FROM [dbo].[QuestionTheme_QTH] WHERE Id_Question = 578 AND Id_Theme = @ThemeId)
BEGIN
    INSERT INTO [dbo].[QuestionTheme_QTH] ([Id_Question], [Id_Theme]) VALUES (578, @ThemeId);
END

-- Question 8
SET IDENTITY_INSERT [dbo].[Question_QST] ON;
IF NOT EXISTS (SELECT 1 FROM [dbo].[Question_QST] WHERE Id = 579)
BEGIN
    INSERT INTO [dbo].[Question_QST] ([Id], [Question], [Id_Difficulty])
    VALUES (579, N'Quelle force maintient les planètes en orbite autour du Soleil ?', 1);
END
SET IDENTITY_INSERT [dbo].[Question_QST] OFF;

INSERT INTO [dbo].[Answer_ANS] ([Id_Question], [Value], [Valid]) VALUES
    (579, N'Électromagnétisme', 0),
    (579, N'Gravité', 1),
    (579, N'Force centrifuge', 0),
    (579, N'Friction', 0);

IF NOT EXISTS (SELECT 1 FROM [dbo].[QuestionTheme_QTH] WHERE Id_Question = 579 AND Id_Theme = @ThemeId)
BEGIN
    INSERT INTO [dbo].[QuestionTheme_QTH] ([Id_Question], [Id_Theme]) VALUES (579, @ThemeId);
END

-- Question 9
SET IDENTITY_INSERT [dbo].[Question_QST] ON;
IF NOT EXISTS (SELECT 1 FROM [dbo].[Question_QST] WHERE Id = 580)
BEGIN
    INSERT INTO [dbo].[Question_QST] ([Id], [Question], [Id_Difficulty])
    VALUES (580, N'Quel gaz les plantes produisent-elles pendant la photosynthèse ?', 1);
END
SET IDENTITY_INSERT [dbo].[Question_QST] OFF;

INSERT INTO [dbo].[Answer_ANS] ([Id_Question], [Value], [Valid]) VALUES
    (580, N'Oxygène', 1),
    (580, N'Dioxyde de carbone', 0),
    (580, N'Azote', 0),
    (580, N'Hydrogène', 0);

IF NOT EXISTS (SELECT 1 FROM [dbo].[QuestionTheme_QTH] WHERE Id_Question = 580 AND Id_Theme = @ThemeId)
BEGIN
    INSERT INTO [dbo].[QuestionTheme_QTH] ([Id_Question], [Id_Theme]) VALUES (580, @ThemeId);
END

-- Question 10
SET IDENTITY_INSERT [dbo].[Question_QST] ON;
IF NOT EXISTS (SELECT 1 FROM [dbo].[Question_QST] WHERE Id = 581)
BEGIN
    INSERT INTO [dbo].[Question_QST] ([Id], [Question], [Id_Difficulty])
    VALUES (581, N'Quel scientifique a inventé le vaccin contre la rage ?', 1);
END
SET IDENTITY_INSERT [dbo].[Question_QST] OFF;

INSERT INTO [dbo].[Answer_ANS] ([Id_Question], [Value], [Valid]) VALUES
    (581, N'Pasteur', 1),
    (581, N'Koch', 0),
    (581, N'Fleming', 0),
    (581, N'Curie', 0);

IF NOT EXISTS (SELECT 1 FROM [dbo].[QuestionTheme_QTH] WHERE Id_Question = 581 AND Id_Theme = @ThemeId)
BEGIN
    INSERT INTO [dbo].[QuestionTheme_QTH] ([Id_Question], [Id_Theme]) VALUES (581, @ThemeId);
END

-- Question 11
SET IDENTITY_INSERT [dbo].[Question_QST] ON;
IF NOT EXISTS (SELECT 1 FROM [dbo].[Question_QST] WHERE Id = 582)
BEGIN
    INSERT INTO [dbo].[Question_QST] ([Id], [Question], [Id_Difficulty])
    VALUES (582, N'Quel est l’astre central du système solaire ?', 1);
END
SET IDENTITY_INSERT [dbo].[Question_QST] OFF;

INSERT INTO [dbo].[Answer_ANS] ([Id_Question], [Value], [Valid]) VALUES
    (582, N'La Lune', 0),
    (582, N'Le Soleil', 1),
    (582, N'Sirius', 0),
    (582, N'Vénus', 0);

IF NOT EXISTS (SELECT 1 FROM [dbo].[QuestionTheme_QTH] WHERE Id_Question = 582 AND Id_Theme = @ThemeId)
BEGIN
    INSERT INTO [dbo].[QuestionTheme_QTH] ([Id_Question], [Id_Theme]) VALUES (582, @ThemeId);
END

-- Question 12
SET IDENTITY_INSERT [dbo].[Question_QST] ON;
IF NOT EXISTS (SELECT 1 FROM [dbo].[Question_QST] WHERE Id = 583)
BEGIN
    INSERT INTO [dbo].[Question_QST] ([Id], [Question], [Id_Difficulty])
    VALUES (583, N'Combien d’os a un adulte en moyenne ?', 1);
END
SET IDENTITY_INSERT [dbo].[Question_QST] OFF;

INSERT INTO [dbo].[Answer_ANS] ([Id_Question], [Value], [Valid]) VALUES
    (583, N'206', 1),
    (583, N'210', 0),
    (583, N'198', 0),
    (583, N'220', 0);

IF NOT EXISTS (SELECT 1 FROM [dbo].[QuestionTheme_QTH] WHERE Id_Question = 583 AND Id_Theme = @ThemeId)
BEGIN
    INSERT INTO [dbo].[QuestionTheme_QTH] ([Id_Question], [Id_Theme]) VALUES (583, @ThemeId);
END

-- Question 13
SET IDENTITY_INSERT [dbo].[Question_QST] ON;
IF NOT EXISTS (SELECT 1 FROM [dbo].[Question_QST] WHERE Id = 584)
BEGIN
    INSERT INTO [dbo].[Question_QST] ([Id], [Question], [Id_Difficulty])
    VALUES (584, N'Quel animal est connu pour sa capacité à changer de couleur ?', 1);
END
SET IDENTITY_INSERT [dbo].[Question_QST] OFF;

INSERT INTO [dbo].[Answer_ANS] ([Id_Question], [Value], [Valid]) VALUES
    (584, N'Caméléon', 1),
    (584, N'Pangolin', 0),
    (584, N'Pieuvre', 0),
    (584, N'Serpent', 0);

IF NOT EXISTS (SELECT 1 FROM [dbo].[QuestionTheme_QTH] WHERE Id_Question = 584 AND Id_Theme = @ThemeId)
BEGIN
    INSERT INTO [dbo].[QuestionTheme_QTH] ([Id_Question], [Id_Theme]) VALUES (584, @ThemeId);
END

-- Question 14
SET IDENTITY_INSERT [dbo].[Question_QST] ON;
IF NOT EXISTS (SELECT 1 FROM [dbo].[Question_QST] WHERE Id = 585)
BEGIN
    INSERT INTO [dbo].[Question_QST] ([Id], [Question], [Id_Difficulty])
    VALUES (585, N'Quel gaz est essentiel à la respiration humaine ?', 1);
END
SET IDENTITY_INSERT [dbo].[Question_QST] OFF;

INSERT INTO [dbo].[Answer_ANS] ([Id_Question], [Value], [Valid]) VALUES
    (585, N'Oxygène', 1),
    (585, N'Azote', 0),
    (585, N'Hydrogène', 0),
    (585, N'Dioxyde de carbone', 0);

IF NOT EXISTS (SELECT 1 FROM [dbo].[QuestionTheme_QTH] WHERE Id_Question = 585 AND Id_Theme = @ThemeId)
BEGIN
    INSERT INTO [dbo].[QuestionTheme_QTH] ([Id_Question], [Id_Theme]) VALUES (585, @ThemeId);
END

-- Question 15
SET IDENTITY_INSERT [dbo].[Question_QST] ON;
IF NOT EXISTS (SELECT 1 FROM [dbo].[Question_QST] WHERE Id = 586)
BEGIN
    INSERT INTO [dbo].[Question_QST] ([Id], [Question], [Id_Difficulty])
    VALUES (586, N'Quel est le liquide circulant dans le cœur et les vaisseaux sanguins ?', 1);
END
SET IDENTITY_INSERT [dbo].[Question_QST] OFF;

INSERT INTO [dbo].[Answer_ANS] ([Id_Question], [Value], [Valid]) VALUES
    (586, N'Lymphe', 0),
    (586, N'Sang', 1),
    (586, N'Urine', 0),
    (586, N'Bile', 0);

IF NOT EXISTS (SELECT 1 FROM [dbo].[QuestionTheme_QTH] WHERE Id_Question = 586 AND Id_Theme = @ThemeId)
BEGIN
    INSERT INTO [dbo].[QuestionTheme_QTH] ([Id_Question], [Id_Theme]) VALUES (586, @ThemeId);
END

-- Question 16
SET IDENTITY_INSERT [dbo].[Question_QST] ON;
IF NOT EXISTS (SELECT 1 FROM [dbo].[Question_QST] WHERE Id = 587)
BEGIN
    INSERT INTO [dbo].[Question_QST] ([Id], [Question], [Id_Difficulty])
    VALUES (587, N'Qui a formulé la théorie de la relativité restreinte ?', 1);
END
SET IDENTITY_INSERT [dbo].[Question_QST] OFF;

INSERT INTO [dbo].[Answer_ANS] ([Id_Question], [Value], [Valid]) VALUES
    (587, N'Newton', 0),
    (587, N'Einstein', 1),
    (587, N'Galilée', 0),
    (587, N'Hawking', 0);

IF NOT EXISTS (SELECT 1 FROM [dbo].[QuestionTheme_QTH] WHERE Id_Question = 587 AND Id_Theme = @ThemeId)
BEGIN
    INSERT INTO [dbo].[QuestionTheme_QTH] ([Id_Question], [Id_Theme]) VALUES (587, @ThemeId);
END

-- Question 17
SET IDENTITY_INSERT [dbo].[Question_QST] ON;
IF NOT EXISTS (SELECT 1 FROM [dbo].[Question_QST] WHERE Id = 588)
BEGIN
    INSERT INTO [dbo].[Question_QST] ([Id], [Question], [Id_Difficulty])
    VALUES (588, N'Quel instrument sert à mesurer la pression atmosphérique ?', 1);
END
SET IDENTITY_INSERT [dbo].[Question_QST] OFF;

INSERT INTO [dbo].[Answer_ANS] ([Id_Question], [Value], [Valid]) VALUES
    (588, N'Baromètre', 1),
    (588, N'Thermomètre', 0),
    (588, N'Altimètre', 0),
    (588, N'Hydromètre', 0);

IF NOT EXISTS (SELECT 1 FROM [dbo].[QuestionTheme_QTH] WHERE Id_Question = 588 AND Id_Theme = @ThemeId)
BEGIN
    INSERT INTO [dbo].[QuestionTheme_QTH] ([Id_Question], [Id_Theme]) VALUES (588, @ThemeId);
END

-- Question 18
SET IDENTITY_INSERT [dbo].[Question_QST] ON;
IF NOT EXISTS (SELECT 1 FROM [dbo].[Question_QST] WHERE Id = 589)
BEGIN
    INSERT INTO [dbo].[Question_QST] ([Id], [Question], [Id_Difficulty])
    VALUES (589, N'Quel est le plus grand mammifère terrestre ?', 1);
END
SET IDENTITY_INSERT [dbo].[Question_QST] OFF;

INSERT INTO [dbo].[Answer_ANS] ([Id_Question], [Value], [Valid]) VALUES
    (589, N'Éléphant', 1),
    (589, N'Baleine bleue', 0),
    (589, N'Girafe', 0),
    (589, N'Rhinocéros', 0);

IF NOT EXISTS (SELECT 1 FROM [dbo].[QuestionTheme_QTH] WHERE Id_Question = 589 AND Id_Theme = @ThemeId)
BEGIN
    INSERT INTO [dbo].[QuestionTheme_QTH] ([Id_Question], [Id_Theme]) VALUES (589, @ThemeId);
END

-- Question 19
SET IDENTITY_INSERT [dbo].[Question_QST] ON;
IF NOT EXISTS (SELECT 1 FROM [dbo].[Question_QST] WHERE Id = 590)
BEGIN
    INSERT INTO [dbo].[Question_QST] ([Id], [Question], [Id_Difficulty])
    VALUES (590, N'Quel est le symbole chimique de l’or ?', 1);
END
SET IDENTITY_INSERT [dbo].[Question_QST] OFF;

INSERT INTO [dbo].[Answer_ANS] ([Id_Question], [Value], [Valid]) VALUES
    (590, N'Au', 1),
    (590, N'Ag', 0),
    (590, N'O', 0),
    (590, N'Or', 0);

IF NOT EXISTS (SELECT 1 FROM [dbo].[QuestionTheme_QTH] WHERE Id_Question = 590 AND Id_Theme = @ThemeId)
BEGIN
    INSERT INTO [dbo].[QuestionTheme_QTH] ([Id_Question], [Id_Theme]) VALUES (590, @ThemeId);
END

-- Question 20
SET IDENTITY_INSERT [dbo].[Question_QST] ON;
IF NOT EXISTS (SELECT 1 FROM [dbo].[Question_QST] WHERE Id = 591)
BEGIN
    INSERT INTO [dbo].[Question_QST] ([Id], [Question], [Id_Difficulty])
    VALUES (591, N'Quel organe produit l’insuline ?', 1);
END
SET IDENTITY_INSERT [dbo].[Question_QST] OFF;

INSERT INTO [dbo].[Answer_ANS] ([Id_Question], [Value], [Valid]) VALUES
    (591, N'Pancréas', 1),
    (591, N'Foie', 0),
    (591, N'Rein', 0),
    (591, N'Estomac', 0);

IF NOT EXISTS (SELECT 1 FROM [dbo].[QuestionTheme_QTH] WHERE Id_Question = 591 AND Id_Theme = @ThemeId)
BEGIN
    INSERT INTO [dbo].[QuestionTheme_QTH] ([Id_Question], [Id_Theme]) VALUES (591, @ThemeId);
END

-- Question 21
SET IDENTITY_INSERT [dbo].[Question_QST] ON;
IF NOT EXISTS (SELECT 1 FROM [dbo].[Question_QST] WHERE Id = 592)
BEGIN
    INSERT INTO [dbo].[Question_QST] ([Id], [Question], [Id_Difficulty])
    VALUES (592, N'Quel scientifique est célèbre pour ses lois sur le mouvement ?', 1);
END
SET IDENTITY_INSERT [dbo].[Question_QST] OFF;

INSERT INTO [dbo].[Answer_ANS] ([Id_Question], [Value], [Valid]) VALUES
    (592, N'Newton', 1),
    (592, N'Einstein', 0),
    (592, N'Galilée', 0),
    (592, N'Darwin', 0);

IF NOT EXISTS (SELECT 1 FROM [dbo].[QuestionTheme_QTH] WHERE Id_Question = 592 AND Id_Theme = @ThemeId)
BEGIN
    INSERT INTO [dbo].[QuestionTheme_QTH] ([Id_Question], [Id_Theme]) VALUES (592, @ThemeId);
END

-- Question 22
SET IDENTITY_INSERT [dbo].[Question_QST] ON;
IF NOT EXISTS (SELECT 1 FROM [dbo].[Question_QST] WHERE Id = 593)
BEGIN
    INSERT INTO [dbo].[Question_QST] ([Id], [Question], [Id_Difficulty])
    VALUES (593, N'Quelle planète a des anneaux visibles ?', 1);
END
SET IDENTITY_INSERT [dbo].[Question_QST] OFF;

INSERT INTO [dbo].[Answer_ANS] ([Id_Question], [Value], [Valid]) VALUES
    (593, N'Saturne', 1),
    (593, N'Mars', 0),
    (593, N'Mercure', 0),
    (593, N'Vénus', 0);

IF NOT EXISTS (SELECT 1 FROM [dbo].[QuestionTheme_QTH] WHERE Id_Question = 593 AND Id_Theme = @ThemeId)
BEGIN
    INSERT INTO [dbo].[QuestionTheme_QTH] ([Id_Question], [Id_Theme]) VALUES (593, @ThemeId);
END

-- Question 23
SET IDENTITY_INSERT [dbo].[Question_QST] ON;
IF NOT EXISTS (SELECT 1 FROM [dbo].[Question_QST] WHERE Id = 594)
BEGIN
    INSERT INTO [dbo].[Question_QST] ([Id], [Question], [Id_Difficulty])
    VALUES (594, N'Quel type d’onde transporte la lumière ?', 1);
END
SET IDENTITY_INSERT [dbo].[Question_QST] OFF;

INSERT INTO [dbo].[Answer_ANS] ([Id_Question], [Value], [Valid]) VALUES
    (594, N'Onde sonore', 0),
    (594, N'Onde électromagnétique', 1),
    (594, N'Onde mécanique', 0),
    (594, N'Onde gravitationnelle', 0);

IF NOT EXISTS (SELECT 1 FROM [dbo].[QuestionTheme_QTH] WHERE Id_Question = 594 AND Id_Theme = @ThemeId)
BEGIN
    INSERT INTO [dbo].[QuestionTheme_QTH] ([Id_Question], [Id_Theme]) VALUES (594, @ThemeId);
END

-- Question 24
SET IDENTITY_INSERT [dbo].[Question_QST] ON;
IF NOT EXISTS (SELECT 1 FROM [dbo].[Question_QST] WHERE Id = 595)
BEGIN
    INSERT INTO [dbo].[Question_QST] ([Id], [Question], [Id_Difficulty])
    VALUES (595, N'Quel gaz est majoritairement présent dans l’air ?', 1);
END
SET IDENTITY_INSERT [dbo].[Question_QST] OFF;

INSERT INTO [dbo].[Answer_ANS] ([Id_Question], [Value], [Valid]) VALUES
    (595, N'Oxygène', 0),
    (595, N'Azote', 1),
    (595, N'Dioxyde de carbone', 0),
    (595, N'Hydrogène', 0);

IF NOT EXISTS (SELECT 1 FROM [dbo].[QuestionTheme_QTH] WHERE Id_Question = 595 AND Id_Theme = @ThemeId)
BEGIN
    INSERT INTO [dbo].[QuestionTheme_QTH] ([Id_Question], [Id_Theme]) VALUES (595, @ThemeId);
END

-- Question 25
SET IDENTITY_INSERT [dbo].[Question_QST] ON;
IF NOT EXISTS (SELECT 1 FROM [dbo].[Question_QST] WHERE Id = 596)
BEGIN
    INSERT INTO [dbo].[Question_QST] ([Id], [Question], [Id_Difficulty])
    VALUES (596, N'Quel organe filtre le sang et produit l’urine ?', 1);
END
SET IDENTITY_INSERT [dbo].[Question_QST] OFF;

INSERT INTO [dbo].[Answer_ANS] ([Id_Question], [Value], [Valid]) VALUES
    (596, N'Cœur', 0),
    (596, N'Rein', 1),
    (596, N'Foie', 0),
    (596, N'Poumon', 0);

IF NOT EXISTS (SELECT 1 FROM [dbo].[QuestionTheme_QTH] WHERE Id_Question = 596 AND Id_Theme = @ThemeId)
BEGIN
    INSERT INTO [dbo].[QuestionTheme_QTH] ([Id_Question], [Id_Theme]) VALUES (596, @ThemeId);
END

-- Question 26
SET IDENTITY_INSERT [dbo].[Question_QST] ON;
IF NOT EXISTS (SELECT 1 FROM [dbo].[Question_QST] WHERE Id = 597)
BEGIN
    INSERT INTO [dbo].[Question_QST] ([Id], [Question], [Id_Difficulty])
    VALUES (597, N'Quel phénomène explique les éclipses ?', 1);
END
SET IDENTITY_INSERT [dbo].[Question_QST] OFF;

INSERT INTO [dbo].[Answer_ANS] ([Id_Question], [Value], [Valid]) VALUES
    (597, N'Réfraction', 0),
    (597, N'Occultation', 1),
    (597, N'Diffraction', 0),
    (597, N'Polarisation', 0);

IF NOT EXISTS (SELECT 1 FROM [dbo].[QuestionTheme_QTH] WHERE Id_Question = 597 AND Id_Theme = @ThemeId)
BEGIN
    INSERT INTO [dbo].[QuestionTheme_QTH] ([Id_Question], [Id_Theme]) VALUES (597, @ThemeId);
END

-- Question 27
SET IDENTITY_INSERT [dbo].[Question_QST] ON;
IF NOT EXISTS (SELECT 1 FROM [dbo].[Question_QST] WHERE Id = 598)
BEGIN
    INSERT INTO [dbo].[Question_QST] ([Id], [Question], [Id_Difficulty])
    VALUES (598, N'Quelle particule élémentaire a une charge négative ?', 1);
END
SET IDENTITY_INSERT [dbo].[Question_QST] OFF;

INSERT INTO [dbo].[Answer_ANS] ([Id_Question], [Value], [Valid]) VALUES
    (598, N'Proton', 0),
    (598, N'Neutron', 0),
    (598, N'Électron', 1),
    (598, N'Photon', 0);

IF NOT EXISTS (SELECT 1 FROM [dbo].[QuestionTheme_QTH] WHERE Id_Question = 598 AND Id_Theme = @ThemeId)
BEGIN
    INSERT INTO [dbo].[QuestionTheme_QTH] ([Id_Question], [Id_Theme]) VALUES (598, @ThemeId);
END

-- Question 28
SET IDENTITY_INSERT [dbo].[Question_QST] ON;
IF NOT EXISTS (SELECT 1 FROM [dbo].[Question_QST] WHERE Id = 599)
BEGIN
    INSERT INTO [dbo].[Question_QST] ([Id], [Question], [Id_Difficulty])
    VALUES (599, N'Quel est l’état physique de l’eau à 0°C ?', 1);
END
SET IDENTITY_INSERT [dbo].[Question_QST] OFF;

INSERT INTO [dbo].[Answer_ANS] ([Id_Question], [Value], [Valid]) VALUES
    (599, N'Solide', 1),
    (599, N'Liquide', 0),
    (599, N'Gazeux', 0),
    (599, N'Plasma', 0);

IF NOT EXISTS (SELECT 1 FROM [dbo].[QuestionTheme_QTH] WHERE Id_Question = 599 AND Id_Theme = @ThemeId)
BEGIN
    INSERT INTO [dbo].[QuestionTheme_QTH] ([Id_Question], [Id_Theme]) VALUES (599, @ThemeId);
END

-- Question 29
SET IDENTITY_INSERT [dbo].[Question_QST] ON;
IF NOT EXISTS (SELECT 1 FROM [dbo].[Question_QST] WHERE Id = 600)
BEGIN
    INSERT INTO [dbo].[Question_QST] ([Id], [Question], [Id_Difficulty])
    VALUES (600, N'Quel instrument sert à observer les étoiles ?', 1);
END
SET IDENTITY_INSERT [dbo].[Question_QST] OFF;

INSERT INTO [dbo].[Answer_ANS] ([Id_Question], [Value], [Valid]) VALUES
    (600, N'Microscope', 0),
    (600, N'Télescope', 1),
    (600, N'Lunette de Galilée', 0),
    (600, N'Spectromètre', 0);

IF NOT EXISTS (SELECT 1 FROM [dbo].[QuestionTheme_QTH] WHERE Id_Question = 600 AND Id_Theme = @ThemeId)
BEGIN
    INSERT INTO [dbo].[QuestionTheme_QTH] ([Id_Question], [Id_Theme]) VALUES (600, @ThemeId);
END

-- Question 30
SET IDENTITY_INSERT [dbo].[Question_QST] ON;
IF NOT EXISTS (SELECT 1 FROM [dbo].[Question_QST] WHERE Id = 601)
BEGIN
    INSERT INTO [dbo].[Question_QST] ([Id], [Question], [Id_Difficulty])
    VALUES (601, N'Quelle est la vitesse de la lumière approximative ?', 1);
END
SET IDENTITY_INSERT [dbo].[Question_QST] OFF;

INSERT INTO [dbo].[Answer_ANS] ([Id_Question], [Value], [Valid]) VALUES
    (601, N'300 000 km/s', 1),
    (601, N'30 000 km/s', 0),
    (601, N'3 000 km/s', 0),
    (601, N'300 km/s', 0);

IF NOT EXISTS (SELECT 1 FROM [dbo].[QuestionTheme_QTH] WHERE Id_Question = 601 AND Id_Theme = @ThemeId)
BEGIN
    INSERT INTO [dbo].[QuestionTheme_QTH] ([Id_Question], [Id_Theme]) VALUES (601, @ThemeId);
END

-- Question 31
SET IDENTITY_INSERT [dbo].[Question_QST] ON;
IF NOT EXISTS (SELECT 1 FROM [dbo].[Question_QST] WHERE Id = 602)
BEGIN
    INSERT INTO [dbo].[Question_QST] ([Id], [Question], [Id_Difficulty])
    VALUES (602, N'Quel scientifique a découvert la radioactivité ?', 1);
END
SET IDENTITY_INSERT [dbo].[Question_QST] OFF;

INSERT INTO [dbo].[Answer_ANS] ([Id_Question], [Value], [Valid]) VALUES
    (602, N'Curie', 1),
    (602, N'Einstein', 0),
    (602, N'Newton', 0),
    (602, N'Galilée', 0);

IF NOT EXISTS (SELECT 1 FROM [dbo].[QuestionTheme_QTH] WHERE Id_Question = 602 AND Id_Theme = @ThemeId)
BEGIN
    INSERT INTO [dbo].[QuestionTheme_QTH] ([Id_Question], [Id_Theme]) VALUES (602, @ThemeId);
END

-- Question 32
SET IDENTITY_INSERT [dbo].[Question_QST] ON;
IF NOT EXISTS (SELECT 1 FROM [dbo].[Question_QST] WHERE Id = 603)
BEGIN
    INSERT INTO [dbo].[Question_QST] ([Id], [Question], [Id_Difficulty])
    VALUES (603, N'Quel gaz est utilisé pour gonfler les ballons sans risque d’explosion ?', 1);
END
SET IDENTITY_INSERT [dbo].[Question_QST] OFF;

INSERT INTO [dbo].[Answer_ANS] ([Id_Question], [Value], [Valid]) VALUES
    (603, N'Hélium', 1),
    (603, N'Hydrogène', 0),
    (603, N'Oxygène', 0),
    (603, N'Azote', 0);

IF NOT EXISTS (SELECT 1 FROM [dbo].[QuestionTheme_QTH] WHERE Id_Question = 603 AND Id_Theme = @ThemeId)
BEGIN
    INSERT INTO [dbo].[QuestionTheme_QTH] ([Id_Question], [Id_Theme]) VALUES (603, @ThemeId);
END

-- Question 33
SET IDENTITY_INSERT [dbo].[Question_QST] ON;
IF NOT EXISTS (SELECT 1 FROM [dbo].[Question_QST] WHERE Id = 604)
BEGIN
    INSERT INTO [dbo].[Question_QST] ([Id], [Question], [Id_Difficulty])
    VALUES (604, N'Quel animal pond des œufs et allaite ses petits ?', 1);
END
SET IDENTITY_INSERT [dbo].[Question_QST] OFF;

INSERT INTO [dbo].[Answer_ANS] ([Id_Question], [Value], [Valid]) VALUES
    (604, N'Oiseau', 0),
    (604, N'Crocodile', 0),
    (604, N'Ornithorynque', 1),
    (604, N'Chien', 0);

IF NOT EXISTS (SELECT 1 FROM [dbo].[QuestionTheme_QTH] WHERE Id_Question = 604 AND Id_Theme = @ThemeId)
BEGIN
    INSERT INTO [dbo].[QuestionTheme_QTH] ([Id_Question], [Id_Theme]) VALUES (604, @ThemeId);
END

-- Question 34
SET IDENTITY_INSERT [dbo].[Question_QST] ON;
IF NOT EXISTS (SELECT 1 FROM [dbo].[Question_QST] WHERE Id = 605)
BEGIN
    INSERT INTO [dbo].[Question_QST] ([Id], [Question], [Id_Difficulty])
    VALUES (605, N'Quel instrument sert à mesurer la température ?', 1);
END
SET IDENTITY_INSERT [dbo].[Question_QST] OFF;

INSERT INTO [dbo].[Answer_ANS] ([Id_Question], [Value], [Valid]) VALUES
    (605, N'Baromètre', 0),
    (605, N'Thermomètre', 1),
    (605, N'Altimètre', 0),
    (605, N'Hygromètre', 0);

IF NOT EXISTS (SELECT 1 FROM [dbo].[QuestionTheme_QTH] WHERE Id_Question = 605 AND Id_Theme = @ThemeId)
BEGIN
    INSERT INTO [dbo].[QuestionTheme_QTH] ([Id_Question], [Id_Theme]) VALUES (605, @ThemeId);
END

-- Question 35
SET IDENTITY_INSERT [dbo].[Question_QST] ON;
IF NOT EXISTS (SELECT 1 FROM [dbo].[Question_QST] WHERE Id = 606)
BEGIN
    INSERT INTO [dbo].[Question_QST] ([Id], [Question], [Id_Difficulty])
    VALUES (606, N'Quelle planète est surnommée la géante gazeuse ?', 1);
END
SET IDENTITY_INSERT [dbo].[Question_QST] OFF;

INSERT INTO [dbo].[Answer_ANS] ([Id_Question], [Value], [Valid]) VALUES
    (606, N'Jupiter', 1),
    (606, N'Mars', 0),
    (606, N'Mercure', 0),
    (606, N'Vénus', 0);

IF NOT EXISTS (SELECT 1 FROM [dbo].[QuestionTheme_QTH] WHERE Id_Question = 606 AND Id_Theme = @ThemeId)
BEGIN
    INSERT INTO [dbo].[QuestionTheme_QTH] ([Id_Question], [Id_Theme]) VALUES (606, @ThemeId);
END

-- Question 36
SET IDENTITY_INSERT [dbo].[Question_QST] ON;
IF NOT EXISTS (SELECT 1 FROM [dbo].[Question_QST] WHERE Id = 607)
BEGIN
    INSERT INTO [dbo].[Question_QST] ([Id], [Question], [Id_Difficulty])
    VALUES (607, N'Quelle est la planète la plus massive du système solaire ?', 1);
END
SET IDENTITY_INSERT [dbo].[Question_QST] OFF;

INSERT INTO [dbo].[Answer_ANS] ([Id_Question], [Value], [Valid]) VALUES
    (607, N'Jupiter', 1),
    (607, N'Saturne', 0),
    (607, N'Neptune', 0),
    (607, N'Terre', 0);

IF NOT EXISTS (SELECT 1 FROM [dbo].[QuestionTheme_QTH] WHERE Id_Question = 607 AND Id_Theme = @ThemeId)
BEGIN
    INSERT INTO [dbo].[QuestionTheme_QTH] ([Id_Question], [Id_Theme]) VALUES (607, @ThemeId);
END

-- Question 37
SET IDENTITY_INSERT [dbo].[Question_QST] ON;
IF NOT EXISTS (SELECT 1 FROM [dbo].[Question_QST] WHERE Id = 608)
BEGIN
    INSERT INTO [dbo].[Question_QST] ([Id], [Question], [Id_Difficulty])
    VALUES (608, N'Quel organe humain produit la bile ?', 1);
END
SET IDENTITY_INSERT [dbo].[Question_QST] OFF;

INSERT INTO [dbo].[Answer_ANS] ([Id_Question], [Value], [Valid]) VALUES
    (608, N'Foie', 1),
    (608, N'Pancréas', 0),
    (608, N'Estomac', 0),
    (608, N'Vésicule biliaire', 0);

IF NOT EXISTS (SELECT 1 FROM [dbo].[QuestionTheme_QTH] WHERE Id_Question = 608 AND Id_Theme = @ThemeId)
BEGIN
    INSERT INTO [dbo].[QuestionTheme_QTH] ([Id_Question], [Id_Theme]) VALUES (608, @ThemeId);
END

-- Question 38
SET IDENTITY_INSERT [dbo].[Question_QST] ON;
IF NOT EXISTS (SELECT 1 FROM [dbo].[Question_QST] WHERE Id = 609)
BEGIN
    INSERT INTO [dbo].[Question_QST] ([Id], [Question], [Id_Difficulty])
    VALUES (609, N'Quel élément chimique a pour symbole H ?', 1);
END
SET IDENTITY_INSERT [dbo].[Question_QST] OFF;

INSERT INTO [dbo].[Answer_ANS] ([Id_Question], [Value], [Valid]) VALUES
    (609, N'Hydrogène', 1),
    (609, N'Hélium', 0),
    (609, N'Holmium', 0),
    (609, N'Mercure', 0);

IF NOT EXISTS (SELECT 1 FROM [dbo].[QuestionTheme_QTH] WHERE Id_Question = 609 AND Id_Theme = @ThemeId)
BEGIN
    INSERT INTO [dbo].[QuestionTheme_QTH] ([Id_Question], [Id_Theme]) VALUES (609, @ThemeId);
END

-- Question 39
SET IDENTITY_INSERT [dbo].[Question_QST] ON;
IF NOT EXISTS (SELECT 1 FROM [dbo].[Question_QST] WHERE Id = 610)
BEGIN
    INSERT INTO [dbo].[Question_QST] ([Id], [Question], [Id_Difficulty])
    VALUES (610, N'Quel scientifique a étudié la circulation sanguine ?', 1);
END
SET IDENTITY_INSERT [dbo].[Question_QST] OFF;

INSERT INTO [dbo].[Answer_ANS] ([Id_Question], [Value], [Valid]) VALUES
    (610, N'Harvey', 1),
    (610, N'Pasteur', 0),
    (610, N'Darwin', 0),
    (610, N'Newton', 0);

IF NOT EXISTS (SELECT 1 FROM [dbo].[QuestionTheme_QTH] WHERE Id_Question = 610 AND Id_Theme = @ThemeId)
BEGIN
    INSERT INTO [dbo].[QuestionTheme_QTH] ([Id_Question], [Id_Theme]) VALUES (610, @ThemeId);
END

-- Question 40
SET IDENTITY_INSERT [dbo].[Question_QST] ON;
IF NOT EXISTS (SELECT 1 FROM [dbo].[Question_QST] WHERE Id = 611)
BEGIN
    INSERT INTO [dbo].[Question_QST] ([Id], [Question], [Id_Difficulty])
    VALUES (611, N'Quel est le plus grand océan de la Terre ?', 1);
END
SET IDENTITY_INSERT [dbo].[Question_QST] OFF;

INSERT INTO [dbo].[Answer_ANS] ([Id_Question], [Value], [Valid]) VALUES
    (611, N'Atlantique', 0),
    (611, N'Pacifique', 1),
    (611, N'Indien', 0),
    (611, N'Arctique', 0);

IF NOT EXISTS (SELECT 1 FROM [dbo].[QuestionTheme_QTH] WHERE Id_Question = 611 AND Id_Theme = @ThemeId)
BEGIN
    INSERT INTO [dbo].[QuestionTheme_QTH] ([Id_Question], [Id_Theme]) VALUES (611, @ThemeId);
END

-- Question 41
SET IDENTITY_INSERT [dbo].[Question_QST] ON;
IF NOT EXISTS (SELECT 1 FROM [dbo].[Question_QST] WHERE Id = 612)
BEGIN
    INSERT INTO [dbo].[Question_QST] ([Id], [Question], [Id_Difficulty])
    VALUES (612, N'Quelle planète est surnommée la planète bleue ?', 1);
END
SET IDENTITY_INSERT [dbo].[Question_QST] OFF;

INSERT INTO [dbo].[Answer_ANS] ([Id_Question], [Value], [Valid]) VALUES
    (612, N'Terre', 1),
    (612, N'Neptune', 0),
    (612, N'Uranus', 0),
    (612, N'Mars', 0);

IF NOT EXISTS (SELECT 1 FROM [dbo].[QuestionTheme_QTH] WHERE Id_Question = 612 AND Id_Theme = @ThemeId)
BEGIN
    INSERT INTO [dbo].[QuestionTheme_QTH] ([Id_Question], [Id_Theme]) VALUES (612, @ThemeId);
END

-- Question 42
SET IDENTITY_INSERT [dbo].[Question_QST] ON;
IF NOT EXISTS (SELECT 1 FROM [dbo].[Question_QST] WHERE Id = 613)
BEGIN
    INSERT INTO [dbo].[Question_QST] ([Id], [Question], [Id_Difficulty])
    VALUES (613, N'Quel gaz provoque l’effet de serre ?', 1);
END
SET IDENTITY_INSERT [dbo].[Question_QST] OFF;

INSERT INTO [dbo].[Answer_ANS] ([Id_Question], [Value], [Valid]) VALUES
    (613, N'Oxygène', 0),
    (613, N'Dioxyde de carbone', 1),
    (613, N'Azote', 0),
    (613, N'Hydrogène', 0);

IF NOT EXISTS (SELECT 1 FROM [dbo].[QuestionTheme_QTH] WHERE Id_Question = 613 AND Id_Theme = @ThemeId)
BEGIN
    INSERT INTO [dbo].[QuestionTheme_QTH] ([Id_Question], [Id_Theme]) VALUES (613, @ThemeId);
END

-- Question 43
SET IDENTITY_INSERT [dbo].[Question_QST] ON;
IF NOT EXISTS (SELECT 1 FROM [dbo].[Question_QST] WHERE Id = 614)
BEGIN
    INSERT INTO [dbo].[Question_QST] ([Id], [Question], [Id_Difficulty])
    VALUES (614, N'Quel instrument mesure l’humidité de l’air ?', 1);
END
SET IDENTITY_INSERT [dbo].[Question_QST] OFF;

INSERT INTO [dbo].[Answer_ANS] ([Id_Question], [Value], [Valid]) VALUES
    (614, N'Hygromètre', 1),
    (614, N'Baromètre', 0),
    (614, N'Thermomètre', 0),
    (614, N'Altimètre', 0);

IF NOT EXISTS (SELECT 1 FROM [dbo].[QuestionTheme_QTH] WHERE Id_Question = 614 AND Id_Theme = @ThemeId)
BEGIN
    INSERT INTO [dbo].[QuestionTheme_QTH] ([Id_Question], [Id_Theme]) VALUES (614, @ThemeId);
END

-- Question 44
SET IDENTITY_INSERT [dbo].[Question_QST] ON;
IF NOT EXISTS (SELECT 1 FROM [dbo].[Question_QST] WHERE Id = 615)
BEGIN
    INSERT INTO [dbo].[Question_QST] ([Id], [Question], [Id_Difficulty])
    VALUES (615, N'Quel est le plus petit os du corps humain ?', 1);
END
SET IDENTITY_INSERT [dbo].[Question_QST] OFF;

INSERT INTO [dbo].[Answer_ANS] ([Id_Question], [Value], [Valid]) VALUES
    (615, N'Stapes', 1),
    (615, N'Fémur', 0),
    (615, N'Tibia', 0),
    (615, N'Ulna', 0);

IF NOT EXISTS (SELECT 1 FROM [dbo].[QuestionTheme_QTH] WHERE Id_Question = 615 AND Id_Theme = @ThemeId)
BEGIN
    INSERT INTO [dbo].[QuestionTheme_QTH] ([Id_Question], [Id_Theme]) VALUES (615, @ThemeId);
END

-- Question 45
SET IDENTITY_INSERT [dbo].[Question_QST] ON;
IF NOT EXISTS (SELECT 1 FROM [dbo].[Question_QST] WHERE Id = 616)
BEGIN
    INSERT INTO [dbo].[Question_QST] ([Id], [Question], [Id_Difficulty])
    VALUES (616, N'Quel scientifique a découvert la pénicilline ?', 1);
END
SET IDENTITY_INSERT [dbo].[Question_QST] OFF;

INSERT INTO [dbo].[Answer_ANS] ([Id_Question], [Value], [Valid]) VALUES
    (616, N'Fleming', 1),
    (616, N'Pasteur', 0),
    (616, N'Curie', 0),
    (616, N'Einstein', 0);

IF NOT EXISTS (SELECT 1 FROM [dbo].[QuestionTheme_QTH] WHERE Id_Question = 616 AND Id_Theme = @ThemeId)
BEGIN
    INSERT INTO [dbo].[QuestionTheme_QTH] ([Id_Question], [Id_Theme]) VALUES (616, @ThemeId);
END

-- Question 46
SET IDENTITY_INSERT [dbo].[Question_QST] ON;
IF NOT EXISTS (SELECT 1 FROM [dbo].[Question_QST] WHERE Id = 617)
BEGIN
    INSERT INTO [dbo].[Question_QST] ([Id], [Question], [Id_Difficulty])
    VALUES (617, N'Quelle est la formule chimique du dioxyde de carbone ?', 1);
END
SET IDENTITY_INSERT [dbo].[Question_QST] OFF;

INSERT INTO [dbo].[Answer_ANS] ([Id_Question], [Value], [Valid]) VALUES
    (617, N'CO2', 1),
    (617, N'O2', 0),
    (617, N'CO', 0),
    (617, N'CH4', 0);

IF NOT EXISTS (SELECT 1 FROM [dbo].[QuestionTheme_QTH] WHERE Id_Question = 617 AND Id_Theme = @ThemeId)
BEGIN
    INSERT INTO [dbo].[QuestionTheme_QTH] ([Id_Question], [Id_Theme]) VALUES (617, @ThemeId);
END

-- Question 47
SET IDENTITY_INSERT [dbo].[Question_QST] ON;
IF NOT EXISTS (SELECT 1 FROM [dbo].[Question_QST] WHERE Id = 618)
BEGIN
    INSERT INTO [dbo].[Question_QST] ([Id], [Question], [Id_Difficulty])
    VALUES (618, N'Quel organe humain est responsable de la respiration ?', 1);
END
SET IDENTITY_INSERT [dbo].[Question_QST] OFF;

INSERT INTO [dbo].[Answer_ANS] ([Id_Question], [Value], [Valid]) VALUES
    (618, N'Poumons', 1),
    (618, N'Cœur', 0),
    (618, N'Foie', 0),
    (618, N'Estomac', 0);

IF NOT EXISTS (SELECT 1 FROM [dbo].[QuestionTheme_QTH] WHERE Id_Question = 618 AND Id_Theme = @ThemeId)
BEGIN
    INSERT INTO [dbo].[QuestionTheme_QTH] ([Id_Question], [Id_Theme]) VALUES (618, @ThemeId);
END

-- Question 48
SET IDENTITY_INSERT [dbo].[Question_QST] ON;
IF NOT EXISTS (SELECT 1 FROM [dbo].[Question_QST] WHERE Id = 619)
BEGIN
    INSERT INTO [dbo].[Question_QST] ([Id], [Question], [Id_Difficulty])
    VALUES (619, N'Quel gaz est le plus léger ?', 1);
END
SET IDENTITY_INSERT [dbo].[Question_QST] OFF;

INSERT INTO [dbo].[Answer_ANS] ([Id_Question], [Value], [Valid]) VALUES
    (619, N'Hélium', 0),
    (619, N'Hydrogène', 1),
    (619, N'Oxygène', 0),
    (619, N'Azote', 0);

IF NOT EXISTS (SELECT 1 FROM [dbo].[QuestionTheme_QTH] WHERE Id_Question = 619 AND Id_Theme = @ThemeId)
BEGIN
    INSERT INTO [dbo].[QuestionTheme_QTH] ([Id_Question], [Id_Theme]) VALUES (619, @ThemeId);
END

-- Question 49
SET IDENTITY_INSERT [dbo].[Question_QST] ON;
IF NOT EXISTS (SELECT 1 FROM [dbo].[Question_QST] WHERE Id = 620)
BEGIN
    INSERT INTO [dbo].[Question_QST] ([Id], [Question], [Id_Difficulty])
    VALUES (620, N'Quel scientifique a inventé la première ampoule électrique ?', 1);
END
SET IDENTITY_INSERT [dbo].[Question_QST] OFF;

INSERT INTO [dbo].[Answer_ANS] ([Id_Question], [Value], [Valid]) VALUES
    (620, N'Edison', 1),
    (620, N'Tesla', 0),
    (620, N'Faraday', 0),
    (620, N'Volta', 0);

IF NOT EXISTS (SELECT 1 FROM [dbo].[QuestionTheme_QTH] WHERE Id_Question = 620 AND Id_Theme = @ThemeId)
BEGIN
    INSERT INTO [dbo].[QuestionTheme_QTH] ([Id_Question], [Id_Theme]) VALUES (620, @ThemeId);
END

-- Question 50
SET IDENTITY_INSERT [dbo].[Question_QST] ON;
IF NOT EXISTS (SELECT 1 FROM [dbo].[Question_QST] WHERE Id = 621)
BEGIN
    INSERT INTO [dbo].[Question_QST] ([Id], [Question], [Id_Difficulty])
    VALUES (621, N'Quelle planète est connue pour ses anneaux ?', 1);
END
SET IDENTITY_INSERT [dbo].[Question_QST] OFF;

INSERT INTO [dbo].[Answer_ANS] ([Id_Question], [Value], [Valid]) VALUES
    (621, N'Saturne', 1),
    (621, N'Mars', 0),
    (621, N'Mercure', 0),
    (621, N'Vénus', 0);

IF NOT EXISTS (SELECT 1 FROM [dbo].[QuestionTheme_QTH] WHERE Id_Question = 621 AND Id_Theme = @ThemeId)
BEGIN
    INSERT INTO [dbo].[QuestionTheme_QTH] ([Id_Question], [Id_Theme]) VALUES (621, @ThemeId);
END

-- Question 51
SET IDENTITY_INSERT [dbo].[Question_QST] ON;
IF NOT EXISTS (SELECT 1 FROM [dbo].[Question_QST] WHERE Id = 622)
BEGIN
    INSERT INTO [dbo].[Question_QST] ([Id], [Question], [Id_Difficulty])
    VALUES (622, N'Quel métal est liquide à température ambiante ?', 1);
END
SET IDENTITY_INSERT [dbo].[Question_QST] OFF;

INSERT INTO [dbo].[Answer_ANS] ([Id_Question], [Value], [Valid]) VALUES
    (622, N'Mercure', 1),
    (622, N'Plomb', 0),
    (622, N'Fer', 0),
    (622, N'Aluminium', 0);

IF NOT EXISTS (SELECT 1 FROM [dbo].[QuestionTheme_QTH] WHERE Id_Question = 622 AND Id_Theme = @ThemeId)
BEGIN
    INSERT INTO [dbo].[QuestionTheme_QTH] ([Id_Question], [Id_Theme]) VALUES (622, @ThemeId);
END

-- Question 52
SET IDENTITY_INSERT [dbo].[Question_QST] ON;
IF NOT EXISTS (SELECT 1 FROM [dbo].[Question_QST] WHERE Id = 623)
BEGIN
    INSERT INTO [dbo].[Question_QST] ([Id], [Question], [Id_Difficulty])
    VALUES (623, N'Quel organe est le centre du système nerveux ?', 1);
END
SET IDENTITY_INSERT [dbo].[Question_QST] OFF;

INSERT INTO [dbo].[Answer_ANS] ([Id_Question], [Value], [Valid]) VALUES
    (623, N'Cerveau', 1),
    (623, N'Cœur', 0),
    (623, N'Foie', 0),
    (623, N'Rein', 0);

IF NOT EXISTS (SELECT 1 FROM [dbo].[QuestionTheme_QTH] WHERE Id_Question = 623 AND Id_Theme = @ThemeId)
BEGIN
    INSERT INTO [dbo].[QuestionTheme_QTH] ([Id_Question], [Id_Theme]) VALUES (623, @ThemeId);
END

-- Question 53
SET IDENTITY_INSERT [dbo].[Question_QST] ON;
IF NOT EXISTS (SELECT 1 FROM [dbo].[Question_QST] WHERE Id = 624)
BEGIN
    INSERT INTO [dbo].[Question_QST] ([Id], [Question], [Id_Difficulty])
    VALUES (624, N'Quel scientifique a formulé les lois du mouvement et de la gravitation ?', 2);
END
SET IDENTITY_INSERT [dbo].[Question_QST] OFF;

INSERT INTO [dbo].[Answer_ANS] ([Id_Question], [Value], [Valid]) VALUES
    (624, N'Galilée', 0),
    (624, N'Newton', 1),
    (624, N'Einstein', 0),
    (624, N'Bohr', 0);

IF NOT EXISTS (SELECT 1 FROM [dbo].[QuestionTheme_QTH] WHERE Id_Question = 624 AND Id_Theme = @ThemeId)
BEGIN
    INSERT INTO [dbo].[QuestionTheme_QTH] ([Id_Question], [Id_Theme]) VALUES (624, @ThemeId);
END

-- Question 54
SET IDENTITY_INSERT [dbo].[Question_QST] ON;
IF NOT EXISTS (SELECT 1 FROM [dbo].[Question_QST] WHERE Id = 625)
BEGIN
    INSERT INTO [dbo].[Question_QST] ([Id], [Question], [Id_Difficulty])
    VALUES (625, N'Quel gaz est utilisé dans les ampoules fluorescentes ?', 2);
END
SET IDENTITY_INSERT [dbo].[Question_QST] OFF;

INSERT INTO [dbo].[Answer_ANS] ([Id_Question], [Value], [Valid]) VALUES
    (625, N'Hélium', 0),
    (625, N'Néon', 0),
    (625, N'Argon', 1),
    (625, N'Xénon', 0);

IF NOT EXISTS (SELECT 1 FROM [dbo].[QuestionTheme_QTH] WHERE Id_Question = 625 AND Id_Theme = @ThemeId)
BEGIN
    INSERT INTO [dbo].[QuestionTheme_QTH] ([Id_Question], [Id_Theme]) VALUES (625, @ThemeId);
END

-- Question 55
SET IDENTITY_INSERT [dbo].[Question_QST] ON;
IF NOT EXISTS (SELECT 1 FROM [dbo].[Question_QST] WHERE Id = 626)
BEGIN
    INSERT INTO [dbo].[Question_QST] ([Id], [Question], [Id_Difficulty])
    VALUES (626, N'Quelle est la vitesse du son dans l’air à température ambiante ?', 2);
END
SET IDENTITY_INSERT [dbo].[Question_QST] OFF;

INSERT INTO [dbo].[Answer_ANS] ([Id_Question], [Value], [Valid]) VALUES
    (626, N'343 m/s', 1),
    (626, N'300 m/s', 0),
    (626, N'150 m/s', 0),
    (626, N'1 000 m/s', 0);

IF NOT EXISTS (SELECT 1 FROM [dbo].[QuestionTheme_QTH] WHERE Id_Question = 626 AND Id_Theme = @ThemeId)
BEGIN
    INSERT INTO [dbo].[QuestionTheme_QTH] ([Id_Question], [Id_Theme]) VALUES (626, @ThemeId);
END

-- Question 56
SET IDENTITY_INSERT [dbo].[Question_QST] ON;
IF NOT EXISTS (SELECT 1 FROM [dbo].[Question_QST] WHERE Id = 627)
BEGIN
    INSERT INTO [dbo].[Question_QST] ([Id], [Question], [Id_Difficulty])
    VALUES (627, N'Quel physicien a découvert l’électron ?', 2);
END
SET IDENTITY_INSERT [dbo].[Question_QST] OFF;

INSERT INTO [dbo].[Answer_ANS] ([Id_Question], [Value], [Valid]) VALUES
    (627, N'Rutherford', 0),
    (627, N'Thomson', 1),
    (627, N'Bohr', 0),
    (627, N'Planck', 0);

IF NOT EXISTS (SELECT 1 FROM [dbo].[QuestionTheme_QTH] WHERE Id_Question = 627 AND Id_Theme = @ThemeId)
BEGIN
    INSERT INTO [dbo].[QuestionTheme_QTH] ([Id_Question], [Id_Theme]) VALUES (627, @ThemeId);
END

-- Question 57
SET IDENTITY_INSERT [dbo].[Question_QST] ON;
IF NOT EXISTS (SELECT 1 FROM [dbo].[Question_QST] WHERE Id = 628)
BEGIN
    INSERT INTO [dbo].[Question_QST] ([Id], [Question], [Id_Difficulty])
    VALUES (628, N'Quelle est l’unité de mesure de la force ?', 2);
END
SET IDENTITY_INSERT [dbo].[Question_QST] OFF;

INSERT INTO [dbo].[Answer_ANS] ([Id_Question], [Value], [Valid]) VALUES
    (628, N'Newton', 1),
    (628, N'Pascal', 0),
    (628, N'Joule', 0),
    (628, N'Watt', 0);

IF NOT EXISTS (SELECT 1 FROM [dbo].[QuestionTheme_QTH] WHERE Id_Question = 628 AND Id_Theme = @ThemeId)
BEGIN
    INSERT INTO [dbo].[QuestionTheme_QTH] ([Id_Question], [Id_Theme]) VALUES (628, @ThemeId);
END

-- Question 58
SET IDENTITY_INSERT [dbo].[Question_QST] ON;
IF NOT EXISTS (SELECT 1 FROM [dbo].[Question_QST] WHERE Id = 629)
BEGIN
    INSERT INTO [dbo].[Question_QST] ([Id], [Question], [Id_Difficulty])
    VALUES (629, N'Quel est le principal gaz responsable de l’effet de serre ?', 2);
END
SET IDENTITY_INSERT [dbo].[Question_QST] OFF;

INSERT INTO [dbo].[Answer_ANS] ([Id_Question], [Value], [Valid]) VALUES
    (629, N'Méthane', 0),
    (629, N'Oxygène', 0),
    (629, N'Dioxyde de carbone', 1),
    (629, N'Azote', 0);

IF NOT EXISTS (SELECT 1 FROM [dbo].[QuestionTheme_QTH] WHERE Id_Question = 629 AND Id_Theme = @ThemeId)
BEGIN
    INSERT INTO [dbo].[QuestionTheme_QTH] ([Id_Question], [Id_Theme]) VALUES (629, @ThemeId);
END

-- Question 59
SET IDENTITY_INSERT [dbo].[Question_QST] ON;
IF NOT EXISTS (SELECT 1 FROM [dbo].[Question_QST] WHERE Id = 630)
BEGIN
    INSERT INTO [dbo].[Question_QST] ([Id], [Question], [Id_Difficulty])
    VALUES (630, N'Quel scientifique a développé la classification des éléments chimiques ?', 2);
END
SET IDENTITY_INSERT [dbo].[Question_QST] OFF;

INSERT INTO [dbo].[Answer_ANS] ([Id_Question], [Value], [Valid]) VALUES
    (630, N'Mendeleïev', 1),
    (630, N'Curie', 0),
    (630, N'Lavoisier', 0),
    (630, N'Dalton', 0);

IF NOT EXISTS (SELECT 1 FROM [dbo].[QuestionTheme_QTH] WHERE Id_Question = 630 AND Id_Theme = @ThemeId)
BEGIN
    INSERT INTO [dbo].[QuestionTheme_QTH] ([Id_Question], [Id_Theme]) VALUES (630, @ThemeId);
END

-- Question 60
SET IDENTITY_INSERT [dbo].[Question_QST] ON;
IF NOT EXISTS (SELECT 1 FROM [dbo].[Question_QST] WHERE Id = 631)
BEGIN
    INSERT INTO [dbo].[Question_QST] ([Id], [Question], [Id_Difficulty])
    VALUES (631, N'Quel organe est responsable de la régulation hormonale ?', 2);
END
SET IDENTITY_INSERT [dbo].[Question_QST] OFF;

INSERT INTO [dbo].[Answer_ANS] ([Id_Question], [Value], [Valid]) VALUES
    (631, N'Cœur', 0),
    (631, N'Foie', 0),
    (631, N'Pancréas', 0),
    (631, N'Hypothalamus', 1);

IF NOT EXISTS (SELECT 1 FROM [dbo].[QuestionTheme_QTH] WHERE Id_Question = 631 AND Id_Theme = @ThemeId)
BEGIN
    INSERT INTO [dbo].[QuestionTheme_QTH] ([Id_Question], [Id_Theme]) VALUES (631, @ThemeId);
END

-- Question 61
SET IDENTITY_INSERT [dbo].[Question_QST] ON;
IF NOT EXISTS (SELECT 1 FROM [dbo].[Question_QST] WHERE Id = 632)
BEGIN
    INSERT INTO [dbo].[Question_QST] ([Id], [Question], [Id_Difficulty])
    VALUES (632, N'Quel type de liaison chimique implique le partage d’électrons ?', 2);
END
SET IDENTITY_INSERT [dbo].[Question_QST] OFF;

INSERT INTO [dbo].[Answer_ANS] ([Id_Question], [Value], [Valid]) VALUES
    (632, N'Ioniques', 0),
    (632, N'Covalentes', 1),
    (632, N'Hydrogène', 0),
    (632, N'Métalliques', 0);

IF NOT EXISTS (SELECT 1 FROM [dbo].[QuestionTheme_QTH] WHERE Id_Question = 632 AND Id_Theme = @ThemeId)
BEGIN
    INSERT INTO [dbo].[QuestionTheme_QTH] ([Id_Question], [Id_Theme]) VALUES (632, @ThemeId);
END

-- Question 62
SET IDENTITY_INSERT [dbo].[Question_QST] ON;
IF NOT EXISTS (SELECT 1 FROM [dbo].[Question_QST] WHERE Id = 633)
BEGIN
    INSERT INTO [dbo].[Question_QST] ([Id], [Question], [Id_Difficulty])
    VALUES (633, N'Quel scientifique a étudié la structure de l’ADN ?', 2);
END
SET IDENTITY_INSERT [dbo].[Question_QST] OFF;

INSERT INTO [dbo].[Answer_ANS] ([Id_Question], [Value], [Valid]) VALUES
    (633, N'Watson et Crick', 1),
    (633, N'Darwin', 0),
    (633, N'Pasteur', 0),
    (633, N'Mendel', 0);

IF NOT EXISTS (SELECT 1 FROM [dbo].[QuestionTheme_QTH] WHERE Id_Question = 633 AND Id_Theme = @ThemeId)
BEGIN
    INSERT INTO [dbo].[QuestionTheme_QTH] ([Id_Question], [Id_Theme]) VALUES (633, @ThemeId);
END

-- Question 63
SET IDENTITY_INSERT [dbo].[Question_QST] ON;
IF NOT EXISTS (SELECT 1 FROM [dbo].[Question_QST] WHERE Id = 634)
BEGIN
    INSERT INTO [dbo].[Question_QST] ([Id], [Question], [Id_Difficulty])
    VALUES (634, N'Quel type de roche est formé par le refroidissement du magma ?', 2);
END
SET IDENTITY_INSERT [dbo].[Question_QST] OFF;

INSERT INTO [dbo].[Answer_ANS] ([Id_Question], [Value], [Valid]) VALUES
    (634, N'Sédimentaire', 0),
    (634, N'Métamorphique', 0),
    (634, N'Ignée', 1),
    (634, N'Calcaire', 0);

IF NOT EXISTS (SELECT 1 FROM [dbo].[QuestionTheme_QTH] WHERE Id_Question = 634 AND Id_Theme = @ThemeId)
BEGIN
    INSERT INTO [dbo].[QuestionTheme_QTH] ([Id_Question], [Id_Theme]) VALUES (634, @ThemeId);
END

-- Question 64
SET IDENTITY_INSERT [dbo].[Question_QST] ON;
IF NOT EXISTS (SELECT 1 FROM [dbo].[Question_QST] WHERE Id = 635)
BEGIN
    INSERT INTO [dbo].[Question_QST] ([Id], [Question], [Id_Difficulty])
    VALUES (635, N'Quelle est l’unité de mesure de l’énergie ?', 2);
END
SET IDENTITY_INSERT [dbo].[Question_QST] OFF;

INSERT INTO [dbo].[Answer_ANS] ([Id_Question], [Value], [Valid]) VALUES
    (635, N'Watt', 0),
    (635, N'Newton', 0),
    (635, N'Joule', 1),
    (635, N'Pascal', 0);

IF NOT EXISTS (SELECT 1 FROM [dbo].[QuestionTheme_QTH] WHERE Id_Question = 635 AND Id_Theme = @ThemeId)
BEGIN
    INSERT INTO [dbo].[QuestionTheme_QTH] ([Id_Question], [Id_Theme]) VALUES (635, @ThemeId);
END

-- Question 65
SET IDENTITY_INSERT [dbo].[Question_QST] ON;
IF NOT EXISTS (SELECT 1 FROM [dbo].[Question_QST] WHERE Id = 636)
BEGIN
    INSERT INTO [dbo].[Question_QST] ([Id], [Question], [Id_Difficulty])
    VALUES (636, N'Quel gaz noble est utilisé dans les enseignes lumineuses ?', 2);
END
SET IDENTITY_INSERT [dbo].[Question_QST] OFF;

INSERT INTO [dbo].[Answer_ANS] ([Id_Question], [Value], [Valid]) VALUES
    (636, N'Hélium', 0),
    (636, N'Néon', 1),
    (636, N'Argon', 0),
    (636, N'Krypton', 0);

IF NOT EXISTS (SELECT 1 FROM [dbo].[QuestionTheme_QTH] WHERE Id_Question = 636 AND Id_Theme = @ThemeId)
BEGIN
    INSERT INTO [dbo].[QuestionTheme_QTH] ([Id_Question], [Id_Theme]) VALUES (636, @ThemeId);
END

-- Question 66
SET IDENTITY_INSERT [dbo].[Question_QST] ON;
IF NOT EXISTS (SELECT 1 FROM [dbo].[Question_QST] WHERE Id = 637)
BEGIN
    INSERT INTO [dbo].[Question_QST] ([Id], [Question], [Id_Difficulty])
    VALUES (637, N'Quel est le principal constituant de l’atmosphère terrestre ?', 2);
END
SET IDENTITY_INSERT [dbo].[Question_QST] OFF;

INSERT INTO [dbo].[Answer_ANS] ([Id_Question], [Value], [Valid]) VALUES
    (637, N'Oxygène', 0),
    (637, N'Azote', 1),
    (637, N'Dioxyde de carbone', 0),
    (637, N'Hydrogène', 0);

IF NOT EXISTS (SELECT 1 FROM [dbo].[QuestionTheme_QTH] WHERE Id_Question = 637 AND Id_Theme = @ThemeId)
BEGIN
    INSERT INTO [dbo].[QuestionTheme_QTH] ([Id_Question], [Id_Theme]) VALUES (637, @ThemeId);
END

-- Question 67
SET IDENTITY_INSERT [dbo].[Question_QST] ON;
IF NOT EXISTS (SELECT 1 FROM [dbo].[Question_QST] WHERE Id = 638)
BEGIN
    INSERT INTO [dbo].[Question_QST] ([Id], [Question], [Id_Difficulty])
    VALUES (638, N'Quel est l’organe sensoriel de l’ouïe ?', 2);
END
SET IDENTITY_INSERT [dbo].[Question_QST] OFF;

INSERT INTO [dbo].[Answer_ANS] ([Id_Question], [Value], [Valid]) VALUES
    (638, N'Oreille', 1),
    (638, N'Nez', 0),
    (638, N'Langue', 0),
    (638, N'Œil', 0);

IF NOT EXISTS (SELECT 1 FROM [dbo].[QuestionTheme_QTH] WHERE Id_Question = 638 AND Id_Theme = @ThemeId)
BEGIN
    INSERT INTO [dbo].[QuestionTheme_QTH] ([Id_Question], [Id_Theme]) VALUES (638, @ThemeId);
END

-- Question 68
SET IDENTITY_INSERT [dbo].[Question_QST] ON;
IF NOT EXISTS (SELECT 1 FROM [dbo].[Question_QST] WHERE Id = 639)
BEGIN
    INSERT INTO [dbo].[Question_QST] ([Id], [Question], [Id_Difficulty])
    VALUES (639, N'Quel scientifique est à l’origine des lois de l’électromagnétisme ?', 2);
END
SET IDENTITY_INSERT [dbo].[Question_QST] OFF;

INSERT INTO [dbo].[Answer_ANS] ([Id_Question], [Value], [Valid]) VALUES
    (639, N'Faraday', 0),
    (639, N'Maxwell', 1),
    (639, N'Ohm', 0),
    (639, N'Tesla', 0);

IF NOT EXISTS (SELECT 1 FROM [dbo].[QuestionTheme_QTH] WHERE Id_Question = 639 AND Id_Theme = @ThemeId)
BEGIN
    INSERT INTO [dbo].[QuestionTheme_QTH] ([Id_Question], [Id_Theme]) VALUES (639, @ThemeId);
END

-- Question 69
SET IDENTITY_INSERT [dbo].[Question_QST] ON;
IF NOT EXISTS (SELECT 1 FROM [dbo].[Question_QST] WHERE Id = 640)
BEGIN
    INSERT INTO [dbo].[Question_QST] ([Id], [Question], [Id_Difficulty])
    VALUES (640, N'Quel phénomène physique explique l’arc-en-ciel ?', 2);
END
SET IDENTITY_INSERT [dbo].[Question_QST] OFF;

INSERT INTO [dbo].[Answer_ANS] ([Id_Question], [Value], [Valid]) VALUES
    (640, N'Diffraction', 0),
    (640, N'Réflexion', 0),
    (640, N'Réfraction', 1),
    (640, N'Diffusion', 0);

IF NOT EXISTS (SELECT 1 FROM [dbo].[QuestionTheme_QTH] WHERE Id_Question = 640 AND Id_Theme = @ThemeId)
BEGIN
    INSERT INTO [dbo].[QuestionTheme_QTH] ([Id_Question], [Id_Theme]) VALUES (640, @ThemeId);
END

-- Question 70
SET IDENTITY_INSERT [dbo].[Question_QST] ON;
IF NOT EXISTS (SELECT 1 FROM [dbo].[Question_QST] WHERE Id = 641)
BEGIN
    INSERT INTO [dbo].[Question_QST] ([Id], [Question], [Id_Difficulty])
    VALUES (641, N'Quelle molécule est responsable du stockage de l’énergie dans les cellules ?', 2);
END
SET IDENTITY_INSERT [dbo].[Question_QST] OFF;

INSERT INTO [dbo].[Answer_ANS] ([Id_Question], [Value], [Valid]) VALUES
    (641, N'ADN', 0),
    (641, N'ARN', 0),
    (641, N'ATP', 1),
    (641, N'Protéine', 0);

IF NOT EXISTS (SELECT 1 FROM [dbo].[QuestionTheme_QTH] WHERE Id_Question = 641 AND Id_Theme = @ThemeId)
BEGIN
    INSERT INTO [dbo].[QuestionTheme_QTH] ([Id_Question], [Id_Theme]) VALUES (641, @ThemeId);
END

-- Question 71
SET IDENTITY_INSERT [dbo].[Question_QST] ON;
IF NOT EXISTS (SELECT 1 FROM [dbo].[Question_QST] WHERE Id = 642)
BEGIN
    INSERT INTO [dbo].[Question_QST] ([Id], [Question], [Id_Difficulty])
    VALUES (642, N'Quel physicien a développé la théorie de la relativité générale ?', 2);
END
SET IDENTITY_INSERT [dbo].[Question_QST] OFF;

INSERT INTO [dbo].[Answer_ANS] ([Id_Question], [Value], [Valid]) VALUES
    (642, N'Newton', 0),
    (642, N'Einstein', 1),
    (642, N'Bohr', 0),
    (642, N'Planck', 0);

IF NOT EXISTS (SELECT 1 FROM [dbo].[QuestionTheme_QTH] WHERE Id_Question = 642 AND Id_Theme = @ThemeId)
BEGIN
    INSERT INTO [dbo].[QuestionTheme_QTH] ([Id_Question], [Id_Theme]) VALUES (642, @ThemeId);
END

-- Question 72
SET IDENTITY_INSERT [dbo].[Question_QST] ON;
IF NOT EXISTS (SELECT 1 FROM [dbo].[Question_QST] WHERE Id = 643)
BEGIN
    INSERT INTO [dbo].[Question_QST] ([Id], [Question], [Id_Difficulty])
    VALUES (643, N'Quelle partie de l’œil régule la quantité de lumière ?', 2);
END
SET IDENTITY_INSERT [dbo].[Question_QST] OFF;

INSERT INTO [dbo].[Answer_ANS] ([Id_Question], [Value], [Valid]) VALUES
    (643, N'Cornée', 0),
    (643, N'Pupille', 1),
    (643, N'Rétine', 0),
    (643, N'Cristallin', 0);

IF NOT EXISTS (SELECT 1 FROM [dbo].[QuestionTheme_QTH] WHERE Id_Question = 643 AND Id_Theme = @ThemeId)
BEGIN
    INSERT INTO [dbo].[QuestionTheme_QTH] ([Id_Question], [Id_Theme]) VALUES (643, @ThemeId);
END

-- Question 73
SET IDENTITY_INSERT [dbo].[Question_QST] ON;
IF NOT EXISTS (SELECT 1 FROM [dbo].[Question_QST] WHERE Id = 644)
BEGIN
    INSERT INTO [dbo].[Question_QST] ([Id], [Question], [Id_Difficulty])
    VALUES (644, N'Quel type de tissu relie les muscles aux os ?', 2);
END
SET IDENTITY_INSERT [dbo].[Question_QST] OFF;

INSERT INTO [dbo].[Answer_ANS] ([Id_Question], [Value], [Valid]) VALUES
    (644, N'Ligament', 0),
    (644, N'Tendon', 1),
    (644, N'Cartilage', 0),
    (644, N'Épiderme', 0);

IF NOT EXISTS (SELECT 1 FROM [dbo].[QuestionTheme_QTH] WHERE Id_Question = 644 AND Id_Theme = @ThemeId)
BEGIN
    INSERT INTO [dbo].[QuestionTheme_QTH] ([Id_Question], [Id_Theme]) VALUES (644, @ThemeId);
END

-- Question 74
SET IDENTITY_INSERT [dbo].[Question_QST] ON;
IF NOT EXISTS (SELECT 1 FROM [dbo].[Question_QST] WHERE Id = 645)
BEGIN
    INSERT INTO [dbo].[Question_QST] ([Id], [Question], [Id_Difficulty])
    VALUES (645, N'Quel gaz est produit par la fermentation alcoolique ?', 2);
END
SET IDENTITY_INSERT [dbo].[Question_QST] OFF;

INSERT INTO [dbo].[Answer_ANS] ([Id_Question], [Value], [Valid]) VALUES
    (645, N'Oxygène', 0),
    (645, N'Dioxyde de carbone', 1),
    (645, N'Méthane', 0),
    (645, N'Azote', 0);

IF NOT EXISTS (SELECT 1 FROM [dbo].[QuestionTheme_QTH] WHERE Id_Question = 645 AND Id_Theme = @ThemeId)
BEGIN
    INSERT INTO [dbo].[QuestionTheme_QTH] ([Id_Question], [Id_Theme]) VALUES (645, @ThemeId);
END

-- Question 75
SET IDENTITY_INSERT [dbo].[Question_QST] ON;
IF NOT EXISTS (SELECT 1 FROM [dbo].[Question_QST] WHERE Id = 646)
BEGIN
    INSERT INTO [dbo].[Question_QST] ([Id], [Question], [Id_Difficulty])
    VALUES (646, N'Quelle loi décrit la pression d’un gaz en fonction de son volume ?', 2);
END
SET IDENTITY_INSERT [dbo].[Question_QST] OFF;

INSERT INTO [dbo].[Answer_ANS] ([Id_Question], [Value], [Valid]) VALUES
    (646, N'Loi de Boyle', 1),
    (646, N'Loi de Charles', 0),
    (646, N'Loi de Newton', 0),
    (646, N'Loi d’Ohm', 0);

IF NOT EXISTS (SELECT 1 FROM [dbo].[QuestionTheme_QTH] WHERE Id_Question = 646 AND Id_Theme = @ThemeId)
BEGIN
    INSERT INTO [dbo].[QuestionTheme_QTH] ([Id_Question], [Id_Theme]) VALUES (646, @ThemeId);
END

-- Question 76
SET IDENTITY_INSERT [dbo].[Question_QST] ON;
IF NOT EXISTS (SELECT 1 FROM [dbo].[Question_QST] WHERE Id = 647)
BEGIN
    INSERT INTO [dbo].[Question_QST] ([Id], [Question], [Id_Difficulty])
    VALUES (647, N'Quel scientifique a étudié l’hérédité chez les pois ?', 2);
END
SET IDENTITY_INSERT [dbo].[Question_QST] OFF;

INSERT INTO [dbo].[Answer_ANS] ([Id_Question], [Value], [Valid]) VALUES
    (647, N'Darwin', 0),
    (647, N'Mendel', 1),
    (647, N'Pasteur', 0),
    (647, N'Lamarck', 0);

IF NOT EXISTS (SELECT 1 FROM [dbo].[QuestionTheme_QTH] WHERE Id_Question = 647 AND Id_Theme = @ThemeId)
BEGIN
    INSERT INTO [dbo].[QuestionTheme_QTH] ([Id_Question], [Id_Theme]) VALUES (647, @ThemeId);
END

-- Question 77
SET IDENTITY_INSERT [dbo].[Question_QST] ON;
IF NOT EXISTS (SELECT 1 FROM [dbo].[Question_QST] WHERE Id = 648)
BEGIN
    INSERT INTO [dbo].[Question_QST] ([Id], [Question], [Id_Difficulty])
    VALUES (648, N'Quelle planète est la plus massive du système solaire ?', 2);
END
SET IDENTITY_INSERT [dbo].[Question_QST] OFF;

INSERT INTO [dbo].[Answer_ANS] ([Id_Question], [Value], [Valid]) VALUES
    (648, N'Jupiter', 1),
    (648, N'Saturne', 0),
    (648, N'Neptune', 0),
    (648, N'Terre', 0);

IF NOT EXISTS (SELECT 1 FROM [dbo].[QuestionTheme_QTH] WHERE Id_Question = 648 AND Id_Theme = @ThemeId)
BEGIN
    INSERT INTO [dbo].[QuestionTheme_QTH] ([Id_Question], [Id_Theme]) VALUES (648, @ThemeId);
END

-- Question 78
SET IDENTITY_INSERT [dbo].[Question_QST] ON;
IF NOT EXISTS (SELECT 1 FROM [dbo].[Question_QST] WHERE Id = 649)
BEGIN
    INSERT INTO [dbo].[Question_QST] ([Id], [Question], [Id_Difficulty])
    VALUES (649, N'Quel organe produit la bile ?', 2);
END
SET IDENTITY_INSERT [dbo].[Question_QST] OFF;

INSERT INTO [dbo].[Answer_ANS] ([Id_Question], [Value], [Valid]) VALUES
    (649, N'Foie', 1),
    (649, N'Pancréas', 0),
    (649, N'Vésicule biliaire', 0),
    (649, N'Estomac', 0);

IF NOT EXISTS (SELECT 1 FROM [dbo].[QuestionTheme_QTH] WHERE Id_Question = 649 AND Id_Theme = @ThemeId)
BEGIN
    INSERT INTO [dbo].[QuestionTheme_QTH] ([Id_Question], [Id_Theme]) VALUES (649, @ThemeId);
END

-- Question 79
SET IDENTITY_INSERT [dbo].[Question_QST] ON;
IF NOT EXISTS (SELECT 1 FROM [dbo].[Question_QST] WHERE Id = 650)
BEGIN
    INSERT INTO [dbo].[Question_QST] ([Id], [Question], [Id_Difficulty])
    VALUES (650, N'Quel phénomène physique explique que les bateaux flottent ?', 2);
END
SET IDENTITY_INSERT [dbo].[Question_QST] OFF;

INSERT INTO [dbo].[Answer_ANS] ([Id_Question], [Value], [Valid]) VALUES
    (650, N'Gravité', 0),
    (650, N'Pression hydrostatique', 1),
    (650, N'Capillarité', 0),
    (650, N'Tension superficielle', 0);

IF NOT EXISTS (SELECT 1 FROM [dbo].[QuestionTheme_QTH] WHERE Id_Question = 650 AND Id_Theme = @ThemeId)
BEGIN
    INSERT INTO [dbo].[QuestionTheme_QTH] ([Id_Question], [Id_Theme]) VALUES (650, @ThemeId);
END

-- Question 80
SET IDENTITY_INSERT [dbo].[Question_QST] ON;
IF NOT EXISTS (SELECT 1 FROM [dbo].[Question_QST] WHERE Id = 651)
BEGIN
    INSERT INTO [dbo].[Question_QST] ([Id], [Question], [Id_Difficulty])
    VALUES (651, N'Quel est le symbole chimique du potassium ?', 2);
END
SET IDENTITY_INSERT [dbo].[Question_QST] OFF;

INSERT INTO [dbo].[Answer_ANS] ([Id_Question], [Value], [Valid]) VALUES
    (651, N'K', 1),
    (651, N'P', 0),
    (651, N'Pt', 0),
    (651, N'Po', 0);

IF NOT EXISTS (SELECT 1 FROM [dbo].[QuestionTheme_QTH] WHERE Id_Question = 651 AND Id_Theme = @ThemeId)
BEGIN
    INSERT INTO [dbo].[QuestionTheme_QTH] ([Id_Question], [Id_Theme]) VALUES (651, @ThemeId);
END

-- Question 81
SET IDENTITY_INSERT [dbo].[Question_QST] ON;
IF NOT EXISTS (SELECT 1 FROM [dbo].[Question_QST] WHERE Id = 652)
BEGIN
    INSERT INTO [dbo].[Question_QST] ([Id], [Question], [Id_Difficulty])
    VALUES (652, N'Quel type de reproduction implique un seul parent ?', 2);
END
SET IDENTITY_INSERT [dbo].[Question_QST] OFF;

INSERT INTO [dbo].[Answer_ANS] ([Id_Question], [Value], [Valid]) VALUES
    (652, N'Sexuée', 0),
    (652, N'Asexuée', 1),
    (652, N'Mixte', 0),
    (652, N'Clonale', 0);

IF NOT EXISTS (SELECT 1 FROM [dbo].[QuestionTheme_QTH] WHERE Id_Question = 652 AND Id_Theme = @ThemeId)
BEGIN
    INSERT INTO [dbo].[QuestionTheme_QTH] ([Id_Question], [Id_Theme]) VALUES (652, @ThemeId);
END

-- Question 82
SET IDENTITY_INSERT [dbo].[Question_QST] ON;
IF NOT EXISTS (SELECT 1 FROM [dbo].[Question_QST] WHERE Id = 653)
BEGIN
    INSERT INTO [dbo].[Question_QST] ([Id], [Question], [Id_Difficulty])
    VALUES (653, N'Quel scientifique a étudié les bactéries ?', 2);
END
SET IDENTITY_INSERT [dbo].[Question_QST] OFF;

INSERT INTO [dbo].[Answer_ANS] ([Id_Question], [Value], [Valid]) VALUES
    (653, N'Pasteur', 1),
    (653, N'Darwin', 0),
    (653, N'Newton', 0),
    (653, N'Mendel', 0);

IF NOT EXISTS (SELECT 1 FROM [dbo].[QuestionTheme_QTH] WHERE Id_Question = 653 AND Id_Theme = @ThemeId)
BEGIN
    INSERT INTO [dbo].[QuestionTheme_QTH] ([Id_Question], [Id_Theme]) VALUES (653, @ThemeId);
END

-- Question 83
SET IDENTITY_INSERT [dbo].[Question_QST] ON;
IF NOT EXISTS (SELECT 1 FROM [dbo].[Question_QST] WHERE Id = 654)
BEGIN
    INSERT INTO [dbo].[Question_QST] ([Id], [Question], [Id_Difficulty])
    VALUES (654, N'Quel gaz est utilisé pour les ballons dirigeables et non explosif ?', 2);
END
SET IDENTITY_INSERT [dbo].[Question_QST] OFF;

INSERT INTO [dbo].[Answer_ANS] ([Id_Question], [Value], [Valid]) VALUES
    (654, N'Hydrogène', 0),
    (654, N'Hélium', 1),
    (654, N'Méthane', 0),
    (654, N'Oxygène', 0);

IF NOT EXISTS (SELECT 1 FROM [dbo].[QuestionTheme_QTH] WHERE Id_Question = 654 AND Id_Theme = @ThemeId)
BEGIN
    INSERT INTO [dbo].[QuestionTheme_QTH] ([Id_Question], [Id_Theme]) VALUES (654, @ThemeId);
END

-- Question 84
SET IDENTITY_INSERT [dbo].[Question_QST] ON;
IF NOT EXISTS (SELECT 1 FROM [dbo].[Question_QST] WHERE Id = 655)
BEGIN
    INSERT INTO [dbo].[Question_QST] ([Id], [Question], [Id_Difficulty])
    VALUES (655, N'Quel type d’onde transporte le son ?', 2);
END
SET IDENTITY_INSERT [dbo].[Question_QST] OFF;

INSERT INTO [dbo].[Answer_ANS] ([Id_Question], [Value], [Valid]) VALUES
    (655, N'Mécanique', 1),
    (655, N'Électromagnétique', 0),
    (655, N'Gravitationnelle', 0),
    (655, N'Lumineuse', 0);

IF NOT EXISTS (SELECT 1 FROM [dbo].[QuestionTheme_QTH] WHERE Id_Question = 655 AND Id_Theme = @ThemeId)
BEGIN
    INSERT INTO [dbo].[QuestionTheme_QTH] ([Id_Question], [Id_Theme]) VALUES (655, @ThemeId);
END

-- Question 85
SET IDENTITY_INSERT [dbo].[Question_QST] ON;
IF NOT EXISTS (SELECT 1 FROM [dbo].[Question_QST] WHERE Id = 656)
BEGIN
    INSERT INTO [dbo].[Question_QST] ([Id], [Question], [Id_Difficulty])
    VALUES (656, N'Quelle loi relie la tension, le courant et la résistance ?', 2);
END
SET IDENTITY_INSERT [dbo].[Question_QST] OFF;

INSERT INTO [dbo].[Answer_ANS] ([Id_Question], [Value], [Valid]) VALUES
    (656, N'Loi de Ohm', 1),
    (656, N'Loi de Newton', 0),
    (656, N'Loi de Boyle', 0),
    (656, N'Loi de Faraday', 0);

IF NOT EXISTS (SELECT 1 FROM [dbo].[QuestionTheme_QTH] WHERE Id_Question = 656 AND Id_Theme = @ThemeId)
BEGIN
    INSERT INTO [dbo].[QuestionTheme_QTH] ([Id_Question], [Id_Theme]) VALUES (656, @ThemeId);
END

-- Question 86
SET IDENTITY_INSERT [dbo].[Question_QST] ON;
IF NOT EXISTS (SELECT 1 FROM [dbo].[Question_QST] WHERE Id = 657)
BEGIN
    INSERT INTO [dbo].[Question_QST] ([Id], [Question], [Id_Difficulty])
    VALUES (657, N'Quel métal est le plus conducteur de l’électricité ?', 2);
END
SET IDENTITY_INSERT [dbo].[Question_QST] OFF;

INSERT INTO [dbo].[Answer_ANS] ([Id_Question], [Value], [Valid]) VALUES
    (657, N'Cuivre', 0),
    (657, N'Aluminium', 0),
    (657, N'Argent', 1),
    (657, N'Or', 0);

IF NOT EXISTS (SELECT 1 FROM [dbo].[QuestionTheme_QTH] WHERE Id_Question = 657 AND Id_Theme = @ThemeId)
BEGIN
    INSERT INTO [dbo].[QuestionTheme_QTH] ([Id_Question], [Id_Theme]) VALUES (657, @ThemeId);
END

-- Question 87
SET IDENTITY_INSERT [dbo].[Question_QST] ON;
IF NOT EXISTS (SELECT 1 FROM [dbo].[Question_QST] WHERE Id = 658)
BEGIN
    INSERT INTO [dbo].[Question_QST] ([Id], [Question], [Id_Difficulty])
    VALUES (658, N'Quel organe est responsable de la filtration du sang ?', 2);
END
SET IDENTITY_INSERT [dbo].[Question_QST] OFF;

INSERT INTO [dbo].[Answer_ANS] ([Id_Question], [Value], [Valid]) VALUES
    (658, N'Foie', 0),
    (658, N'Rein', 1),
    (658, N'Cœur', 0),
    (658, N'Poumon', 0);

IF NOT EXISTS (SELECT 1 FROM [dbo].[QuestionTheme_QTH] WHERE Id_Question = 658 AND Id_Theme = @ThemeId)
BEGIN
    INSERT INTO [dbo].[QuestionTheme_QTH] ([Id_Question], [Id_Theme]) VALUES (658, @ThemeId);
END

-- Question 88
SET IDENTITY_INSERT [dbo].[Question_QST] ON;
IF NOT EXISTS (SELECT 1 FROM [dbo].[Question_QST] WHERE Id = 659)
BEGIN
    INSERT INTO [dbo].[Question_QST] ([Id], [Question], [Id_Difficulty])
    VALUES (659, N'Quel est l’organe principal du système respiratoire ?', 2);
END
SET IDENTITY_INSERT [dbo].[Question_QST] OFF;

INSERT INTO [dbo].[Answer_ANS] ([Id_Question], [Value], [Valid]) VALUES
    (659, N'Poumons', 1),
    (659, N'Cœur', 0),
    (659, N'Nez', 0),
    (659, N'Bronches', 0);

IF NOT EXISTS (SELECT 1 FROM [dbo].[QuestionTheme_QTH] WHERE Id_Question = 659 AND Id_Theme = @ThemeId)
BEGIN
    INSERT INTO [dbo].[QuestionTheme_QTH] ([Id_Question], [Id_Theme]) VALUES (659, @ThemeId);
END

-- Question 89
SET IDENTITY_INSERT [dbo].[Question_QST] ON;
IF NOT EXISTS (SELECT 1 FROM [dbo].[Question_QST] WHERE Id = 660)
BEGIN
    INSERT INTO [dbo].[Question_QST] ([Id], [Question], [Id_Difficulty])
    VALUES (660, N'Quel gaz est essentiel pour la combustion ?', 2);
END
SET IDENTITY_INSERT [dbo].[Question_QST] OFF;

INSERT INTO [dbo].[Answer_ANS] ([Id_Question], [Value], [Valid]) VALUES
    (660, N'Oxygène', 1),
    (660, N'Azote', 0),
    (660, N'Hydrogène', 0),
    (660, N'Dioxyde de carbone', 0);

IF NOT EXISTS (SELECT 1 FROM [dbo].[QuestionTheme_QTH] WHERE Id_Question = 660 AND Id_Theme = @ThemeId)
BEGIN
    INSERT INTO [dbo].[QuestionTheme_QTH] ([Id_Question], [Id_Theme]) VALUES (660, @ThemeId);
END

-- Question 90
SET IDENTITY_INSERT [dbo].[Question_QST] ON;
IF NOT EXISTS (SELECT 1 FROM [dbo].[Question_QST] WHERE Id = 661)
BEGIN
    INSERT INTO [dbo].[Question_QST] ([Id], [Question], [Id_Difficulty])
    VALUES (661, N'Quel scientifique a proposé la théorie de l’évolution ?', 2);
END
SET IDENTITY_INSERT [dbo].[Question_QST] OFF;

INSERT INTO [dbo].[Answer_ANS] ([Id_Question], [Value], [Valid]) VALUES
    (661, N'Darwin', 1),
    (661, N'Mendel', 0),
    (661, N'Pasteur', 0),
    (661, N'Lamarck', 0);

IF NOT EXISTS (SELECT 1 FROM [dbo].[QuestionTheme_QTH] WHERE Id_Question = 661 AND Id_Theme = @ThemeId)
BEGIN
    INSERT INTO [dbo].[QuestionTheme_QTH] ([Id_Question], [Id_Theme]) VALUES (661, @ThemeId);
END

-- Question 91
SET IDENTITY_INSERT [dbo].[Question_QST] ON;
IF NOT EXISTS (SELECT 1 FROM [dbo].[Question_QST] WHERE Id = 662)
BEGIN
    INSERT INTO [dbo].[Question_QST] ([Id], [Question], [Id_Difficulty])
    VALUES (662, N'Quel élément chimique est le plus léger ?', 2);
END
SET IDENTITY_INSERT [dbo].[Question_QST] OFF;

INSERT INTO [dbo].[Answer_ANS] ([Id_Question], [Value], [Valid]) VALUES
    (662, N'Hélium', 0),
    (662, N'Hydrogène', 1),
    (662, N'Lithium', 0),
    (662, N'Oxygène', 0);

IF NOT EXISTS (SELECT 1 FROM [dbo].[QuestionTheme_QTH] WHERE Id_Question = 662 AND Id_Theme = @ThemeId)
BEGIN
    INSERT INTO [dbo].[QuestionTheme_QTH] ([Id_Question], [Id_Theme]) VALUES (662, @ThemeId);
END

-- Question 92
SET IDENTITY_INSERT [dbo].[Question_QST] ON;
IF NOT EXISTS (SELECT 1 FROM [dbo].[Question_QST] WHERE Id = 663)
BEGIN
    INSERT INTO [dbo].[Question_QST] ([Id], [Question], [Id_Difficulty])
    VALUES (663, N'Quel instrument sert à mesurer la masse des objets ?', 2);
END
SET IDENTITY_INSERT [dbo].[Question_QST] OFF;

INSERT INTO [dbo].[Answer_ANS] ([Id_Question], [Value], [Valid]) VALUES
    (663, N'Balance', 1),
    (663, N'Règle', 0),
    (663, N'Voltmètre', 0),
    (663, N'Baromètre', 0);

IF NOT EXISTS (SELECT 1 FROM [dbo].[QuestionTheme_QTH] WHERE Id_Question = 663 AND Id_Theme = @ThemeId)
BEGIN
    INSERT INTO [dbo].[QuestionTheme_QTH] ([Id_Question], [Id_Theme]) VALUES (663, @ThemeId);
END

-- Question 93
SET IDENTITY_INSERT [dbo].[Question_QST] ON;
IF NOT EXISTS (SELECT 1 FROM [dbo].[Question_QST] WHERE Id = 664)
BEGIN
    INSERT INTO [dbo].[Question_QST] ([Id], [Question], [Id_Difficulty])
    VALUES (664, N'Quel type de réaction chimique libère de l’énergie ?', 2);
END
SET IDENTITY_INSERT [dbo].[Question_QST] OFF;

INSERT INTO [dbo].[Answer_ANS] ([Id_Question], [Value], [Valid]) VALUES
    (664, N'Endothermique', 0),
    (664, N'Exothermique', 1),
    (664, N'Isothermique', 0),
    (664, N'Catalytique', 0);

IF NOT EXISTS (SELECT 1 FROM [dbo].[QuestionTheme_QTH] WHERE Id_Question = 664 AND Id_Theme = @ThemeId)
BEGIN
    INSERT INTO [dbo].[QuestionTheme_QTH] ([Id_Question], [Id_Theme]) VALUES (664, @ThemeId);
END

-- Question 94
SET IDENTITY_INSERT [dbo].[Question_QST] ON;
IF NOT EXISTS (SELECT 1 FROM [dbo].[Question_QST] WHERE Id = 665)
BEGIN
    INSERT INTO [dbo].[Question_QST] ([Id], [Question], [Id_Difficulty])
    VALUES (665, N'Quel organe est le centre du système nerveux ?', 2);
END
SET IDENTITY_INSERT [dbo].[Question_QST] OFF;

INSERT INTO [dbo].[Answer_ANS] ([Id_Question], [Value], [Valid]) VALUES
    (665, N'Cerveau', 1),
    (665, N'Cœur', 0),
    (665, N'Rein', 0),
    (665, N'Foie', 0);

IF NOT EXISTS (SELECT 1 FROM [dbo].[QuestionTheme_QTH] WHERE Id_Question = 665 AND Id_Theme = @ThemeId)
BEGIN
    INSERT INTO [dbo].[QuestionTheme_QTH] ([Id_Question], [Id_Theme]) VALUES (665, @ThemeId);
END

-- Question 95
SET IDENTITY_INSERT [dbo].[Question_QST] ON;
IF NOT EXISTS (SELECT 1 FROM [dbo].[Question_QST] WHERE Id = 666)
BEGIN
    INSERT INTO [dbo].[Question_QST] ([Id], [Question], [Id_Difficulty])
    VALUES (666, N'Quel gaz est responsable de la respiration cellulaire ?', 2);
END
SET IDENTITY_INSERT [dbo].[Question_QST] OFF;

INSERT INTO [dbo].[Answer_ANS] ([Id_Question], [Value], [Valid]) VALUES
    (666, N'Oxygène', 1),
    (666, N'Dioxyde de carbone', 0),
    (666, N'Azote', 0),
    (666, N'Méthane', 0);

IF NOT EXISTS (SELECT 1 FROM [dbo].[QuestionTheme_QTH] WHERE Id_Question = 666 AND Id_Theme = @ThemeId)
BEGIN
    INSERT INTO [dbo].[QuestionTheme_QTH] ([Id_Question], [Id_Theme]) VALUES (666, @ThemeId);
END

-- Question 96
SET IDENTITY_INSERT [dbo].[Question_QST] ON;
IF NOT EXISTS (SELECT 1 FROM [dbo].[Question_QST] WHERE Id = 667)
BEGIN
    INSERT INTO [dbo].[Question_QST] ([Id], [Question], [Id_Difficulty])
    VALUES (667, N'Quel physicien a étudié les ondes électromagnétiques ?', 2);
END
SET IDENTITY_INSERT [dbo].[Question_QST] OFF;

INSERT INTO [dbo].[Answer_ANS] ([Id_Question], [Value], [Valid]) VALUES
    (667, N'Maxwell', 1),
    (667, N'Einstein', 0),
    (667, N'Newton', 0),
    (667, N'Faraday', 0);

IF NOT EXISTS (SELECT 1 FROM [dbo].[QuestionTheme_QTH] WHERE Id_Question = 667 AND Id_Theme = @ThemeId)
BEGIN
    INSERT INTO [dbo].[QuestionTheme_QTH] ([Id_Question], [Id_Theme]) VALUES (667, @ThemeId);
END

-- Question 97
SET IDENTITY_INSERT [dbo].[Question_QST] ON;
IF NOT EXISTS (SELECT 1 FROM [dbo].[Question_QST] WHERE Id = 668)
BEGIN
    INSERT INTO [dbo].[Question_QST] ([Id], [Question], [Id_Difficulty])
    VALUES (668, N'Quel métal est utilisé pour les câbles électriques ?', 2);
END
SET IDENTITY_INSERT [dbo].[Question_QST] OFF;

INSERT INTO [dbo].[Answer_ANS] ([Id_Question], [Value], [Valid]) VALUES
    (668, N'Fer', 0),
    (668, N'Cuivre', 1),
    (668, N'Aluminium', 0),
    (668, N'Plomb', 0);

IF NOT EXISTS (SELECT 1 FROM [dbo].[QuestionTheme_QTH] WHERE Id_Question = 668 AND Id_Theme = @ThemeId)
BEGIN
    INSERT INTO [dbo].[QuestionTheme_QTH] ([Id_Question], [Id_Theme]) VALUES (668, @ThemeId);
END

-- Question 98
SET IDENTITY_INSERT [dbo].[Question_QST] ON;
IF NOT EXISTS (SELECT 1 FROM [dbo].[Question_QST] WHERE Id = 669)
BEGIN
    INSERT INTO [dbo].[Question_QST] ([Id], [Question], [Id_Difficulty])
    VALUES (669, N'Quel organe produit l’insuline ?', 2);
END
SET IDENTITY_INSERT [dbo].[Question_QST] OFF;

INSERT INTO [dbo].[Answer_ANS] ([Id_Question], [Value], [Valid]) VALUES
    (669, N'Pancréas', 1),
    (669, N'Foie', 0),
    (669, N'Rein', 0),
    (669, N'Estomac', 0);

IF NOT EXISTS (SELECT 1 FROM [dbo].[QuestionTheme_QTH] WHERE Id_Question = 669 AND Id_Theme = @ThemeId)
BEGIN
    INSERT INTO [dbo].[QuestionTheme_QTH] ([Id_Question], [Id_Theme]) VALUES (669, @ThemeId);
END

-- Question 99
SET IDENTITY_INSERT [dbo].[Question_QST] ON;
IF NOT EXISTS (SELECT 1 FROM [dbo].[Question_QST] WHERE Id = 670)
BEGIN
    INSERT INTO [dbo].[Question_QST] ([Id], [Question], [Id_Difficulty])
    VALUES (670, N'Quelle planète est connue pour sa tache rouge géante ?', 2);
END
SET IDENTITY_INSERT [dbo].[Question_QST] OFF;

INSERT INTO [dbo].[Answer_ANS] ([Id_Question], [Value], [Valid]) VALUES
    (670, N'Jupiter', 1),
    (670, N'Saturne', 0),
    (670, N'Mars', 0),
    (670, N'Neptune', 0);

IF NOT EXISTS (SELECT 1 FROM [dbo].[QuestionTheme_QTH] WHERE Id_Question = 670 AND Id_Theme = @ThemeId)
BEGIN
    INSERT INTO [dbo].[QuestionTheme_QTH] ([Id_Question], [Id_Theme]) VALUES (670, @ThemeId);
END

-- Question 100
SET IDENTITY_INSERT [dbo].[Question_QST] ON;
IF NOT EXISTS (SELECT 1 FROM [dbo].[Question_QST] WHERE Id = 671)
BEGIN
    INSERT INTO [dbo].[Question_QST] ([Id], [Question], [Id_Difficulty])
    VALUES (671, N'Quel gaz est inerte et souvent utilisé dans les lampes à décharge ?', 2);
END
SET IDENTITY_INSERT [dbo].[Question_QST] OFF;

INSERT INTO [dbo].[Answer_ANS] ([Id_Question], [Value], [Valid]) VALUES
    (671, N'Argon', 1),
    (671, N'Oxygène', 0),
    (671, N'Hélium', 0),
    (671, N'Hydrogène', 0);

IF NOT EXISTS (SELECT 1 FROM [dbo].[QuestionTheme_QTH] WHERE Id_Question = 671 AND Id_Theme = @ThemeId)
BEGIN
    INSERT INTO [dbo].[QuestionTheme_QTH] ([Id_Question], [Id_Theme]) VALUES (671, @ThemeId);
END

-- Question 101
SET IDENTITY_INSERT [dbo].[Question_QST] ON;
IF NOT EXISTS (SELECT 1 FROM [dbo].[Question_QST] WHERE Id = 672)
BEGIN
    INSERT INTO [dbo].[Question_QST] ([Id], [Question], [Id_Difficulty])
    VALUES (672, N'Quel type de roche est formée par l’accumulation de sédiments ?', 2);
END
SET IDENTITY_INSERT [dbo].[Question_QST] OFF;

INSERT INTO [dbo].[Answer_ANS] ([Id_Question], [Value], [Valid]) VALUES
    (672, N'Sédimentaire', 1),
    (672, N'Métamorphique', 0),
    (672, N'Ignée', 0),
    (672, N'Basaltique', 0);

IF NOT EXISTS (SELECT 1 FROM [dbo].[QuestionTheme_QTH] WHERE Id_Question = 672 AND Id_Theme = @ThemeId)
BEGIN
    INSERT INTO [dbo].[QuestionTheme_QTH] ([Id_Question], [Id_Theme]) VALUES (672, @ThemeId);
END

-- Question 102
SET IDENTITY_INSERT [dbo].[Question_QST] ON;
IF NOT EXISTS (SELECT 1 FROM [dbo].[Question_QST] WHERE Id = 673)
BEGIN
    INSERT INTO [dbo].[Question_QST] ([Id], [Question], [Id_Difficulty])
    VALUES (673, N'Quel physicien a formulé le principe d’incertitude ?', 3);
END
SET IDENTITY_INSERT [dbo].[Question_QST] OFF;

INSERT INTO [dbo].[Answer_ANS] ([Id_Question], [Value], [Valid]) VALUES
    (673, N'Heisenberg', 1),
    (673, N'Einstein', 0),
    (673, N'Bohr', 0),
    (673, N'Schrödinger', 0);

IF NOT EXISTS (SELECT 1 FROM [dbo].[QuestionTheme_QTH] WHERE Id_Question = 673 AND Id_Theme = @ThemeId)
BEGIN
    INSERT INTO [dbo].[QuestionTheme_QTH] ([Id_Question], [Id_Theme]) VALUES (673, @ThemeId);
END

-- Question 103
SET IDENTITY_INSERT [dbo].[Question_QST] ON;
IF NOT EXISTS (SELECT 1 FROM [dbo].[Question_QST] WHERE Id = 674)
BEGIN
    INSERT INTO [dbo].[Question_QST] ([Id], [Question], [Id_Difficulty])
    VALUES (674, N'Quelle est la constante gravitationnelle universelle ?', 3);
END
SET IDENTITY_INSERT [dbo].[Question_QST] OFF;

INSERT INTO [dbo].[Answer_ANS] ([Id_Question], [Value], [Valid]) VALUES
    (674, N'6,674×10⁻¹¹ N·m²/kg²', 1),
    (674, N'9,81 m/s²', 0),
    (674, N'3×10⁸ m/s', 0),
    (674, N'1,602×10⁻¹⁹ C', 0);

IF NOT EXISTS (SELECT 1 FROM [dbo].[QuestionTheme_QTH] WHERE Id_Question = 674 AND Id_Theme = @ThemeId)
BEGIN
    INSERT INTO [dbo].[QuestionTheme_QTH] ([Id_Question], [Id_Theme]) VALUES (674, @ThemeId);
END

-- Question 104
SET IDENTITY_INSERT [dbo].[Question_QST] ON;
IF NOT EXISTS (SELECT 1 FROM [dbo].[Question_QST] WHERE Id = 675)
BEGIN
    INSERT INTO [dbo].[Question_QST] ([Id], [Question], [Id_Difficulty])
    VALUES (675, N'Quel gaz est utilisé dans les lampes au sodium ?', 3);
END
SET IDENTITY_INSERT [dbo].[Question_QST] OFF;

INSERT INTO [dbo].[Answer_ANS] ([Id_Question], [Value], [Valid]) VALUES
    (675, N'Néon', 0),
    (675, N'Sodium', 1),
    (675, N'Argon', 0),
    (675, N'Krypton', 0);

IF NOT EXISTS (SELECT 1 FROM [dbo].[QuestionTheme_QTH] WHERE Id_Question = 675 AND Id_Theme = @ThemeId)
BEGIN
    INSERT INTO [dbo].[QuestionTheme_QTH] ([Id_Question], [Id_Theme]) VALUES (675, @ThemeId);
END

-- Question 105
SET IDENTITY_INSERT [dbo].[Question_QST] ON;
IF NOT EXISTS (SELECT 1 FROM [dbo].[Question_QST] WHERE Id = 676)
BEGIN
    INSERT INTO [dbo].[Question_QST] ([Id], [Question], [Id_Difficulty])
    VALUES (676, N'Quel scientifique a mis en évidence la radioactivité naturelle ?', 3);
END
SET IDENTITY_INSERT [dbo].[Question_QST] OFF;

INSERT INTO [dbo].[Answer_ANS] ([Id_Question], [Value], [Valid]) VALUES
    (676, N'Curie', 0),
    (676, N'Röntgen', 0),
    (676, N'Becquerel', 1),
    (676, N'Einstein', 0);

IF NOT EXISTS (SELECT 1 FROM [dbo].[QuestionTheme_QTH] WHERE Id_Question = 676 AND Id_Theme = @ThemeId)
BEGIN
    INSERT INTO [dbo].[QuestionTheme_QTH] ([Id_Question], [Id_Theme]) VALUES (676, @ThemeId);
END

-- Question 106
SET IDENTITY_INSERT [dbo].[Question_QST] ON;
IF NOT EXISTS (SELECT 1 FROM [dbo].[Question_QST] WHERE Id = 677)
BEGIN
    INSERT INTO [dbo].[Question_QST] ([Id], [Question], [Id_Difficulty])
    VALUES (677, N'Quelle est la formule de l’énergie selon Einstein ?', 3);
END
SET IDENTITY_INSERT [dbo].[Question_QST] OFF;

INSERT INTO [dbo].[Answer_ANS] ([Id_Question], [Value], [Valid]) VALUES
    (677, N'E = mc²', 1),
    (677, N'F = ma', 0),
    (677, N'V = IR', 0),
    (677, N'pV = nRT', 0);

IF NOT EXISTS (SELECT 1 FROM [dbo].[QuestionTheme_QTH] WHERE Id_Question = 677 AND Id_Theme = @ThemeId)
BEGIN
    INSERT INTO [dbo].[QuestionTheme_QTH] ([Id_Question], [Id_Theme]) VALUES (677, @ThemeId);
END

-- Question 107
SET IDENTITY_INSERT [dbo].[Question_QST] ON;
IF NOT EXISTS (SELECT 1 FROM [dbo].[Question_QST] WHERE Id = 678)
BEGIN
    INSERT INTO [dbo].[Question_QST] ([Id], [Question], [Id_Difficulty])
    VALUES (678, N'Quel est le principal isotope utilisé en datation radioactive ?', 3);
END
SET IDENTITY_INSERT [dbo].[Question_QST] OFF;

INSERT INTO [dbo].[Answer_ANS] ([Id_Question], [Value], [Valid]) VALUES
    (678, N'Carbone-12', 0),
    (678, N'Carbone-14', 1),
    (678, N'Uranium-235', 0),
    (678, N'Plomb-206', 0);

IF NOT EXISTS (SELECT 1 FROM [dbo].[QuestionTheme_QTH] WHERE Id_Question = 678 AND Id_Theme = @ThemeId)
BEGIN
    INSERT INTO [dbo].[QuestionTheme_QTH] ([Id_Question], [Id_Theme]) VALUES (678, @ThemeId);
END

-- Question 108
SET IDENTITY_INSERT [dbo].[Question_QST] ON;
IF NOT EXISTS (SELECT 1 FROM [dbo].[Question_QST] WHERE Id = 679)
BEGIN
    INSERT INTO [dbo].[Question_QST] ([Id], [Question], [Id_Difficulty])
    VALUES (679, N'Quel scientifique a mis en évidence la structure en double hélice de l’ADN ?', 3);
END
SET IDENTITY_INSERT [dbo].[Question_QST] OFF;

INSERT INTO [dbo].[Answer_ANS] ([Id_Question], [Value], [Valid]) VALUES
    (679, N'Watson et Crick', 1),
    (679, N'Mendel', 0),
    (679, N'Darwin', 0),
    (679, N'Pasteur', 0);

IF NOT EXISTS (SELECT 1 FROM [dbo].[QuestionTheme_QTH] WHERE Id_Question = 679 AND Id_Theme = @ThemeId)
BEGIN
    INSERT INTO [dbo].[QuestionTheme_QTH] ([Id_Question], [Id_Theme]) VALUES (679, @ThemeId);
END

-- Question 109
SET IDENTITY_INSERT [dbo].[Question_QST] ON;
IF NOT EXISTS (SELECT 1 FROM [dbo].[Question_QST] WHERE Id = 680)
BEGIN
    INSERT INTO [dbo].[Question_QST] ([Id], [Question], [Id_Difficulty])
    VALUES (680, N'Quel est le plus petit os du corps humain ?', 3);
END
SET IDENTITY_INSERT [dbo].[Question_QST] OFF;

INSERT INTO [dbo].[Answer_ANS] ([Id_Question], [Value], [Valid]) VALUES
    (680, N'Stapes', 1),
    (680, N'Malleus', 0),
    (680, N'Incus', 0),
    (680, N'Fémur', 0);

IF NOT EXISTS (SELECT 1 FROM [dbo].[QuestionTheme_QTH] WHERE Id_Question = 680 AND Id_Theme = @ThemeId)
BEGIN
    INSERT INTO [dbo].[QuestionTheme_QTH] ([Id_Question], [Id_Theme]) VALUES (680, @ThemeId);
END

-- Question 110
SET IDENTITY_INSERT [dbo].[Question_QST] ON;
IF NOT EXISTS (SELECT 1 FROM [dbo].[Question_QST] WHERE Id = 681)
BEGIN
    INSERT INTO [dbo].[Question_QST] ([Id], [Question], [Id_Difficulty])
    VALUES (681, N'Quel est le rôle des ribosomes dans la cellule ?', 3);
END
SET IDENTITY_INSERT [dbo].[Question_QST] OFF;

INSERT INTO [dbo].[Answer_ANS] ([Id_Question], [Value], [Valid]) VALUES
    (681, N'Synthèse des protéines', 1),
    (681, N'Stockage de l’énergie', 0),
    (681, N'Division cellulaire', 0),
    (681, N'Transport de l’oxygène', 0);

IF NOT EXISTS (SELECT 1 FROM [dbo].[QuestionTheme_QTH] WHERE Id_Question = 681 AND Id_Theme = @ThemeId)
BEGIN
    INSERT INTO [dbo].[QuestionTheme_QTH] ([Id_Question], [Id_Theme]) VALUES (681, @ThemeId);
END

-- Question 111
SET IDENTITY_INSERT [dbo].[Question_QST] ON;
IF NOT EXISTS (SELECT 1 FROM [dbo].[Question_QST] WHERE Id = 682)
BEGIN
    INSERT INTO [dbo].[Question_QST] ([Id], [Question], [Id_Difficulty])
    VALUES (682, N'Quel type de liaison chimique est formée par des ions ?', 3);
END
SET IDENTITY_INSERT [dbo].[Question_QST] OFF;

INSERT INTO [dbo].[Answer_ANS] ([Id_Question], [Value], [Valid]) VALUES
    (682, N'Covalente', 0),
    (682, N'Ioniques', 1),
    (682, N'Hydrogène', 0),
    (682, N'Métallique', 0);

IF NOT EXISTS (SELECT 1 FROM [dbo].[QuestionTheme_QTH] WHERE Id_Question = 682 AND Id_Theme = @ThemeId)
BEGIN
    INSERT INTO [dbo].[QuestionTheme_QTH] ([Id_Question], [Id_Theme]) VALUES (682, @ThemeId);
END

-- Question 112
SET IDENTITY_INSERT [dbo].[Question_QST] ON;
IF NOT EXISTS (SELECT 1 FROM [dbo].[Question_QST] WHERE Id = 683)
BEGIN
    INSERT INTO [dbo].[Question_QST] ([Id], [Question], [Id_Difficulty])
    VALUES (683, N'Quel est le principal gaz à effet de serre produit par les activités humaines ?', 3);
END
SET IDENTITY_INSERT [dbo].[Question_QST] OFF;

INSERT INTO [dbo].[Answer_ANS] ([Id_Question], [Value], [Valid]) VALUES
    (683, N'Méthane', 0),
    (683, N'Oxygène', 0),
    (683, N'Dioxyde de carbone', 1),
    (683, N'Azote', 0);

IF NOT EXISTS (SELECT 1 FROM [dbo].[QuestionTheme_QTH] WHERE Id_Question = 683 AND Id_Theme = @ThemeId)
BEGIN
    INSERT INTO [dbo].[QuestionTheme_QTH] ([Id_Question], [Id_Theme]) VALUES (683, @ThemeId);
END

-- Question 113
SET IDENTITY_INSERT [dbo].[Question_QST] ON;
IF NOT EXISTS (SELECT 1 FROM [dbo].[Question_QST] WHERE Id = 684)
BEGIN
    INSERT INTO [dbo].[Question_QST] ([Id], [Question], [Id_Difficulty])
    VALUES (684, N'Quel organe produit l’adrénaline ?', 3);
END
SET IDENTITY_INSERT [dbo].[Question_QST] OFF;

INSERT INTO [dbo].[Answer_ANS] ([Id_Question], [Value], [Valid]) VALUES
    (684, N'Pancréas', 0),
    (684, N'Surrénale', 1),
    (684, N'Thyroïde', 0),
    (684, N'Hypophyse', 0);

IF NOT EXISTS (SELECT 1 FROM [dbo].[QuestionTheme_QTH] WHERE Id_Question = 684 AND Id_Theme = @ThemeId)
BEGIN
    INSERT INTO [dbo].[QuestionTheme_QTH] ([Id_Question], [Id_Theme]) VALUES (684, @ThemeId);
END

-- Question 114
SET IDENTITY_INSERT [dbo].[Question_QST] ON;
IF NOT EXISTS (SELECT 1 FROM [dbo].[Question_QST] WHERE Id = 685)
BEGIN
    INSERT INTO [dbo].[Question_QST] ([Id], [Question], [Id_Difficulty])
    VALUES (685, N'Quel physicien a découvert les lois de la radioactivité ?', 3);
END
SET IDENTITY_INSERT [dbo].[Question_QST] OFF;

INSERT INTO [dbo].[Answer_ANS] ([Id_Question], [Value], [Valid]) VALUES
    (685, N'Curie', 0),
    (685, N'Rutherford', 1),
    (685, N'Einstein', 0),
    (685, N'Planck', 0);

IF NOT EXISTS (SELECT 1 FROM [dbo].[QuestionTheme_QTH] WHERE Id_Question = 685 AND Id_Theme = @ThemeId)
BEGIN
    INSERT INTO [dbo].[QuestionTheme_QTH] ([Id_Question], [Id_Theme]) VALUES (685, @ThemeId);
END

-- Question 115
SET IDENTITY_INSERT [dbo].[Question_QST] ON;
IF NOT EXISTS (SELECT 1 FROM [dbo].[Question_QST] WHERE Id = 686)
BEGIN
    INSERT INTO [dbo].[Question_QST] ([Id], [Question], [Id_Difficulty])
    VALUES (686, N'Quel est le rôle de l’ATP dans la cellule ?', 3);
END
SET IDENTITY_INSERT [dbo].[Question_QST] OFF;

INSERT INTO [dbo].[Answer_ANS] ([Id_Question], [Value], [Valid]) VALUES
    (686, N'Transport de l’information', 0),
    (686, N'Stockage et transfert d’énergie', 1),
    (686, N'Synthèse des protéines', 0),
    (686, N'Division cellulaire', 0);

IF NOT EXISTS (SELECT 1 FROM [dbo].[QuestionTheme_QTH] WHERE Id_Question = 686 AND Id_Theme = @ThemeId)
BEGIN
    INSERT INTO [dbo].[QuestionTheme_QTH] ([Id_Question], [Id_Theme]) VALUES (686, @ThemeId);
END

-- Question 116
SET IDENTITY_INSERT [dbo].[Question_QST] ON;
IF NOT EXISTS (SELECT 1 FROM [dbo].[Question_QST] WHERE Id = 687)
BEGIN
    INSERT INTO [dbo].[Question_QST] ([Id], [Question], [Id_Difficulty])
    VALUES (687, N'Quel scientifique a formulé la théorie cinétique des gaz ?', 3);
END
SET IDENTITY_INSERT [dbo].[Question_QST] OFF;

INSERT INTO [dbo].[Answer_ANS] ([Id_Question], [Value], [Valid]) VALUES
    (687, N'Maxwell', 0),
    (687, N'Avogadro', 0),
    (687, N'Boltzmann', 1),
    (687, N'Einstein', 0);

IF NOT EXISTS (SELECT 1 FROM [dbo].[QuestionTheme_QTH] WHERE Id_Question = 687 AND Id_Theme = @ThemeId)
BEGIN
    INSERT INTO [dbo].[QuestionTheme_QTH] ([Id_Question], [Id_Theme]) VALUES (687, @ThemeId);
END

-- Question 117
SET IDENTITY_INSERT [dbo].[Question_QST] ON;
IF NOT EXISTS (SELECT 1 FROM [dbo].[Question_QST] WHERE Id = 688)
BEGIN
    INSERT INTO [dbo].[Question_QST] ([Id], [Question], [Id_Difficulty])
    VALUES (688, N'Quelle est la vitesse orbitale de la Terre autour du Soleil ?', 3);
END
SET IDENTITY_INSERT [dbo].[Question_QST] OFF;

INSERT INTO [dbo].[Answer_ANS] ([Id_Question], [Value], [Valid]) VALUES
    (688, N'29,8 km/s', 1),
    (688, N'30 km/s', 0),
    (688, N'25 km/s', 0),
    (688, N'35 km/s', 0);

IF NOT EXISTS (SELECT 1 FROM [dbo].[QuestionTheme_QTH] WHERE Id_Question = 688 AND Id_Theme = @ThemeId)
BEGIN
    INSERT INTO [dbo].[QuestionTheme_QTH] ([Id_Question], [Id_Theme]) VALUES (688, @ThemeId);
END

-- Question 118
SET IDENTITY_INSERT [dbo].[Question_QST] ON;
IF NOT EXISTS (SELECT 1 FROM [dbo].[Question_QST] WHERE Id = 689)
BEGIN
    INSERT INTO [dbo].[Question_QST] ([Id], [Question], [Id_Difficulty])
    VALUES (689, N'Quel est l’organe qui produit la dopamine ?', 3);
END
SET IDENTITY_INSERT [dbo].[Question_QST] OFF;

INSERT INTO [dbo].[Answer_ANS] ([Id_Question], [Value], [Valid]) VALUES
    (689, N'Pancréas', 0),
    (689, N'Cerveau', 1),
    (689, N'Foie', 0),
    (689, N'Cœur', 0);

IF NOT EXISTS (SELECT 1 FROM [dbo].[QuestionTheme_QTH] WHERE Id_Question = 689 AND Id_Theme = @ThemeId)
BEGIN
    INSERT INTO [dbo].[QuestionTheme_QTH] ([Id_Question], [Id_Theme]) VALUES (689, @ThemeId);
END

-- Question 119
SET IDENTITY_INSERT [dbo].[Question_QST] ON;
IF NOT EXISTS (SELECT 1 FROM [dbo].[Question_QST] WHERE Id = 690)
BEGIN
    INSERT INTO [dbo].[Question_QST] ([Id], [Question], [Id_Difficulty])
    VALUES (690, N'Quel physicien a proposé l’effet photoélectrique ?', 3);
END
SET IDENTITY_INSERT [dbo].[Question_QST] OFF;

INSERT INTO [dbo].[Answer_ANS] ([Id_Question], [Value], [Valid]) VALUES
    (690, N'Einstein', 1),
    (690, N'Planck', 0),
    (690, N'Bohr', 0),
    (690, N'Rutherford', 0);

IF NOT EXISTS (SELECT 1 FROM [dbo].[QuestionTheme_QTH] WHERE Id_Question = 690 AND Id_Theme = @ThemeId)
BEGIN
    INSERT INTO [dbo].[QuestionTheme_QTH] ([Id_Question], [Id_Theme]) VALUES (690, @ThemeId);
END

-- Question 120
SET IDENTITY_INSERT [dbo].[Question_QST] ON;
IF NOT EXISTS (SELECT 1 FROM [dbo].[Question_QST] WHERE Id = 691)
BEGIN
    INSERT INTO [dbo].[Question_QST] ([Id], [Question], [Id_Difficulty])
    VALUES (691, N'Quel est le rôle des mitochondries ?', 3);
END
SET IDENTITY_INSERT [dbo].[Question_QST] OFF;

INSERT INTO [dbo].[Answer_ANS] ([Id_Question], [Value], [Valid]) VALUES
    (691, N'Synthèse des protéines', 0),
    (691, N'Production d’énergie', 1),
    (691, N'Réparation de l’ADN', 0),
    (691, N'Filtration', 0);

IF NOT EXISTS (SELECT 1 FROM [dbo].[QuestionTheme_QTH] WHERE Id_Question = 691 AND Id_Theme = @ThemeId)
BEGIN
    INSERT INTO [dbo].[QuestionTheme_QTH] ([Id_Question], [Id_Theme]) VALUES (691, @ThemeId);
END

-- Question 121
SET IDENTITY_INSERT [dbo].[Question_QST] ON;
IF NOT EXISTS (SELECT 1 FROM [dbo].[Question_QST] WHERE Id = 692)
BEGIN
    INSERT INTO [dbo].[Question_QST] ([Id], [Question], [Id_Difficulty])
    VALUES (692, N'Quelle loi décrit la relation entre pression et volume d’un gaz ?', 3);
END
SET IDENTITY_INSERT [dbo].[Question_QST] OFF;

INSERT INTO [dbo].[Answer_ANS] ([Id_Question], [Value], [Valid]) VALUES
    (692, N'Boyle', 1),
    (692, N'Charles', 0),
    (692, N'Avogadro', 0),
    (692, N'Newton', 0);

IF NOT EXISTS (SELECT 1 FROM [dbo].[QuestionTheme_QTH] WHERE Id_Question = 692 AND Id_Theme = @ThemeId)
BEGIN
    INSERT INTO [dbo].[QuestionTheme_QTH] ([Id_Question], [Id_Theme]) VALUES (692, @ThemeId);
END

-- Question 122
SET IDENTITY_INSERT [dbo].[Question_QST] ON;
IF NOT EXISTS (SELECT 1 FROM [dbo].[Question_QST] WHERE Id = 693)
BEGIN
    INSERT INTO [dbo].[Question_QST] ([Id], [Question], [Id_Difficulty])
    VALUES (693, N'Quel élément chimique a pour symbole Fe ?', 3);
END
SET IDENTITY_INSERT [dbo].[Question_QST] OFF;

INSERT INTO [dbo].[Answer_ANS] ([Id_Question], [Value], [Valid]) VALUES
    (693, N'Fer', 1),
    (693, N'Fluor', 0),
    (693, N'Francium', 0),
    (693, N'Fermium', 0);

IF NOT EXISTS (SELECT 1 FROM [dbo].[QuestionTheme_QTH] WHERE Id_Question = 693 AND Id_Theme = @ThemeId)
BEGIN
    INSERT INTO [dbo].[QuestionTheme_QTH] ([Id_Question], [Id_Theme]) VALUES (693, @ThemeId);
END

-- Question 123
SET IDENTITY_INSERT [dbo].[Question_QST] ON;
IF NOT EXISTS (SELECT 1 FROM [dbo].[Question_QST] WHERE Id = 694)
BEGIN
    INSERT INTO [dbo].[Question_QST] ([Id], [Question], [Id_Difficulty])
    VALUES (694, N'Quel type de cellules produit les anticorps ?', 3);
END
SET IDENTITY_INSERT [dbo].[Question_QST] OFF;

INSERT INTO [dbo].[Answer_ANS] ([Id_Question], [Value], [Valid]) VALUES
    (694, N'Lymphocytes B', 1),
    (694, N'Lymphocytes T', 0),
    (694, N'Macrophages', 0),
    (694, N'Neutrophiles', 0);

IF NOT EXISTS (SELECT 1 FROM [dbo].[QuestionTheme_QTH] WHERE Id_Question = 694 AND Id_Theme = @ThemeId)
BEGIN
    INSERT INTO [dbo].[QuestionTheme_QTH] ([Id_Question], [Id_Theme]) VALUES (694, @ThemeId);
END

-- Question 124
SET IDENTITY_INSERT [dbo].[Question_QST] ON;
IF NOT EXISTS (SELECT 1 FROM [dbo].[Question_QST] WHERE Id = 695)
BEGIN
    INSERT INTO [dbo].[Question_QST] ([Id], [Question], [Id_Difficulty])
    VALUES (695, N'Quel est le rôle de l’ARN messager ?', 3);
END
SET IDENTITY_INSERT [dbo].[Question_QST] OFF;

INSERT INTO [dbo].[Answer_ANS] ([Id_Question], [Value], [Valid]) VALUES
    (695, N'Transporter l’information génétique', 1),
    (695, N'Produire l’énergie', 0),
    (695, N'Synthétiser les lipides', 0),
    (695, N'Filtrer les déchets', 0);

IF NOT EXISTS (SELECT 1 FROM [dbo].[QuestionTheme_QTH] WHERE Id_Question = 695 AND Id_Theme = @ThemeId)
BEGIN
    INSERT INTO [dbo].[QuestionTheme_QTH] ([Id_Question], [Id_Theme]) VALUES (695, @ThemeId);
END

-- Question 125
SET IDENTITY_INSERT [dbo].[Question_QST] ON;
IF NOT EXISTS (SELECT 1 FROM [dbo].[Question_QST] WHERE Id = 696)
BEGIN
    INSERT INTO [dbo].[Question_QST] ([Id], [Question], [Id_Difficulty])
    VALUES (696, N'Quel physicien a mis en évidence les quanta d’énergie ?', 3);
END
SET IDENTITY_INSERT [dbo].[Question_QST] OFF;

INSERT INTO [dbo].[Answer_ANS] ([Id_Question], [Value], [Valid]) VALUES
    (696, N'Planck', 1),
    (696, N'Newton', 0),
    (696, N'Einstein', 0),
    (696, N'Bohr', 0);

IF NOT EXISTS (SELECT 1 FROM [dbo].[QuestionTheme_QTH] WHERE Id_Question = 696 AND Id_Theme = @ThemeId)
BEGIN
    INSERT INTO [dbo].[QuestionTheme_QTH] ([Id_Question], [Id_Theme]) VALUES (696, @ThemeId);
END

-- Question 126
SET IDENTITY_INSERT [dbo].[Question_QST] ON;
IF NOT EXISTS (SELECT 1 FROM [dbo].[Question_QST] WHERE Id = 697)
BEGIN
    INSERT INTO [dbo].[Question_QST] ([Id], [Question], [Id_Difficulty])
    VALUES (697, N'Quel gaz est utilisé pour remplir les ballons de fête sans risque ?', 3);
END
SET IDENTITY_INSERT [dbo].[Question_QST] OFF;

INSERT INTO [dbo].[Answer_ANS] ([Id_Question], [Value], [Valid]) VALUES
    (697, N'Hydrogène', 0),
    (697, N'Hélium', 1),
    (697, N'Oxygène', 0),
    (697, N'Méthane', 0);

IF NOT EXISTS (SELECT 1 FROM [dbo].[QuestionTheme_QTH] WHERE Id_Question = 697 AND Id_Theme = @ThemeId)
BEGIN
    INSERT INTO [dbo].[QuestionTheme_QTH] ([Id_Question], [Id_Theme]) VALUES (697, @ThemeId);
END

-- Question 127
SET IDENTITY_INSERT [dbo].[Question_QST] ON;
IF NOT EXISTS (SELECT 1 FROM [dbo].[Question_QST] WHERE Id = 698)
BEGIN
    INSERT INTO [dbo].[Question_QST] ([Id], [Question], [Id_Difficulty])
    VALUES (698, N'Quel est l’organe sensoriel de la vision ?', 3);
END
SET IDENTITY_INSERT [dbo].[Question_QST] OFF;

INSERT INTO [dbo].[Answer_ANS] ([Id_Question], [Value], [Valid]) VALUES
    (698, N'Œil', 1),
    (698, N'Nez', 0),
    (698, N'Langue', 0),
    (698, N'Oreille', 0);

IF NOT EXISTS (SELECT 1 FROM [dbo].[QuestionTheme_QTH] WHERE Id_Question = 698 AND Id_Theme = @ThemeId)
BEGIN
    INSERT INTO [dbo].[QuestionTheme_QTH] ([Id_Question], [Id_Theme]) VALUES (698, @ThemeId);
END

-- Question 128
SET IDENTITY_INSERT [dbo].[Question_QST] ON;
IF NOT EXISTS (SELECT 1 FROM [dbo].[Question_QST] WHERE Id = 699)
BEGIN
    INSERT INTO [dbo].[Question_QST] ([Id], [Question], [Id_Difficulty])
    VALUES (699, N'Quelle est l’unité de mesure de la charge électrique ?', 3);
END
SET IDENTITY_INSERT [dbo].[Question_QST] OFF;

INSERT INTO [dbo].[Answer_ANS] ([Id_Question], [Value], [Valid]) VALUES
    (699, N'Coulomb', 1),
    (699, N'Ampère', 0),
    (699, N'Volt', 0),
    (699, N'Ohm', 0);

IF NOT EXISTS (SELECT 1 FROM [dbo].[QuestionTheme_QTH] WHERE Id_Question = 699 AND Id_Theme = @ThemeId)
BEGIN
    INSERT INTO [dbo].[QuestionTheme_QTH] ([Id_Question], [Id_Theme]) VALUES (699, @ThemeId);
END

-- Question 129
SET IDENTITY_INSERT [dbo].[Question_QST] ON;
IF NOT EXISTS (SELECT 1 FROM [dbo].[Question_QST] WHERE Id = 700)
BEGIN
    INSERT INTO [dbo].[Question_QST] ([Id], [Question], [Id_Difficulty])
    VALUES (700, N'Quel est le rôle du système lymphatique ?', 3);
END
SET IDENTITY_INSERT [dbo].[Question_QST] OFF;

INSERT INTO [dbo].[Answer_ANS] ([Id_Question], [Value], [Valid]) VALUES
    (700, N'Transport de l’oxygène', 0),
    (700, N'Transport des liquides et défense immunitaire', 1),
    (700, N'Production d’énergie', 0),
    (700, N'Régulation hormonale', 0);

IF NOT EXISTS (SELECT 1 FROM [dbo].[QuestionTheme_QTH] WHERE Id_Question = 700 AND Id_Theme = @ThemeId)
BEGIN
    INSERT INTO [dbo].[QuestionTheme_QTH] ([Id_Question], [Id_Theme]) VALUES (700, @ThemeId);
END

-- Question 130
SET IDENTITY_INSERT [dbo].[Question_QST] ON;
IF NOT EXISTS (SELECT 1 FROM [dbo].[Question_QST] WHERE Id = 701)
BEGIN
    INSERT INTO [dbo].[Question_QST] ([Id], [Question], [Id_Difficulty])
    VALUES (701, N'Quel type de cellule assure la contraction musculaire ?', 3);
END
SET IDENTITY_INSERT [dbo].[Question_QST] OFF;

INSERT INTO [dbo].[Answer_ANS] ([Id_Question], [Value], [Valid]) VALUES
    (701, N'Neuronale', 0),
    (701, N'Musculaire', 1),
    (701, N'Épithéliale', 0),
    (701, N'Adipeuse', 0);

IF NOT EXISTS (SELECT 1 FROM [dbo].[QuestionTheme_QTH] WHERE Id_Question = 701 AND Id_Theme = @ThemeId)
BEGIN
    INSERT INTO [dbo].[QuestionTheme_QTH] ([Id_Question], [Id_Theme]) VALUES (701, @ThemeId);
END

-- Question 131
SET IDENTITY_INSERT [dbo].[Question_QST] ON;
IF NOT EXISTS (SELECT 1 FROM [dbo].[Question_QST] WHERE Id = 702)
BEGIN
    INSERT INTO [dbo].[Question_QST] ([Id], [Question], [Id_Difficulty])
    VALUES (702, N'Quelle est la période de demi-vie du carbone-14 ?', 3);
END
SET IDENTITY_INSERT [dbo].[Question_QST] OFF;

INSERT INTO [dbo].[Answer_ANS] ([Id_Question], [Value], [Valid]) VALUES
    (702, N'5 730 ans', 1),
    (702, N'1 000 ans', 0),
    (702, N'10 000 ans', 0),
    (702, N'573 ans', 0);

IF NOT EXISTS (SELECT 1 FROM [dbo].[QuestionTheme_QTH] WHERE Id_Question = 702 AND Id_Theme = @ThemeId)
BEGIN
    INSERT INTO [dbo].[QuestionTheme_QTH] ([Id_Question], [Id_Theme]) VALUES (702, @ThemeId);
END

-- Question 132
SET IDENTITY_INSERT [dbo].[Question_QST] ON;
IF NOT EXISTS (SELECT 1 FROM [dbo].[Question_QST] WHERE Id = 703)
BEGIN
    INSERT INTO [dbo].[Question_QST] ([Id], [Question], [Id_Difficulty])
    VALUES (703, N'Quel physicien a découvert le noyau atomique ?', 3);
END
SET IDENTITY_INSERT [dbo].[Question_QST] OFF;

INSERT INTO [dbo].[Answer_ANS] ([Id_Question], [Value], [Valid]) VALUES
    (703, N'Rutherford', 1),
    (703, N'Thomson', 0),
    (703, N'Bohr', 0),
    (703, N'Einstein', 0);

IF NOT EXISTS (SELECT 1 FROM [dbo].[QuestionTheme_QTH] WHERE Id_Question = 703 AND Id_Theme = @ThemeId)
BEGIN
    INSERT INTO [dbo].[QuestionTheme_QTH] ([Id_Question], [Id_Theme]) VALUES (703, @ThemeId);
END

-- Question 133
SET IDENTITY_INSERT [dbo].[Question_QST] ON;
IF NOT EXISTS (SELECT 1 FROM [dbo].[Question_QST] WHERE Id = 704)
BEGIN
    INSERT INTO [dbo].[Question_QST] ([Id], [Question], [Id_Difficulty])
    VALUES (704, N'Quel gaz est utilisé dans les lasers à hélium-néon ?', 3);
END
SET IDENTITY_INSERT [dbo].[Question_QST] OFF;

INSERT INTO [dbo].[Answer_ANS] ([Id_Question], [Value], [Valid]) VALUES
    (704, N'Hélium et Néon', 1),
    (704, N'Hélium et Argon', 0),
    (704, N'Néon et Krypton', 0),
    (704, N'Hélium et Oxygène', 0);

IF NOT EXISTS (SELECT 1 FROM [dbo].[QuestionTheme_QTH] WHERE Id_Question = 704 AND Id_Theme = @ThemeId)
BEGIN
    INSERT INTO [dbo].[QuestionTheme_QTH] ([Id_Question], [Id_Theme]) VALUES (704, @ThemeId);
END

-- Question 134
SET IDENTITY_INSERT [dbo].[Question_QST] ON;
IF NOT EXISTS (SELECT 1 FROM [dbo].[Question_QST] WHERE Id = 705)
BEGIN
    INSERT INTO [dbo].[Question_QST] ([Id], [Question], [Id_Difficulty])
    VALUES (705, N'Quelle est la loi fondamentale de l’électromagnétisme ?', 3);
END
SET IDENTITY_INSERT [dbo].[Question_QST] OFF;

INSERT INTO [dbo].[Answer_ANS] ([Id_Question], [Value], [Valid]) VALUES
    (705, N'Loi de Coulomb', 0),
    (705, N'Loi de Faraday', 0),
    (705, N'Loi de Newton', 0),
    (705, N'Loi de Maxwell', 1);

IF NOT EXISTS (SELECT 1 FROM [dbo].[QuestionTheme_QTH] WHERE Id_Question = 705 AND Id_Theme = @ThemeId)
BEGIN
    INSERT INTO [dbo].[QuestionTheme_QTH] ([Id_Question], [Id_Theme]) VALUES (705, @ThemeId);
END

-- Question 135
SET IDENTITY_INSERT [dbo].[Question_QST] ON;
IF NOT EXISTS (SELECT 1 FROM [dbo].[Question_QST] WHERE Id = 706)
BEGIN
    INSERT INTO [dbo].[Question_QST] ([Id], [Question], [Id_Difficulty])
    VALUES (706, N'Quel scientifique a découvert les bactéries anaérobies ?', 3);
END
SET IDENTITY_INSERT [dbo].[Question_QST] OFF;

INSERT INTO [dbo].[Answer_ANS] ([Id_Question], [Value], [Valid]) VALUES
    (706, N'Pasteur', 0),
    (706, N'Koch', 1),
    (706, N'Lavoisier', 0),
    (706, N'Darwin', 0);

IF NOT EXISTS (SELECT 1 FROM [dbo].[QuestionTheme_QTH] WHERE Id_Question = 706 AND Id_Theme = @ThemeId)
BEGIN
    INSERT INTO [dbo].[QuestionTheme_QTH] ([Id_Question], [Id_Theme]) VALUES (706, @ThemeId);
END

-- Question 136
SET IDENTITY_INSERT [dbo].[Question_QST] ON;
IF NOT EXISTS (SELECT 1 FROM [dbo].[Question_QST] WHERE Id = 707)
BEGIN
    INSERT INTO [dbo].[Question_QST] ([Id], [Question], [Id_Difficulty])
    VALUES (707, N'Quel est le rôle de l’ADN polymérase ?', 3);
END
SET IDENTITY_INSERT [dbo].[Question_QST] OFF;

INSERT INTO [dbo].[Answer_ANS] ([Id_Question], [Value], [Valid]) VALUES
    (707, N'Synthèse d’ADN', 1),
    (707, N'Synthèse d’ARN', 0),
    (707, N'Réparation des protéines', 0),
    (707, N'Transport de l’énergie', 0);

IF NOT EXISTS (SELECT 1 FROM [dbo].[QuestionTheme_QTH] WHERE Id_Question = 707 AND Id_Theme = @ThemeId)
BEGIN
    INSERT INTO [dbo].[QuestionTheme_QTH] ([Id_Question], [Id_Theme]) VALUES (707, @ThemeId);
END

-- Question 137
SET IDENTITY_INSERT [dbo].[Question_QST] ON;
IF NOT EXISTS (SELECT 1 FROM [dbo].[Question_QST] WHERE Id = 708)
BEGIN
    INSERT INTO [dbo].[Question_QST] ([Id], [Question], [Id_Difficulty])
    VALUES (708, N'Quelle particule a une charge positive ?', 3);
END
SET IDENTITY_INSERT [dbo].[Question_QST] OFF;

INSERT INTO [dbo].[Answer_ANS] ([Id_Question], [Value], [Valid]) VALUES
    (708, N'Proton', 1),
    (708, N'Électron', 0),
    (708, N'Neutron', 0),
    (708, N'Photon', 0);

IF NOT EXISTS (SELECT 1 FROM [dbo].[QuestionTheme_QTH] WHERE Id_Question = 708 AND Id_Theme = @ThemeId)
BEGIN
    INSERT INTO [dbo].[QuestionTheme_QTH] ([Id_Question], [Id_Theme]) VALUES (708, @ThemeId);
END

-- Question 138
SET IDENTITY_INSERT [dbo].[Question_QST] ON;
IF NOT EXISTS (SELECT 1 FROM [dbo].[Question_QST] WHERE Id = 709)
BEGIN
    INSERT INTO [dbo].[Question_QST] ([Id], [Question], [Id_Difficulty])
    VALUES (709, N'Quel gaz est utilisé pour la respiration sous-marine ?', 3);
END
SET IDENTITY_INSERT [dbo].[Question_QST] OFF;

INSERT INTO [dbo].[Answer_ANS] ([Id_Question], [Value], [Valid]) VALUES
    (709, N'Oxygène', 0),
    (709, N'Hélium', 0),
    (709, N'Argon', 0),
    (709, N'Nitrox', 1);

IF NOT EXISTS (SELECT 1 FROM [dbo].[QuestionTheme_QTH] WHERE Id_Question = 709 AND Id_Theme = @ThemeId)
BEGIN
    INSERT INTO [dbo].[QuestionTheme_QTH] ([Id_Question], [Id_Theme]) VALUES (709, @ThemeId);
END

-- Question 139
SET IDENTITY_INSERT [dbo].[Question_QST] ON;
IF NOT EXISTS (SELECT 1 FROM [dbo].[Question_QST] WHERE Id = 710)
BEGIN
    INSERT INTO [dbo].[Question_QST] ([Id], [Question], [Id_Difficulty])
    VALUES (710, N'Quel organe produit les globules rouges ?', 3);
END
SET IDENTITY_INSERT [dbo].[Question_QST] OFF;

INSERT INTO [dbo].[Answer_ANS] ([Id_Question], [Value], [Valid]) VALUES
    (710, N'Moelle osseuse', 1),
    (710, N'Foie', 0),
    (710, N'Rein', 0),
    (710, N'Rate', 0);

IF NOT EXISTS (SELECT 1 FROM [dbo].[QuestionTheme_QTH] WHERE Id_Question = 710 AND Id_Theme = @ThemeId)
BEGIN
    INSERT INTO [dbo].[QuestionTheme_QTH] ([Id_Question], [Id_Theme]) VALUES (710, @ThemeId);
END

-- Question 140
SET IDENTITY_INSERT [dbo].[Question_QST] ON;
IF NOT EXISTS (SELECT 1 FROM [dbo].[Question_QST] WHERE Id = 711)
BEGIN
    INSERT INTO [dbo].[Question_QST] ([Id], [Question], [Id_Difficulty])
    VALUES (711, N'Quel est l’effet Doppler ?', 3);
END
SET IDENTITY_INSERT [dbo].[Question_QST] OFF;

INSERT INTO [dbo].[Answer_ANS] ([Id_Question], [Value], [Valid]) VALUES
    (711, N'Variation de fréquence due au mouvement', 1),
    (711, N'Diffraction de la lumière', 0),
    (711, N'Réflexion des ondes', 0),
    (711, N'Polarisation des ondes', 0);

IF NOT EXISTS (SELECT 1 FROM [dbo].[QuestionTheme_QTH] WHERE Id_Question = 711 AND Id_Theme = @ThemeId)
BEGIN
    INSERT INTO [dbo].[QuestionTheme_QTH] ([Id_Question], [Id_Theme]) VALUES (711, @ThemeId);
END

-- Question 141
SET IDENTITY_INSERT [dbo].[Question_QST] ON;
IF NOT EXISTS (SELECT 1 FROM [dbo].[Question_QST] WHERE Id = 712)
BEGIN
    INSERT INTO [dbo].[Question_QST] ([Id], [Question], [Id_Difficulty])
    VALUES (712, N'Quel élément chimique a pour symbole Na ?', 3);
END
SET IDENTITY_INSERT [dbo].[Question_QST] OFF;

INSERT INTO [dbo].[Answer_ANS] ([Id_Question], [Value], [Valid]) VALUES
    (712, N'Sodium', 1),
    (712, N'Nickel', 0),
    (712, N'Neon', 0),
    (712, N'Nitrogène', 0);

IF NOT EXISTS (SELECT 1 FROM [dbo].[QuestionTheme_QTH] WHERE Id_Question = 712 AND Id_Theme = @ThemeId)
BEGIN
    INSERT INTO [dbo].[QuestionTheme_QTH] ([Id_Question], [Id_Theme]) VALUES (712, @ThemeId);
END

-- Question 142
SET IDENTITY_INSERT [dbo].[Question_QST] ON;
IF NOT EXISTS (SELECT 1 FROM [dbo].[Question_QST] WHERE Id = 713)
BEGIN
    INSERT INTO [dbo].[Question_QST] ([Id], [Question], [Id_Difficulty])
    VALUES (713, N'Quel est le rôle des chloroplastes ?', 3);
END
SET IDENTITY_INSERT [dbo].[Question_QST] OFF;

INSERT INTO [dbo].[Answer_ANS] ([Id_Question], [Value], [Valid]) VALUES
    (713, N'Photosynthèse', 1),
    (713, N'Respiration cellulaire', 0),
    (713, N'Stockage d’énergie', 0),
    (713, N'Division cellulaire', 0);

IF NOT EXISTS (SELECT 1 FROM [dbo].[QuestionTheme_QTH] WHERE Id_Question = 713 AND Id_Theme = @ThemeId)
BEGIN
    INSERT INTO [dbo].[QuestionTheme_QTH] ([Id_Question], [Id_Theme]) VALUES (713, @ThemeId);
END

-- Question 143
SET IDENTITY_INSERT [dbo].[Question_QST] ON;
IF NOT EXISTS (SELECT 1 FROM [dbo].[Question_QST] WHERE Id = 714)
BEGIN
    INSERT INTO [dbo].[Question_QST] ([Id], [Question], [Id_Difficulty])
    VALUES (714, N'Quelle est la constante de Planck ?', 3);
END
SET IDENTITY_INSERT [dbo].[Question_QST] OFF;

INSERT INTO [dbo].[Answer_ANS] ([Id_Question], [Value], [Valid]) VALUES
    (714, N'6,626×10⁻³⁴ J·s', 1),
    (714, N'9,81 m/s²', 0),
    (714, N'3×10⁸ m/s', 0),
    (714, N'1,602×10⁻¹⁹ C', 0);

IF NOT EXISTS (SELECT 1 FROM [dbo].[QuestionTheme_QTH] WHERE Id_Question = 714 AND Id_Theme = @ThemeId)
BEGIN
    INSERT INTO [dbo].[QuestionTheme_QTH] ([Id_Question], [Id_Theme]) VALUES (714, @ThemeId);
END

-- Question 144
SET IDENTITY_INSERT [dbo].[Question_QST] ON;
IF NOT EXISTS (SELECT 1 FROM [dbo].[Question_QST] WHERE Id = 715)
BEGIN
    INSERT INTO [dbo].[Question_QST] ([Id], [Question], [Id_Difficulty])
    VALUES (715, N'Quel gaz est utilisé pour la soudure à l’arc ?', 3);
END
SET IDENTITY_INSERT [dbo].[Question_QST] OFF;

INSERT INTO [dbo].[Answer_ANS] ([Id_Question], [Value], [Valid]) VALUES
    (715, N'Argon', 1),
    (715, N'Oxygène', 0),
    (715, N'Azote', 0),
    (715, N'Hélium', 0);

IF NOT EXISTS (SELECT 1 FROM [dbo].[QuestionTheme_QTH] WHERE Id_Question = 715 AND Id_Theme = @ThemeId)
BEGIN
    INSERT INTO [dbo].[QuestionTheme_QTH] ([Id_Question], [Id_Theme]) VALUES (715, @ThemeId);
END

-- Question 145
SET IDENTITY_INSERT [dbo].[Question_QST] ON;
IF NOT EXISTS (SELECT 1 FROM [dbo].[Question_QST] WHERE Id = 716)
BEGIN
    INSERT INTO [dbo].[Question_QST] ([Id], [Question], [Id_Difficulty])
    VALUES (716, N'Quel est le rôle de la myosine ?', 3);
END
SET IDENTITY_INSERT [dbo].[Question_QST] OFF;

INSERT INTO [dbo].[Answer_ANS] ([Id_Question], [Value], [Valid]) VALUES
    (716, N'Contraction musculaire', 1),
    (716, N'Transport d’oxygène', 0),
    (716, N'Synthèse d’ATP', 0),
    (716, N'Transduction nerveuse', 0);

IF NOT EXISTS (SELECT 1 FROM [dbo].[QuestionTheme_QTH] WHERE Id_Question = 716 AND Id_Theme = @ThemeId)
BEGIN
    INSERT INTO [dbo].[QuestionTheme_QTH] ([Id_Question], [Id_Theme]) VALUES (716, @ThemeId);
END

-- Question 146
SET IDENTITY_INSERT [dbo].[Question_QST] ON;
IF NOT EXISTS (SELECT 1 FROM [dbo].[Question_QST] WHERE Id = 717)
BEGIN
    INSERT INTO [dbo].[Question_QST] ([Id], [Question], [Id_Difficulty])
    VALUES (717, N'Quel physicien a proposé le modèle atomique planétaire ?', 3);
END
SET IDENTITY_INSERT [dbo].[Question_QST] OFF;

INSERT INTO [dbo].[Answer_ANS] ([Id_Question], [Value], [Valid]) VALUES
    (717, N'Bohr', 1),
    (717, N'Rutherford', 0),
    (717, N'Thomson', 0),
    (717, N'Einstein', 0);

IF NOT EXISTS (SELECT 1 FROM [dbo].[QuestionTheme_QTH] WHERE Id_Question = 717 AND Id_Theme = @ThemeId)
BEGIN
    INSERT INTO [dbo].[QuestionTheme_QTH] ([Id_Question], [Id_Theme]) VALUES (717, @ThemeId);
END

-- Question 147
SET IDENTITY_INSERT [dbo].[Question_QST] ON;
IF NOT EXISTS (SELECT 1 FROM [dbo].[Question_QST] WHERE Id = 718)
BEGIN
    INSERT INTO [dbo].[Question_QST] ([Id], [Question], [Id_Difficulty])
    VALUES (718, N'Quel est le rôle des mitochondries dans les cellules ?', 3);
END
SET IDENTITY_INSERT [dbo].[Question_QST] OFF;

INSERT INTO [dbo].[Answer_ANS] ([Id_Question], [Value], [Valid]) VALUES
    (718, N'Production d’énergie', 1),
    (718, N'Stockage d’eau', 0),
    (718, N'Filtration de déchets', 0),
    (718, N'Synthèse de protéines', 0);

IF NOT EXISTS (SELECT 1 FROM [dbo].[QuestionTheme_QTH] WHERE Id_Question = 718 AND Id_Theme = @ThemeId)
BEGIN
    INSERT INTO [dbo].[QuestionTheme_QTH] ([Id_Question], [Id_Theme]) VALUES (718, @ThemeId);
END

-- Question 148
SET IDENTITY_INSERT [dbo].[Question_QST] ON;
IF NOT EXISTS (SELECT 1 FROM [dbo].[Question_QST] WHERE Id = 719)
BEGIN
    INSERT INTO [dbo].[Question_QST] ([Id], [Question], [Id_Difficulty])
    VALUES (719, N'Quelle loi explique la diffusion des gaz ?', 3);
END
SET IDENTITY_INSERT [dbo].[Question_QST] OFF;

INSERT INTO [dbo].[Answer_ANS] ([Id_Question], [Value], [Valid]) VALUES
    (719, N'Loi de Graham', 1),
    (719, N'Loi de Boyle', 0),
    (719, N'Loi de Charles', 0),
    (719, N'Loi d’Avogadro', 0);

IF NOT EXISTS (SELECT 1 FROM [dbo].[QuestionTheme_QTH] WHERE Id_Question = 719 AND Id_Theme = @ThemeId)
BEGIN
    INSERT INTO [dbo].[QuestionTheme_QTH] ([Id_Question], [Id_Theme]) VALUES (719, @ThemeId);
END

-- Question 149
SET IDENTITY_INSERT [dbo].[Question_QST] ON;
IF NOT EXISTS (SELECT 1 FROM [dbo].[Question_QST] WHERE Id = 720)
BEGIN
    INSERT INTO [dbo].[Question_QST] ([Id], [Question], [Id_Difficulty])
    VALUES (720, N'Quel organe régule la glycémie ?', 3);
END
SET IDENTITY_INSERT [dbo].[Question_QST] OFF;

INSERT INTO [dbo].[Answer_ANS] ([Id_Question], [Value], [Valid]) VALUES
    (720, N'Pancréas', 1),
    (720, N'Rein', 0),
    (720, N'Foie', 0),
    (720, N'Cœur', 0);

IF NOT EXISTS (SELECT 1 FROM [dbo].[QuestionTheme_QTH] WHERE Id_Question = 720 AND Id_Theme = @ThemeId)
BEGIN
    INSERT INTO [dbo].[QuestionTheme_QTH] ([Id_Question], [Id_Theme]) VALUES (720, @ThemeId);
END

-- Question 150
SET IDENTITY_INSERT [dbo].[Question_QST] ON;
IF NOT EXISTS (SELECT 1 FROM [dbo].[Question_QST] WHERE Id = 721)
BEGIN
    INSERT INTO [dbo].[Question_QST] ([Id], [Question], [Id_Difficulty])
    VALUES (721, N'Quel est le rôle de l’hémoglobine ?', 3);
END
SET IDENTITY_INSERT [dbo].[Question_QST] OFF;

INSERT INTO [dbo].[Answer_ANS] ([Id_Question], [Value], [Valid]) VALUES
    (721, N'Transport de l’oxygène', 1),
    (721, N'Transport du CO2', 0),
    (721, N'Stockage d’énergie', 0),
    (721, N'Défense immunitaire', 0);

IF NOT EXISTS (SELECT 1 FROM [dbo].[QuestionTheme_QTH] WHERE Id_Question = 721 AND Id_Theme = @ThemeId)
BEGIN
    INSERT INTO [dbo].[QuestionTheme_QTH] ([Id_Question], [Id_Theme]) VALUES (721, @ThemeId);
END

-- Question 151
SET IDENTITY_INSERT [dbo].[Question_QST] ON;
IF NOT EXISTS (SELECT 1 FROM [dbo].[Question_QST] WHERE Id = 722)
BEGIN
    INSERT INTO [dbo].[Question_QST] ([Id], [Question], [Id_Difficulty])
    VALUES (722, N'Quelle est la vitesse de la lumière dans le vide ?', 3);
END
SET IDENTITY_INSERT [dbo].[Question_QST] OFF;

INSERT INTO [dbo].[Answer_ANS] ([Id_Question], [Value], [Valid]) VALUES
    (722, N'3×10⁸ m/s', 1),
    (722, N'3×10⁶ m/s', 0),
    (722, N'3×10⁵ m/s', 0),
    (722, N'3×10⁷ m/s', 0);

IF NOT EXISTS (SELECT 1 FROM [dbo].[QuestionTheme_QTH] WHERE Id_Question = 722 AND Id_Theme = @ThemeId)
BEGIN
    INSERT INTO [dbo].[QuestionTheme_QTH] ([Id_Question], [Id_Theme]) VALUES (722, @ThemeId);
END

-- Question 152
SET IDENTITY_INSERT [dbo].[Question_QST] ON;
IF NOT EXISTS (SELECT 1 FROM [dbo].[Question_QST] WHERE Id = 723)
BEGIN
    INSERT INTO [dbo].[Question_QST] ([Id], [Question], [Id_Difficulty])
    VALUES (723, N'Quel est le rôle des lysosomes ?', 3);
END
SET IDENTITY_INSERT [dbo].[Question_QST] OFF;

INSERT INTO [dbo].[Answer_ANS] ([Id_Question], [Value], [Valid]) VALUES
    (723, N'Dégradation des déchets cellulaires', 1),
    (723, N'Production d’énergie', 0),
    (723, N'Synthèse des protéines', 0),
    (723, N'Transport d’oxygène', 0);

IF NOT EXISTS (SELECT 1 FROM [dbo].[QuestionTheme_QTH] WHERE Id_Question = 723 AND Id_Theme = @ThemeId)
BEGIN
    INSERT INTO [dbo].[QuestionTheme_QTH] ([Id_Question], [Id_Theme]) VALUES (723, @ThemeId);
END

-- Question 153
SET IDENTITY_INSERT [dbo].[Question_QST] ON;
IF NOT EXISTS (SELECT 1 FROM [dbo].[Question_QST] WHERE Id = 724)
BEGIN
    INSERT INTO [dbo].[Question_QST] ([Id], [Question], [Id_Difficulty])
    VALUES (724, N'Quel scientifique a proposé le modèle ondulatoire de la lumière ?', 3);
END
SET IDENTITY_INSERT [dbo].[Question_QST] OFF;

INSERT INTO [dbo].[Answer_ANS] ([Id_Question], [Value], [Valid]) VALUES
    (724, N'Huygens', 1),
    (724, N'Newton', 0),
    (724, N'Einstein', 0),
    (724, N'Maxwell', 0);

IF NOT EXISTS (SELECT 1 FROM [dbo].[QuestionTheme_QTH] WHERE Id_Question = 724 AND Id_Theme = @ThemeId)
BEGIN
    INSERT INTO [dbo].[QuestionTheme_QTH] ([Id_Question], [Id_Theme]) VALUES (724, @ThemeId);
END

-- Question 154
SET IDENTITY_INSERT [dbo].[Question_QST] ON;
IF NOT EXISTS (SELECT 1 FROM [dbo].[Question_QST] WHERE Id = 725)
BEGIN
    INSERT INTO [dbo].[Question_QST] ([Id], [Question], [Id_Difficulty])
    VALUES (725, N'Quel est le principe fondamental de la mécanique quantique ?', 4);
END
SET IDENTITY_INSERT [dbo].[Question_QST] OFF;

INSERT INTO [dbo].[Answer_ANS] ([Id_Question], [Value], [Valid]) VALUES
    (725, N'Principe d’incertitude', 1),
    (725, N'Loi de Newton', 0),
    (725, N'Principe d’inertie', 0),
    (725, N'Loi de Coulomb', 0);

IF NOT EXISTS (SELECT 1 FROM [dbo].[QuestionTheme_QTH] WHERE Id_Question = 725 AND Id_Theme = @ThemeId)
BEGIN
    INSERT INTO [dbo].[QuestionTheme_QTH] ([Id_Question], [Id_Theme]) VALUES (725, @ThemeId);
END

-- Question 155
SET IDENTITY_INSERT [dbo].[Question_QST] ON;
IF NOT EXISTS (SELECT 1 FROM [dbo].[Question_QST] WHERE Id = 726)
BEGIN
    INSERT INTO [dbo].[Question_QST] ([Id], [Question], [Id_Difficulty])
    VALUES (726, N'Quelle particule a été découverte au CERN en 2012 ?', 4);
END
SET IDENTITY_INSERT [dbo].[Question_QST] OFF;

INSERT INTO [dbo].[Answer_ANS] ([Id_Question], [Value], [Valid]) VALUES
    (726, N'Boson de Higgs', 1),
    (726, N'Quark top', 0),
    (726, N'Neutrino', 0),
    (726, N'Photon', 0);

IF NOT EXISTS (SELECT 1 FROM [dbo].[QuestionTheme_QTH] WHERE Id_Question = 726 AND Id_Theme = @ThemeId)
BEGIN
    INSERT INTO [dbo].[QuestionTheme_QTH] ([Id_Question], [Id_Theme]) VALUES (726, @ThemeId);
END

-- Question 156
SET IDENTITY_INSERT [dbo].[Question_QST] ON;
IF NOT EXISTS (SELECT 1 FROM [dbo].[Question_QST] WHERE Id = 727)
BEGIN
    INSERT INTO [dbo].[Question_QST] ([Id], [Question], [Id_Difficulty])
    VALUES (727, N'Quel scientifique a formulé les équations de Maxwell ?', 4);
END
SET IDENTITY_INSERT [dbo].[Question_QST] OFF;

INSERT INTO [dbo].[Answer_ANS] ([Id_Question], [Value], [Valid]) VALUES
    (727, N'Maxwell', 1),
    (727, N'Faraday', 0),
    (727, N'Einstein', 0),
    (727, N'Coulomb', 0);

IF NOT EXISTS (SELECT 1 FROM [dbo].[QuestionTheme_QTH] WHERE Id_Question = 727 AND Id_Theme = @ThemeId)
BEGIN
    INSERT INTO [dbo].[QuestionTheme_QTH] ([Id_Question], [Id_Theme]) VALUES (727, @ThemeId);
END

-- Question 157
SET IDENTITY_INSERT [dbo].[Question_QST] ON;
IF NOT EXISTS (SELECT 1 FROM [dbo].[Question_QST] WHERE Id = 728)
BEGIN
    INSERT INTO [dbo].[Question_QST] ([Id], [Question], [Id_Difficulty])
    VALUES (728, N'Quel type de liaison chimique implique un transfert d’électrons ?', 4);
END
SET IDENTITY_INSERT [dbo].[Question_QST] OFF;

INSERT INTO [dbo].[Answer_ANS] ([Id_Question], [Value], [Valid]) VALUES
    (728, N'Ionique', 1),
    (728, N'Covalente', 0),
    (728, N'Hydrogène', 0),
    (728, N'Métallique', 0);

IF NOT EXISTS (SELECT 1 FROM [dbo].[QuestionTheme_QTH] WHERE Id_Question = 728 AND Id_Theme = @ThemeId)
BEGIN
    INSERT INTO [dbo].[QuestionTheme_QTH] ([Id_Question], [Id_Theme]) VALUES (728, @ThemeId);
END

-- Question 158
SET IDENTITY_INSERT [dbo].[Question_QST] ON;
IF NOT EXISTS (SELECT 1 FROM [dbo].[Question_QST] WHERE Id = 729)
BEGIN
    INSERT INTO [dbo].[Question_QST] ([Id], [Question], [Id_Difficulty])
    VALUES (729, N'Quel physicien a mis en évidence la dualité onde-corpuscule ?', 4);
END
SET IDENTITY_INSERT [dbo].[Question_QST] OFF;

INSERT INTO [dbo].[Answer_ANS] ([Id_Question], [Value], [Valid]) VALUES
    (729, N'de Broglie', 1),
    (729, N'Bohr', 0),
    (729, N'Einstein', 0),
    (729, N'Heisenberg', 0);

IF NOT EXISTS (SELECT 1 FROM [dbo].[QuestionTheme_QTH] WHERE Id_Question = 729 AND Id_Theme = @ThemeId)
BEGIN
    INSERT INTO [dbo].[QuestionTheme_QTH] ([Id_Question], [Id_Theme]) VALUES (729, @ThemeId);
END

-- Question 159
SET IDENTITY_INSERT [dbo].[Question_QST] ON;
IF NOT EXISTS (SELECT 1 FROM [dbo].[Question_QST] WHERE Id = 730)
BEGIN
    INSERT INTO [dbo].[Question_QST] ([Id], [Question], [Id_Difficulty])
    VALUES (730, N'Quel est le rôle du nucléole dans la cellule ?', 4);
END
SET IDENTITY_INSERT [dbo].[Question_QST] OFF;

INSERT INTO [dbo].[Answer_ANS] ([Id_Question], [Value], [Valid]) VALUES
    (730, N'Synthèse des ribosomes', 1),
    (730, N'Production d’énergie', 0),
    (730, N'Division cellulaire', 0),
    (730, N'Dégradation des déchets', 0);

IF NOT EXISTS (SELECT 1 FROM [dbo].[QuestionTheme_QTH] WHERE Id_Question = 730 AND Id_Theme = @ThemeId)
BEGIN
    INSERT INTO [dbo].[QuestionTheme_QTH] ([Id_Question], [Id_Theme]) VALUES (730, @ThemeId);
END

-- Question 160
SET IDENTITY_INSERT [dbo].[Question_QST] ON;
IF NOT EXISTS (SELECT 1 FROM [dbo].[Question_QST] WHERE Id = 731)
BEGIN
    INSERT INTO [dbo].[Question_QST] ([Id], [Question], [Id_Difficulty])
    VALUES (731, N'Quelle loi de la thermodynamique établit que l’énergie ne peut être ni créée ni détruite ?', 4);
END
SET IDENTITY_INSERT [dbo].[Question_QST] OFF;

INSERT INTO [dbo].[Answer_ANS] ([Id_Question], [Value], [Valid]) VALUES
    (731, N'Première loi', 1),
    (731, N'Deuxième loi', 0),
    (731, N'Troisième loi', 0),
    (731, N'Zéroième loi', 0);

IF NOT EXISTS (SELECT 1 FROM [dbo].[QuestionTheme_QTH] WHERE Id_Question = 731 AND Id_Theme = @ThemeId)
BEGIN
    INSERT INTO [dbo].[QuestionTheme_QTH] ([Id_Question], [Id_Theme]) VALUES (731, @ThemeId);
END

-- Question 161
SET IDENTITY_INSERT [dbo].[Question_QST] ON;
IF NOT EXISTS (SELECT 1 FROM [dbo].[Question_QST] WHERE Id = 732)
BEGIN
    INSERT INTO [dbo].[Question_QST] ([Id], [Question], [Id_Difficulty])
    VALUES (732, N'Quel est le rôle de l’enzyme ADN polymérase ?', 4);
END
SET IDENTITY_INSERT [dbo].[Question_QST] OFF;

INSERT INTO [dbo].[Answer_ANS] ([Id_Question], [Value], [Valid]) VALUES
    (732, N'Synthèse d’ADN', 1),
    (732, N'Synthèse d’ARN', 0),
    (732, N'Transport d’énergie', 0),
    (732, N'Dégradation de protéines', 0);

IF NOT EXISTS (SELECT 1 FROM [dbo].[QuestionTheme_QTH] WHERE Id_Question = 732 AND Id_Theme = @ThemeId)
BEGIN
    INSERT INTO [dbo].[QuestionTheme_QTH] ([Id_Question], [Id_Theme]) VALUES (732, @ThemeId);
END

-- Question 162
SET IDENTITY_INSERT [dbo].[Question_QST] ON;
IF NOT EXISTS (SELECT 1 FROM [dbo].[Question_QST] WHERE Id = 733)
BEGIN
    INSERT INTO [dbo].[Question_QST] ([Id], [Question], [Id_Difficulty])
    VALUES (733, N'Quel est le principe de superposition en physique quantique ?', 4);
END
SET IDENTITY_INSERT [dbo].[Question_QST] OFF;

INSERT INTO [dbo].[Answer_ANS] ([Id_Question], [Value], [Valid]) VALUES
    (733, N'Une particule peut être dans plusieurs états simultanément', 1),
    (733, N'Une particule ne peut être qu’à un endroit', 0),
    (733, N'La lumière se propage en ligne droite', 0),
    (733, N'Les ondes sonores se superposent', 0);

IF NOT EXISTS (SELECT 1 FROM [dbo].[QuestionTheme_QTH] WHERE Id_Question = 733 AND Id_Theme = @ThemeId)
BEGIN
    INSERT INTO [dbo].[QuestionTheme_QTH] ([Id_Question], [Id_Theme]) VALUES (733, @ThemeId);
END

-- Question 163
SET IDENTITY_INSERT [dbo].[Question_QST] ON;
IF NOT EXISTS (SELECT 1 FROM [dbo].[Question_QST] WHERE Id = 734)
BEGIN
    INSERT INTO [dbo].[Question_QST] ([Id], [Question], [Id_Difficulty])
    VALUES (734, N'Quelle est la constante de structure fine ?', 4);
END
SET IDENTITY_INSERT [dbo].[Question_QST] OFF;

INSERT INTO [dbo].[Answer_ANS] ([Id_Question], [Value], [Valid]) VALUES
    (734, N'1/137', 1),
    (734, N'9,81', 0),
    (734, N'3×10⁸', 0),
    (734, N'6,626×10⁻³⁴', 0);

IF NOT EXISTS (SELECT 1 FROM [dbo].[QuestionTheme_QTH] WHERE Id_Question = 734 AND Id_Theme = @ThemeId)
BEGIN
    INSERT INTO [dbo].[QuestionTheme_QTH] ([Id_Question], [Id_Theme]) VALUES (734, @ThemeId);
END

-- Question 164
SET IDENTITY_INSERT [dbo].[Question_QST] ON;
IF NOT EXISTS (SELECT 1 FROM [dbo].[Question_QST] WHERE Id = 735)
BEGIN
    INSERT INTO [dbo].[Question_QST] ([Id], [Question], [Id_Difficulty])
    VALUES (735, N'Quel isotope est utilisé dans la médecine nucléaire pour l’imagerie ?', 4);
END
SET IDENTITY_INSERT [dbo].[Question_QST] OFF;

INSERT INTO [dbo].[Answer_ANS] ([Id_Question], [Value], [Valid]) VALUES
    (735, N'Technétium-99m', 1),
    (735, N'Carbone-14', 0),
    (735, N'Uranium-235', 0),
    (735, N'Plomb-206', 0);

IF NOT EXISTS (SELECT 1 FROM [dbo].[QuestionTheme_QTH] WHERE Id_Question = 735 AND Id_Theme = @ThemeId)
BEGIN
    INSERT INTO [dbo].[QuestionTheme_QTH] ([Id_Question], [Id_Theme]) VALUES (735, @ThemeId);
END

-- Question 165
SET IDENTITY_INSERT [dbo].[Question_QST] ON;
IF NOT EXISTS (SELECT 1 FROM [dbo].[Question_QST] WHERE Id = 736)
BEGIN
    INSERT INTO [dbo].[Question_QST] ([Id], [Question], [Id_Difficulty])
    VALUES (736, N'Quel est le rôle des microtubules ?', 4);
END
SET IDENTITY_INSERT [dbo].[Question_QST] OFF;

INSERT INTO [dbo].[Answer_ANS] ([Id_Question], [Value], [Valid]) VALUES
    (736, N'Support structurel et transport intracellulaire', 1),
    (736, N'Synthèse de protéines', 0),
    (736, N'Stockage d’énergie', 0),
    (736, N'Transport de l’oxygène', 0);

IF NOT EXISTS (SELECT 1 FROM [dbo].[QuestionTheme_QTH] WHERE Id_Question = 736 AND Id_Theme = @ThemeId)
BEGIN
    INSERT INTO [dbo].[QuestionTheme_QTH] ([Id_Question], [Id_Theme]) VALUES (736, @ThemeId);
END

-- Question 166
SET IDENTITY_INSERT [dbo].[Question_QST] ON;
IF NOT EXISTS (SELECT 1 FROM [dbo].[Question_QST] WHERE Id = 737)
BEGIN
    INSERT INTO [dbo].[Question_QST] ([Id], [Question], [Id_Difficulty])
    VALUES (737, N'Quelle théorie décrit l’univers en expansion ?', 4);
END
SET IDENTITY_INSERT [dbo].[Question_QST] OFF;

INSERT INTO [dbo].[Answer_ANS] ([Id_Question], [Value], [Valid]) VALUES
    (737, N'Big Bang', 1),
    (737, N'Relativité restreinte', 0),
    (737, N'Mécanique quantique', 0),
    (737, N'Théorie des cordes', 0);

IF NOT EXISTS (SELECT 1 FROM [dbo].[QuestionTheme_QTH] WHERE Id_Question = 737 AND Id_Theme = @ThemeId)
BEGIN
    INSERT INTO [dbo].[QuestionTheme_QTH] ([Id_Question], [Id_Theme]) VALUES (737, @ThemeId);
END

-- Question 167
SET IDENTITY_INSERT [dbo].[Question_QST] ON;
IF NOT EXISTS (SELECT 1 FROM [dbo].[Question_QST] WHERE Id = 738)
BEGIN
    INSERT INTO [dbo].[Question_QST] ([Id], [Question], [Id_Difficulty])
    VALUES (738, N'Quel physicien a formulé le principe d’exclusion ?', 4);
END
SET IDENTITY_INSERT [dbo].[Question_QST] OFF;

INSERT INTO [dbo].[Answer_ANS] ([Id_Question], [Value], [Valid]) VALUES
    (738, N'Pauli', 1),
    (738, N'Heisenberg', 0),
    (738, N'Bohr', 0),
    (738, N'Dirac', 0);

IF NOT EXISTS (SELECT 1 FROM [dbo].[QuestionTheme_QTH] WHERE Id_Question = 738 AND Id_Theme = @ThemeId)
BEGIN
    INSERT INTO [dbo].[QuestionTheme_QTH] ([Id_Question], [Id_Theme]) VALUES (738, @ThemeId);
END

-- Question 168
SET IDENTITY_INSERT [dbo].[Question_QST] ON;
IF NOT EXISTS (SELECT 1 FROM [dbo].[Question_QST] WHERE Id = 739)
BEGIN
    INSERT INTO [dbo].[Question_QST] ([Id], [Question], [Id_Difficulty])
    VALUES (739, N'Quel est le rôle des histones dans la cellule ?', 4);
END
SET IDENTITY_INSERT [dbo].[Question_QST] OFF;

INSERT INTO [dbo].[Answer_ANS] ([Id_Question], [Value], [Valid]) VALUES
    (739, N'Compactage de l’ADN', 1),
    (739, N'Synthèse d’énergie', 0),
    (739, N'Transport intracellulaire', 0),
    (739, N'Division cellulaire', 0);

IF NOT EXISTS (SELECT 1 FROM [dbo].[QuestionTheme_QTH] WHERE Id_Question = 739 AND Id_Theme = @ThemeId)
BEGIN
    INSERT INTO [dbo].[QuestionTheme_QTH] ([Id_Question], [Id_Theme]) VALUES (739, @ThemeId);
END

-- Question 169
SET IDENTITY_INSERT [dbo].[Question_QST] ON;
IF NOT EXISTS (SELECT 1 FROM [dbo].[Question_QST] WHERE Id = 740)
BEGIN
    INSERT INTO [dbo].[Question_QST] ([Id], [Question], [Id_Difficulty])
    VALUES (740, N'Quel est le nom de la particule associée à la force nucléaire faible ?', 4);
END
SET IDENTITY_INSERT [dbo].[Question_QST] OFF;

INSERT INTO [dbo].[Answer_ANS] ([Id_Question], [Value], [Valid]) VALUES
    (740, N'Boson W/Z', 1),
    (740, N'Photon', 0),
    (740, N'Gluon', 0),
    (740, N'Graviton', 0);

IF NOT EXISTS (SELECT 1 FROM [dbo].[QuestionTheme_QTH] WHERE Id_Question = 740 AND Id_Theme = @ThemeId)
BEGIN
    INSERT INTO [dbo].[QuestionTheme_QTH] ([Id_Question], [Id_Theme]) VALUES (740, @ThemeId);
END

-- Question 170
SET IDENTITY_INSERT [dbo].[Question_QST] ON;
IF NOT EXISTS (SELECT 1 FROM [dbo].[Question_QST] WHERE Id = 741)
BEGIN
    INSERT INTO [dbo].[Question_QST] ([Id], [Question], [Id_Difficulty])
    VALUES (741, N'Quel scientifique a découvert la diffraction des électrons ?', 4);
END
SET IDENTITY_INSERT [dbo].[Question_QST] OFF;

INSERT INTO [dbo].[Answer_ANS] ([Id_Question], [Value], [Valid]) VALUES
    (741, N'Davisson et Germer', 1),
    (741, N'Einstein', 0),
    (741, N'Thomson', 0),
    (741, N'Bohr', 0);

IF NOT EXISTS (SELECT 1 FROM [dbo].[QuestionTheme_QTH] WHERE Id_Question = 741 AND Id_Theme = @ThemeId)
BEGIN
    INSERT INTO [dbo].[QuestionTheme_QTH] ([Id_Question], [Id_Theme]) VALUES (741, @ThemeId);
END

-- Question 171
SET IDENTITY_INSERT [dbo].[Question_QST] ON;
IF NOT EXISTS (SELECT 1 FROM [dbo].[Question_QST] WHERE Id = 742)
BEGIN
    INSERT INTO [dbo].[Question_QST] ([Id], [Question], [Id_Difficulty])
    VALUES (742, N'Quel est le mécanisme de l’effet tunnel ?', 4);
END
SET IDENTITY_INSERT [dbo].[Question_QST] OFF;

INSERT INTO [dbo].[Answer_ANS] ([Id_Question], [Value], [Valid]) VALUES
    (742, N'Une particule traverse une barrière qu’elle ne devrait pas franchir classiquement', 1),
    (742, N'Réflexion des ondes', 0),
    (742, N'Diffraction des particules', 0),
    (742, N'Propagation linéaire de la lumière', 0);

IF NOT EXISTS (SELECT 1 FROM [dbo].[QuestionTheme_QTH] WHERE Id_Question = 742 AND Id_Theme = @ThemeId)
BEGIN
    INSERT INTO [dbo].[QuestionTheme_QTH] ([Id_Question], [Id_Theme]) VALUES (742, @ThemeId);
END

-- Question 172
SET IDENTITY_INSERT [dbo].[Question_QST] ON;
IF NOT EXISTS (SELECT 1 FROM [dbo].[Question_QST] WHERE Id = 743)
BEGIN
    INSERT INTO [dbo].[Question_QST] ([Id], [Question], [Id_Difficulty])
    VALUES (743, N'Quel type de spectroscopie permet d’étudier la structure électronique ?', 4);
END
SET IDENTITY_INSERT [dbo].[Question_QST] OFF;

INSERT INTO [dbo].[Answer_ANS] ([Id_Question], [Value], [Valid]) VALUES
    (743, N'Spectroscopie UV-Vis', 1),
    (743, N'IR', 0),
    (743, N'RMN', 0),
    (743, N'Raman', 0);

IF NOT EXISTS (SELECT 1 FROM [dbo].[QuestionTheme_QTH] WHERE Id_Question = 743 AND Id_Theme = @ThemeId)
BEGIN
    INSERT INTO [dbo].[QuestionTheme_QTH] ([Id_Question], [Id_Theme]) VALUES (743, @ThemeId);
END

-- Question 173
SET IDENTITY_INSERT [dbo].[Question_QST] ON;
IF NOT EXISTS (SELECT 1 FROM [dbo].[Question_QST] WHERE Id = 744)
BEGIN
    INSERT INTO [dbo].[Question_QST] ([Id], [Question], [Id_Difficulty])
    VALUES (744, N'Quel est le rôle du réticulum endoplasmique rugueux ?', 4);
END
SET IDENTITY_INSERT [dbo].[Question_QST] OFF;

INSERT INTO [dbo].[Answer_ANS] ([Id_Question], [Value], [Valid]) VALUES
    (744, N'Synthèse des protéines', 1),
    (744, N'Production d’énergie', 0),
    (744, N'Stockage de lipides', 0),
    (744, N'Transport d’oxygène', 0);

IF NOT EXISTS (SELECT 1 FROM [dbo].[QuestionTheme_QTH] WHERE Id_Question = 744 AND Id_Theme = @ThemeId)
BEGIN
    INSERT INTO [dbo].[QuestionTheme_QTH] ([Id_Question], [Id_Theme]) VALUES (744, @ThemeId);
END

-- Question 174
SET IDENTITY_INSERT [dbo].[Question_QST] ON;
IF NOT EXISTS (SELECT 1 FROM [dbo].[Question_QST] WHERE Id = 745)
BEGIN
    INSERT INTO [dbo].[Question_QST] ([Id], [Question], [Id_Difficulty])
    VALUES (745, N'Quelle particule est neutre et constitue le noyau avec les protons ?', 4);
END
SET IDENTITY_INSERT [dbo].[Question_QST] OFF;

INSERT INTO [dbo].[Answer_ANS] ([Id_Question], [Value], [Valid]) VALUES
    (745, N'Neutron', 1),
    (745, N'Électron', 0),
    (745, N'Quark', 0),
    (745, N'Photon', 0);

IF NOT EXISTS (SELECT 1 FROM [dbo].[QuestionTheme_QTH] WHERE Id_Question = 745 AND Id_Theme = @ThemeId)
BEGIN
    INSERT INTO [dbo].[QuestionTheme_QTH] ([Id_Question], [Id_Theme]) VALUES (745, @ThemeId);
END

-- Question 175
SET IDENTITY_INSERT [dbo].[Question_QST] ON;
IF NOT EXISTS (SELECT 1 FROM [dbo].[Question_QST] WHERE Id = 746)
BEGIN
    INSERT INTO [dbo].[Question_QST] ([Id], [Question], [Id_Difficulty])
    VALUES (746, N'Quel est le rôle de la télomérase ?', 4);
END
SET IDENTITY_INSERT [dbo].[Question_QST] OFF;

INSERT INTO [dbo].[Answer_ANS] ([Id_Question], [Value], [Valid]) VALUES
    (746, N'Allonger les télomères', 1),
    (746, N'Synthétiser l’ADN', 0),
    (746, N'Produire des protéines', 0),
    (746, N'Transcrire l’ARN', 0);

IF NOT EXISTS (SELECT 1 FROM [dbo].[QuestionTheme_QTH] WHERE Id_Question = 746 AND Id_Theme = @ThemeId)
BEGIN
    INSERT INTO [dbo].[QuestionTheme_QTH] ([Id_Question], [Id_Theme]) VALUES (746, @ThemeId);
END

-- Question 176
SET IDENTITY_INSERT [dbo].[Question_QST] ON;
IF NOT EXISTS (SELECT 1 FROM [dbo].[Question_QST] WHERE Id = 747)
BEGIN
    INSERT INTO [dbo].[Question_QST] ([Id], [Question], [Id_Difficulty])
    VALUES (747, N'Quelle est la loi de Planck ?', 4);
END
SET IDENTITY_INSERT [dbo].[Question_QST] OFF;

INSERT INTO [dbo].[Answer_ANS] ([Id_Question], [Value], [Valid]) VALUES
    (747, N'Spectre du corps noir', 1),
    (747, N'Gravité universelle', 0),
    (747, N'Loi des gaz parfaits', 0),
    (747, N'Effet photoélectrique', 0);

IF NOT EXISTS (SELECT 1 FROM [dbo].[QuestionTheme_QTH] WHERE Id_Question = 747 AND Id_Theme = @ThemeId)
BEGIN
    INSERT INTO [dbo].[QuestionTheme_QTH] ([Id_Question], [Id_Theme]) VALUES (747, @ThemeId);
END

-- Question 177
SET IDENTITY_INSERT [dbo].[Question_QST] ON;
IF NOT EXISTS (SELECT 1 FROM [dbo].[Question_QST] WHERE Id = 748)
BEGIN
    INSERT INTO [dbo].[Question_QST] ([Id], [Question], [Id_Difficulty])
    VALUES (748, N'Quel physicien a formulé l’équation de Schrödinger ?', 4);
END
SET IDENTITY_INSERT [dbo].[Question_QST] OFF;

INSERT INTO [dbo].[Answer_ANS] ([Id_Question], [Value], [Valid]) VALUES
    (748, N'Schrödinger', 1),
    (748, N'Heisenberg', 0),
    (748, N'Bohr', 0),
    (748, N'Dirac', 0);

IF NOT EXISTS (SELECT 1 FROM [dbo].[QuestionTheme_QTH] WHERE Id_Question = 748 AND Id_Theme = @ThemeId)
BEGIN
    INSERT INTO [dbo].[QuestionTheme_QTH] ([Id_Question], [Id_Theme]) VALUES (748, @ThemeId);
END

-- Question 178
SET IDENTITY_INSERT [dbo].[Question_QST] ON;
IF NOT EXISTS (SELECT 1 FROM [dbo].[Question_QST] WHERE Id = 749)
BEGIN
    INSERT INTO [dbo].[Question_QST] ([Id], [Question], [Id_Difficulty])
    VALUES (749, N'Quel est le rôle des canaux ioniques ?', 4);
END
SET IDENTITY_INSERT [dbo].[Question_QST] OFF;

INSERT INTO [dbo].[Answer_ANS] ([Id_Question], [Value], [Valid]) VALUES
    (749, N'Transport sélectif des ions à travers la membrane', 1),
    (749, N'Stockage de l’énergie', 0),
    (749, N'Synthèse d’ATP', 0),
    (749, N'Réparation de l’ADN', 0);

IF NOT EXISTS (SELECT 1 FROM [dbo].[QuestionTheme_QTH] WHERE Id_Question = 749 AND Id_Theme = @ThemeId)
BEGIN
    INSERT INTO [dbo].[QuestionTheme_QTH] ([Id_Question], [Id_Theme]) VALUES (749, @ThemeId);
END

-- Question 179
SET IDENTITY_INSERT [dbo].[Question_QST] ON;
IF NOT EXISTS (SELECT 1 FROM [dbo].[Question_QST] WHERE Id = 750)
BEGIN
    INSERT INTO [dbo].[Question_QST] ([Id], [Question], [Id_Difficulty])
    VALUES (750, N'Quelle particule est associée à la gravité ?', 4);
END
SET IDENTITY_INSERT [dbo].[Question_QST] OFF;

INSERT INTO [dbo].[Answer_ANS] ([Id_Question], [Value], [Valid]) VALUES
    (750, N'Graviton', 1),
    (750, N'Photon', 0),
    (750, N'Gluon', 0),
    (750, N'Boson W', 0);

IF NOT EXISTS (SELECT 1 FROM [dbo].[QuestionTheme_QTH] WHERE Id_Question = 750 AND Id_Theme = @ThemeId)
BEGIN
    INSERT INTO [dbo].[QuestionTheme_QTH] ([Id_Question], [Id_Theme]) VALUES (750, @ThemeId);
END

-- Question 180
SET IDENTITY_INSERT [dbo].[Question_QST] ON;
IF NOT EXISTS (SELECT 1 FROM [dbo].[Question_QST] WHERE Id = 751)
BEGIN
    INSERT INTO [dbo].[Question_QST] ([Id], [Question], [Id_Difficulty])
    VALUES (751, N'Quel est le rôle du centrosome ?', 4);
END
SET IDENTITY_INSERT [dbo].[Question_QST] OFF;

INSERT INTO [dbo].[Answer_ANS] ([Id_Question], [Value], [Valid]) VALUES
    (751, N'Organisation du cytosquelette et division cellulaire', 1),
    (751, N'Synthèse de protéines', 0),
    (751, N'Production d’énergie', 0),
    (751, N'Transport intracellulaire', 0);

IF NOT EXISTS (SELECT 1 FROM [dbo].[QuestionTheme_QTH] WHERE Id_Question = 751 AND Id_Theme = @ThemeId)
BEGIN
    INSERT INTO [dbo].[QuestionTheme_QTH] ([Id_Question], [Id_Theme]) VALUES (751, @ThemeId);
END

-- Question 181
SET IDENTITY_INSERT [dbo].[Question_QST] ON;
IF NOT EXISTS (SELECT 1 FROM [dbo].[Question_QST] WHERE Id = 752)
BEGIN
    INSERT INTO [dbo].[Question_QST] ([Id], [Question], [Id_Difficulty])
    VALUES (752, N'Quel scientifique a découvert le neutrino ?', 4);
END
SET IDENTITY_INSERT [dbo].[Question_QST] OFF;

INSERT INTO [dbo].[Answer_ANS] ([Id_Question], [Value], [Valid]) VALUES
    (752, N'Pauli', 1),
    (752, N'Fermi', 0),
    (752, N'Rutherford', 0),
    (752, N'Einstein', 0);

IF NOT EXISTS (SELECT 1 FROM [dbo].[QuestionTheme_QTH] WHERE Id_Question = 752 AND Id_Theme = @ThemeId)
BEGIN
    INSERT INTO [dbo].[QuestionTheme_QTH] ([Id_Question], [Id_Theme]) VALUES (752, @ThemeId);
END

-- Question 182
SET IDENTITY_INSERT [dbo].[Question_QST] ON;
IF NOT EXISTS (SELECT 1 FROM [dbo].[Question_QST] WHERE Id = 753)
BEGIN
    INSERT INTO [dbo].[Question_QST] ([Id], [Question], [Id_Difficulty])
    VALUES (753, N'Quel est le rôle des enzymes ?', 4);
END
SET IDENTITY_INSERT [dbo].[Question_QST] OFF;

INSERT INTO [dbo].[Answer_ANS] ([Id_Question], [Value], [Valid]) VALUES
    (753, N'Catalyser les réactions chimiques', 1),
    (753, N'Stocker l’énergie', 0),
    (753, N'Transporter les électrons', 0),
    (753, N'Produire des anticorps', 0);

IF NOT EXISTS (SELECT 1 FROM [dbo].[QuestionTheme_QTH] WHERE Id_Question = 753 AND Id_Theme = @ThemeId)
BEGIN
    INSERT INTO [dbo].[QuestionTheme_QTH] ([Id_Question], [Id_Theme]) VALUES (753, @ThemeId);
END

-- Question 183
SET IDENTITY_INSERT [dbo].[Question_QST] ON;
IF NOT EXISTS (SELECT 1 FROM [dbo].[Question_QST] WHERE Id = 754)
BEGIN
    INSERT INTO [dbo].[Question_QST] ([Id], [Question], [Id_Difficulty])
    VALUES (754, N'Quel est le principe de Heisenberg ?', 4);
END
SET IDENTITY_INSERT [dbo].[Question_QST] OFF;

INSERT INTO [dbo].[Answer_ANS] ([Id_Question], [Value], [Valid]) VALUES
    (754, N'On ne peut pas connaître simultanément position et vitesse', 1),
    (754, N'La lumière se déplace en ligne droite', 0),
    (754, N'L’énergie est conservée', 0),
    (754, N'La pression est proportionnelle au volume', 0);

IF NOT EXISTS (SELECT 1 FROM [dbo].[QuestionTheme_QTH] WHERE Id_Question = 754 AND Id_Theme = @ThemeId)
BEGIN
    INSERT INTO [dbo].[QuestionTheme_QTH] ([Id_Question], [Id_Theme]) VALUES (754, @ThemeId);
END

-- Question 184
SET IDENTITY_INSERT [dbo].[Question_QST] ON;
IF NOT EXISTS (SELECT 1 FROM [dbo].[Question_QST] WHERE Id = 755)
BEGIN
    INSERT INTO [dbo].[Question_QST] ([Id], [Question], [Id_Difficulty])
    VALUES (755, N'Quel est le rôle des aquaporines ?', 4);
END
SET IDENTITY_INSERT [dbo].[Question_QST] OFF;

INSERT INTO [dbo].[Answer_ANS] ([Id_Question], [Value], [Valid]) VALUES
    (755, N'Transport de l’eau à travers les membranes cellulaires', 1),
    (755, N'Transport des ions', 0),
    (755, N'Synthèse de protéines', 0),
    (755, N'Production d’énergie', 0);

IF NOT EXISTS (SELECT 1 FROM [dbo].[QuestionTheme_QTH] WHERE Id_Question = 755 AND Id_Theme = @ThemeId)
BEGIN
    INSERT INTO [dbo].[QuestionTheme_QTH] ([Id_Question], [Id_Theme]) VALUES (755, @ThemeId);
END

-- Question 185
SET IDENTITY_INSERT [dbo].[Question_QST] ON;
IF NOT EXISTS (SELECT 1 FROM [dbo].[Question_QST] WHERE Id = 756)
BEGIN
    INSERT INTO [dbo].[Question_QST] ([Id], [Question], [Id_Difficulty])
    VALUES (756, N'Quel est le rôle de la myéline ?', 4);
END
SET IDENTITY_INSERT [dbo].[Question_QST] OFF;

INSERT INTO [dbo].[Answer_ANS] ([Id_Question], [Value], [Valid]) VALUES
    (756, N'Isoler les axones et accélérer la conduction nerveuse', 1),
    (756, N'Produire des neurotransmetteurs', 0),
    (756, N'Transport d’oxygène', 0),
    (756, N'Stockage de l’énergie', 0);

IF NOT EXISTS (SELECT 1 FROM [dbo].[QuestionTheme_QTH] WHERE Id_Question = 756 AND Id_Theme = @ThemeId)
BEGIN
    INSERT INTO [dbo].[QuestionTheme_QTH] ([Id_Question], [Id_Theme]) VALUES (756, @ThemeId);
END

-- Question 186
SET IDENTITY_INSERT [dbo].[Question_QST] ON;
IF NOT EXISTS (SELECT 1 FROM [dbo].[Question_QST] WHERE Id = 757)
BEGIN
    INSERT INTO [dbo].[Question_QST] ([Id], [Question], [Id_Difficulty])
    VALUES (757, N'Quel est le rôle du ribosome dans la synthèse des protéines ?', 4);
END
SET IDENTITY_INSERT [dbo].[Question_QST] OFF;

INSERT INTO [dbo].[Answer_ANS] ([Id_Question], [Value], [Valid]) VALUES
    (757, N'Traduire l’ARN en protéines', 1),
    (757, N'Stocker de l’énergie', 0),
    (757, N'Transporter l’oxygène', 0),
    (757, N'Dégrader les déchets', 0);

IF NOT EXISTS (SELECT 1 FROM [dbo].[QuestionTheme_QTH] WHERE Id_Question = 757 AND Id_Theme = @ThemeId)
BEGIN
    INSERT INTO [dbo].[QuestionTheme_QTH] ([Id_Question], [Id_Theme]) VALUES (757, @ThemeId);
END

-- Question 187
SET IDENTITY_INSERT [dbo].[Question_QST] ON;
IF NOT EXISTS (SELECT 1 FROM [dbo].[Question_QST] WHERE Id = 758)
BEGIN
    INSERT INTO [dbo].[Question_QST] ([Id], [Question], [Id_Difficulty])
    VALUES (758, N'Quel physicien a proposé le modèle à couches électroniques ?', 4);
END
SET IDENTITY_INSERT [dbo].[Question_QST] OFF;

INSERT INTO [dbo].[Answer_ANS] ([Id_Question], [Value], [Valid]) VALUES
    (758, N'Bohr', 1),
    (758, N'Rutherford', 0),
    (758, N'Thomson', 0),
    (758, N'Einstein', 0);

IF NOT EXISTS (SELECT 1 FROM [dbo].[QuestionTheme_QTH] WHERE Id_Question = 758 AND Id_Theme = @ThemeId)
BEGIN
    INSERT INTO [dbo].[QuestionTheme_QTH] ([Id_Question], [Id_Theme]) VALUES (758, @ThemeId);
END

-- Question 188
SET IDENTITY_INSERT [dbo].[Question_QST] ON;
IF NOT EXISTS (SELECT 1 FROM [dbo].[Question_QST] WHERE Id = 759)
BEGIN
    INSERT INTO [dbo].[Question_QST] ([Id], [Question], [Id_Difficulty])
    VALUES (759, N'Quelle particule est responsable de la force nucléaire forte ?', 4);
END
SET IDENTITY_INSERT [dbo].[Question_QST] OFF;

INSERT INTO [dbo].[Answer_ANS] ([Id_Question], [Value], [Valid]) VALUES
    (759, N'Gluon', 1),
    (759, N'Photon', 0),
    (759, N'Boson W', 0),
    (759, N'Graviton', 0);

IF NOT EXISTS (SELECT 1 FROM [dbo].[QuestionTheme_QTH] WHERE Id_Question = 759 AND Id_Theme = @ThemeId)
BEGIN
    INSERT INTO [dbo].[QuestionTheme_QTH] ([Id_Question], [Id_Theme]) VALUES (759, @ThemeId);
END

-- Question 189
SET IDENTITY_INSERT [dbo].[Question_QST] ON;
IF NOT EXISTS (SELECT 1 FROM [dbo].[Question_QST] WHERE Id = 760)
BEGIN
    INSERT INTO [dbo].[Question_QST] ([Id], [Question], [Id_Difficulty])
    VALUES (760, N'Quel est le rôle du complexe de Golgi ?', 4);
END
SET IDENTITY_INSERT [dbo].[Question_QST] OFF;

INSERT INTO [dbo].[Answer_ANS] ([Id_Question], [Value], [Valid]) VALUES
    (760, N'Modification, tri et transport des protéines', 1),
    (760, N'Synthèse d’ATP', 0),
    (760, N'Division cellulaire', 0),
    (760, N'Production d’anticorps', 0);

IF NOT EXISTS (SELECT 1 FROM [dbo].[QuestionTheme_QTH] WHERE Id_Question = 760 AND Id_Theme = @ThemeId)
BEGIN
    INSERT INTO [dbo].[QuestionTheme_QTH] ([Id_Question], [Id_Theme]) VALUES (760, @ThemeId);
END

-- Question 190
SET IDENTITY_INSERT [dbo].[Question_QST] ON;
IF NOT EXISTS (SELECT 1 FROM [dbo].[Question_QST] WHERE Id = 761)
BEGIN
    INSERT INTO [dbo].[Question_QST] ([Id], [Question], [Id_Difficulty])
    VALUES (761, N'Quel est le rôle des plasmides ?', 4);
END
SET IDENTITY_INSERT [dbo].[Question_QST] OFF;

INSERT INTO [dbo].[Answer_ANS] ([Id_Question], [Value], [Valid]) VALUES
    (761, N'Transport et expression de gènes accessoires', 1),
    (761, N'Stockage de l’énergie', 0),
    (761, N'Synthèse de protéines', 0),
    (761, N'Transport d’oxygène', 0);

IF NOT EXISTS (SELECT 1 FROM [dbo].[QuestionTheme_QTH] WHERE Id_Question = 761 AND Id_Theme = @ThemeId)
BEGIN
    INSERT INTO [dbo].[QuestionTheme_QTH] ([Id_Question], [Id_Theme]) VALUES (761, @ThemeId);
END

-- Question 191
SET IDENTITY_INSERT [dbo].[Question_QST] ON;
IF NOT EXISTS (SELECT 1 FROM [dbo].[Question_QST] WHERE Id = 762)
BEGIN
    INSERT INTO [dbo].[Question_QST] ([Id], [Question], [Id_Difficulty])
    VALUES (762, N'Quel est le rôle du splicing de l’ARN ?', 4);
END
SET IDENTITY_INSERT [dbo].[Question_QST] OFF;

INSERT INTO [dbo].[Answer_ANS] ([Id_Question], [Value], [Valid]) VALUES
    (762, N'Élimination des introns et assemblage des exons', 1),
    (762, N'Synthèse d’ADN', 0),
    (762, N'Production d’ATP', 0),
    (762, N'Transport d’ions', 0);

IF NOT EXISTS (SELECT 1 FROM [dbo].[QuestionTheme_QTH] WHERE Id_Question = 762 AND Id_Theme = @ThemeId)
BEGIN
    INSERT INTO [dbo].[QuestionTheme_QTH] ([Id_Question], [Id_Theme]) VALUES (762, @ThemeId);
END

-- Question 192
SET IDENTITY_INSERT [dbo].[Question_QST] ON;
IF NOT EXISTS (SELECT 1 FROM [dbo].[Question_QST] WHERE Id = 763)
BEGIN
    INSERT INTO [dbo].[Question_QST] ([Id], [Question], [Id_Difficulty])
    VALUES (763, N'Quel physicien a formulé l’équation de Dirac ?', 4);
END
SET IDENTITY_INSERT [dbo].[Question_QST] OFF;

INSERT INTO [dbo].[Answer_ANS] ([Id_Question], [Value], [Valid]) VALUES
    (763, N'Dirac', 1),
    (763, N'Schrödinger', 0),
    (763, N'Heisenberg', 0),
    (763, N'Bohr', 0);

IF NOT EXISTS (SELECT 1 FROM [dbo].[QuestionTheme_QTH] WHERE Id_Question = 763 AND Id_Theme = @ThemeId)
BEGIN
    INSERT INTO [dbo].[QuestionTheme_QTH] ([Id_Question], [Id_Theme]) VALUES (763, @ThemeId);
END

-- Question 193
SET IDENTITY_INSERT [dbo].[Question_QST] ON;
IF NOT EXISTS (SELECT 1 FROM [dbo].[Question_QST] WHERE Id = 764)
BEGIN
    INSERT INTO [dbo].[Question_QST] ([Id], [Question], [Id_Difficulty])
    VALUES (764, N'Quel est le rôle des centrioles ?', 4);
END
SET IDENTITY_INSERT [dbo].[Question_QST] OFF;

INSERT INTO [dbo].[Answer_ANS] ([Id_Question], [Value], [Valid]) VALUES
    (764, N'Organisation du fuseau mitotique', 1),
    (764, N'Transport de protéines', 0),
    (764, N'Synthèse d’ATP', 0),
    (764, N'Production d’anticorps', 0);

IF NOT EXISTS (SELECT 1 FROM [dbo].[QuestionTheme_QTH] WHERE Id_Question = 764 AND Id_Theme = @ThemeId)
BEGIN
    INSERT INTO [dbo].[QuestionTheme_QTH] ([Id_Question], [Id_Theme]) VALUES (764, @ThemeId);
END

-- Question 194
SET IDENTITY_INSERT [dbo].[Question_QST] ON;
IF NOT EXISTS (SELECT 1 FROM [dbo].[Question_QST] WHERE Id = 765)
BEGIN
    INSERT INTO [dbo].[Question_QST] ([Id], [Question], [Id_Difficulty])
    VALUES (765, N'Quel est le principe de Pauli ?', 4);
END
SET IDENTITY_INSERT [dbo].[Question_QST] OFF;

INSERT INTO [dbo].[Answer_ANS] ([Id_Question], [Value], [Valid]) VALUES
    (765, N'Deux fermions identiques ne peuvent occuper le même état quantique', 1),
    (765, N'La lumière est une onde', 0),
    (765, N'La gravité agit à distance', 0),
    (765, N'L’énergie se conserve', 0);

IF NOT EXISTS (SELECT 1 FROM [dbo].[QuestionTheme_QTH] WHERE Id_Question = 765 AND Id_Theme = @ThemeId)
BEGIN
    INSERT INTO [dbo].[QuestionTheme_QTH] ([Id_Question], [Id_Theme]) VALUES (765, @ThemeId);
END

-- Question 195
SET IDENTITY_INSERT [dbo].[Question_QST] ON;
IF NOT EXISTS (SELECT 1 FROM [dbo].[Question_QST] WHERE Id = 766)
BEGIN
    INSERT INTO [dbo].[Question_QST] ([Id], [Question], [Id_Difficulty])
    VALUES (766, N'Quel est le rôle des canaux calciques voltage-dépendants ?', 4);
END
SET IDENTITY_INSERT [dbo].[Question_QST] OFF;

INSERT INTO [dbo].[Answer_ANS] ([Id_Question], [Value], [Valid]) VALUES
    (766, N'Entrée de Ca²⁺ dans les cellules excitées', 1),
    (766, N'Transport d’oxygène', 0),
    (766, N'Synthèse d’ATP', 0),
    (766, N'Transport de lipides', 0);

IF NOT EXISTS (SELECT 1 FROM [dbo].[QuestionTheme_QTH] WHERE Id_Question = 766 AND Id_Theme = @ThemeId)
BEGIN
    INSERT INTO [dbo].[QuestionTheme_QTH] ([Id_Question], [Id_Theme]) VALUES (766, @ThemeId);
END

-- Question 196
SET IDENTITY_INSERT [dbo].[Question_QST] ON;
IF NOT EXISTS (SELECT 1 FROM [dbo].[Question_QST] WHERE Id = 767)
BEGIN
    INSERT INTO [dbo].[Question_QST] ([Id], [Question], [Id_Difficulty])
    VALUES (767, N'Quel est le rôle des mitochondries dans le métabolisme cellulaire ?', 4);
END
SET IDENTITY_INSERT [dbo].[Question_QST] OFF;

INSERT INTO [dbo].[Answer_ANS] ([Id_Question], [Value], [Valid]) VALUES
    (767, N'Production d’ATP par respiration', 1),
    (767, N'Stockage de protéines', 0),
    (767, N'Transport de lipides', 0),
    (767, N'Réparation d’ADN', 0);

IF NOT EXISTS (SELECT 1 FROM [dbo].[QuestionTheme_QTH] WHERE Id_Question = 767 AND Id_Theme = @ThemeId)
BEGIN
    INSERT INTO [dbo].[QuestionTheme_QTH] ([Id_Question], [Id_Theme]) VALUES (767, @ThemeId);
END

-- Question 197
SET IDENTITY_INSERT [dbo].[Question_QST] ON;
IF NOT EXISTS (SELECT 1 FROM [dbo].[Question_QST] WHERE Id = 768)
BEGIN
    INSERT INTO [dbo].[Question_QST] ([Id], [Question], [Id_Difficulty])
    VALUES (768, N'Quel scientifique a proposé le modèle quantique de l’atome ?', 4);
END
SET IDENTITY_INSERT [dbo].[Question_QST] OFF;

INSERT INTO [dbo].[Answer_ANS] ([Id_Question], [Value], [Valid]) VALUES
    (768, N'Bohr', 0),
    (768, N'Rutherford', 0),
    (768, N'Schrödinger', 1),
    (768, N'Einstein', 0);

IF NOT EXISTS (SELECT 1 FROM [dbo].[QuestionTheme_QTH] WHERE Id_Question = 768 AND Id_Theme = @ThemeId)
BEGIN
    INSERT INTO [dbo].[QuestionTheme_QTH] ([Id_Question], [Id_Theme]) VALUES (768, @ThemeId);
END

-- Question 198
SET IDENTITY_INSERT [dbo].[Question_QST] ON;
IF NOT EXISTS (SELECT 1 FROM [dbo].[Question_QST] WHERE Id = 769)
BEGIN
    INSERT INTO [dbo].[Question_QST] ([Id], [Question], [Id_Difficulty])
    VALUES (769, N'Quel est le rôle des endosomes ?', 4);
END
SET IDENTITY_INSERT [dbo].[Question_QST] OFF;

INSERT INTO [dbo].[Answer_ANS] ([Id_Question], [Value], [Valid]) VALUES
    (769, N'Tri et transport intracellulaire', 1),
    (769, N'Synthèse de protéines', 0),
    (769, N'Production d’énergie', 0),
    (769, N'Transport d’oxygène', 0);

IF NOT EXISTS (SELECT 1 FROM [dbo].[QuestionTheme_QTH] WHERE Id_Question = 769 AND Id_Theme = @ThemeId)
BEGIN
    INSERT INTO [dbo].[QuestionTheme_QTH] ([Id_Question], [Id_Theme]) VALUES (769, @ThemeId);
END

-- Question 199
SET IDENTITY_INSERT [dbo].[Question_QST] ON;
IF NOT EXISTS (SELECT 1 FROM [dbo].[Question_QST] WHERE Id = 770)
BEGIN
    INSERT INTO [dbo].[Question_QST] ([Id], [Question], [Id_Difficulty])
    VALUES (770, N'Quel est le rôle du calcium dans les muscles ?', 4);
END
SET IDENTITY_INSERT [dbo].[Question_QST] OFF;

INSERT INTO [dbo].[Answer_ANS] ([Id_Question], [Value], [Valid]) VALUES
    (770, N'Contraction musculaire', 1),
    (770, N'Transport d’oxygène', 0),
    (770, N'Production d’énergie', 0),
    (770, N'Synthèse de protéines', 0);

IF NOT EXISTS (SELECT 1 FROM [dbo].[QuestionTheme_QTH] WHERE Id_Question = 770 AND Id_Theme = @ThemeId)
BEGIN
    INSERT INTO [dbo].[QuestionTheme_QTH] ([Id_Question], [Id_Theme]) VALUES (770, @ThemeId);
END

-- Question 200
SET IDENTITY_INSERT [dbo].[Question_QST] ON;
IF NOT EXISTS (SELECT 1 FROM [dbo].[Question_QST] WHERE Id = 771)
BEGIN
    INSERT INTO [dbo].[Question_QST] ([Id], [Question], [Id_Difficulty])
    VALUES (771, N'Quelle particule a été découverte au LHC par l’expérience ATLAS et CMS ?', 4);
END
SET IDENTITY_INSERT [dbo].[Question_QST] OFF;

INSERT INTO [dbo].[Answer_ANS] ([Id_Question], [Value], [Valid]) VALUES
    (771, N'Boson de Higgs', 1),
    (771, N'Quark top', 0),
    (771, N'Photon', 0),
    (771, N'Neutrino', 0);

IF NOT EXISTS (SELECT 1 FROM [dbo].[QuestionTheme_QTH] WHERE Id_Question = 771 AND Id_Theme = @ThemeId)
BEGIN
    INSERT INTO [dbo].[QuestionTheme_QTH] ([Id_Question], [Id_Theme]) VALUES (771, @ThemeId);
END

-- Question 201
SET IDENTITY_INSERT [dbo].[Question_QST] ON;
IF NOT EXISTS (SELECT 1 FROM [dbo].[Question_QST] WHERE Id = 772)
BEGIN
    INSERT INTO [dbo].[Question_QST] ([Id], [Question], [Id_Difficulty])
    VALUES (772, N'Quel est le rôle de l’ARN ribosomal ?', 4);
END
SET IDENTITY_INSERT [dbo].[Question_QST] OFF;

INSERT INTO [dbo].[Answer_ANS] ([Id_Question], [Value], [Valid]) VALUES
    (772, N'Constituer les ribosomes', 1),
    (772, N'Transporter l’information génétique', 0),
    (772, N'Produire de l’énergie', 0),
    (772, N'Synthétiser des lipides', 0);

IF NOT EXISTS (SELECT 1 FROM [dbo].[QuestionTheme_QTH] WHERE Id_Question = 772 AND Id_Theme = @ThemeId)
BEGIN
    INSERT INTO [dbo].[QuestionTheme_QTH] ([Id_Question], [Id_Theme]) VALUES (772, @ThemeId);
END

-- Question 202
SET IDENTITY_INSERT [dbo].[Question_QST] ON;
IF NOT EXISTS (SELECT 1 FROM [dbo].[Question_QST] WHERE Id = 773)
BEGIN
    INSERT INTO [dbo].[Question_QST] ([Id], [Question], [Id_Difficulty])
    VALUES (773, N'Quel phénomène explique la polarisation de la lumière ?', 4);
END
SET IDENTITY_INSERT [dbo].[Question_QST] OFF;

INSERT INTO [dbo].[Answer_ANS] ([Id_Question], [Value], [Valid]) VALUES
    (773, N'Oscillation des ondes électromagnétiques dans une direction', 1),
    (773, N'Diffraction', 0),
    (773, N'Réflexion', 0),
    (773, N'Réfraction', 0);

IF NOT EXISTS (SELECT 1 FROM [dbo].[QuestionTheme_QTH] WHERE Id_Question = 773 AND Id_Theme = @ThemeId)
BEGIN
    INSERT INTO [dbo].[QuestionTheme_QTH] ([Id_Question], [Id_Theme]) VALUES (773, @ThemeId);
END

-- ======================
-- Questions / Réponses - Thème : Sport (196 questions)
-- ======================
SET @ThemeId = (SELECT Id FROM [dbo].[Theme_THM] WHERE Label = N'Sport');

-- Question 1
SET IDENTITY_INSERT [dbo].[Question_QST] ON;
IF NOT EXISTS (SELECT 1 FROM [dbo].[Question_QST] WHERE Id = 774)
BEGIN
    INSERT INTO [dbo].[Question_QST] ([Id], [Question], [Id_Difficulty])
    VALUES (774, N'Quel sport utilise un ballon ovale ?', 1);
END
SET IDENTITY_INSERT [dbo].[Question_QST] OFF;

INSERT INTO [dbo].[Answer_ANS] ([Id_Question], [Value], [Valid]) VALUES
    (774, N'Rugby', 1),
    (774, N'Football', 0),
    (774, N'Basketball', 0),
    (774, N'Handball', 0);

IF NOT EXISTS (SELECT 1 FROM [dbo].[QuestionTheme_QTH] WHERE Id_Question = 774 AND Id_Theme = @ThemeId)
BEGIN
    INSERT INTO [dbo].[QuestionTheme_QTH] ([Id_Question], [Id_Theme]) VALUES (774, @ThemeId);
END

-- Question 2
SET IDENTITY_INSERT [dbo].[Question_QST] ON;
IF NOT EXISTS (SELECT 1 FROM [dbo].[Question_QST] WHERE Id = 775)
BEGIN
    INSERT INTO [dbo].[Question_QST] ([Id], [Question], [Id_Difficulty])
    VALUES (775, N'Combien de joueurs y a-t-il dans une équipe de football ?', 1);
END
SET IDENTITY_INSERT [dbo].[Question_QST] OFF;

INSERT INTO [dbo].[Answer_ANS] ([Id_Question], [Value], [Valid]) VALUES
    (775, N'11', 1),
    (775, N'10', 0),
    (775, N'9', 0),
    (775, N'12', 0);

IF NOT EXISTS (SELECT 1 FROM [dbo].[QuestionTheme_QTH] WHERE Id_Question = 775 AND Id_Theme = @ThemeId)
BEGIN
    INSERT INTO [dbo].[QuestionTheme_QTH] ([Id_Question], [Id_Theme]) VALUES (775, @ThemeId);
END

-- Question 3
SET IDENTITY_INSERT [dbo].[Question_QST] ON;
IF NOT EXISTS (SELECT 1 FROM [dbo].[Question_QST] WHERE Id = 776)
BEGIN
    INSERT INTO [dbo].[Question_QST] ([Id], [Question], [Id_Difficulty])
    VALUES (776, N'Quel pays a remporté la Coupe du Monde 2018 ?', 1);
END
SET IDENTITY_INSERT [dbo].[Question_QST] OFF;

INSERT INTO [dbo].[Answer_ANS] ([Id_Question], [Value], [Valid]) VALUES
    (776, N'France', 1),
    (776, N'Brésil', 0),
    (776, N'Allemagne', 0),
    (776, N'Argentine', 0);

IF NOT EXISTS (SELECT 1 FROM [dbo].[QuestionTheme_QTH] WHERE Id_Question = 776 AND Id_Theme = @ThemeId)
BEGIN
    INSERT INTO [dbo].[QuestionTheme_QTH] ([Id_Question], [Id_Theme]) VALUES (776, @ThemeId);
END

-- Question 4
SET IDENTITY_INSERT [dbo].[Question_QST] ON;
IF NOT EXISTS (SELECT 1 FROM [dbo].[Question_QST] WHERE Id = 777)
BEGIN
    INSERT INTO [dbo].[Question_QST] ([Id], [Question], [Id_Difficulty])
    VALUES (777, N'Quel sport est pratiqué aux Jeux Olympiques d’hiver ?', 1);
END
SET IDENTITY_INSERT [dbo].[Question_QST] OFF;

INSERT INTO [dbo].[Answer_ANS] ([Id_Question], [Value], [Valid]) VALUES
    (777, N'Ski alpin', 1),
    (777, N'Football', 0),
    (777, N'Basketball', 0),
    (777, N'Natation', 0);

IF NOT EXISTS (SELECT 1 FROM [dbo].[QuestionTheme_QTH] WHERE Id_Question = 777 AND Id_Theme = @ThemeId)
BEGIN
    INSERT INTO [dbo].[QuestionTheme_QTH] ([Id_Question], [Id_Theme]) VALUES (777, @ThemeId);
END

-- Question 5
SET IDENTITY_INSERT [dbo].[Question_QST] ON;
IF NOT EXISTS (SELECT 1 FROM [dbo].[Question_QST] WHERE Id = 778)
BEGIN
    INSERT INTO [dbo].[Question_QST] ([Id], [Question], [Id_Difficulty])
    VALUES (778, N'Quel sport utilise une raquette et un volant ?', 1);
END
SET IDENTITY_INSERT [dbo].[Question_QST] OFF;

INSERT INTO [dbo].[Answer_ANS] ([Id_Question], [Value], [Valid]) VALUES
    (778, N'Badminton', 1),
    (778, N'Tennis', 0),
    (778, N'Squash', 0),
    (778, N'Ping-pong', 0);

IF NOT EXISTS (SELECT 1 FROM [dbo].[QuestionTheme_QTH] WHERE Id_Question = 778 AND Id_Theme = @ThemeId)
BEGIN
    INSERT INTO [dbo].[QuestionTheme_QTH] ([Id_Question], [Id_Theme]) VALUES (778, @ThemeId);
END

-- Question 6
SET IDENTITY_INSERT [dbo].[Question_QST] ON;
IF NOT EXISTS (SELECT 1 FROM [dbo].[Question_QST] WHERE Id = 779)
BEGIN
    INSERT INTO [dbo].[Question_QST] ([Id], [Question], [Id_Difficulty])
    VALUES (779, N'Quel est le sport national du Japon ?', 1);
END
SET IDENTITY_INSERT [dbo].[Question_QST] OFF;

INSERT INTO [dbo].[Answer_ANS] ([Id_Question], [Value], [Valid]) VALUES
    (779, N'Sumo', 1),
    (779, N'Judo', 0),
    (779, N'Kendo', 0),
    (779, N'Karate', 0);

IF NOT EXISTS (SELECT 1 FROM [dbo].[QuestionTheme_QTH] WHERE Id_Question = 779 AND Id_Theme = @ThemeId)
BEGIN
    INSERT INTO [dbo].[QuestionTheme_QTH] ([Id_Question], [Id_Theme]) VALUES (779, @ThemeId);
END

-- Question 7
SET IDENTITY_INSERT [dbo].[Question_QST] ON;
IF NOT EXISTS (SELECT 1 FROM [dbo].[Question_QST] WHERE Id = 780)
BEGIN
    INSERT INTO [dbo].[Question_QST] ([Id], [Question], [Id_Difficulty])
    VALUES (780, N'Dans quel sport marque-t-on des paniers ?', 1);
END
SET IDENTITY_INSERT [dbo].[Question_QST] OFF;

INSERT INTO [dbo].[Answer_ANS] ([Id_Question], [Value], [Valid]) VALUES
    (780, N'Basketball', 1),
    (780, N'Handball', 0),
    (780, N'Football', 0),
    (780, N'Rugby', 0);

IF NOT EXISTS (SELECT 1 FROM [dbo].[QuestionTheme_QTH] WHERE Id_Question = 780 AND Id_Theme = @ThemeId)
BEGIN
    INSERT INTO [dbo].[QuestionTheme_QTH] ([Id_Question], [Id_Theme]) VALUES (780, @ThemeId);
END

-- Question 8
SET IDENTITY_INSERT [dbo].[Question_QST] ON;
IF NOT EXISTS (SELECT 1 FROM [dbo].[Question_QST] WHERE Id = 781)
BEGIN
    INSERT INTO [dbo].[Question_QST] ([Id], [Question], [Id_Difficulty])
    VALUES (781, N'Quel pays a remporté le plus de Coupes du Monde de football ?', 1);
END
SET IDENTITY_INSERT [dbo].[Question_QST] OFF;

INSERT INTO [dbo].[Answer_ANS] ([Id_Question], [Value], [Valid]) VALUES
    (781, N'Brésil', 1),
    (781, N'Allemagne', 0),
    (781, N'Italie', 0),
    (781, N'Argentine', 0);

IF NOT EXISTS (SELECT 1 FROM [dbo].[QuestionTheme_QTH] WHERE Id_Question = 781 AND Id_Theme = @ThemeId)
BEGIN
    INSERT INTO [dbo].[QuestionTheme_QTH] ([Id_Question], [Id_Theme]) VALUES (781, @ThemeId);
END

-- Question 9
SET IDENTITY_INSERT [dbo].[Question_QST] ON;
IF NOT EXISTS (SELECT 1 FROM [dbo].[Question_QST] WHERE Id = 782)
BEGIN
    INSERT INTO [dbo].[Question_QST] ([Id], [Question], [Id_Difficulty])
    VALUES (782, N'Quel sport utilise un cheval et un bâton ?', 1);
END
SET IDENTITY_INSERT [dbo].[Question_QST] OFF;

INSERT INTO [dbo].[Answer_ANS] ([Id_Question], [Value], [Valid]) VALUES
    (782, N'Polo', 1),
    (782, N'Tennis', 0),
    (782, N'Golf', 0),
    (782, N'Hockey sur gazon', 0);

IF NOT EXISTS (SELECT 1 FROM [dbo].[QuestionTheme_QTH] WHERE Id_Question = 782 AND Id_Theme = @ThemeId)
BEGIN
    INSERT INTO [dbo].[QuestionTheme_QTH] ([Id_Question], [Id_Theme]) VALUES (782, @ThemeId);
END

-- Question 10
SET IDENTITY_INSERT [dbo].[Question_QST] ON;
IF NOT EXISTS (SELECT 1 FROM [dbo].[Question_QST] WHERE Id = 783)
BEGIN
    INSERT INTO [dbo].[Question_QST] ([Id], [Question], [Id_Difficulty])
    VALUES (783, N'Dans quel sport les joueurs portent des gants et frappent avec les poings ?', 1);
END
SET IDENTITY_INSERT [dbo].[Question_QST] OFF;

INSERT INTO [dbo].[Answer_ANS] ([Id_Question], [Value], [Valid]) VALUES
    (783, N'Boxe', 1),
    (783, N'Judo', 0),
    (783, N'Karate', 0),
    (783, N'Taekwondo', 0);

IF NOT EXISTS (SELECT 1 FROM [dbo].[QuestionTheme_QTH] WHERE Id_Question = 783 AND Id_Theme = @ThemeId)
BEGIN
    INSERT INTO [dbo].[QuestionTheme_QTH] ([Id_Question], [Id_Theme]) VALUES (783, @ThemeId);
END

-- Question 11
SET IDENTITY_INSERT [dbo].[Question_QST] ON;
IF NOT EXISTS (SELECT 1 FROM [dbo].[Question_QST] WHERE Id = 784)
BEGIN
    INSERT INTO [dbo].[Question_QST] ([Id], [Question], [Id_Difficulty])
    VALUES (784, N'Quel sport se joue sur une glace avec un palet ?', 1);
END
SET IDENTITY_INSERT [dbo].[Question_QST] OFF;

INSERT INTO [dbo].[Answer_ANS] ([Id_Question], [Value], [Valid]) VALUES
    (784, N'Hockey sur glace', 1),
    (784, N'Curling', 0),
    (784, N'Patinage', 0),
    (784, N'Ski', 0);

IF NOT EXISTS (SELECT 1 FROM [dbo].[QuestionTheme_QTH] WHERE Id_Question = 784 AND Id_Theme = @ThemeId)
BEGIN
    INSERT INTO [dbo].[QuestionTheme_QTH] ([Id_Question], [Id_Theme]) VALUES (784, @ThemeId);
END

-- Question 12
SET IDENTITY_INSERT [dbo].[Question_QST] ON;
IF NOT EXISTS (SELECT 1 FROM [dbo].[Question_QST] WHERE Id = 785)
BEGIN
    INSERT INTO [dbo].[Question_QST] ([Id], [Question], [Id_Difficulty])
    VALUES (785, N'Quel sport implique un nageur qui utilise quatre nages ?', 1);
END
SET IDENTITY_INSERT [dbo].[Question_QST] OFF;

INSERT INTO [dbo].[Answer_ANS] ([Id_Question], [Value], [Valid]) VALUES
    (785, N'4 nages', 1),
    (785, N'Papillon uniquement', 0),
    (785, N'Brasse uniquement', 0),
    (785, N'Dos uniquement', 0);

IF NOT EXISTS (SELECT 1 FROM [dbo].[QuestionTheme_QTH] WHERE Id_Question = 785 AND Id_Theme = @ThemeId)
BEGIN
    INSERT INTO [dbo].[QuestionTheme_QTH] ([Id_Question], [Id_Theme]) VALUES (785, @ThemeId);
END

-- Question 13
SET IDENTITY_INSERT [dbo].[Question_QST] ON;
IF NOT EXISTS (SELECT 1 FROM [dbo].[Question_QST] WHERE Id = 786)
BEGIN
    INSERT INTO [dbo].[Question_QST] ([Id], [Question], [Id_Difficulty])
    VALUES (786, N'Quel sport se pratique sur un terrain avec des raquettes et une balle jaune ?', 1);
END
SET IDENTITY_INSERT [dbo].[Question_QST] OFF;

INSERT INTO [dbo].[Answer_ANS] ([Id_Question], [Value], [Valid]) VALUES
    (786, N'Tennis', 1),
    (786, N'Badminton', 0),
    (786, N'Squash', 0),
    (786, N'Ping-pong', 0);

IF NOT EXISTS (SELECT 1 FROM [dbo].[QuestionTheme_QTH] WHERE Id_Question = 786 AND Id_Theme = @ThemeId)
BEGIN
    INSERT INTO [dbo].[QuestionTheme_QTH] ([Id_Question], [Id_Theme]) VALUES (786, @ThemeId);
END

-- Question 14
SET IDENTITY_INSERT [dbo].[Question_QST] ON;
IF NOT EXISTS (SELECT 1 FROM [dbo].[Question_QST] WHERE Id = 787)
BEGIN
    INSERT INTO [dbo].[Question_QST] ([Id], [Question], [Id_Difficulty])
    VALUES (787, N'Quel sport utilise un ballon et un but en hauteur ?', 1);
END
SET IDENTITY_INSERT [dbo].[Question_QST] OFF;

INSERT INTO [dbo].[Answer_ANS] ([Id_Question], [Value], [Valid]) VALUES
    (787, N'Handball', 1),
    (787, N'Football', 0),
    (787, N'Rugby', 0),
    (787, N'Basketball', 0);

IF NOT EXISTS (SELECT 1 FROM [dbo].[QuestionTheme_QTH] WHERE Id_Question = 787 AND Id_Theme = @ThemeId)
BEGIN
    INSERT INTO [dbo].[QuestionTheme_QTH] ([Id_Question], [Id_Theme]) VALUES (787, @ThemeId);
END

-- Question 15
SET IDENTITY_INSERT [dbo].[Question_QST] ON;
IF NOT EXISTS (SELECT 1 FROM [dbo].[Question_QST] WHERE Id = 788)
BEGIN
    INSERT INTO [dbo].[Question_QST] ([Id], [Question], [Id_Difficulty])
    VALUES (788, N'Quel sport est appelé le roi des sports ?', 1);
END
SET IDENTITY_INSERT [dbo].[Question_QST] OFF;

INSERT INTO [dbo].[Answer_ANS] ([Id_Question], [Value], [Valid]) VALUES
    (788, N'Football', 1),
    (788, N'Basketball', 0),
    (788, N'Tennis', 0),
    (788, N'Rugby', 0);

IF NOT EXISTS (SELECT 1 FROM [dbo].[QuestionTheme_QTH] WHERE Id_Question = 788 AND Id_Theme = @ThemeId)
BEGIN
    INSERT INTO [dbo].[QuestionTheme_QTH] ([Id_Question], [Id_Theme]) VALUES (788, @ThemeId);
END

-- Question 16
SET IDENTITY_INSERT [dbo].[Question_QST] ON;
IF NOT EXISTS (SELECT 1 FROM [dbo].[Question_QST] WHERE Id = 789)
BEGIN
    INSERT INTO [dbo].[Question_QST] ([Id], [Question], [Id_Difficulty])
    VALUES (789, N'Quel sport se pratique avec des skis et des bâtons ?', 1);
END
SET IDENTITY_INSERT [dbo].[Question_QST] OFF;

INSERT INTO [dbo].[Answer_ANS] ([Id_Question], [Value], [Valid]) VALUES
    (789, N'Ski de fond', 1),
    (789, N'Snowboard', 0),
    (789, N'Patinage', 0),
    (789, N'Biathlon', 0);

IF NOT EXISTS (SELECT 1 FROM [dbo].[QuestionTheme_QTH] WHERE Id_Question = 789 AND Id_Theme = @ThemeId)
BEGIN
    INSERT INTO [dbo].[QuestionTheme_QTH] ([Id_Question], [Id_Theme]) VALUES (789, @ThemeId);
END

-- Question 17
SET IDENTITY_INSERT [dbo].[Question_QST] ON;
IF NOT EXISTS (SELECT 1 FROM [dbo].[Question_QST] WHERE Id = 790)
BEGIN
    INSERT INTO [dbo].[Question_QST] ([Id], [Question], [Id_Difficulty])
    VALUES (790, N'Quel sport utilise une balle et un club pour frapper des trous ?', 1);
END
SET IDENTITY_INSERT [dbo].[Question_QST] OFF;

INSERT INTO [dbo].[Answer_ANS] ([Id_Question], [Value], [Valid]) VALUES
    (790, N'Golf', 1),
    (790, N'Tennis', 0),
    (790, N'Hockey', 0),
    (790, N'Cricket', 0);

IF NOT EXISTS (SELECT 1 FROM [dbo].[QuestionTheme_QTH] WHERE Id_Question = 790 AND Id_Theme = @ThemeId)
BEGIN
    INSERT INTO [dbo].[QuestionTheme_QTH] ([Id_Question], [Id_Theme]) VALUES (790, @ThemeId);
END

-- Question 18
SET IDENTITY_INSERT [dbo].[Question_QST] ON;
IF NOT EXISTS (SELECT 1 FROM [dbo].[Question_QST] WHERE Id = 791)
BEGIN
    INSERT INTO [dbo].[Question_QST] ([Id], [Question], [Id_Difficulty])
    VALUES (791, N'Quel sport nécessite une planche sur l’eau ?', 1);
END
SET IDENTITY_INSERT [dbo].[Question_QST] OFF;

INSERT INTO [dbo].[Answer_ANS] ([Id_Question], [Value], [Valid]) VALUES
    (791, N'Surf', 1),
    (791, N'Natation', 0),
    (791, N'Voile', 0),
    (791, N'Kayak', 0);

IF NOT EXISTS (SELECT 1 FROM [dbo].[QuestionTheme_QTH] WHERE Id_Question = 791 AND Id_Theme = @ThemeId)
BEGIN
    INSERT INTO [dbo].[QuestionTheme_QTH] ([Id_Question], [Id_Theme]) VALUES (791, @ThemeId);
END

-- Question 19
SET IDENTITY_INSERT [dbo].[Question_QST] ON;
IF NOT EXISTS (SELECT 1 FROM [dbo].[Question_QST] WHERE Id = 792)
BEGIN
    INSERT INTO [dbo].[Question_QST] ([Id], [Question], [Id_Difficulty])
    VALUES (792, N'Quel pays a remporté les Jeux Olympiques d’été 2016 ?', 1);
END
SET IDENTITY_INSERT [dbo].[Question_QST] OFF;

INSERT INTO [dbo].[Answer_ANS] ([Id_Question], [Value], [Valid]) VALUES
    (792, N'États-Unis', 1),
    (792, N'Chine', 0),
    (792, N'Russie', 0),
    (792, N'Royaume-Uni', 0);

IF NOT EXISTS (SELECT 1 FROM [dbo].[QuestionTheme_QTH] WHERE Id_Question = 792 AND Id_Theme = @ThemeId)
BEGIN
    INSERT INTO [dbo].[QuestionTheme_QTH] ([Id_Question], [Id_Theme]) VALUES (792, @ThemeId);
END

-- Question 20
SET IDENTITY_INSERT [dbo].[Question_QST] ON;
IF NOT EXISTS (SELECT 1 FROM [dbo].[Question_QST] WHERE Id = 793)
BEGIN
    INSERT INTO [dbo].[Question_QST] ([Id], [Question], [Id_Difficulty])
    VALUES (793, N'Quel sport consiste à faire des figures sur une planche ?', 1);
END
SET IDENTITY_INSERT [dbo].[Question_QST] OFF;

INSERT INTO [dbo].[Answer_ANS] ([Id_Question], [Value], [Valid]) VALUES
    (793, N'Skateboard', 1),
    (793, N'Surf', 0),
    (793, N'Snowboard', 0),
    (793, N'Gymnastique', 0);

IF NOT EXISTS (SELECT 1 FROM [dbo].[QuestionTheme_QTH] WHERE Id_Question = 793 AND Id_Theme = @ThemeId)
BEGIN
    INSERT INTO [dbo].[QuestionTheme_QTH] ([Id_Question], [Id_Theme]) VALUES (793, @ThemeId);
END

-- Question 21
SET IDENTITY_INSERT [dbo].[Question_QST] ON;
IF NOT EXISTS (SELECT 1 FROM [dbo].[Question_QST] WHERE Id = 794)
BEGIN
    INSERT INTO [dbo].[Question_QST] ([Id], [Question], [Id_Difficulty])
    VALUES (794, N'Quel sport se joue avec un ballon et des paniers ?', 1);
END
SET IDENTITY_INSERT [dbo].[Question_QST] OFF;

INSERT INTO [dbo].[Answer_ANS] ([Id_Question], [Value], [Valid]) VALUES
    (794, N'Basketball', 1),
    (794, N'Handball', 0),
    (794, N'Football', 0),
    (794, N'Volleyball', 0);

IF NOT EXISTS (SELECT 1 FROM [dbo].[QuestionTheme_QTH] WHERE Id_Question = 794 AND Id_Theme = @ThemeId)
BEGIN
    INSERT INTO [dbo].[QuestionTheme_QTH] ([Id_Question], [Id_Theme]) VALUES (794, @ThemeId);
END

-- Question 22
SET IDENTITY_INSERT [dbo].[Question_QST] ON;
IF NOT EXISTS (SELECT 1 FROM [dbo].[Question_QST] WHERE Id = 795)
BEGIN
    INSERT INTO [dbo].[Question_QST] ([Id], [Question], [Id_Difficulty])
    VALUES (795, N'Quel sport utilise un volant en plastique ?', 1);
END
SET IDENTITY_INSERT [dbo].[Question_QST] OFF;

INSERT INTO [dbo].[Answer_ANS] ([Id_Question], [Value], [Valid]) VALUES
    (795, N'Badminton', 1),
    (795, N'Tennis', 0),
    (795, N'Squash', 0),
    (795, N'Ping-pong', 0);

IF NOT EXISTS (SELECT 1 FROM [dbo].[QuestionTheme_QTH] WHERE Id_Question = 795 AND Id_Theme = @ThemeId)
BEGIN
    INSERT INTO [dbo].[QuestionTheme_QTH] ([Id_Question], [Id_Theme]) VALUES (795, @ThemeId);
END

-- Question 23
SET IDENTITY_INSERT [dbo].[Question_QST] ON;
IF NOT EXISTS (SELECT 1 FROM [dbo].[Question_QST] WHERE Id = 796)
BEGIN
    INSERT INTO [dbo].[Question_QST] ([Id], [Question], [Id_Difficulty])
    VALUES (796, N'Quel pays est célèbre pour le cricket ?', 1);
END
SET IDENTITY_INSERT [dbo].[Question_QST] OFF;

INSERT INTO [dbo].[Answer_ANS] ([Id_Question], [Value], [Valid]) VALUES
    (796, N'Inde', 1),
    (796, N'France', 0),
    (796, N'Espagne', 0),
    (796, N'Allemagne', 0);

IF NOT EXISTS (SELECT 1 FROM [dbo].[QuestionTheme_QTH] WHERE Id_Question = 796 AND Id_Theme = @ThemeId)
BEGIN
    INSERT INTO [dbo].[QuestionTheme_QTH] ([Id_Question], [Id_Theme]) VALUES (796, @ThemeId);
END

-- Question 24
SET IDENTITY_INSERT [dbo].[Question_QST] ON;
IF NOT EXISTS (SELECT 1 FROM [dbo].[Question_QST] WHERE Id = 797)
BEGIN
    INSERT INTO [dbo].[Question_QST] ([Id], [Question], [Id_Difficulty])
    VALUES (797, N'Quel sport implique des coups de pied et des projections ?', 1);
END
SET IDENTITY_INSERT [dbo].[Question_QST] OFF;

INSERT INTO [dbo].[Answer_ANS] ([Id_Question], [Value], [Valid]) VALUES
    (797, N'Judo', 1),
    (797, N'Karate', 0),
    (797, N'Taekwondo', 0),
    (797, N'Boxe', 0);

IF NOT EXISTS (SELECT 1 FROM [dbo].[QuestionTheme_QTH] WHERE Id_Question = 797 AND Id_Theme = @ThemeId)
BEGIN
    INSERT INTO [dbo].[QuestionTheme_QTH] ([Id_Question], [Id_Theme]) VALUES (797, @ThemeId);
END

-- Question 25
SET IDENTITY_INSERT [dbo].[Question_QST] ON;
IF NOT EXISTS (SELECT 1 FROM [dbo].[Question_QST] WHERE Id = 798)
BEGIN
    INSERT INTO [dbo].[Question_QST] ([Id], [Question], [Id_Difficulty])
    VALUES (798, N'Quel sport se joue avec une balle sur un terrain ovale ?', 1);
END
SET IDENTITY_INSERT [dbo].[Question_QST] OFF;

INSERT INTO [dbo].[Answer_ANS] ([Id_Question], [Value], [Valid]) VALUES
    (798, N'Rugby', 1),
    (798, N'Football américain', 0),
    (798, N'Handball', 0),
    (798, N'Basketball', 0);

IF NOT EXISTS (SELECT 1 FROM [dbo].[QuestionTheme_QTH] WHERE Id_Question = 798 AND Id_Theme = @ThemeId)
BEGIN
    INSERT INTO [dbo].[QuestionTheme_QTH] ([Id_Question], [Id_Theme]) VALUES (798, @ThemeId);
END

-- Question 26
SET IDENTITY_INSERT [dbo].[Question_QST] ON;
IF NOT EXISTS (SELECT 1 FROM [dbo].[Question_QST] WHERE Id = 799)
BEGIN
    INSERT INTO [dbo].[Question_QST] ([Id], [Question], [Id_Difficulty])
    VALUES (799, N'Quel sport se pratique en natation dans une piscine ?', 1);
END
SET IDENTITY_INSERT [dbo].[Question_QST] OFF;

INSERT INTO [dbo].[Answer_ANS] ([Id_Question], [Value], [Valid]) VALUES
    (799, N'Natation', 1),
    (799, N'Surf', 0),
    (799, N'Water-polo', 0),
    (799, N'Plongée', 0);

IF NOT EXISTS (SELECT 1 FROM [dbo].[QuestionTheme_QTH] WHERE Id_Question = 799 AND Id_Theme = @ThemeId)
BEGIN
    INSERT INTO [dbo].[QuestionTheme_QTH] ([Id_Question], [Id_Theme]) VALUES (799, @ThemeId);
END

-- Question 27
SET IDENTITY_INSERT [dbo].[Question_QST] ON;
IF NOT EXISTS (SELECT 1 FROM [dbo].[Question_QST] WHERE Id = 800)
BEGIN
    INSERT INTO [dbo].[Question_QST] ([Id], [Question], [Id_Difficulty])
    VALUES (800, N'Quel sport utilise un ballon et un bâton pour marquer dans des buts ?', 1);
END
SET IDENTITY_INSERT [dbo].[Question_QST] OFF;

INSERT INTO [dbo].[Answer_ANS] ([Id_Question], [Value], [Valid]) VALUES
    (800, N'Hockey sur gazon', 1),
    (800, N'Football', 0),
    (800, N'Basketball', 0),
    (800, N'Rugby', 0);

IF NOT EXISTS (SELECT 1 FROM [dbo].[QuestionTheme_QTH] WHERE Id_Question = 800 AND Id_Theme = @ThemeId)
BEGIN
    INSERT INTO [dbo].[QuestionTheme_QTH] ([Id_Question], [Id_Theme]) VALUES (800, @ThemeId);
END

-- Question 28
SET IDENTITY_INSERT [dbo].[Question_QST] ON;
IF NOT EXISTS (SELECT 1 FROM [dbo].[Question_QST] WHERE Id = 801)
BEGIN
    INSERT INTO [dbo].[Question_QST] ([Id], [Question], [Id_Difficulty])
    VALUES (801, N'Quel sport est populaire au Japon et se pratique en kimono ?', 1);
END
SET IDENTITY_INSERT [dbo].[Question_QST] OFF;

INSERT INTO [dbo].[Answer_ANS] ([Id_Question], [Value], [Valid]) VALUES
    (801, N'Judo', 1),
    (801, N'Football', 0),
    (801, N'Rugby', 0),
    (801, N'Basketball', 0);

IF NOT EXISTS (SELECT 1 FROM [dbo].[QuestionTheme_QTH] WHERE Id_Question = 801 AND Id_Theme = @ThemeId)
BEGIN
    INSERT INTO [dbo].[QuestionTheme_QTH] ([Id_Question], [Id_Theme]) VALUES (801, @ThemeId);
END

-- Question 29
SET IDENTITY_INSERT [dbo].[Question_QST] ON;
IF NOT EXISTS (SELECT 1 FROM [dbo].[Question_QST] WHERE Id = 802)
BEGIN
    INSERT INTO [dbo].[Question_QST] ([Id], [Question], [Id_Difficulty])
    VALUES (802, N'Quel sport implique un circuit et des voitures rapides ?', 1);
END
SET IDENTITY_INSERT [dbo].[Question_QST] OFF;

INSERT INTO [dbo].[Answer_ANS] ([Id_Question], [Value], [Valid]) VALUES
    (802, N'Formule 1', 1),
    (802, N'Rallye', 0),
    (802, N'Karting', 0),
    (802, N'Nascar', 0);

IF NOT EXISTS (SELECT 1 FROM [dbo].[QuestionTheme_QTH] WHERE Id_Question = 802 AND Id_Theme = @ThemeId)
BEGIN
    INSERT INTO [dbo].[QuestionTheme_QTH] ([Id_Question], [Id_Theme]) VALUES (802, @ThemeId);
END

-- Question 30
SET IDENTITY_INSERT [dbo].[Question_QST] ON;
IF NOT EXISTS (SELECT 1 FROM [dbo].[Question_QST] WHERE Id = 803)
BEGIN
    INSERT INTO [dbo].[Question_QST] ([Id], [Question], [Id_Difficulty])
    VALUES (803, N'Quel sport consiste à courir le plus vite sur une piste ?', 1);
END
SET IDENTITY_INSERT [dbo].[Question_QST] OFF;

INSERT INTO [dbo].[Answer_ANS] ([Id_Question], [Value], [Valid]) VALUES
    (803, N'Athlétisme', 1),
    (803, N'Football', 0),
    (803, N'Basketball', 0),
    (803, N'Rugby', 0);

IF NOT EXISTS (SELECT 1 FROM [dbo].[QuestionTheme_QTH] WHERE Id_Question = 803 AND Id_Theme = @ThemeId)
BEGIN
    INSERT INTO [dbo].[QuestionTheme_QTH] ([Id_Question], [Id_Theme]) VALUES (803, @ThemeId);
END

-- Question 31
SET IDENTITY_INSERT [dbo].[Question_QST] ON;
IF NOT EXISTS (SELECT 1 FROM [dbo].[Question_QST] WHERE Id = 804)
BEGIN
    INSERT INTO [dbo].[Question_QST] ([Id], [Question], [Id_Difficulty])
    VALUES (804, N'Quel sport se joue avec un ballon lancé à la main ?', 1);
END
SET IDENTITY_INSERT [dbo].[Question_QST] OFF;

INSERT INTO [dbo].[Answer_ANS] ([Id_Question], [Value], [Valid]) VALUES
    (804, N'Handball', 1),
    (804, N'Basketball', 0),
    (804, N'Football', 0),
    (804, N'Rugby', 0);

IF NOT EXISTS (SELECT 1 FROM [dbo].[QuestionTheme_QTH] WHERE Id_Question = 804 AND Id_Theme = @ThemeId)
BEGIN
    INSERT INTO [dbo].[QuestionTheme_QTH] ([Id_Question], [Id_Theme]) VALUES (804, @ThemeId);
END

-- Question 32
SET IDENTITY_INSERT [dbo].[Question_QST] ON;
IF NOT EXISTS (SELECT 1 FROM [dbo].[Question_QST] WHERE Id = 805)
BEGIN
    INSERT INTO [dbo].[Question_QST] ([Id], [Question], [Id_Difficulty])
    VALUES (805, N'Quel sport utilise un ballon rond et deux équipes ?', 1);
END
SET IDENTITY_INSERT [dbo].[Question_QST] OFF;

INSERT INTO [dbo].[Answer_ANS] ([Id_Question], [Value], [Valid]) VALUES
    (805, N'Football', 1),
    (805, N'Basketball', 0),
    (805, N'Handball', 0),
    (805, N'Rugby', 0);

IF NOT EXISTS (SELECT 1 FROM [dbo].[QuestionTheme_QTH] WHERE Id_Question = 805 AND Id_Theme = @ThemeId)
BEGIN
    INSERT INTO [dbo].[QuestionTheme_QTH] ([Id_Question], [Id_Theme]) VALUES (805, @ThemeId);
END

-- Question 33
SET IDENTITY_INSERT [dbo].[Question_QST] ON;
IF NOT EXISTS (SELECT 1 FROM [dbo].[Question_QST] WHERE Id = 806)
BEGIN
    INSERT INTO [dbo].[Question_QST] ([Id], [Question], [Id_Difficulty])
    VALUES (806, N'Quel sport implique une corde et une planche suspendue ?', 1);
END
SET IDENTITY_INSERT [dbo].[Question_QST] OFF;

INSERT INTO [dbo].[Answer_ANS] ([Id_Question], [Value], [Valid]) VALUES
    (806, N'Escalade', 0),
    (806, N'Slackline', 1),
    (806, N'Gymnastique', 0),
    (806, N'Acrobatie', 0);

IF NOT EXISTS (SELECT 1 FROM [dbo].[QuestionTheme_QTH] WHERE Id_Question = 806 AND Id_Theme = @ThemeId)
BEGIN
    INSERT INTO [dbo].[QuestionTheme_QTH] ([Id_Question], [Id_Theme]) VALUES (806, @ThemeId);
END

-- Question 34
SET IDENTITY_INSERT [dbo].[Question_QST] ON;
IF NOT EXISTS (SELECT 1 FROM [dbo].[Question_QST] WHERE Id = 807)
BEGIN
    INSERT INTO [dbo].[Question_QST] ([Id], [Question], [Id_Difficulty])
    VALUES (807, N'Quel sport se pratique sur une glace avec des balais ?', 1);
END
SET IDENTITY_INSERT [dbo].[Question_QST] OFF;

INSERT INTO [dbo].[Answer_ANS] ([Id_Question], [Value], [Valid]) VALUES
    (807, N'Curling', 1),
    (807, N'Hockey sur glace', 0),
    (807, N'Patinage', 0),
    (807, N'Ski', 0);

IF NOT EXISTS (SELECT 1 FROM [dbo].[QuestionTheme_QTH] WHERE Id_Question = 807 AND Id_Theme = @ThemeId)
BEGIN
    INSERT INTO [dbo].[QuestionTheme_QTH] ([Id_Question], [Id_Theme]) VALUES (807, @ThemeId);
END

-- Question 35
SET IDENTITY_INSERT [dbo].[Question_QST] ON;
IF NOT EXISTS (SELECT 1 FROM [dbo].[Question_QST] WHERE Id = 808)
BEGIN
    INSERT INTO [dbo].[Question_QST] ([Id], [Question], [Id_Difficulty])
    VALUES (808, N'Quel sport nécessite un volant et un filet ?', 1);
END
SET IDENTITY_INSERT [dbo].[Question_QST] OFF;

INSERT INTO [dbo].[Answer_ANS] ([Id_Question], [Value], [Valid]) VALUES
    (808, N'Badminton', 1),
    (808, N'Tennis', 0),
    (808, N'Squash', 0),
    (808, N'Ping-pong', 0);

IF NOT EXISTS (SELECT 1 FROM [dbo].[QuestionTheme_QTH] WHERE Id_Question = 808 AND Id_Theme = @ThemeId)
BEGIN
    INSERT INTO [dbo].[QuestionTheme_QTH] ([Id_Question], [Id_Theme]) VALUES (808, @ThemeId);
END

-- Question 36
SET IDENTITY_INSERT [dbo].[Question_QST] ON;
IF NOT EXISTS (SELECT 1 FROM [dbo].[Question_QST] WHERE Id = 809)
BEGIN
    INSERT INTO [dbo].[Question_QST] ([Id], [Question], [Id_Difficulty])
    VALUES (809, N'Quel sport consiste à sauter le plus haut avec une perche ?', 1);
END
SET IDENTITY_INSERT [dbo].[Question_QST] OFF;

INSERT INTO [dbo].[Answer_ANS] ([Id_Question], [Value], [Valid]) VALUES
    (809, N'Saut à la perche', 1),
    (809, N'Saut en hauteur', 0),
    (809, N'Longueur', 0),
    (809, N'Triple saut', 0);

IF NOT EXISTS (SELECT 1 FROM [dbo].[QuestionTheme_QTH] WHERE Id_Question = 809 AND Id_Theme = @ThemeId)
BEGIN
    INSERT INTO [dbo].[QuestionTheme_QTH] ([Id_Question], [Id_Theme]) VALUES (809, @ThemeId);
END

-- Question 37
SET IDENTITY_INSERT [dbo].[Question_QST] ON;
IF NOT EXISTS (SELECT 1 FROM [dbo].[Question_QST] WHERE Id = 810)
BEGIN
    INSERT INTO [dbo].[Question_QST] ([Id], [Question], [Id_Difficulty])
    VALUES (810, N'Quel sport se pratique avec une raquette sur un terrain couvert ?', 1);
END
SET IDENTITY_INSERT [dbo].[Question_QST] OFF;

INSERT INTO [dbo].[Answer_ANS] ([Id_Question], [Value], [Valid]) VALUES
    (810, N'Squash', 1),
    (810, N'Tennis', 0),
    (810, N'Badminton', 0),
    (810, N'Ping-pong', 0);

IF NOT EXISTS (SELECT 1 FROM [dbo].[QuestionTheme_QTH] WHERE Id_Question = 810 AND Id_Theme = @ThemeId)
BEGIN
    INSERT INTO [dbo].[QuestionTheme_QTH] ([Id_Question], [Id_Theme]) VALUES (810, @ThemeId);
END

-- Question 38
SET IDENTITY_INSERT [dbo].[Question_QST] ON;
IF NOT EXISTS (SELECT 1 FROM [dbo].[Question_QST] WHERE Id = 811)
BEGIN
    INSERT INTO [dbo].[Question_QST] ([Id], [Question], [Id_Difficulty])
    VALUES (811, N'Quel sport implique de nager et courir en même temps ?', 1);
END
SET IDENTITY_INSERT [dbo].[Question_QST] OFF;

INSERT INTO [dbo].[Answer_ANS] ([Id_Question], [Value], [Valid]) VALUES
    (811, N'Triathlon', 1),
    (811, N'Natation', 0),
    (811, N'Water-polo', 0),
    (811, N'Athlétisme', 0);

IF NOT EXISTS (SELECT 1 FROM [dbo].[QuestionTheme_QTH] WHERE Id_Question = 811 AND Id_Theme = @ThemeId)
BEGIN
    INSERT INTO [dbo].[QuestionTheme_QTH] ([Id_Question], [Id_Theme]) VALUES (811, @ThemeId);
END

-- Question 39
SET IDENTITY_INSERT [dbo].[Question_QST] ON;
IF NOT EXISTS (SELECT 1 FROM [dbo].[Question_QST] WHERE Id = 812)
BEGIN
    INSERT INTO [dbo].[Question_QST] ([Id], [Question], [Id_Difficulty])
    VALUES (812, N'Quel sport se joue avec une balle et des clubs sur des trous ?', 1);
END
SET IDENTITY_INSERT [dbo].[Question_QST] OFF;

INSERT INTO [dbo].[Answer_ANS] ([Id_Question], [Value], [Valid]) VALUES
    (812, N'Golf', 1),
    (812, N'Tennis', 0),
    (812, N'Hockey', 0),
    (812, N'Cricket', 0);

IF NOT EXISTS (SELECT 1 FROM [dbo].[QuestionTheme_QTH] WHERE Id_Question = 812 AND Id_Theme = @ThemeId)
BEGIN
    INSERT INTO [dbo].[QuestionTheme_QTH] ([Id_Question], [Id_Theme]) VALUES (812, @ThemeId);
END

-- Question 40
SET IDENTITY_INSERT [dbo].[Question_QST] ON;
IF NOT EXISTS (SELECT 1 FROM [dbo].[Question_QST] WHERE Id = 813)
BEGIN
    INSERT INTO [dbo].[Question_QST] ([Id], [Question], [Id_Difficulty])
    VALUES (813, N'Quel sport se joue sur un terrain avec des paniers et des ballons ?', 1);
END
SET IDENTITY_INSERT [dbo].[Question_QST] OFF;

INSERT INTO [dbo].[Answer_ANS] ([Id_Question], [Value], [Valid]) VALUES
    (813, N'Basketball', 1),
    (813, N'Handball', 0),
    (813, N'Football', 0),
    (813, N'Volleyball', 0);

IF NOT EXISTS (SELECT 1 FROM [dbo].[QuestionTheme_QTH] WHERE Id_Question = 813 AND Id_Theme = @ThemeId)
BEGIN
    INSERT INTO [dbo].[QuestionTheme_QTH] ([Id_Question], [Id_Theme]) VALUES (813, @ThemeId);
END

-- Question 41
SET IDENTITY_INSERT [dbo].[Question_QST] ON;
IF NOT EXISTS (SELECT 1 FROM [dbo].[Question_QST] WHERE Id = 814)
BEGIN
    INSERT INTO [dbo].[Question_QST] ([Id], [Question], [Id_Difficulty])
    VALUES (814, N'Quel sport se pratique sur la glace avec un palet et un bâton ?', 1);
END
SET IDENTITY_INSERT [dbo].[Question_QST] OFF;

INSERT INTO [dbo].[Answer_ANS] ([Id_Question], [Value], [Valid]) VALUES
    (814, N'Hockey sur glace', 1),
    (814, N'Curling', 0),
    (814, N'Patinage', 0),
    (814, N'Ski', 0);

IF NOT EXISTS (SELECT 1 FROM [dbo].[QuestionTheme_QTH] WHERE Id_Question = 814 AND Id_Theme = @ThemeId)
BEGIN
    INSERT INTO [dbo].[QuestionTheme_QTH] ([Id_Question], [Id_Theme]) VALUES (814, @ThemeId);
END

-- Question 42
SET IDENTITY_INSERT [dbo].[Question_QST] ON;
IF NOT EXISTS (SELECT 1 FROM [dbo].[Question_QST] WHERE Id = 815)
BEGIN
    INSERT INTO [dbo].[Question_QST] ([Id], [Question], [Id_Difficulty])
    VALUES (815, N'Quel sport consiste à sauter en longueur ?', 1);
END
SET IDENTITY_INSERT [dbo].[Question_QST] OFF;

INSERT INTO [dbo].[Answer_ANS] ([Id_Question], [Value], [Valid]) VALUES
    (815, N'Saut en longueur', 1),
    (815, N'Saut à la perche', 0),
    (815, N'Triple saut', 0),
    (815, N'High jump', 0);

IF NOT EXISTS (SELECT 1 FROM [dbo].[QuestionTheme_QTH] WHERE Id_Question = 815 AND Id_Theme = @ThemeId)
BEGIN
    INSERT INTO [dbo].[QuestionTheme_QTH] ([Id_Question], [Id_Theme]) VALUES (815, @ThemeId);
END

-- Question 43
SET IDENTITY_INSERT [dbo].[Question_QST] ON;
IF NOT EXISTS (SELECT 1 FROM [dbo].[Question_QST] WHERE Id = 816)
BEGIN
    INSERT INTO [dbo].[Question_QST] ([Id], [Question], [Id_Difficulty])
    VALUES (816, N'Quel sport implique des tours de piste avec des voitures rapides ?', 1);
END
SET IDENTITY_INSERT [dbo].[Question_QST] OFF;

INSERT INTO [dbo].[Answer_ANS] ([Id_Question], [Value], [Valid]) VALUES
    (816, N'Formule 1', 1),
    (816, N'Rallye', 0),
    (816, N'Karting', 0),
    (816, N'Nascar', 0);

IF NOT EXISTS (SELECT 1 FROM [dbo].[QuestionTheme_QTH] WHERE Id_Question = 816 AND Id_Theme = @ThemeId)
BEGIN
    INSERT INTO [dbo].[QuestionTheme_QTH] ([Id_Question], [Id_Theme]) VALUES (816, @ThemeId);
END

-- Question 44
SET IDENTITY_INSERT [dbo].[Question_QST] ON;
IF NOT EXISTS (SELECT 1 FROM [dbo].[Question_QST] WHERE Id = 817)
BEGIN
    INSERT INTO [dbo].[Question_QST] ([Id], [Question], [Id_Difficulty])
    VALUES (817, N'Quel sport se pratique en ski de fond ?', 1);
END
SET IDENTITY_INSERT [dbo].[Question_QST] OFF;

INSERT INTO [dbo].[Answer_ANS] ([Id_Question], [Value], [Valid]) VALUES
    (817, N'Ski de fond', 1),
    (817, N'Ski alpin', 0),
    (817, N'Snowboard', 0),
    (817, N'Patinage', 0);

IF NOT EXISTS (SELECT 1 FROM [dbo].[QuestionTheme_QTH] WHERE Id_Question = 817 AND Id_Theme = @ThemeId)
BEGIN
    INSERT INTO [dbo].[QuestionTheme_QTH] ([Id_Question], [Id_Theme]) VALUES (817, @ThemeId);
END

-- Question 45
SET IDENTITY_INSERT [dbo].[Question_QST] ON;
IF NOT EXISTS (SELECT 1 FROM [dbo].[Question_QST] WHERE Id = 818)
BEGIN
    INSERT INTO [dbo].[Question_QST] ([Id], [Question], [Id_Difficulty])
    VALUES (818, N'Quel sport se joue avec une balle et des paniers en hauteur ?', 1);
END
SET IDENTITY_INSERT [dbo].[Question_QST] OFF;

INSERT INTO [dbo].[Answer_ANS] ([Id_Question], [Value], [Valid]) VALUES
    (818, N'Basketball', 1),
    (818, N'Handball', 0),
    (818, N'Football', 0),
    (818, N'Volleyball', 0);

IF NOT EXISTS (SELECT 1 FROM [dbo].[QuestionTheme_QTH] WHERE Id_Question = 818 AND Id_Theme = @ThemeId)
BEGIN
    INSERT INTO [dbo].[QuestionTheme_QTH] ([Id_Question], [Id_Theme]) VALUES (818, @ThemeId);
END

-- Question 46
SET IDENTITY_INSERT [dbo].[Question_QST] ON;
IF NOT EXISTS (SELECT 1 FROM [dbo].[Question_QST] WHERE Id = 819)
BEGIN
    INSERT INTO [dbo].[Question_QST] ([Id], [Question], [Id_Difficulty])
    VALUES (819, N'Quel sport se pratique sur un cheval et avec un bâton ?', 1);
END
SET IDENTITY_INSERT [dbo].[Question_QST] OFF;

INSERT INTO [dbo].[Answer_ANS] ([Id_Question], [Value], [Valid]) VALUES
    (819, N'Polo', 1),
    (819, N'Equitation', 0),
    (819, N'Tir à l’arc', 0),
    (819, N'Gymnastique', 0);

IF NOT EXISTS (SELECT 1 FROM [dbo].[QuestionTheme_QTH] WHERE Id_Question = 819 AND Id_Theme = @ThemeId)
BEGIN
    INSERT INTO [dbo].[QuestionTheme_QTH] ([Id_Question], [Id_Theme]) VALUES (819, @ThemeId);
END

-- Question 47
SET IDENTITY_INSERT [dbo].[Question_QST] ON;
IF NOT EXISTS (SELECT 1 FROM [dbo].[Question_QST] WHERE Id = 820)
BEGIN
    INSERT INTO [dbo].[Question_QST] ([Id], [Question], [Id_Difficulty])
    VALUES (820, N'Quel sport utilise une balle et des gants pour frapper ?', 1);
END
SET IDENTITY_INSERT [dbo].[Question_QST] OFF;

INSERT INTO [dbo].[Answer_ANS] ([Id_Question], [Value], [Valid]) VALUES
    (820, N'Baseball', 1),
    (820, N'Boxe', 0),
    (820, N'Handball', 0),
    (820, N'Rugby', 0);

IF NOT EXISTS (SELECT 1 FROM [dbo].[QuestionTheme_QTH] WHERE Id_Question = 820 AND Id_Theme = @ThemeId)
BEGIN
    INSERT INTO [dbo].[QuestionTheme_QTH] ([Id_Question], [Id_Theme]) VALUES (820, @ThemeId);
END

-- Question 48
SET IDENTITY_INSERT [dbo].[Question_QST] ON;
IF NOT EXISTS (SELECT 1 FROM [dbo].[Question_QST] WHERE Id = 821)
BEGIN
    INSERT INTO [dbo].[Question_QST] ([Id], [Question], [Id_Difficulty])
    VALUES (821, N'Quel sport nécessite une planche et des vagues ?', 1);
END
SET IDENTITY_INSERT [dbo].[Question_QST] OFF;

INSERT INTO [dbo].[Answer_ANS] ([Id_Question], [Value], [Valid]) VALUES
    (821, N'Surf', 1),
    (821, N'Natation', 0),
    (821, N'Kayak', 0),
    (821, N'Voile', 0);

IF NOT EXISTS (SELECT 1 FROM [dbo].[QuestionTheme_QTH] WHERE Id_Question = 821 AND Id_Theme = @ThemeId)
BEGIN
    INSERT INTO [dbo].[QuestionTheme_QTH] ([Id_Question], [Id_Theme]) VALUES (821, @ThemeId);
END

-- Question 49
SET IDENTITY_INSERT [dbo].[Question_QST] ON;
IF NOT EXISTS (SELECT 1 FROM [dbo].[Question_QST] WHERE Id = 822)
BEGIN
    INSERT INTO [dbo].[Question_QST] ([Id], [Question], [Id_Difficulty])
    VALUES (822, N'Quel joueur de football a remporté le plus de Ballons d''Or ?', 2);
END
SET IDENTITY_INSERT [dbo].[Question_QST] OFF;

INSERT INTO [dbo].[Answer_ANS] ([Id_Question], [Value], [Valid]) VALUES
    (822, N'Lionel Messi', 1),
    (822, N'Cristiano Ronaldo', 0),
    (822, N'Neymar', 0),
    (822, N'Zidane', 0);

IF NOT EXISTS (SELECT 1 FROM [dbo].[QuestionTheme_QTH] WHERE Id_Question = 822 AND Id_Theme = @ThemeId)
BEGIN
    INSERT INTO [dbo].[QuestionTheme_QTH] ([Id_Question], [Id_Theme]) VALUES (822, @ThemeId);
END

-- Question 50
SET IDENTITY_INSERT [dbo].[Question_QST] ON;
IF NOT EXISTS (SELECT 1 FROM [dbo].[Question_QST] WHERE Id = 823)
BEGIN
    INSERT INTO [dbo].[Question_QST] ([Id], [Question], [Id_Difficulty])
    VALUES (823, N'Quel pays a remporté la Coupe du Monde 2014 ?', 2);
END
SET IDENTITY_INSERT [dbo].[Question_QST] OFF;

INSERT INTO [dbo].[Answer_ANS] ([Id_Question], [Value], [Valid]) VALUES
    (823, N'Allemagne', 1),
    (823, N'Argentine', 0),
    (823, N'Brésil', 0),
    (823, N'Espagne', 0);

IF NOT EXISTS (SELECT 1 FROM [dbo].[QuestionTheme_QTH] WHERE Id_Question = 823 AND Id_Theme = @ThemeId)
BEGIN
    INSERT INTO [dbo].[QuestionTheme_QTH] ([Id_Question], [Id_Theme]) VALUES (823, @ThemeId);
END

-- Question 51
SET IDENTITY_INSERT [dbo].[Question_QST] ON;
IF NOT EXISTS (SELECT 1 FROM [dbo].[Question_QST] WHERE Id = 824)
BEGIN
    INSERT INTO [dbo].[Question_QST] ([Id], [Question], [Id_Difficulty])
    VALUES (824, N'Combien de joueurs composent une équipe de rugby à XV ?', 2);
END
SET IDENTITY_INSERT [dbo].[Question_QST] OFF;

INSERT INTO [dbo].[Answer_ANS] ([Id_Question], [Value], [Valid]) VALUES
    (824, N'15', 1),
    (824, N'13', 0),
    (824, N'11', 0),
    (824, N'12', 0);

IF NOT EXISTS (SELECT 1 FROM [dbo].[QuestionTheme_QTH] WHERE Id_Question = 824 AND Id_Theme = @ThemeId)
BEGIN
    INSERT INTO [dbo].[QuestionTheme_QTH] ([Id_Question], [Id_Theme]) VALUES (824, @ThemeId);
END

-- Question 52
SET IDENTITY_INSERT [dbo].[Question_QST] ON;
IF NOT EXISTS (SELECT 1 FROM [dbo].[Question_QST] WHERE Id = 825)
BEGIN
    INSERT INTO [dbo].[Question_QST] ([Id], [Question], [Id_Difficulty])
    VALUES (825, N'Quel pays a remporté le plus de titres en NBA ?', 2);
END
SET IDENTITY_INSERT [dbo].[Question_QST] OFF;

INSERT INTO [dbo].[Answer_ANS] ([Id_Question], [Value], [Valid]) VALUES
    (825, N'États-Unis', 1),
    (825, N'Canada', 0),
    (825, N'Espagne', 0),
    (825, N'France', 0);

IF NOT EXISTS (SELECT 1 FROM [dbo].[QuestionTheme_QTH] WHERE Id_Question = 825 AND Id_Theme = @ThemeId)
BEGIN
    INSERT INTO [dbo].[QuestionTheme_QTH] ([Id_Question], [Id_Theme]) VALUES (825, @ThemeId);
END

-- Question 53
SET IDENTITY_INSERT [dbo].[Question_QST] ON;
IF NOT EXISTS (SELECT 1 FROM [dbo].[Question_QST] WHERE Id = 826)
BEGIN
    INSERT INTO [dbo].[Question_QST] ([Id], [Question], [Id_Difficulty])
    VALUES (826, N'Quel joueur de tennis a le plus de titres du Grand Chelem ?', 2);
END
SET IDENTITY_INSERT [dbo].[Question_QST] OFF;

INSERT INTO [dbo].[Answer_ANS] ([Id_Question], [Value], [Valid]) VALUES
    (826, N'Novak Djokovic', 1),
    (826, N'Roger Federer', 0),
    (826, N'Rafael Nadal', 0),
    (826, N'Pete Sampras', 0);

IF NOT EXISTS (SELECT 1 FROM [dbo].[QuestionTheme_QTH] WHERE Id_Question = 826 AND Id_Theme = @ThemeId)
BEGIN
    INSERT INTO [dbo].[QuestionTheme_QTH] ([Id_Question], [Id_Theme]) VALUES (826, @ThemeId);
END

-- Question 54
SET IDENTITY_INSERT [dbo].[Question_QST] ON;
IF NOT EXISTS (SELECT 1 FROM [dbo].[Question_QST] WHERE Id = 827)
BEGIN
    INSERT INTO [dbo].[Question_QST] ([Id], [Question], [Id_Difficulty])
    VALUES (827, N'Quel pays organise le Tour de France ?', 2);
END
SET IDENTITY_INSERT [dbo].[Question_QST] OFF;

INSERT INTO [dbo].[Answer_ANS] ([Id_Question], [Value], [Valid]) VALUES
    (827, N'France', 1),
    (827, N'Italie', 0),
    (827, N'Espagne', 0),
    (827, N'Belgique', 0);

IF NOT EXISTS (SELECT 1 FROM [dbo].[QuestionTheme_QTH] WHERE Id_Question = 827 AND Id_Theme = @ThemeId)
BEGIN
    INSERT INTO [dbo].[QuestionTheme_QTH] ([Id_Question], [Id_Theme]) VALUES (827, @ThemeId);
END

-- Question 55
SET IDENTITY_INSERT [dbo].[Question_QST] ON;
IF NOT EXISTS (SELECT 1 FROM [dbo].[Question_QST] WHERE Id = 828)
BEGIN
    INSERT INTO [dbo].[Question_QST] ([Id], [Question], [Id_Difficulty])
    VALUES (828, N'Quel joueur a marqué le plus de buts en Ligue des Champions ?', 2);
END
SET IDENTITY_INSERT [dbo].[Question_QST] OFF;

INSERT INTO [dbo].[Answer_ANS] ([Id_Question], [Value], [Valid]) VALUES
    (828, N'Cristiano Ronaldo', 1),
    (828, N'Lionel Messi', 0),
    (828, N'Robert Lewandowski', 0),
    (828, N'Raúl', 0);

IF NOT EXISTS (SELECT 1 FROM [dbo].[QuestionTheme_QTH] WHERE Id_Question = 828 AND Id_Theme = @ThemeId)
BEGIN
    INSERT INTO [dbo].[QuestionTheme_QTH] ([Id_Question], [Id_Theme]) VALUES (828, @ThemeId);
END

-- Question 56
SET IDENTITY_INSERT [dbo].[Question_QST] ON;
IF NOT EXISTS (SELECT 1 FROM [dbo].[Question_QST] WHERE Id = 829)
BEGIN
    INSERT INTO [dbo].[Question_QST] ([Id], [Question], [Id_Difficulty])
    VALUES (829, N'Quel pays a remporté le plus de médailles aux Jeux Olympiques d’été 2016 ?', 2);
END
SET IDENTITY_INSERT [dbo].[Question_QST] OFF;

INSERT INTO [dbo].[Answer_ANS] ([Id_Question], [Value], [Valid]) VALUES
    (829, N'États-Unis', 1),
    (829, N'Chine', 0),
    (829, N'Royaume-Uni', 0),
    (829, N'Russie', 0);

IF NOT EXISTS (SELECT 1 FROM [dbo].[QuestionTheme_QTH] WHERE Id_Question = 829 AND Id_Theme = @ThemeId)
BEGIN
    INSERT INTO [dbo].[QuestionTheme_QTH] ([Id_Question], [Id_Theme]) VALUES (829, @ThemeId);
END

-- Question 57
SET IDENTITY_INSERT [dbo].[Question_QST] ON;
IF NOT EXISTS (SELECT 1 FROM [dbo].[Question_QST] WHERE Id = 830)
BEGIN
    INSERT INTO [dbo].[Question_QST] ([Id], [Question], [Id_Difficulty])
    VALUES (830, N'Quel joueur de football est surnommé ''CR7'' ?', 2);
END
SET IDENTITY_INSERT [dbo].[Question_QST] OFF;

INSERT INTO [dbo].[Answer_ANS] ([Id_Question], [Value], [Valid]) VALUES
    (830, N'Cristiano Ronaldo', 1),
    (830, N'Lionel Messi', 0),
    (830, N'Neymar', 0),
    (830, N'Zlatan Ibrahimović', 0);

IF NOT EXISTS (SELECT 1 FROM [dbo].[QuestionTheme_QTH] WHERE Id_Question = 830 AND Id_Theme = @ThemeId)
BEGIN
    INSERT INTO [dbo].[QuestionTheme_QTH] ([Id_Question], [Id_Theme]) VALUES (830, @ThemeId);
END

-- Question 58
SET IDENTITY_INSERT [dbo].[Question_QST] ON;
IF NOT EXISTS (SELECT 1 FROM [dbo].[Question_QST] WHERE Id = 831)
BEGIN
    INSERT INTO [dbo].[Question_QST] ([Id], [Question], [Id_Difficulty])
    VALUES (831, N'Quelle nation est célèbre pour le curling ?', 2);
END
SET IDENTITY_INSERT [dbo].[Question_QST] OFF;

INSERT INTO [dbo].[Answer_ANS] ([Id_Question], [Value], [Valid]) VALUES
    (831, N'Canada', 1),
    (831, N'Suède', 0),
    (831, N'Norvège', 0),
    (831, N'Suisse', 0);

IF NOT EXISTS (SELECT 1 FROM [dbo].[QuestionTheme_QTH] WHERE Id_Question = 831 AND Id_Theme = @ThemeId)
BEGIN
    INSERT INTO [dbo].[QuestionTheme_QTH] ([Id_Question], [Id_Theme]) VALUES (831, @ThemeId);
END

-- Question 59
SET IDENTITY_INSERT [dbo].[Question_QST] ON;
IF NOT EXISTS (SELECT 1 FROM [dbo].[Question_QST] WHERE Id = 832)
BEGIN
    INSERT INTO [dbo].[Question_QST] ([Id], [Question], [Id_Difficulty])
    VALUES (832, N'Quel est le record du monde du 100m masculin (en 2021) ?', 2);
END
SET IDENTITY_INSERT [dbo].[Question_QST] OFF;

INSERT INTO [dbo].[Answer_ANS] ([Id_Question], [Value], [Valid]) VALUES
    (832, N'9,58 s', 1),
    (832, N'9,63 s', 0),
    (832, N'9,69 s', 0),
    (832, N'9,72 s', 0);

IF NOT EXISTS (SELECT 1 FROM [dbo].[QuestionTheme_QTH] WHERE Id_Question = 832 AND Id_Theme = @ThemeId)
BEGIN
    INSERT INTO [dbo].[QuestionTheme_QTH] ([Id_Question], [Id_Theme]) VALUES (832, @ThemeId);
END

-- Question 60
SET IDENTITY_INSERT [dbo].[Question_QST] ON;
IF NOT EXISTS (SELECT 1 FROM [dbo].[Question_QST] WHERE Id = 833)
BEGIN
    INSERT INTO [dbo].[Question_QST] ([Id], [Question], [Id_Difficulty])
    VALUES (833, N'Quel pays a remporté la Coupe du Monde de rugby 2019 ?', 2);
END
SET IDENTITY_INSERT [dbo].[Question_QST] OFF;

INSERT INTO [dbo].[Answer_ANS] ([Id_Question], [Value], [Valid]) VALUES
    (833, N'Afrique du Sud', 1),
    (833, N'Angleterre', 0),
    (833, N'Nouvelle-Zélande', 0),
    (833, N'Australie', 0);

IF NOT EXISTS (SELECT 1 FROM [dbo].[QuestionTheme_QTH] WHERE Id_Question = 833 AND Id_Theme = @ThemeId)
BEGIN
    INSERT INTO [dbo].[QuestionTheme_QTH] ([Id_Question], [Id_Theme]) VALUES (833, @ThemeId);
END

-- Question 61
SET IDENTITY_INSERT [dbo].[Question_QST] ON;
IF NOT EXISTS (SELECT 1 FROM [dbo].[Question_QST] WHERE Id = 834)
BEGIN
    INSERT INTO [dbo].[Question_QST] ([Id], [Question], [Id_Difficulty])
    VALUES (834, N'Quel joueur a remporté le plus de titres en NBA ?', 2);
END
SET IDENTITY_INSERT [dbo].[Question_QST] OFF;

INSERT INTO [dbo].[Answer_ANS] ([Id_Question], [Value], [Valid]) VALUES
    (834, N'Bill Russell', 1),
    (834, N'Michael Jordan', 0),
    (834, N'Kobe Bryant', 0),
    (834, N'LeBron James', 0);

IF NOT EXISTS (SELECT 1 FROM [dbo].[QuestionTheme_QTH] WHERE Id_Question = 834 AND Id_Theme = @ThemeId)
BEGIN
    INSERT INTO [dbo].[QuestionTheme_QTH] ([Id_Question], [Id_Theme]) VALUES (834, @ThemeId);
END

-- Question 62
SET IDENTITY_INSERT [dbo].[Question_QST] ON;
IF NOT EXISTS (SELECT 1 FROM [dbo].[Question_QST] WHERE Id = 835)
BEGIN
    INSERT INTO [dbo].[Question_QST] ([Id], [Question], [Id_Difficulty])
    VALUES (835, N'Quel pays a remporté la Coupe d’Europe de football 2016 ?', 2);
END
SET IDENTITY_INSERT [dbo].[Question_QST] OFF;

INSERT INTO [dbo].[Answer_ANS] ([Id_Question], [Value], [Valid]) VALUES
    (835, N'Portugal', 1),
    (835, N'France', 0),
    (835, N'Espagne', 0),
    (835, N'Italie', 0);

IF NOT EXISTS (SELECT 1 FROM [dbo].[QuestionTheme_QTH] WHERE Id_Question = 835 AND Id_Theme = @ThemeId)
BEGIN
    INSERT INTO [dbo].[QuestionTheme_QTH] ([Id_Question], [Id_Theme]) VALUES (835, @ThemeId);
END

-- Question 63
SET IDENTITY_INSERT [dbo].[Question_QST] ON;
IF NOT EXISTS (SELECT 1 FROM [dbo].[Question_QST] WHERE Id = 836)
BEGIN
    INSERT INTO [dbo].[Question_QST] ([Id], [Question], [Id_Difficulty])
    VALUES (836, N'Quel pays est champion olympique en football masculin en 2016 ?', 2);
END
SET IDENTITY_INSERT [dbo].[Question_QST] OFF;

INSERT INTO [dbo].[Answer_ANS] ([Id_Question], [Value], [Valid]) VALUES
    (836, N'Brésil', 1),
    (836, N'Allemagne', 0),
    (836, N'Argentine', 0),
    (836, N'Nigeria', 0);

IF NOT EXISTS (SELECT 1 FROM [dbo].[QuestionTheme_QTH] WHERE Id_Question = 836 AND Id_Theme = @ThemeId)
BEGIN
    INSERT INTO [dbo].[QuestionTheme_QTH] ([Id_Question], [Id_Theme]) VALUES (836, @ThemeId);
END

-- Question 64
SET IDENTITY_INSERT [dbo].[Question_QST] ON;
IF NOT EXISTS (SELECT 1 FROM [dbo].[Question_QST] WHERE Id = 837)
BEGIN
    INSERT INTO [dbo].[Question_QST] ([Id], [Question], [Id_Difficulty])
    VALUES (837, N'Quel est le record du monde du marathon masculin ?', 2);
END
SET IDENTITY_INSERT [dbo].[Question_QST] OFF;

INSERT INTO [dbo].[Answer_ANS] ([Id_Question], [Value], [Valid]) VALUES
    (837, N'2h01:39', 1),
    (837, N'2h02:57', 0),
    (837, N'2h03:05', 0),
    (837, N'2h04:50', 0);

IF NOT EXISTS (SELECT 1 FROM [dbo].[QuestionTheme_QTH] WHERE Id_Question = 837 AND Id_Theme = @ThemeId)
BEGIN
    INSERT INTO [dbo].[QuestionTheme_QTH] ([Id_Question], [Id_Theme]) VALUES (837, @ThemeId);
END

-- Question 65
SET IDENTITY_INSERT [dbo].[Question_QST] ON;
IF NOT EXISTS (SELECT 1 FROM [dbo].[Question_QST] WHERE Id = 838)
BEGIN
    INSERT INTO [dbo].[Question_QST] ([Id], [Question], [Id_Difficulty])
    VALUES (838, N'Quel pays a remporté le championnat du monde de handball masculin 2019 ?', 2);
END
SET IDENTITY_INSERT [dbo].[Question_QST] OFF;

INSERT INTO [dbo].[Answer_ANS] ([Id_Question], [Value], [Valid]) VALUES
    (838, N'Danemark', 1),
    (838, N'France', 0),
    (838, N'Norvège', 0),
    (838, N'Espagne', 0);

IF NOT EXISTS (SELECT 1 FROM [dbo].[QuestionTheme_QTH] WHERE Id_Question = 838 AND Id_Theme = @ThemeId)
BEGIN
    INSERT INTO [dbo].[QuestionTheme_QTH] ([Id_Question], [Id_Theme]) VALUES (838, @ThemeId);
END

-- Question 66
SET IDENTITY_INSERT [dbo].[Question_QST] ON;
IF NOT EXISTS (SELECT 1 FROM [dbo].[Question_QST] WHERE Id = 839)
BEGIN
    INSERT INTO [dbo].[Question_QST] ([Id], [Question], [Id_Difficulty])
    VALUES (839, N'Quel joueur est surnommé ''La Pulga'' ?', 2);
END
SET IDENTITY_INSERT [dbo].[Question_QST] OFF;

INSERT INTO [dbo].[Answer_ANS] ([Id_Question], [Value], [Valid]) VALUES
    (839, N'Lionel Messi', 1),
    (839, N'Cristiano Ronaldo', 0),
    (839, N'Neymar', 0),
    (839, N'Iniesta', 0);

IF NOT EXISTS (SELECT 1 FROM [dbo].[QuestionTheme_QTH] WHERE Id_Question = 839 AND Id_Theme = @ThemeId)
BEGIN
    INSERT INTO [dbo].[QuestionTheme_QTH] ([Id_Question], [Id_Theme]) VALUES (839, @ThemeId);
END

-- Question 67
SET IDENTITY_INSERT [dbo].[Question_QST] ON;
IF NOT EXISTS (SELECT 1 FROM [dbo].[Question_QST] WHERE Id = 840)
BEGIN
    INSERT INTO [dbo].[Question_QST] ([Id], [Question], [Id_Difficulty])
    VALUES (840, N'Quel pays a remporté la première Coupe du Monde de football ?', 2);
END
SET IDENTITY_INSERT [dbo].[Question_QST] OFF;

INSERT INTO [dbo].[Answer_ANS] ([Id_Question], [Value], [Valid]) VALUES
    (840, N'Uruguay', 1),
    (840, N'Brésil', 0),
    (840, N'Italie', 0),
    (840, N'Allemagne', 0);

IF NOT EXISTS (SELECT 1 FROM [dbo].[QuestionTheme_QTH] WHERE Id_Question = 840 AND Id_Theme = @ThemeId)
BEGIN
    INSERT INTO [dbo].[QuestionTheme_QTH] ([Id_Question], [Id_Theme]) VALUES (840, @ThemeId);
END

-- Question 68
SET IDENTITY_INSERT [dbo].[Question_QST] ON;
IF NOT EXISTS (SELECT 1 FROM [dbo].[Question_QST] WHERE Id = 841)
BEGIN
    INSERT INTO [dbo].[Question_QST] ([Id], [Question], [Id_Difficulty])
    VALUES (841, N'Quel athlète est surnommé ''l’homme le plus rapide du monde'' ?', 2);
END
SET IDENTITY_INSERT [dbo].[Question_QST] OFF;

INSERT INTO [dbo].[Answer_ANS] ([Id_Question], [Value], [Valid]) VALUES
    (841, N'Usain Bolt', 1),
    (841, N'Carl Lewis', 0),
    (841, N'Justin Gatlin', 0),
    (841, N'Tyson Gay', 0);

IF NOT EXISTS (SELECT 1 FROM [dbo].[QuestionTheme_QTH] WHERE Id_Question = 841 AND Id_Theme = @ThemeId)
BEGIN
    INSERT INTO [dbo].[QuestionTheme_QTH] ([Id_Question], [Id_Theme]) VALUES (841, @ThemeId);
END

-- Question 69
SET IDENTITY_INSERT [dbo].[Question_QST] ON;
IF NOT EXISTS (SELECT 1 FROM [dbo].[Question_QST] WHERE Id = 842)
BEGIN
    INSERT INTO [dbo].[Question_QST] ([Id], [Question], [Id_Difficulty])
    VALUES (842, N'Quel joueur de tennis est surnommé ''Rafa'' ?', 2);
END
SET IDENTITY_INSERT [dbo].[Question_QST] OFF;

INSERT INTO [dbo].[Answer_ANS] ([Id_Question], [Value], [Valid]) VALUES
    (842, N'Rafael Nadal', 1),
    (842, N'Roger Federer', 0),
    (842, N'Novak Djokovic', 0),
    (842, N'Andy Murray', 0);

IF NOT EXISTS (SELECT 1 FROM [dbo].[QuestionTheme_QTH] WHERE Id_Question = 842 AND Id_Theme = @ThemeId)
BEGIN
    INSERT INTO [dbo].[QuestionTheme_QTH] ([Id_Question], [Id_Theme]) VALUES (842, @ThemeId);
END

-- Question 70
SET IDENTITY_INSERT [dbo].[Question_QST] ON;
IF NOT EXISTS (SELECT 1 FROM [dbo].[Question_QST] WHERE Id = 843)
BEGIN
    INSERT INTO [dbo].[Question_QST] ([Id], [Question], [Id_Difficulty])
    VALUES (843, N'Quel pays organise les 24 Heures du Mans ?', 2);
END
SET IDENTITY_INSERT [dbo].[Question_QST] OFF;

INSERT INTO [dbo].[Answer_ANS] ([Id_Question], [Value], [Valid]) VALUES
    (843, N'France', 1),
    (843, N'Italie', 0),
    (843, N'Allemagne', 0),
    (843, N'Belgique', 0);

IF NOT EXISTS (SELECT 1 FROM [dbo].[QuestionTheme_QTH] WHERE Id_Question = 843 AND Id_Theme = @ThemeId)
BEGIN
    INSERT INTO [dbo].[QuestionTheme_QTH] ([Id_Question], [Id_Theme]) VALUES (843, @ThemeId);
END

-- Question 71
SET IDENTITY_INSERT [dbo].[Question_QST] ON;
IF NOT EXISTS (SELECT 1 FROM [dbo].[Question_QST] WHERE Id = 844)
BEGIN
    INSERT INTO [dbo].[Question_QST] ([Id], [Question], [Id_Difficulty])
    VALUES (844, N'Quel est le record du monde du saut en hauteur masculin ?', 2);
END
SET IDENTITY_INSERT [dbo].[Question_QST] OFF;

INSERT INTO [dbo].[Answer_ANS] ([Id_Question], [Value], [Valid]) VALUES
    (844, N'2,45 m', 1),
    (844, N'2,42 m', 0),
    (844, N'2,40 m', 0),
    (844, N'2,39 m', 0);

IF NOT EXISTS (SELECT 1 FROM [dbo].[QuestionTheme_QTH] WHERE Id_Question = 844 AND Id_Theme = @ThemeId)
BEGIN
    INSERT INTO [dbo].[QuestionTheme_QTH] ([Id_Question], [Id_Theme]) VALUES (844, @ThemeId);
END

-- Question 72
SET IDENTITY_INSERT [dbo].[Question_QST] ON;
IF NOT EXISTS (SELECT 1 FROM [dbo].[Question_QST] WHERE Id = 845)
BEGIN
    INSERT INTO [dbo].[Question_QST] ([Id], [Question], [Id_Difficulty])
    VALUES (845, N'Quel pays a remporté la Coupe du Monde féminine 2019 ?', 2);
END
SET IDENTITY_INSERT [dbo].[Question_QST] OFF;

INSERT INTO [dbo].[Answer_ANS] ([Id_Question], [Value], [Valid]) VALUES
    (845, N'États-Unis', 1),
    (845, N'Pays-Bas', 0),
    (845, N'Suède', 0),
    (845, N'Angleterre', 0);

IF NOT EXISTS (SELECT 1 FROM [dbo].[QuestionTheme_QTH] WHERE Id_Question = 845 AND Id_Theme = @ThemeId)
BEGIN
    INSERT INTO [dbo].[QuestionTheme_QTH] ([Id_Question], [Id_Theme]) VALUES (845, @ThemeId);
END

-- Question 73
SET IDENTITY_INSERT [dbo].[Question_QST] ON;
IF NOT EXISTS (SELECT 1 FROM [dbo].[Question_QST] WHERE Id = 846)
BEGIN
    INSERT INTO [dbo].[Question_QST] ([Id], [Question], [Id_Difficulty])
    VALUES (846, N'Quel joueur de football a remporté la Ligue des Champions 5 fois avec le Real Madrid ?', 2);
END
SET IDENTITY_INSERT [dbo].[Question_QST] OFF;

INSERT INTO [dbo].[Answer_ANS] ([Id_Question], [Value], [Valid]) VALUES
    (846, N'Cristiano Ronaldo', 1),
    (846, N'Karim Benzema', 0),
    (846, N'Sergio Ramos', 0),
    (846, N'Luka Modrić', 0);

IF NOT EXISTS (SELECT 1 FROM [dbo].[QuestionTheme_QTH] WHERE Id_Question = 846 AND Id_Theme = @ThemeId)
BEGIN
    INSERT INTO [dbo].[QuestionTheme_QTH] ([Id_Question], [Id_Theme]) VALUES (846, @ThemeId);
END

-- Question 74
SET IDENTITY_INSERT [dbo].[Question_QST] ON;
IF NOT EXISTS (SELECT 1 FROM [dbo].[Question_QST] WHERE Id = 847)
BEGIN
    INSERT INTO [dbo].[Question_QST] ([Id], [Question], [Id_Difficulty])
    VALUES (847, N'Quel pays est champion du monde de basket masculin 2019 ?', 2);
END
SET IDENTITY_INSERT [dbo].[Question_QST] OFF;

INSERT INTO [dbo].[Answer_ANS] ([Id_Question], [Value], [Valid]) VALUES
    (847, N'Espagne', 1),
    (847, N'États-Unis', 0),
    (847, N'France', 0),
    (847, N'Argentine', 0);

IF NOT EXISTS (SELECT 1 FROM [dbo].[QuestionTheme_QTH] WHERE Id_Question = 847 AND Id_Theme = @ThemeId)
BEGIN
    INSERT INTO [dbo].[QuestionTheme_QTH] ([Id_Question], [Id_Theme]) VALUES (847, @ThemeId);
END

-- Question 75
SET IDENTITY_INSERT [dbo].[Question_QST] ON;
IF NOT EXISTS (SELECT 1 FROM [dbo].[Question_QST] WHERE Id = 848)
BEGIN
    INSERT INTO [dbo].[Question_QST] ([Id], [Question], [Id_Difficulty])
    VALUES (848, N'Quel joueur a marqué le plus de buts en Coupe du Monde ?', 2);
END
SET IDENTITY_INSERT [dbo].[Question_QST] OFF;

INSERT INTO [dbo].[Answer_ANS] ([Id_Question], [Value], [Valid]) VALUES
    (848, N'Miroslav Klose', 1),
    (848, N'Ronaldo', 0),
    (848, N'Pelé', 0),
    (848, N'Lionel Messi', 0);

IF NOT EXISTS (SELECT 1 FROM [dbo].[QuestionTheme_QTH] WHERE Id_Question = 848 AND Id_Theme = @ThemeId)
BEGIN
    INSERT INTO [dbo].[QuestionTheme_QTH] ([Id_Question], [Id_Theme]) VALUES (848, @ThemeId);
END

-- Question 76
SET IDENTITY_INSERT [dbo].[Question_QST] ON;
IF NOT EXISTS (SELECT 1 FROM [dbo].[Question_QST] WHERE Id = 849)
BEGIN
    INSERT INTO [dbo].[Question_QST] ([Id], [Question], [Id_Difficulty])
    VALUES (849, N'Quel pays a remporté la Copa América 2019 ?', 2);
END
SET IDENTITY_INSERT [dbo].[Question_QST] OFF;

INSERT INTO [dbo].[Answer_ANS] ([Id_Question], [Value], [Valid]) VALUES
    (849, N'Brésil', 1),
    (849, N'Argentine', 0),
    (849, N'Uruguay', 0),
    (849, N'Chili', 0);

IF NOT EXISTS (SELECT 1 FROM [dbo].[QuestionTheme_QTH] WHERE Id_Question = 849 AND Id_Theme = @ThemeId)
BEGIN
    INSERT INTO [dbo].[QuestionTheme_QTH] ([Id_Question], [Id_Theme]) VALUES (849, @ThemeId);
END

-- Question 77
SET IDENTITY_INSERT [dbo].[Question_QST] ON;
IF NOT EXISTS (SELECT 1 FROM [dbo].[Question_QST] WHERE Id = 850)
BEGIN
    INSERT INTO [dbo].[Question_QST] ([Id], [Question], [Id_Difficulty])
    VALUES (850, N'Quel nageur détient le record du monde du 100 m nage libre masculin ?', 2);
END
SET IDENTITY_INSERT [dbo].[Question_QST] OFF;

INSERT INTO [dbo].[Answer_ANS] ([Id_Question], [Value], [Valid]) VALUES
    (850, N'César Cielo', 1),
    (850, N'Michael Phelps', 0),
    (850, N'Caeleb Dressel', 0),
    (850, N'Nathan Adrian', 0);

IF NOT EXISTS (SELECT 1 FROM [dbo].[QuestionTheme_QTH] WHERE Id_Question = 850 AND Id_Theme = @ThemeId)
BEGIN
    INSERT INTO [dbo].[QuestionTheme_QTH] ([Id_Question], [Id_Theme]) VALUES (850, @ThemeId);
END

-- Question 78
SET IDENTITY_INSERT [dbo].[Question_QST] ON;
IF NOT EXISTS (SELECT 1 FROM [dbo].[Question_QST] WHERE Id = 851)
BEGIN
    INSERT INTO [dbo].[Question_QST] ([Id], [Question], [Id_Difficulty])
    VALUES (851, N'Quel joueur de football a été Ballon d’Or 2019 ?', 2);
END
SET IDENTITY_INSERT [dbo].[Question_QST] OFF;

INSERT INTO [dbo].[Answer_ANS] ([Id_Question], [Value], [Valid]) VALUES
    (851, N'Lionel Messi', 1),
    (851, N'Cristiano Ronaldo', 0),
    (851, N'Virgil van Dijk', 0),
    (851, N'Modrić', 0);

IF NOT EXISTS (SELECT 1 FROM [dbo].[QuestionTheme_QTH] WHERE Id_Question = 851 AND Id_Theme = @ThemeId)
BEGIN
    INSERT INTO [dbo].[QuestionTheme_QTH] ([Id_Question], [Id_Theme]) VALUES (851, @ThemeId);
END

-- Question 79
SET IDENTITY_INSERT [dbo].[Question_QST] ON;
IF NOT EXISTS (SELECT 1 FROM [dbo].[Question_QST] WHERE Id = 852)
BEGIN
    INSERT INTO [dbo].[Question_QST] ([Id], [Question], [Id_Difficulty])
    VALUES (852, N'Quel pays a remporté la Coupe du Monde 1998 ?', 2);
END
SET IDENTITY_INSERT [dbo].[Question_QST] OFF;

INSERT INTO [dbo].[Answer_ANS] ([Id_Question], [Value], [Valid]) VALUES
    (852, N'France', 1),
    (852, N'Brésil', 0),
    (852, N'Italie', 0),
    (852, N'Allemagne', 0);

IF NOT EXISTS (SELECT 1 FROM [dbo].[QuestionTheme_QTH] WHERE Id_Question = 852 AND Id_Theme = @ThemeId)
BEGIN
    INSERT INTO [dbo].[QuestionTheme_QTH] ([Id_Question], [Id_Theme]) VALUES (852, @ThemeId);
END

-- Question 80
SET IDENTITY_INSERT [dbo].[Question_QST] ON;
IF NOT EXISTS (SELECT 1 FROM [dbo].[Question_QST] WHERE Id = 853)
BEGIN
    INSERT INTO [dbo].[Question_QST] ([Id], [Question], [Id_Difficulty])
    VALUES (853, N'Quel joueur de tennis a remporté Wimbledon 2019 ?', 2);
END
SET IDENTITY_INSERT [dbo].[Question_QST] OFF;

INSERT INTO [dbo].[Answer_ANS] ([Id_Question], [Value], [Valid]) VALUES
    (853, N'Novak Djokovic', 1),
    (853, N'Roger Federer', 0),
    (853, N'Rafael Nadal', 0),
    (853, N'Andy Murray', 0);

IF NOT EXISTS (SELECT 1 FROM [dbo].[QuestionTheme_QTH] WHERE Id_Question = 853 AND Id_Theme = @ThemeId)
BEGIN
    INSERT INTO [dbo].[QuestionTheme_QTH] ([Id_Question], [Id_Theme]) VALUES (853, @ThemeId);
END

-- Question 81
SET IDENTITY_INSERT [dbo].[Question_QST] ON;
IF NOT EXISTS (SELECT 1 FROM [dbo].[Question_QST] WHERE Id = 854)
BEGIN
    INSERT INTO [dbo].[Question_QST] ([Id], [Question], [Id_Difficulty])
    VALUES (854, N'Quel pays a remporté la Coupe du Monde de rugby 2015 ?', 2);
END
SET IDENTITY_INSERT [dbo].[Question_QST] OFF;

INSERT INTO [dbo].[Answer_ANS] ([Id_Question], [Value], [Valid]) VALUES
    (854, N'Nouvelle-Zélande', 1),
    (854, N'Australie', 0),
    (854, N'Angleterre', 0),
    (854, N'Afrique du Sud', 0);

IF NOT EXISTS (SELECT 1 FROM [dbo].[QuestionTheme_QTH] WHERE Id_Question = 854 AND Id_Theme = @ThemeId)
BEGIN
    INSERT INTO [dbo].[QuestionTheme_QTH] ([Id_Question], [Id_Theme]) VALUES (854, @ThemeId);
END

-- Question 82
SET IDENTITY_INSERT [dbo].[Question_QST] ON;
IF NOT EXISTS (SELECT 1 FROM [dbo].[Question_QST] WHERE Id = 855)
BEGIN
    INSERT INTO [dbo].[Question_QST] ([Id], [Question], [Id_Difficulty])
    VALUES (855, N'Quel joueur de football a marqué 91 buts en 2012 ?', 2);
END
SET IDENTITY_INSERT [dbo].[Question_QST] OFF;

INSERT INTO [dbo].[Answer_ANS] ([Id_Question], [Value], [Valid]) VALUES
    (855, N'Lionel Messi', 1),
    (855, N'Cristiano Ronaldo', 0),
    (855, N'Neymar', 0),
    (855, N'Zlatan Ibrahimović', 0);

IF NOT EXISTS (SELECT 1 FROM [dbo].[QuestionTheme_QTH] WHERE Id_Question = 855 AND Id_Theme = @ThemeId)
BEGIN
    INSERT INTO [dbo].[QuestionTheme_QTH] ([Id_Question], [Id_Theme]) VALUES (855, @ThemeId);
END

-- Question 83
SET IDENTITY_INSERT [dbo].[Question_QST] ON;
IF NOT EXISTS (SELECT 1 FROM [dbo].[Question_QST] WHERE Id = 856)
BEGIN
    INSERT INTO [dbo].[Question_QST] ([Id], [Question], [Id_Difficulty])
    VALUES (856, N'Quel pays a remporté le Tournoi des Six Nations 2020 ?', 2);
END
SET IDENTITY_INSERT [dbo].[Question_QST] OFF;

INSERT INTO [dbo].[Answer_ANS] ([Id_Question], [Value], [Valid]) VALUES
    (856, N'Angleterre', 1),
    (856, N'France', 0),
    (856, N'Irlande', 0),
    (856, N'Pays de Galles', 0);

IF NOT EXISTS (SELECT 1 FROM [dbo].[QuestionTheme_QTH] WHERE Id_Question = 856 AND Id_Theme = @ThemeId)
BEGIN
    INSERT INTO [dbo].[QuestionTheme_QTH] ([Id_Question], [Id_Theme]) VALUES (856, @ThemeId);
END

-- Question 84
SET IDENTITY_INSERT [dbo].[Question_QST] ON;
IF NOT EXISTS (SELECT 1 FROM [dbo].[Question_QST] WHERE Id = 857)
BEGIN
    INSERT INTO [dbo].[Question_QST] ([Id], [Question], [Id_Difficulty])
    VALUES (857, N'Quel athlète a remporté 8 médailles d’or aux Jeux Olympiques 2008 ?', 2);
END
SET IDENTITY_INSERT [dbo].[Question_QST] OFF;

INSERT INTO [dbo].[Answer_ANS] ([Id_Question], [Value], [Valid]) VALUES
    (857, N'Michael Phelps', 1),
    (857, N'Usain Bolt', 0),
    (857, N'Carl Lewis', 0),
    (857, N'Mark Spitz', 0);

IF NOT EXISTS (SELECT 1 FROM [dbo].[QuestionTheme_QTH] WHERE Id_Question = 857 AND Id_Theme = @ThemeId)
BEGIN
    INSERT INTO [dbo].[QuestionTheme_QTH] ([Id_Question], [Id_Theme]) VALUES (857, @ThemeId);
END

-- Question 85
SET IDENTITY_INSERT [dbo].[Question_QST] ON;
IF NOT EXISTS (SELECT 1 FROM [dbo].[Question_QST] WHERE Id = 858)
BEGIN
    INSERT INTO [dbo].[Question_QST] ([Id], [Question], [Id_Difficulty])
    VALUES (858, N'Quel joueur de tennis a remporté l’Open d’Australie 2020 ?', 2);
END
SET IDENTITY_INSERT [dbo].[Question_QST] OFF;

INSERT INTO [dbo].[Answer_ANS] ([Id_Question], [Value], [Valid]) VALUES
    (858, N'Novak Djokovic', 1),
    (858, N'Roger Federer', 0),
    (858, N'Rafael Nadal', 0),
    (858, N'Dominic Thiem', 0);

IF NOT EXISTS (SELECT 1 FROM [dbo].[QuestionTheme_QTH] WHERE Id_Question = 858 AND Id_Theme = @ThemeId)
BEGIN
    INSERT INTO [dbo].[QuestionTheme_QTH] ([Id_Question], [Id_Theme]) VALUES (858, @ThemeId);
END

-- Question 86
SET IDENTITY_INSERT [dbo].[Question_QST] ON;
IF NOT EXISTS (SELECT 1 FROM [dbo].[Question_QST] WHERE Id = 859)
BEGIN
    INSERT INTO [dbo].[Question_QST] ([Id], [Question], [Id_Difficulty])
    VALUES (859, N'Quel pays a remporté la Coupe d’Europe de football 2020 ?', 2);
END
SET IDENTITY_INSERT [dbo].[Question_QST] OFF;

INSERT INTO [dbo].[Answer_ANS] ([Id_Question], [Value], [Valid]) VALUES
    (859, N'Italie', 1),
    (859, N'Angleterre', 0),
    (859, N'Espagne', 0),
    (859, N'France', 0);

IF NOT EXISTS (SELECT 1 FROM [dbo].[QuestionTheme_QTH] WHERE Id_Question = 859 AND Id_Theme = @ThemeId)
BEGIN
    INSERT INTO [dbo].[QuestionTheme_QTH] ([Id_Question], [Id_Theme]) VALUES (859, @ThemeId);
END

-- Question 87
SET IDENTITY_INSERT [dbo].[Question_QST] ON;
IF NOT EXISTS (SELECT 1 FROM [dbo].[Question_QST] WHERE Id = 860)
BEGIN
    INSERT INTO [dbo].[Question_QST] ([Id], [Question], [Id_Difficulty])
    VALUES (860, N'Quel joueur est surnommé ''CR7'' ?', 2);
END
SET IDENTITY_INSERT [dbo].[Question_QST] OFF;

INSERT INTO [dbo].[Answer_ANS] ([Id_Question], [Value], [Valid]) VALUES
    (860, N'Cristiano Ronaldo', 1),
    (860, N'Lionel Messi', 0),
    (860, N'Neymar', 0),
    (860, N'Zlatan Ibrahimović', 0);

IF NOT EXISTS (SELECT 1 FROM [dbo].[QuestionTheme_QTH] WHERE Id_Question = 860 AND Id_Theme = @ThemeId)
BEGIN
    INSERT INTO [dbo].[QuestionTheme_QTH] ([Id_Question], [Id_Theme]) VALUES (860, @ThemeId);
END

-- Question 88
SET IDENTITY_INSERT [dbo].[Question_QST] ON;
IF NOT EXISTS (SELECT 1 FROM [dbo].[Question_QST] WHERE Id = 861)
BEGIN
    INSERT INTO [dbo].[Question_QST] ([Id], [Question], [Id_Difficulty])
    VALUES (861, N'Quel pays a remporté la Coupe du Monde 2006 ?', 2);
END
SET IDENTITY_INSERT [dbo].[Question_QST] OFF;

INSERT INTO [dbo].[Answer_ANS] ([Id_Question], [Value], [Valid]) VALUES
    (861, N'Italie', 1),
    (861, N'France', 0),
    (861, N'Brésil', 0),
    (861, N'Allemagne', 0);

IF NOT EXISTS (SELECT 1 FROM [dbo].[QuestionTheme_QTH] WHERE Id_Question = 861 AND Id_Theme = @ThemeId)
BEGIN
    INSERT INTO [dbo].[QuestionTheme_QTH] ([Id_Question], [Id_Theme]) VALUES (861, @ThemeId);
END

-- Question 89
SET IDENTITY_INSERT [dbo].[Question_QST] ON;
IF NOT EXISTS (SELECT 1 FROM [dbo].[Question_QST] WHERE Id = 862)
BEGIN
    INSERT INTO [dbo].[Question_QST] ([Id], [Question], [Id_Difficulty])
    VALUES (862, N'Quel athlète est champion olympique du 100 m masculin 2016 ?', 2);
END
SET IDENTITY_INSERT [dbo].[Question_QST] OFF;

INSERT INTO [dbo].[Answer_ANS] ([Id_Question], [Value], [Valid]) VALUES
    (862, N'Usain Bolt', 1),
    (862, N'Justin Gatlin', 0),
    (862, N'Andre De Grasse', 0),
    (862, N'Yohan Blake', 0);

IF NOT EXISTS (SELECT 1 FROM [dbo].[QuestionTheme_QTH] WHERE Id_Question = 862 AND Id_Theme = @ThemeId)
BEGIN
    INSERT INTO [dbo].[QuestionTheme_QTH] ([Id_Question], [Id_Theme]) VALUES (862, @ThemeId);
END

-- Question 90
SET IDENTITY_INSERT [dbo].[Question_QST] ON;
IF NOT EXISTS (SELECT 1 FROM [dbo].[Question_QST] WHERE Id = 863)
BEGIN
    INSERT INTO [dbo].[Question_QST] ([Id], [Question], [Id_Difficulty])
    VALUES (863, N'Quel pays a remporté le championnat d’Europe de football 2020 ?', 2);
END
SET IDENTITY_INSERT [dbo].[Question_QST] OFF;

INSERT INTO [dbo].[Answer_ANS] ([Id_Question], [Value], [Valid]) VALUES
    (863, N'Italie', 1),
    (863, N'Angleterre', 0),
    (863, N'Espagne', 0),
    (863, N'France', 0);

IF NOT EXISTS (SELECT 1 FROM [dbo].[QuestionTheme_QTH] WHERE Id_Question = 863 AND Id_Theme = @ThemeId)
BEGIN
    INSERT INTO [dbo].[QuestionTheme_QTH] ([Id_Question], [Id_Theme]) VALUES (863, @ThemeId);
END

-- Question 91
SET IDENTITY_INSERT [dbo].[Question_QST] ON;
IF NOT EXISTS (SELECT 1 FROM [dbo].[Question_QST] WHERE Id = 864)
BEGIN
    INSERT INTO [dbo].[Question_QST] ([Id], [Question], [Id_Difficulty])
    VALUES (864, N'Quel joueur de football a marqué le plus de buts en Premier League ?', 2);
END
SET IDENTITY_INSERT [dbo].[Question_QST] OFF;

INSERT INTO [dbo].[Answer_ANS] ([Id_Question], [Value], [Valid]) VALUES
    (864, N'Alan Shearer', 1),
    (864, N'Harry Kane', 0),
    (864, N'Wayne Rooney', 0),
    (864, N'Sergio Agüero', 0);

IF NOT EXISTS (SELECT 1 FROM [dbo].[QuestionTheme_QTH] WHERE Id_Question = 864 AND Id_Theme = @ThemeId)
BEGIN
    INSERT INTO [dbo].[QuestionTheme_QTH] ([Id_Question], [Id_Theme]) VALUES (864, @ThemeId);
END

-- Question 92
SET IDENTITY_INSERT [dbo].[Question_QST] ON;
IF NOT EXISTS (SELECT 1 FROM [dbo].[Question_QST] WHERE Id = 865)
BEGIN
    INSERT INTO [dbo].[Question_QST] ([Id], [Question], [Id_Difficulty])
    VALUES (865, N'Quel pays a remporté le championnat du monde de handball féminin 2019 ?', 2);
END
SET IDENTITY_INSERT [dbo].[Question_QST] OFF;

INSERT INTO [dbo].[Answer_ANS] ([Id_Question], [Value], [Valid]) VALUES
    (865, N'Pays-Bas', 1),
    (865, N'Norvège', 0),
    (865, N'France', 0),
    (865, N'Espagne', 0);

IF NOT EXISTS (SELECT 1 FROM [dbo].[QuestionTheme_QTH] WHERE Id_Question = 865 AND Id_Theme = @ThemeId)
BEGIN
    INSERT INTO [dbo].[QuestionTheme_QTH] ([Id_Question], [Id_Theme]) VALUES (865, @ThemeId);
END

-- Question 93
SET IDENTITY_INSERT [dbo].[Question_QST] ON;
IF NOT EXISTS (SELECT 1 FROM [dbo].[Question_QST] WHERE Id = 866)
BEGIN
    INSERT INTO [dbo].[Question_QST] ([Id], [Question], [Id_Difficulty])
    VALUES (866, N'Quel joueur de tennis a remporté l’US Open 2019 ?', 2);
END
SET IDENTITY_INSERT [dbo].[Question_QST] OFF;

INSERT INTO [dbo].[Answer_ANS] ([Id_Question], [Value], [Valid]) VALUES
    (866, N'Rafael Nadal', 1),
    (866, N'Novak Djokovic', 0),
    (866, N'Roger Federer', 0),
    (866, N'Dominic Thiem', 0);

IF NOT EXISTS (SELECT 1 FROM [dbo].[QuestionTheme_QTH] WHERE Id_Question = 866 AND Id_Theme = @ThemeId)
BEGIN
    INSERT INTO [dbo].[QuestionTheme_QTH] ([Id_Question], [Id_Theme]) VALUES (866, @ThemeId);
END

-- Question 94
SET IDENTITY_INSERT [dbo].[Question_QST] ON;
IF NOT EXISTS (SELECT 1 FROM [dbo].[Question_QST] WHERE Id = 867)
BEGIN
    INSERT INTO [dbo].[Question_QST] ([Id], [Question], [Id_Difficulty])
    VALUES (867, N'Quel pays a remporté la Copa América 2021 ?', 2);
END
SET IDENTITY_INSERT [dbo].[Question_QST] OFF;

INSERT INTO [dbo].[Answer_ANS] ([Id_Question], [Value], [Valid]) VALUES
    (867, N'Argentine', 1),
    (867, N'Brésil', 0),
    (867, N'Uruguay', 0),
    (867, N'Chili', 0);

IF NOT EXISTS (SELECT 1 FROM [dbo].[QuestionTheme_QTH] WHERE Id_Question = 867 AND Id_Theme = @ThemeId)
BEGIN
    INSERT INTO [dbo].[QuestionTheme_QTH] ([Id_Question], [Id_Theme]) VALUES (867, @ThemeId);
END

-- Question 95
SET IDENTITY_INSERT [dbo].[Question_QST] ON;
IF NOT EXISTS (SELECT 1 FROM [dbo].[Question_QST] WHERE Id = 868)
BEGIN
    INSERT INTO [dbo].[Question_QST] ([Id], [Question], [Id_Difficulty])
    VALUES (868, N'Quel joueur de football a remporté le Ballon d’Or 2021 ?', 2);
END
SET IDENTITY_INSERT [dbo].[Question_QST] OFF;

INSERT INTO [dbo].[Answer_ANS] ([Id_Question], [Value], [Valid]) VALUES
    (868, N'Lionel Messi', 1),
    (868, N'Robert Lewandowski', 0),
    (868, N'Cristiano Ronaldo', 0),
    (868, N'Jorginho', 0);

IF NOT EXISTS (SELECT 1 FROM [dbo].[QuestionTheme_QTH] WHERE Id_Question = 868 AND Id_Theme = @ThemeId)
BEGIN
    INSERT INTO [dbo].[QuestionTheme_QTH] ([Id_Question], [Id_Theme]) VALUES (868, @ThemeId);
END

-- Question 96
SET IDENTITY_INSERT [dbo].[Question_QST] ON;
IF NOT EXISTS (SELECT 1 FROM [dbo].[Question_QST] WHERE Id = 869)
BEGIN
    INSERT INTO [dbo].[Question_QST] ([Id], [Question], [Id_Difficulty])
    VALUES (869, N'Quel pays a remporté la Ligue des Nations 2021 ?', 2);
END
SET IDENTITY_INSERT [dbo].[Question_QST] OFF;

INSERT INTO [dbo].[Answer_ANS] ([Id_Question], [Value], [Valid]) VALUES
    (869, N'France', 1),
    (869, N'Espagne', 0),
    (869, N'Belgique', 0),
    (869, N'Italie', 0);

IF NOT EXISTS (SELECT 1 FROM [dbo].[QuestionTheme_QTH] WHERE Id_Question = 869 AND Id_Theme = @ThemeId)
BEGIN
    INSERT INTO [dbo].[QuestionTheme_QTH] ([Id_Question], [Id_Theme]) VALUES (869, @ThemeId);
END

-- Question 97
SET IDENTITY_INSERT [dbo].[Question_QST] ON;
IF NOT EXISTS (SELECT 1 FROM [dbo].[Question_QST] WHERE Id = 870)
BEGIN
    INSERT INTO [dbo].[Question_QST] ([Id], [Question], [Id_Difficulty])
    VALUES (870, N'Quel nageur a remporté le plus de médailles olympiques ?', 2);
END
SET IDENTITY_INSERT [dbo].[Question_QST] OFF;

INSERT INTO [dbo].[Answer_ANS] ([Id_Question], [Value], [Valid]) VALUES
    (870, N'Michael Phelps', 1),
    (870, N'Ryan Lochte', 0),
    (870, N'Ian Thorpe', 0),
    (870, N'Mark Spitz', 0);

IF NOT EXISTS (SELECT 1 FROM [dbo].[QuestionTheme_QTH] WHERE Id_Question = 870 AND Id_Theme = @ThemeId)
BEGIN
    INSERT INTO [dbo].[QuestionTheme_QTH] ([Id_Question], [Id_Theme]) VALUES (870, @ThemeId);
END

-- Question 98
SET IDENTITY_INSERT [dbo].[Question_QST] ON;
IF NOT EXISTS (SELECT 1 FROM [dbo].[Question_QST] WHERE Id = 871)
BEGIN
    INSERT INTO [dbo].[Question_QST] ([Id], [Question], [Id_Difficulty])
    VALUES (871, N'Quel joueur de football détient le record de buts en une saison de Ligue 1 ?', 3);
END
SET IDENTITY_INSERT [dbo].[Question_QST] OFF;

INSERT INTO [dbo].[Answer_ANS] ([Id_Question], [Value], [Valid]) VALUES
    (871, N'Dario Hübner', 0),
    (871, N'Kylian Mbappé', 0),
    (871, N'Delio Onnis', 1),
    (871, N'Edinson Cavani', 0);

IF NOT EXISTS (SELECT 1 FROM [dbo].[QuestionTheme_QTH] WHERE Id_Question = 871 AND Id_Theme = @ThemeId)
BEGIN
    INSERT INTO [dbo].[QuestionTheme_QTH] ([Id_Question], [Id_Theme]) VALUES (871, @ThemeId);
END

-- Question 99
SET IDENTITY_INSERT [dbo].[Question_QST] ON;
IF NOT EXISTS (SELECT 1 FROM [dbo].[Question_QST] WHERE Id = 872)
BEGIN
    INSERT INTO [dbo].[Question_QST] ([Id], [Question], [Id_Difficulty])
    VALUES (872, N'Quel pays a remporté le championnat du monde de rugby 1987 ?', 3);
END
SET IDENTITY_INSERT [dbo].[Question_QST] OFF;

INSERT INTO [dbo].[Answer_ANS] ([Id_Question], [Value], [Valid]) VALUES
    (872, N'Nouvelle-Zélande', 1),
    (872, N'Australie', 0),
    (872, N'France', 0),
    (872, N'Angleterre', 0);

IF NOT EXISTS (SELECT 1 FROM [dbo].[QuestionTheme_QTH] WHERE Id_Question = 872 AND Id_Theme = @ThemeId)
BEGIN
    INSERT INTO [dbo].[QuestionTheme_QTH] ([Id_Question], [Id_Theme]) VALUES (872, @ThemeId);
END

-- Question 100
SET IDENTITY_INSERT [dbo].[Question_QST] ON;
IF NOT EXISTS (SELECT 1 FROM [dbo].[Question_QST] WHERE Id = 873)
BEGIN
    INSERT INTO [dbo].[Question_QST] ([Id], [Question], [Id_Difficulty])
    VALUES (873, N'Quel joueur de tennis a remporté le plus de titres en Masters 1000 ?', 3);
END
SET IDENTITY_INSERT [dbo].[Question_QST] OFF;

INSERT INTO [dbo].[Answer_ANS] ([Id_Question], [Value], [Valid]) VALUES
    (873, N'Novak Djokovic', 0),
    (873, N'Roger Federer', 0),
    (873, N'Rafael Nadal', 1),
    (873, N'Andre Agassi', 0);

IF NOT EXISTS (SELECT 1 FROM [dbo].[QuestionTheme_QTH] WHERE Id_Question = 873 AND Id_Theme = @ThemeId)
BEGIN
    INSERT INTO [dbo].[QuestionTheme_QTH] ([Id_Question], [Id_Theme]) VALUES (873, @ThemeId);
END

-- Question 101
SET IDENTITY_INSERT [dbo].[Question_QST] ON;
IF NOT EXISTS (SELECT 1 FROM [dbo].[Question_QST] WHERE Id = 874)
BEGIN
    INSERT INTO [dbo].[Question_QST] ([Id], [Question], [Id_Difficulty])
    VALUES (874, N'Quel pays a remporté la médaille d’or en basket masculin aux JO de 2008 ?', 3);
END
SET IDENTITY_INSERT [dbo].[Question_QST] OFF;

INSERT INTO [dbo].[Answer_ANS] ([Id_Question], [Value], [Valid]) VALUES
    (874, N'États-Unis', 1),
    (874, N'Espagne', 0),
    (874, N'Argentine', 0),
    (874, N'Grèce', 0);

IF NOT EXISTS (SELECT 1 FROM [dbo].[QuestionTheme_QTH] WHERE Id_Question = 874 AND Id_Theme = @ThemeId)
BEGIN
    INSERT INTO [dbo].[QuestionTheme_QTH] ([Id_Question], [Id_Theme]) VALUES (874, @ThemeId);
END

-- Question 102
SET IDENTITY_INSERT [dbo].[Question_QST] ON;
IF NOT EXISTS (SELECT 1 FROM [dbo].[Question_QST] WHERE Id = 875)
BEGIN
    INSERT INTO [dbo].[Question_QST] ([Id], [Question], [Id_Difficulty])
    VALUES (875, N'Quel joueur a marqué le plus de buts en une Coupe du Monde ?', 3);
END
SET IDENTITY_INSERT [dbo].[Question_QST] OFF;

INSERT INTO [dbo].[Answer_ANS] ([Id_Question], [Value], [Valid]) VALUES
    (875, N'Miroslav Klose', 0),
    (875, N'Ronaldo', 0),
    (875, N'Just Fontaine', 1),
    (875, N'Pelé', 0);

IF NOT EXISTS (SELECT 1 FROM [dbo].[QuestionTheme_QTH] WHERE Id_Question = 875 AND Id_Theme = @ThemeId)
BEGIN
    INSERT INTO [dbo].[QuestionTheme_QTH] ([Id_Question], [Id_Theme]) VALUES (875, @ThemeId);
END

-- Question 103
SET IDENTITY_INSERT [dbo].[Question_QST] ON;
IF NOT EXISTS (SELECT 1 FROM [dbo].[Question_QST] WHERE Id = 876)
BEGIN
    INSERT INTO [dbo].[Question_QST] ([Id], [Question], [Id_Difficulty])
    VALUES (876, N'Quel pays a remporté la Coupe du Monde féminine 1999 ?', 3);
END
SET IDENTITY_INSERT [dbo].[Question_QST] OFF;

INSERT INTO [dbo].[Answer_ANS] ([Id_Question], [Value], [Valid]) VALUES
    (876, N'États-Unis', 1),
    (876, N'Norvège', 0),
    (876, N'Chine', 0),
    (876, N'Allemagne', 0);

IF NOT EXISTS (SELECT 1 FROM [dbo].[QuestionTheme_QTH] WHERE Id_Question = 876 AND Id_Theme = @ThemeId)
BEGIN
    INSERT INTO [dbo].[QuestionTheme_QTH] ([Id_Question], [Id_Theme]) VALUES (876, @ThemeId);
END

-- Question 104
SET IDENTITY_INSERT [dbo].[Question_QST] ON;
IF NOT EXISTS (SELECT 1 FROM [dbo].[Question_QST] WHERE Id = 877)
BEGIN
    INSERT INTO [dbo].[Question_QST] ([Id], [Question], [Id_Difficulty])
    VALUES (877, N'Quel joueur de Formule 1 a remporté le plus de titres mondiaux ?', 3);
END
SET IDENTITY_INSERT [dbo].[Question_QST] OFF;

INSERT INTO [dbo].[Answer_ANS] ([Id_Question], [Value], [Valid]) VALUES
    (877, N'Michael Schumacher', 1),
    (877, N'Lewis Hamilton', 0),
    (877, N'Sebastian Vettel', 0),
    (877, N'Juan Manuel Fangio', 0);

IF NOT EXISTS (SELECT 1 FROM [dbo].[QuestionTheme_QTH] WHERE Id_Question = 877 AND Id_Theme = @ThemeId)
BEGIN
    INSERT INTO [dbo].[QuestionTheme_QTH] ([Id_Question], [Id_Theme]) VALUES (877, @ThemeId);
END

-- Question 105
SET IDENTITY_INSERT [dbo].[Question_QST] ON;
IF NOT EXISTS (SELECT 1 FROM [dbo].[Question_QST] WHERE Id = 878)
BEGIN
    INSERT INTO [dbo].[Question_QST] ([Id], [Question], [Id_Difficulty])
    VALUES (878, N'Quel pays a remporté le Tournoi des Six Nations 2018 ?', 3);
END
SET IDENTITY_INSERT [dbo].[Question_QST] OFF;

INSERT INTO [dbo].[Answer_ANS] ([Id_Question], [Value], [Valid]) VALUES
    (878, N'Irlande', 1),
    (878, N'Angleterre', 0),
    (878, N'France', 0),
    (878, N'Pays de Galles', 0);

IF NOT EXISTS (SELECT 1 FROM [dbo].[QuestionTheme_QTH] WHERE Id_Question = 878 AND Id_Theme = @ThemeId)
BEGIN
    INSERT INTO [dbo].[QuestionTheme_QTH] ([Id_Question], [Id_Theme]) VALUES (878, @ThemeId);
END

-- Question 106
SET IDENTITY_INSERT [dbo].[Question_QST] ON;
IF NOT EXISTS (SELECT 1 FROM [dbo].[Question_QST] WHERE Id = 879)
BEGIN
    INSERT INTO [dbo].[Question_QST] ([Id], [Question], [Id_Difficulty])
    VALUES (879, N'Quel joueur de tennis a remporté le plus de titres en carrière ?', 3);
END
SET IDENTITY_INSERT [dbo].[Question_QST] OFF;

INSERT INTO [dbo].[Answer_ANS] ([Id_Question], [Value], [Valid]) VALUES
    (879, N'Jimmy Connors', 1),
    (879, N'Roger Federer', 0),
    (879, N'Rafael Nadal', 0),
    (879, N'Ivan Lendl', 0);

IF NOT EXISTS (SELECT 1 FROM [dbo].[QuestionTheme_QTH] WHERE Id_Question = 879 AND Id_Theme = @ThemeId)
BEGIN
    INSERT INTO [dbo].[QuestionTheme_QTH] ([Id_Question], [Id_Theme]) VALUES (879, @ThemeId);
END

-- Question 107
SET IDENTITY_INSERT [dbo].[Question_QST] ON;
IF NOT EXISTS (SELECT 1 FROM [dbo].[Question_QST] WHERE Id = 880)
BEGIN
    INSERT INTO [dbo].[Question_QST] ([Id], [Question], [Id_Difficulty])
    VALUES (880, N'Quel pays a remporté la Coupe du Monde de rugby 2003 ?', 3);
END
SET IDENTITY_INSERT [dbo].[Question_QST] OFF;

INSERT INTO [dbo].[Answer_ANS] ([Id_Question], [Value], [Valid]) VALUES
    (880, N'Angleterre', 1),
    (880, N'Australie', 0),
    (880, N'Nouvelle-Zélande', 0),
    (880, N'France', 0);

IF NOT EXISTS (SELECT 1 FROM [dbo].[QuestionTheme_QTH] WHERE Id_Question = 880 AND Id_Theme = @ThemeId)
BEGIN
    INSERT INTO [dbo].[QuestionTheme_QTH] ([Id_Question], [Id_Theme]) VALUES (880, @ThemeId);
END

-- Question 108
SET IDENTITY_INSERT [dbo].[Question_QST] ON;
IF NOT EXISTS (SELECT 1 FROM [dbo].[Question_QST] WHERE Id = 881)
BEGIN
    INSERT INTO [dbo].[Question_QST] ([Id], [Question], [Id_Difficulty])
    VALUES (881, N'Quel athlète détient le record du monde du 400 m masculin ?', 3);
END
SET IDENTITY_INSERT [dbo].[Question_QST] OFF;

INSERT INTO [dbo].[Answer_ANS] ([Id_Question], [Value], [Valid]) VALUES
    (881, N'Wayde van Niekerk', 1),
    (881, N'Michael Johnson', 0),
    (881, N'Usain Bolt', 0),
    (881, N'Kirani James', 0);

IF NOT EXISTS (SELECT 1 FROM [dbo].[QuestionTheme_QTH] WHERE Id_Question = 881 AND Id_Theme = @ThemeId)
BEGIN
    INSERT INTO [dbo].[QuestionTheme_QTH] ([Id_Question], [Id_Theme]) VALUES (881, @ThemeId);
END

-- Question 109
SET IDENTITY_INSERT [dbo].[Question_QST] ON;
IF NOT EXISTS (SELECT 1 FROM [dbo].[Question_QST] WHERE Id = 882)
BEGIN
    INSERT INTO [dbo].[Question_QST] ([Id], [Question], [Id_Difficulty])
    VALUES (882, N'Quel pays a remporté la Ligue des Nations 2019 ?', 3);
END
SET IDENTITY_INSERT [dbo].[Question_QST] OFF;

INSERT INTO [dbo].[Answer_ANS] ([Id_Question], [Value], [Valid]) VALUES
    (882, N'Portugal', 1),
    (882, N'Pays-Bas', 0),
    (882, N'Belgique', 0),
    (882, N'France', 0);

IF NOT EXISTS (SELECT 1 FROM [dbo].[QuestionTheme_QTH] WHERE Id_Question = 882 AND Id_Theme = @ThemeId)
BEGIN
    INSERT INTO [dbo].[QuestionTheme_QTH] ([Id_Question], [Id_Theme]) VALUES (882, @ThemeId);
END

-- Question 110
SET IDENTITY_INSERT [dbo].[Question_QST] ON;
IF NOT EXISTS (SELECT 1 FROM [dbo].[Question_QST] WHERE Id = 883)
BEGIN
    INSERT INTO [dbo].[Question_QST] ([Id], [Question], [Id_Difficulty])
    VALUES (883, N'Quel joueur de football a marqué le plus de buts en Premier League anglaise ?', 3);
END
SET IDENTITY_INSERT [dbo].[Question_QST] OFF;

INSERT INTO [dbo].[Answer_ANS] ([Id_Question], [Value], [Valid]) VALUES
    (883, N'Alan Shearer', 1),
    (883, N'Wayne Rooney', 0),
    (883, N'Sergio Agüero', 0),
    (883, N'Harry Kane', 0);

IF NOT EXISTS (SELECT 1 FROM [dbo].[QuestionTheme_QTH] WHERE Id_Question = 883 AND Id_Theme = @ThemeId)
BEGIN
    INSERT INTO [dbo].[QuestionTheme_QTH] ([Id_Question], [Id_Theme]) VALUES (883, @ThemeId);
END

-- Question 111
SET IDENTITY_INSERT [dbo].[Question_QST] ON;
IF NOT EXISTS (SELECT 1 FROM [dbo].[Question_QST] WHERE Id = 884)
BEGIN
    INSERT INTO [dbo].[Question_QST] ([Id], [Question], [Id_Difficulty])
    VALUES (884, N'Quel pays a remporté le championnat du monde de handball masculin 2017 ?', 3);
END
SET IDENTITY_INSERT [dbo].[Question_QST] OFF;

INSERT INTO [dbo].[Answer_ANS] ([Id_Question], [Value], [Valid]) VALUES
    (884, N'France', 1),
    (884, N'Danemark', 0),
    (884, N'Norvège', 0),
    (884, N'Allemagne', 0);

IF NOT EXISTS (SELECT 1 FROM [dbo].[QuestionTheme_QTH] WHERE Id_Question = 884 AND Id_Theme = @ThemeId)
BEGIN
    INSERT INTO [dbo].[QuestionTheme_QTH] ([Id_Question], [Id_Theme]) VALUES (884, @ThemeId);
END

-- Question 112
SET IDENTITY_INSERT [dbo].[Question_QST] ON;
IF NOT EXISTS (SELECT 1 FROM [dbo].[Question_QST] WHERE Id = 885)
BEGIN
    INSERT INTO [dbo].[Question_QST] ([Id], [Question], [Id_Difficulty])
    VALUES (885, N'Quel joueur de tennis a remporté le plus de titres à Roland-Garros ?', 3);
END
SET IDENTITY_INSERT [dbo].[Question_QST] OFF;

INSERT INTO [dbo].[Answer_ANS] ([Id_Question], [Value], [Valid]) VALUES
    (885, N'Rafael Nadal', 1),
    (885, N'Novak Djokovic', 0),
    (885, N'Björn Borg', 0),
    (885, N'Roger Federer', 0);

IF NOT EXISTS (SELECT 1 FROM [dbo].[QuestionTheme_QTH] WHERE Id_Question = 885 AND Id_Theme = @ThemeId)
BEGIN
    INSERT INTO [dbo].[QuestionTheme_QTH] ([Id_Question], [Id_Theme]) VALUES (885, @ThemeId);
END

-- Question 113
SET IDENTITY_INSERT [dbo].[Question_QST] ON;
IF NOT EXISTS (SELECT 1 FROM [dbo].[Question_QST] WHERE Id = 886)
BEGIN
    INSERT INTO [dbo].[Question_QST] ([Id], [Question], [Id_Difficulty])
    VALUES (886, N'Quel pays a remporté le championnat d’Europe de football 1960 ?', 3);
END
SET IDENTITY_INSERT [dbo].[Question_QST] OFF;

INSERT INTO [dbo].[Answer_ANS] ([Id_Question], [Value], [Valid]) VALUES
    (886, N'URSS', 1),
    (886, N'Yougoslavie', 0),
    (886, N'Espagne', 0),
    (886, N'France', 0);

IF NOT EXISTS (SELECT 1 FROM [dbo].[QuestionTheme_QTH] WHERE Id_Question = 886 AND Id_Theme = @ThemeId)
BEGIN
    INSERT INTO [dbo].[QuestionTheme_QTH] ([Id_Question], [Id_Theme]) VALUES (886, @ThemeId);
END

-- Question 114
SET IDENTITY_INSERT [dbo].[Question_QST] ON;
IF NOT EXISTS (SELECT 1 FROM [dbo].[Question_QST] WHERE Id = 887)
BEGIN
    INSERT INTO [dbo].[Question_QST] ([Id], [Question], [Id_Difficulty])
    VALUES (887, N'Quel nageur détient le record du monde du 200 m papillon masculin ?', 3);
END
SET IDENTITY_INSERT [dbo].[Question_QST] OFF;

INSERT INTO [dbo].[Answer_ANS] ([Id_Question], [Value], [Valid]) VALUES
    (887, N'Michael Phelps', 1),
    (887, N'Chad le Clos', 0),
    (887, N'Ryan Lochte', 0),
    (887, N'Joseph Schooling', 0);

IF NOT EXISTS (SELECT 1 FROM [dbo].[QuestionTheme_QTH] WHERE Id_Question = 887 AND Id_Theme = @ThemeId)
BEGIN
    INSERT INTO [dbo].[QuestionTheme_QTH] ([Id_Question], [Id_Theme]) VALUES (887, @ThemeId);
END

-- Question 115
SET IDENTITY_INSERT [dbo].[Question_QST] ON;
IF NOT EXISTS (SELECT 1 FROM [dbo].[Question_QST] WHERE Id = 888)
BEGIN
    INSERT INTO [dbo].[Question_QST] ([Id], [Question], [Id_Difficulty])
    VALUES (888, N'Quel pays a remporté la Coupe du Monde de football 1978 ?', 3);
END
SET IDENTITY_INSERT [dbo].[Question_QST] OFF;

INSERT INTO [dbo].[Answer_ANS] ([Id_Question], [Value], [Valid]) VALUES
    (888, N'Argentine', 1),
    (888, N'Pays-Bas', 0),
    (888, N'Brésil', 0),
    (888, N'Italie', 0);

IF NOT EXISTS (SELECT 1 FROM [dbo].[QuestionTheme_QTH] WHERE Id_Question = 888 AND Id_Theme = @ThemeId)
BEGIN
    INSERT INTO [dbo].[QuestionTheme_QTH] ([Id_Question], [Id_Theme]) VALUES (888, @ThemeId);
END

-- Question 116
SET IDENTITY_INSERT [dbo].[Question_QST] ON;
IF NOT EXISTS (SELECT 1 FROM [dbo].[Question_QST] WHERE Id = 889)
BEGIN
    INSERT INTO [dbo].[Question_QST] ([Id], [Question], [Id_Difficulty])
    VALUES (889, N'Quel joueur de basketball a remporté le plus de titres NBA ?', 3);
END
SET IDENTITY_INSERT [dbo].[Question_QST] OFF;

INSERT INTO [dbo].[Answer_ANS] ([Id_Question], [Value], [Valid]) VALUES
    (889, N'Bill Russell', 1),
    (889, N'Michael Jordan', 0),
    (889, N'Kobe Bryant', 0),
    (889, N'Tim Duncan', 0);

IF NOT EXISTS (SELECT 1 FROM [dbo].[QuestionTheme_QTH] WHERE Id_Question = 889 AND Id_Theme = @ThemeId)
BEGIN
    INSERT INTO [dbo].[QuestionTheme_QTH] ([Id_Question], [Id_Theme]) VALUES (889, @ThemeId);
END

-- Question 117
SET IDENTITY_INSERT [dbo].[Question_QST] ON;
IF NOT EXISTS (SELECT 1 FROM [dbo].[Question_QST] WHERE Id = 890)
BEGIN
    INSERT INTO [dbo].[Question_QST] ([Id], [Question], [Id_Difficulty])
    VALUES (890, N'Quel pays a remporté la médaille d’or en hockey sur gazon masculin aux JO 2016 ?', 3);
END
SET IDENTITY_INSERT [dbo].[Question_QST] OFF;

INSERT INTO [dbo].[Answer_ANS] ([Id_Question], [Value], [Valid]) VALUES
    (890, N'Belgique', 1),
    (890, N'Inde', 0),
    (890, N'Allemagne', 0),
    (890, N'Pays-Bas', 0);

IF NOT EXISTS (SELECT 1 FROM [dbo].[QuestionTheme_QTH] WHERE Id_Question = 890 AND Id_Theme = @ThemeId)
BEGIN
    INSERT INTO [dbo].[QuestionTheme_QTH] ([Id_Question], [Id_Theme]) VALUES (890, @ThemeId);
END

-- Question 118
SET IDENTITY_INSERT [dbo].[Question_QST] ON;
IF NOT EXISTS (SELECT 1 FROM [dbo].[Question_QST] WHERE Id = 891)
BEGIN
    INSERT INTO [dbo].[Question_QST] ([Id], [Question], [Id_Difficulty])
    VALUES (891, N'Quel joueur de tennis a remporté l’Open d’Australie 2021 ?', 3);
END
SET IDENTITY_INSERT [dbo].[Question_QST] OFF;

INSERT INTO [dbo].[Answer_ANS] ([Id_Question], [Value], [Valid]) VALUES
    (891, N'Novak Djokovic', 1),
    (891, N'Daniil Medvedev', 0),
    (891, N'Rafael Nadal', 0),
    (891, N'Dominic Thiem', 0);

IF NOT EXISTS (SELECT 1 FROM [dbo].[QuestionTheme_QTH] WHERE Id_Question = 891 AND Id_Theme = @ThemeId)
BEGIN
    INSERT INTO [dbo].[QuestionTheme_QTH] ([Id_Question], [Id_Theme]) VALUES (891, @ThemeId);
END

-- Question 119
SET IDENTITY_INSERT [dbo].[Question_QST] ON;
IF NOT EXISTS (SELECT 1 FROM [dbo].[Question_QST] WHERE Id = 892)
BEGIN
    INSERT INTO [dbo].[Question_QST] ([Id], [Question], [Id_Difficulty])
    VALUES (892, N'Quel pays a remporté la Coupe du Monde 1982 ?', 3);
END
SET IDENTITY_INSERT [dbo].[Question_QST] OFF;

INSERT INTO [dbo].[Answer_ANS] ([Id_Question], [Value], [Valid]) VALUES
    (892, N'Italie', 1),
    (892, N'Allemagne', 0),
    (892, N'Brésil', 0),
    (892, N'France', 0);

IF NOT EXISTS (SELECT 1 FROM [dbo].[QuestionTheme_QTH] WHERE Id_Question = 892 AND Id_Theme = @ThemeId)
BEGIN
    INSERT INTO [dbo].[QuestionTheme_QTH] ([Id_Question], [Id_Theme]) VALUES (892, @ThemeId);
END

-- Question 120
SET IDENTITY_INSERT [dbo].[Question_QST] ON;
IF NOT EXISTS (SELECT 1 FROM [dbo].[Question_QST] WHERE Id = 893)
BEGIN
    INSERT INTO [dbo].[Question_QST] ([Id], [Question], [Id_Difficulty])
    VALUES (893, N'Quel athlète a remporté le plus de médailles d’or aux JO d’hiver 2014 ?', 3);
END
SET IDENTITY_INSERT [dbo].[Question_QST] OFF;

INSERT INTO [dbo].[Answer_ANS] ([Id_Question], [Value], [Valid]) VALUES
    (893, N'Marit Bjørgen', 1),
    (893, N'Martin Fourcade', 0),
    (893, N'Darya Domracheva', 0),
    (893, N'Ole Einar Bjørndalen', 0);

IF NOT EXISTS (SELECT 1 FROM [dbo].[QuestionTheme_QTH] WHERE Id_Question = 893 AND Id_Theme = @ThemeId)
BEGIN
    INSERT INTO [dbo].[QuestionTheme_QTH] ([Id_Question], [Id_Theme]) VALUES (893, @ThemeId);
END

-- Question 121
SET IDENTITY_INSERT [dbo].[Question_QST] ON;
IF NOT EXISTS (SELECT 1 FROM [dbo].[Question_QST] WHERE Id = 894)
BEGIN
    INSERT INTO [dbo].[Question_QST] ([Id], [Question], [Id_Difficulty])
    VALUES (894, N'Quel pays a remporté le championnat du monde de handball féminin 2015 ?', 3);
END
SET IDENTITY_INSERT [dbo].[Question_QST] OFF;

INSERT INTO [dbo].[Answer_ANS] ([Id_Question], [Value], [Valid]) VALUES
    (894, N'Norvège', 1),
    (894, N'France', 0),
    (894, N'Danemark', 0),
    (894, N'Espagne', 0);

IF NOT EXISTS (SELECT 1 FROM [dbo].[QuestionTheme_QTH] WHERE Id_Question = 894 AND Id_Theme = @ThemeId)
BEGIN
    INSERT INTO [dbo].[QuestionTheme_QTH] ([Id_Question], [Id_Theme]) VALUES (894, @ThemeId);
END

-- Question 122
SET IDENTITY_INSERT [dbo].[Question_QST] ON;
IF NOT EXISTS (SELECT 1 FROM [dbo].[Question_QST] WHERE Id = 895)
BEGIN
    INSERT INTO [dbo].[Question_QST] ([Id], [Question], [Id_Difficulty])
    VALUES (895, N'Quel joueur a remporté le plus de Ligues des Champions ?', 3);
END
SET IDENTITY_INSERT [dbo].[Question_QST] OFF;

INSERT INTO [dbo].[Answer_ANS] ([Id_Question], [Value], [Valid]) VALUES
    (895, N'Paco Gento', 1),
    (895, N'Cristiano Ronaldo', 0),
    (895, N'Lionel Messi', 0),
    (895, N'Paolo Maldini', 0);

IF NOT EXISTS (SELECT 1 FROM [dbo].[QuestionTheme_QTH] WHERE Id_Question = 895 AND Id_Theme = @ThemeId)
BEGIN
    INSERT INTO [dbo].[QuestionTheme_QTH] ([Id_Question], [Id_Theme]) VALUES (895, @ThemeId);
END

-- Question 123
SET IDENTITY_INSERT [dbo].[Question_QST] ON;
IF NOT EXISTS (SELECT 1 FROM [dbo].[Question_QST] WHERE Id = 896)
BEGIN
    INSERT INTO [dbo].[Question_QST] ([Id], [Question], [Id_Difficulty])
    VALUES (896, N'Quel pays a remporté le championnat du monde de football 1966 ?', 3);
END
SET IDENTITY_INSERT [dbo].[Question_QST] OFF;

INSERT INTO [dbo].[Answer_ANS] ([Id_Question], [Value], [Valid]) VALUES
    (896, N'Angleterre', 1),
    (896, N'Brésil', 0),
    (896, N'Allemagne', 0),
    (896, N'Argentine', 0);

IF NOT EXISTS (SELECT 1 FROM [dbo].[QuestionTheme_QTH] WHERE Id_Question = 896 AND Id_Theme = @ThemeId)
BEGIN
    INSERT INTO [dbo].[QuestionTheme_QTH] ([Id_Question], [Id_Theme]) VALUES (896, @ThemeId);
END

-- Question 124
SET IDENTITY_INSERT [dbo].[Question_QST] ON;
IF NOT EXISTS (SELECT 1 FROM [dbo].[Question_QST] WHERE Id = 897)
BEGIN
    INSERT INTO [dbo].[Question_QST] ([Id], [Question], [Id_Difficulty])
    VALUES (897, N'Quel joueur de tennis détient le record du plus grand nombre de semaines en n°1 mondial ?', 3);
END
SET IDENTITY_INSERT [dbo].[Question_QST] OFF;

INSERT INTO [dbo].[Answer_ANS] ([Id_Question], [Value], [Valid]) VALUES
    (897, N'Novak Djokovic', 1),
    (897, N'Roger Federer', 0),
    (897, N'Rafael Nadal', 0),
    (897, N'Pete Sampras', 0);

IF NOT EXISTS (SELECT 1 FROM [dbo].[QuestionTheme_QTH] WHERE Id_Question = 897 AND Id_Theme = @ThemeId)
BEGIN
    INSERT INTO [dbo].[QuestionTheme_QTH] ([Id_Question], [Id_Theme]) VALUES (897, @ThemeId);
END

-- Question 125
SET IDENTITY_INSERT [dbo].[Question_QST] ON;
IF NOT EXISTS (SELECT 1 FROM [dbo].[Question_QST] WHERE Id = 898)
BEGIN
    INSERT INTO [dbo].[Question_QST] ([Id], [Question], [Id_Difficulty])
    VALUES (898, N'Quel pays a remporté la Copa América 2015 ?', 3);
END
SET IDENTITY_INSERT [dbo].[Question_QST] OFF;

INSERT INTO [dbo].[Answer_ANS] ([Id_Question], [Value], [Valid]) VALUES
    (898, N'Chili', 1),
    (898, N'Argentine', 0),
    (898, N'Brésil', 0),
    (898, N'Uruguay', 0);

IF NOT EXISTS (SELECT 1 FROM [dbo].[QuestionTheme_QTH] WHERE Id_Question = 898 AND Id_Theme = @ThemeId)
BEGIN
    INSERT INTO [dbo].[QuestionTheme_QTH] ([Id_Question], [Id_Theme]) VALUES (898, @ThemeId);
END

-- Question 126
SET IDENTITY_INSERT [dbo].[Question_QST] ON;
IF NOT EXISTS (SELECT 1 FROM [dbo].[Question_QST] WHERE Id = 899)
BEGIN
    INSERT INTO [dbo].[Question_QST] ([Id], [Question], [Id_Difficulty])
    VALUES (899, N'Quel joueur de football a remporté le Ballon d’Or 2009 ?', 3);
END
SET IDENTITY_INSERT [dbo].[Question_QST] OFF;

INSERT INTO [dbo].[Answer_ANS] ([Id_Question], [Value], [Valid]) VALUES
    (899, N'Lionel Messi', 1),
    (899, N'Cristiano Ronaldo', 0),
    (899, N'Ronaldinho', 0),
    (899, N'Kaka', 0);

IF NOT EXISTS (SELECT 1 FROM [dbo].[QuestionTheme_QTH] WHERE Id_Question = 899 AND Id_Theme = @ThemeId)
BEGIN
    INSERT INTO [dbo].[QuestionTheme_QTH] ([Id_Question], [Id_Theme]) VALUES (899, @ThemeId);
END

-- Question 127
SET IDENTITY_INSERT [dbo].[Question_QST] ON;
IF NOT EXISTS (SELECT 1 FROM [dbo].[Question_QST] WHERE Id = 900)
BEGIN
    INSERT INTO [dbo].[Question_QST] ([Id], [Question], [Id_Difficulty])
    VALUES (900, N'Quel pays a remporté le Tournoi des Six Nations 2016 ?', 3);
END
SET IDENTITY_INSERT [dbo].[Question_QST] OFF;

INSERT INTO [dbo].[Answer_ANS] ([Id_Question], [Value], [Valid]) VALUES
    (900, N'Angleterre', 1),
    (900, N'Irlande', 0),
    (900, N'France', 0),
    (900, N'Pays de Galles', 0);

IF NOT EXISTS (SELECT 1 FROM [dbo].[QuestionTheme_QTH] WHERE Id_Question = 900 AND Id_Theme = @ThemeId)
BEGIN
    INSERT INTO [dbo].[QuestionTheme_QTH] ([Id_Question], [Id_Theme]) VALUES (900, @ThemeId);
END

-- Question 128
SET IDENTITY_INSERT [dbo].[Question_QST] ON;
IF NOT EXISTS (SELECT 1 FROM [dbo].[Question_QST] WHERE Id = 901)
BEGIN
    INSERT INTO [dbo].[Question_QST] ([Id], [Question], [Id_Difficulty])
    VALUES (901, N'Quel athlète détient le record du monde du 1500 m masculin ?', 3);
END
SET IDENTITY_INSERT [dbo].[Question_QST] OFF;

INSERT INTO [dbo].[Answer_ANS] ([Id_Question], [Value], [Valid]) VALUES
    (901, N'Hicham El Guerrouj', 1),
    (901, N'Noah Ngeny', 0),
    (901, N'Asbel Kiprop', 0),
    (901, N'Fermín Cacho', 0);

IF NOT EXISTS (SELECT 1 FROM [dbo].[QuestionTheme_QTH] WHERE Id_Question = 901 AND Id_Theme = @ThemeId)
BEGIN
    INSERT INTO [dbo].[QuestionTheme_QTH] ([Id_Question], [Id_Theme]) VALUES (901, @ThemeId);
END

-- Question 129
SET IDENTITY_INSERT [dbo].[Question_QST] ON;
IF NOT EXISTS (SELECT 1 FROM [dbo].[Question_QST] WHERE Id = 902)
BEGIN
    INSERT INTO [dbo].[Question_QST] ([Id], [Question], [Id_Difficulty])
    VALUES (902, N'Quel pays a remporté la Coupe du Monde de football 1994 ?', 3);
END
SET IDENTITY_INSERT [dbo].[Question_QST] OFF;

INSERT INTO [dbo].[Answer_ANS] ([Id_Question], [Value], [Valid]) VALUES
    (902, N'Brésil', 1),
    (902, N'Italie', 0),
    (902, N'Allemagne', 0),
    (902, N'Argentine', 0);

IF NOT EXISTS (SELECT 1 FROM [dbo].[QuestionTheme_QTH] WHERE Id_Question = 902 AND Id_Theme = @ThemeId)
BEGIN
    INSERT INTO [dbo].[QuestionTheme_QTH] ([Id_Question], [Id_Theme]) VALUES (902, @ThemeId);
END

-- Question 130
SET IDENTITY_INSERT [dbo].[Question_QST] ON;
IF NOT EXISTS (SELECT 1 FROM [dbo].[Question_QST] WHERE Id = 903)
BEGIN
    INSERT INTO [dbo].[Question_QST] ([Id], [Question], [Id_Difficulty])
    VALUES (903, N'Quel joueur a marqué le plus de buts en Liga espagnole ?', 3);
END
SET IDENTITY_INSERT [dbo].[Question_QST] OFF;

INSERT INTO [dbo].[Answer_ANS] ([Id_Question], [Value], [Valid]) VALUES
    (903, N'Lionel Messi', 1),
    (903, N'Cristiano Ronaldo', 0),
    (903, N'Telmo Zarra', 0),
    (903, N'Hugo Sánchez', 0);

IF NOT EXISTS (SELECT 1 FROM [dbo].[QuestionTheme_QTH] WHERE Id_Question = 903 AND Id_Theme = @ThemeId)
BEGIN
    INSERT INTO [dbo].[QuestionTheme_QTH] ([Id_Question], [Id_Theme]) VALUES (903, @ThemeId);
END

-- Question 131
SET IDENTITY_INSERT [dbo].[Question_QST] ON;
IF NOT EXISTS (SELECT 1 FROM [dbo].[Question_QST] WHERE Id = 904)
BEGIN
    INSERT INTO [dbo].[Question_QST] ([Id], [Question], [Id_Difficulty])
    VALUES (904, N'Quel pays a remporté la Coupe du Monde 1930 ?', 3);
END
SET IDENTITY_INSERT [dbo].[Question_QST] OFF;

INSERT INTO [dbo].[Answer_ANS] ([Id_Question], [Value], [Valid]) VALUES
    (904, N'Uruguay', 1),
    (904, N'Argentine', 0),
    (904, N'Brésil', 0),
    (904, N'Italie', 0);

IF NOT EXISTS (SELECT 1 FROM [dbo].[QuestionTheme_QTH] WHERE Id_Question = 904 AND Id_Theme = @ThemeId)
BEGIN
    INSERT INTO [dbo].[QuestionTheme_QTH] ([Id_Question], [Id_Theme]) VALUES (904, @ThemeId);
END

-- Question 132
SET IDENTITY_INSERT [dbo].[Question_QST] ON;
IF NOT EXISTS (SELECT 1 FROM [dbo].[Question_QST] WHERE Id = 905)
BEGIN
    INSERT INTO [dbo].[Question_QST] ([Id], [Question], [Id_Difficulty])
    VALUES (905, N'Quel joueur de tennis a remporté Wimbledon 2008 ?', 3);
END
SET IDENTITY_INSERT [dbo].[Question_QST] OFF;

INSERT INTO [dbo].[Answer_ANS] ([Id_Question], [Value], [Valid]) VALUES
    (905, N'Rafael Nadal', 1),
    (905, N'Roger Federer', 0),
    (905, N'Novak Djokovic', 0),
    (905, N'Andy Murray', 0);

IF NOT EXISTS (SELECT 1 FROM [dbo].[QuestionTheme_QTH] WHERE Id_Question = 905 AND Id_Theme = @ThemeId)
BEGIN
    INSERT INTO [dbo].[QuestionTheme_QTH] ([Id_Question], [Id_Theme]) VALUES (905, @ThemeId);
END

-- Question 133
SET IDENTITY_INSERT [dbo].[Question_QST] ON;
IF NOT EXISTS (SELECT 1 FROM [dbo].[Question_QST] WHERE Id = 906)
BEGIN
    INSERT INTO [dbo].[Question_QST] ([Id], [Question], [Id_Difficulty])
    VALUES (906, N'Quel pays a remporté le championnat du monde de rugby 1995 ?', 3);
END
SET IDENTITY_INSERT [dbo].[Question_QST] OFF;

INSERT INTO [dbo].[Answer_ANS] ([Id_Question], [Value], [Valid]) VALUES
    (906, N'Afrique du Sud', 1),
    (906, N'Nouvelle-Zélande', 0),
    (906, N'Angleterre', 0),
    (906, N'Australie', 0);

IF NOT EXISTS (SELECT 1 FROM [dbo].[QuestionTheme_QTH] WHERE Id_Question = 906 AND Id_Theme = @ThemeId)
BEGIN
    INSERT INTO [dbo].[QuestionTheme_QTH] ([Id_Question], [Id_Theme]) VALUES (906, @ThemeId);
END

-- Question 134
SET IDENTITY_INSERT [dbo].[Question_QST] ON;
IF NOT EXISTS (SELECT 1 FROM [dbo].[Question_QST] WHERE Id = 907)
BEGIN
    INSERT INTO [dbo].[Question_QST] ([Id], [Question], [Id_Difficulty])
    VALUES (907, N'Quel joueur de football a marqué 5 buts lors d’un match de Ligue des Champions ?', 3);
END
SET IDENTITY_INSERT [dbo].[Question_QST] OFF;

INSERT INTO [dbo].[Answer_ANS] ([Id_Question], [Value], [Valid]) VALUES
    (907, N'Lionel Messi', 0),
    (907, N'Robert Lewandowski', 0),
    (907, N'Cristiano Ronaldo', 1),
    (907, N'Neymar', 0);

IF NOT EXISTS (SELECT 1 FROM [dbo].[QuestionTheme_QTH] WHERE Id_Question = 907 AND Id_Theme = @ThemeId)
BEGIN
    INSERT INTO [dbo].[QuestionTheme_QTH] ([Id_Question], [Id_Theme]) VALUES (907, @ThemeId);
END

-- Question 135
SET IDENTITY_INSERT [dbo].[Question_QST] ON;
IF NOT EXISTS (SELECT 1 FROM [dbo].[Question_QST] WHERE Id = 908)
BEGIN
    INSERT INTO [dbo].[Question_QST] ([Id], [Question], [Id_Difficulty])
    VALUES (908, N'Quel pays a remporté la médaille d’or en basket féminin aux JO 2016 ?', 3);
END
SET IDENTITY_INSERT [dbo].[Question_QST] OFF;

INSERT INTO [dbo].[Answer_ANS] ([Id_Question], [Value], [Valid]) VALUES
    (908, N'États-Unis', 1),
    (908, N'Espagne', 0),
    (908, N'Serbie', 0),
    (908, N'France', 0);

IF NOT EXISTS (SELECT 1 FROM [dbo].[QuestionTheme_QTH] WHERE Id_Question = 908 AND Id_Theme = @ThemeId)
BEGIN
    INSERT INTO [dbo].[QuestionTheme_QTH] ([Id_Question], [Id_Theme]) VALUES (908, @ThemeId);
END

-- Question 136
SET IDENTITY_INSERT [dbo].[Question_QST] ON;
IF NOT EXISTS (SELECT 1 FROM [dbo].[Question_QST] WHERE Id = 909)
BEGIN
    INSERT INTO [dbo].[Question_QST] ([Id], [Question], [Id_Difficulty])
    VALUES (909, N'Quel joueur a remporté le plus de Coupes du Monde FIFA ?', 3);
END
SET IDENTITY_INSERT [dbo].[Question_QST] OFF;

INSERT INTO [dbo].[Answer_ANS] ([Id_Question], [Value], [Valid]) VALUES
    (909, N'Pelé', 1),
    (909, N'Maradona', 0),
    (909, N'Miroslav Klose', 0),
    (909, N'Franz Beckenbauer', 0);

IF NOT EXISTS (SELECT 1 FROM [dbo].[QuestionTheme_QTH] WHERE Id_Question = 909 AND Id_Theme = @ThemeId)
BEGIN
    INSERT INTO [dbo].[QuestionTheme_QTH] ([Id_Question], [Id_Theme]) VALUES (909, @ThemeId);
END

-- Question 137
SET IDENTITY_INSERT [dbo].[Question_QST] ON;
IF NOT EXISTS (SELECT 1 FROM [dbo].[Question_QST] WHERE Id = 910)
BEGIN
    INSERT INTO [dbo].[Question_QST] ([Id], [Question], [Id_Difficulty])
    VALUES (910, N'Quel pays a remporté la Coupe du Monde de football 1958 ?', 3);
END
SET IDENTITY_INSERT [dbo].[Question_QST] OFF;

INSERT INTO [dbo].[Answer_ANS] ([Id_Question], [Value], [Valid]) VALUES
    (910, N'Brésil', 1),
    (910, N'Suède', 0),
    (910, N'Allemagne', 0),
    (910, N'Italie', 0);

IF NOT EXISTS (SELECT 1 FROM [dbo].[QuestionTheme_QTH] WHERE Id_Question = 910 AND Id_Theme = @ThemeId)
BEGIN
    INSERT INTO [dbo].[QuestionTheme_QTH] ([Id_Question], [Id_Theme]) VALUES (910, @ThemeId);
END

-- Question 138
SET IDENTITY_INSERT [dbo].[Question_QST] ON;
IF NOT EXISTS (SELECT 1 FROM [dbo].[Question_QST] WHERE Id = 911)
BEGIN
    INSERT INTO [dbo].[Question_QST] ([Id], [Question], [Id_Difficulty])
    VALUES (911, N'Quel joueur de tennis a remporté Roland-Garros 2018 ?', 3);
END
SET IDENTITY_INSERT [dbo].[Question_QST] OFF;

INSERT INTO [dbo].[Answer_ANS] ([Id_Question], [Value], [Valid]) VALUES
    (911, N'Rafael Nadal', 1),
    (911, N'Dominic Thiem', 0),
    (911, N'Novak Djokovic', 0),
    (911, N'Juan Martín del Potro', 0);

IF NOT EXISTS (SELECT 1 FROM [dbo].[QuestionTheme_QTH] WHERE Id_Question = 911 AND Id_Theme = @ThemeId)
BEGIN
    INSERT INTO [dbo].[QuestionTheme_QTH] ([Id_Question], [Id_Theme]) VALUES (911, @ThemeId);
END

-- Question 139
SET IDENTITY_INSERT [dbo].[Question_QST] ON;
IF NOT EXISTS (SELECT 1 FROM [dbo].[Question_QST] WHERE Id = 912)
BEGIN
    INSERT INTO [dbo].[Question_QST] ([Id], [Question], [Id_Difficulty])
    VALUES (912, N'Quel pays a remporté la Ligue des Nations 2021 ?', 3);
END
SET IDENTITY_INSERT [dbo].[Question_QST] OFF;

INSERT INTO [dbo].[Answer_ANS] ([Id_Question], [Value], [Valid]) VALUES
    (912, N'France', 0),
    (912, N'Italie', 1),
    (912, N'Espagne', 0),
    (912, N'Belgique', 0);

IF NOT EXISTS (SELECT 1 FROM [dbo].[QuestionTheme_QTH] WHERE Id_Question = 912 AND Id_Theme = @ThemeId)
BEGIN
    INSERT INTO [dbo].[QuestionTheme_QTH] ([Id_Question], [Id_Theme]) VALUES (912, @ThemeId);
END

-- Question 140
SET IDENTITY_INSERT [dbo].[Question_QST] ON;
IF NOT EXISTS (SELECT 1 FROM [dbo].[Question_QST] WHERE Id = 913)
BEGIN
    INSERT INTO [dbo].[Question_QST] ([Id], [Question], [Id_Difficulty])
    VALUES (913, N'Quel athlète détient le record du monde du saut en longueur masculin ?', 3);
END
SET IDENTITY_INSERT [dbo].[Question_QST] OFF;

INSERT INTO [dbo].[Answer_ANS] ([Id_Question], [Value], [Valid]) VALUES
    (913, N'Mike Powell', 1),
    (913, N'Bob Beamon', 0),
    (913, N'Carl Lewis', 0),
    (913, N'Dwight Phillips', 0);

IF NOT EXISTS (SELECT 1 FROM [dbo].[QuestionTheme_QTH] WHERE Id_Question = 913 AND Id_Theme = @ThemeId)
BEGIN
    INSERT INTO [dbo].[QuestionTheme_QTH] ([Id_Question], [Id_Theme]) VALUES (913, @ThemeId);
END

-- Question 141
SET IDENTITY_INSERT [dbo].[Question_QST] ON;
IF NOT EXISTS (SELECT 1 FROM [dbo].[Question_QST] WHERE Id = 914)
BEGIN
    INSERT INTO [dbo].[Question_QST] ([Id], [Question], [Id_Difficulty])
    VALUES (914, N'Quel joueur a remporté le plus de Ballons d’Or dans l’histoire ?', 3);
END
SET IDENTITY_INSERT [dbo].[Question_QST] OFF;

INSERT INTO [dbo].[Answer_ANS] ([Id_Question], [Value], [Valid]) VALUES
    (914, N'Lionel Messi', 1),
    (914, N'Cristiano Ronaldo', 0),
    (914, N'Michel Platini', 0),
    (914, N'Johan Cruyff', 0);

IF NOT EXISTS (SELECT 1 FROM [dbo].[QuestionTheme_QTH] WHERE Id_Question = 914 AND Id_Theme = @ThemeId)
BEGIN
    INSERT INTO [dbo].[QuestionTheme_QTH] ([Id_Question], [Id_Theme]) VALUES (914, @ThemeId);
END

-- Question 142
SET IDENTITY_INSERT [dbo].[Question_QST] ON;
IF NOT EXISTS (SELECT 1 FROM [dbo].[Question_QST] WHERE Id = 915)
BEGIN
    INSERT INTO [dbo].[Question_QST] ([Id], [Question], [Id_Difficulty])
    VALUES (915, N'Quel pays a remporté le championnat du monde de handball masculin 2019 ?', 3);
END
SET IDENTITY_INSERT [dbo].[Question_QST] OFF;

INSERT INTO [dbo].[Answer_ANS] ([Id_Question], [Value], [Valid]) VALUES
    (915, N'Danemark', 1),
    (915, N'Norvège', 0),
    (915, N'France', 0),
    (915, N'Espagne', 0);

IF NOT EXISTS (SELECT 1 FROM [dbo].[QuestionTheme_QTH] WHERE Id_Question = 915 AND Id_Theme = @ThemeId)
BEGIN
    INSERT INTO [dbo].[QuestionTheme_QTH] ([Id_Question], [Id_Theme]) VALUES (915, @ThemeId);
END

-- Question 143
SET IDENTITY_INSERT [dbo].[Question_QST] ON;
IF NOT EXISTS (SELECT 1 FROM [dbo].[Question_QST] WHERE Id = 916)
BEGIN
    INSERT INTO [dbo].[Question_QST] ([Id], [Question], [Id_Difficulty])
    VALUES (916, N'Quel joueur de football a marqué le plus de buts en Coupe d’Europe des clubs ?', 3);
END
SET IDENTITY_INSERT [dbo].[Question_QST] OFF;

INSERT INTO [dbo].[Answer_ANS] ([Id_Question], [Value], [Valid]) VALUES
    (916, N'Cristiano Ronaldo', 1),
    (916, N'Lionel Messi', 0),
    (916, N'Raúl', 0),
    (916, N'Robert Lewandowski', 0);

IF NOT EXISTS (SELECT 1 FROM [dbo].[QuestionTheme_QTH] WHERE Id_Question = 916 AND Id_Theme = @ThemeId)
BEGIN
    INSERT INTO [dbo].[QuestionTheme_QTH] ([Id_Question], [Id_Theme]) VALUES (916, @ThemeId);
END

-- Question 144
SET IDENTITY_INSERT [dbo].[Question_QST] ON;
IF NOT EXISTS (SELECT 1 FROM [dbo].[Question_QST] WHERE Id = 917)
BEGIN
    INSERT INTO [dbo].[Question_QST] ([Id], [Question], [Id_Difficulty])
    VALUES (917, N'Quel pays a remporté la Coupe du Monde féminine 2015 ?', 3);
END
SET IDENTITY_INSERT [dbo].[Question_QST] OFF;

INSERT INTO [dbo].[Answer_ANS] ([Id_Question], [Value], [Valid]) VALUES
    (917, N'États-Unis', 1),
    (917, N'Japon', 0),
    (917, N'Allemagne', 0),
    (917, N'France', 0);

IF NOT EXISTS (SELECT 1 FROM [dbo].[QuestionTheme_QTH] WHERE Id_Question = 917 AND Id_Theme = @ThemeId)
BEGIN
    INSERT INTO [dbo].[QuestionTheme_QTH] ([Id_Question], [Id_Theme]) VALUES (917, @ThemeId);
END

-- Question 145
SET IDENTITY_INSERT [dbo].[Question_QST] ON;
IF NOT EXISTS (SELECT 1 FROM [dbo].[Question_QST] WHERE Id = 918)
BEGIN
    INSERT INTO [dbo].[Question_QST] ([Id], [Question], [Id_Difficulty])
    VALUES (918, N'Quel joueur de tennis a remporté l’US Open 2018 ?', 3);
END
SET IDENTITY_INSERT [dbo].[Question_QST] OFF;

INSERT INTO [dbo].[Answer_ANS] ([Id_Question], [Value], [Valid]) VALUES
    (918, N'Novak Djokovic', 0),
    (918, N'Juan Martín del Potro', 1),
    (918, N'Rafael Nadal', 0),
    (918, N'Roger Federer', 0);

IF NOT EXISTS (SELECT 1 FROM [dbo].[QuestionTheme_QTH] WHERE Id_Question = 918 AND Id_Theme = @ThemeId)
BEGIN
    INSERT INTO [dbo].[QuestionTheme_QTH] ([Id_Question], [Id_Theme]) VALUES (918, @ThemeId);
END

-- Question 146
SET IDENTITY_INSERT [dbo].[Question_QST] ON;
IF NOT EXISTS (SELECT 1 FROM [dbo].[Question_QST] WHERE Id = 919)
BEGIN
    INSERT INTO [dbo].[Question_QST] ([Id], [Question], [Id_Difficulty])
    VALUES (919, N'Quel pays a remporté la Copa América 2011 ?', 3);
END
SET IDENTITY_INSERT [dbo].[Question_QST] OFF;

INSERT INTO [dbo].[Answer_ANS] ([Id_Question], [Value], [Valid]) VALUES
    (919, N'Uruguay', 1),
    (919, N'Argentine', 0),
    (919, N'Brésil', 0),
    (919, N'Paraguay', 0);

IF NOT EXISTS (SELECT 1 FROM [dbo].[QuestionTheme_QTH] WHERE Id_Question = 919 AND Id_Theme = @ThemeId)
BEGIN
    INSERT INTO [dbo].[QuestionTheme_QTH] ([Id_Question], [Id_Theme]) VALUES (919, @ThemeId);
END

-- Question 147
SET IDENTITY_INSERT [dbo].[Question_QST] ON;
IF NOT EXISTS (SELECT 1 FROM [dbo].[Question_QST] WHERE Id = 920)
BEGIN
    INSERT INTO [dbo].[Question_QST] ([Id], [Question], [Id_Difficulty])
    VALUES (920, N'Quel joueur de football a marqué 13 buts lors d''une seule Coupe du Monde ?', 4);
END
SET IDENTITY_INSERT [dbo].[Question_QST] OFF;

INSERT INTO [dbo].[Answer_ANS] ([Id_Question], [Value], [Valid]) VALUES
    (920, N'Just Fontaine', 1),
    (920, N'Pelé', 0),
    (920, N'Miroslav Klose', 0),
    (920, N'Gerd Müller', 0);

IF NOT EXISTS (SELECT 1 FROM [dbo].[QuestionTheme_QTH] WHERE Id_Question = 920 AND Id_Theme = @ThemeId)
BEGIN
    INSERT INTO [dbo].[QuestionTheme_QTH] ([Id_Question], [Id_Theme]) VALUES (920, @ThemeId);
END

-- Question 148
SET IDENTITY_INSERT [dbo].[Question_QST] ON;
IF NOT EXISTS (SELECT 1 FROM [dbo].[Question_QST] WHERE Id = 921)
BEGIN
    INSERT INTO [dbo].[Question_QST] ([Id], [Question], [Id_Difficulty])
    VALUES (921, N'Quel pilote de Formule 1 a remporté le championnat du monde 7 fois avant Lewis Hamilton ?', 4);
END
SET IDENTITY_INSERT [dbo].[Question_QST] OFF;

INSERT INTO [dbo].[Answer_ANS] ([Id_Question], [Value], [Valid]) VALUES
    (921, N'Michael Schumacher', 1),
    (921, N'Juan Manuel Fangio', 0),
    (921, N'Ayrton Senna', 0),
    (921, N'Alain Prost', 0);

IF NOT EXISTS (SELECT 1 FROM [dbo].[QuestionTheme_QTH] WHERE Id_Question = 921 AND Id_Theme = @ThemeId)
BEGIN
    INSERT INTO [dbo].[QuestionTheme_QTH] ([Id_Question], [Id_Theme]) VALUES (921, @ThemeId);
END

-- Question 149
SET IDENTITY_INSERT [dbo].[Question_QST] ON;
IF NOT EXISTS (SELECT 1 FROM [dbo].[Question_QST] WHERE Id = 922)
BEGIN
    INSERT INTO [dbo].[Question_QST] ([Id], [Question], [Id_Difficulty])
    VALUES (922, N'Quel nageur détient le record du monde du 400 m 4 nages masculin ?', 4);
END
SET IDENTITY_INSERT [dbo].[Question_QST] OFF;

INSERT INTO [dbo].[Answer_ANS] ([Id_Question], [Value], [Valid]) VALUES
    (922, N'Michael Phelps', 1),
    (922, N'Ryan Lochte', 0),
    (922, N'Kosuke Hagino', 0),
    (922, N'László Cseh', 0);

IF NOT EXISTS (SELECT 1 FROM [dbo].[QuestionTheme_QTH] WHERE Id_Question = 922 AND Id_Theme = @ThemeId)
BEGIN
    INSERT INTO [dbo].[QuestionTheme_QTH] ([Id_Question], [Id_Theme]) VALUES (922, @ThemeId);
END

-- Question 150
SET IDENTITY_INSERT [dbo].[Question_QST] ON;
IF NOT EXISTS (SELECT 1 FROM [dbo].[Question_QST] WHERE Id = 923)
BEGIN
    INSERT INTO [dbo].[Question_QST] ([Id], [Question], [Id_Difficulty])
    VALUES (923, N'Quel joueur de tennis a réalisé le Grand Chelem calendaire masculin ?', 4);
END
SET IDENTITY_INSERT [dbo].[Question_QST] OFF;

INSERT INTO [dbo].[Answer_ANS] ([Id_Question], [Value], [Valid]) VALUES
    (923, N'Rod Laver', 1),
    (923, N'Roger Federer', 0),
    (923, N'Rafael Nadal', 0),
    (923, N'Novak Djokovic', 0);

IF NOT EXISTS (SELECT 1 FROM [dbo].[QuestionTheme_QTH] WHERE Id_Question = 923 AND Id_Theme = @ThemeId)
BEGIN
    INSERT INTO [dbo].[QuestionTheme_QTH] ([Id_Question], [Id_Theme]) VALUES (923, @ThemeId);
END

-- Question 151
SET IDENTITY_INSERT [dbo].[Question_QST] ON;
IF NOT EXISTS (SELECT 1 FROM [dbo].[Question_QST] WHERE Id = 924)
BEGIN
    INSERT INTO [dbo].[Question_QST] ([Id], [Question], [Id_Difficulty])
    VALUES (924, N'Quel pays a remporté le championnat du monde de handball masculin 2001 ?', 4);
END
SET IDENTITY_INSERT [dbo].[Question_QST] OFF;

INSERT INTO [dbo].[Answer_ANS] ([Id_Question], [Value], [Valid]) VALUES
    (924, N'France', 1),
    (924, N'Suède', 0),
    (924, N'Espagne', 0),
    (924, N'Croatie', 0);

IF NOT EXISTS (SELECT 1 FROM [dbo].[QuestionTheme_QTH] WHERE Id_Question = 924 AND Id_Theme = @ThemeId)
BEGIN
    INSERT INTO [dbo].[QuestionTheme_QTH] ([Id_Question], [Id_Theme]) VALUES (924, @ThemeId);
END

-- Question 152
SET IDENTITY_INSERT [dbo].[Question_QST] ON;
IF NOT EXISTS (SELECT 1 FROM [dbo].[Question_QST] WHERE Id = 925)
BEGIN
    INSERT INTO [dbo].[Question_QST] ([Id], [Question], [Id_Difficulty])
    VALUES (925, N'Quel athlète détient le record du monde du saut à la perche masculin ?', 4);
END
SET IDENTITY_INSERT [dbo].[Question_QST] OFF;

INSERT INTO [dbo].[Answer_ANS] ([Id_Question], [Value], [Valid]) VALUES
    (925, N'Armand Duplantis', 1),
    (925, N'Sergey Bubka', 0),
    (925, N'Renaud Lavillenie', 0),
    (925, N'Thiago Braz', 0);

IF NOT EXISTS (SELECT 1 FROM [dbo].[QuestionTheme_QTH] WHERE Id_Question = 925 AND Id_Theme = @ThemeId)
BEGIN
    INSERT INTO [dbo].[QuestionTheme_QTH] ([Id_Question], [Id_Theme]) VALUES (925, @ThemeId);
END

-- Question 153
SET IDENTITY_INSERT [dbo].[Question_QST] ON;
IF NOT EXISTS (SELECT 1 FROM [dbo].[Question_QST] WHERE Id = 926)
BEGIN
    INSERT INTO [dbo].[Question_QST] ([Id], [Question], [Id_Difficulty])
    VALUES (926, N'Quel joueur de football a inscrit le but le plus rapide en Coupe du Monde ?', 4);
END
SET IDENTITY_INSERT [dbo].[Question_QST] OFF;

INSERT INTO [dbo].[Answer_ANS] ([Id_Question], [Value], [Valid]) VALUES
    (926, N'Hakan Şükür', 1),
    (926, N'Pele', 0),
    (926, N'Cristiano Ronaldo', 0),
    (926, N'Lionel Messi', 0);

IF NOT EXISTS (SELECT 1 FROM [dbo].[QuestionTheme_QTH] WHERE Id_Question = 926 AND Id_Theme = @ThemeId)
BEGIN
    INSERT INTO [dbo].[QuestionTheme_QTH] ([Id_Question], [Id_Theme]) VALUES (926, @ThemeId);
END

-- Question 154
SET IDENTITY_INSERT [dbo].[Question_QST] ON;
IF NOT EXISTS (SELECT 1 FROM [dbo].[Question_QST] WHERE Id = 927)
BEGIN
    INSERT INTO [dbo].[Question_QST] ([Id], [Question], [Id_Difficulty])
    VALUES (927, N'Quel pays a remporté la première Coupe du Monde de football féminin ?', 4);
END
SET IDENTITY_INSERT [dbo].[Question_QST] OFF;

INSERT INTO [dbo].[Answer_ANS] ([Id_Question], [Value], [Valid]) VALUES
    (927, N'États-Unis', 1),
    (927, N'Norvège', 0),
    (927, N'Allemagne', 0),
    (927, N'Suède', 0);

IF NOT EXISTS (SELECT 1 FROM [dbo].[QuestionTheme_QTH] WHERE Id_Question = 927 AND Id_Theme = @ThemeId)
BEGIN
    INSERT INTO [dbo].[QuestionTheme_QTH] ([Id_Question], [Id_Theme]) VALUES (927, @ThemeId);
END

-- Question 155
SET IDENTITY_INSERT [dbo].[Question_QST] ON;
IF NOT EXISTS (SELECT 1 FROM [dbo].[Question_QST] WHERE Id = 928)
BEGIN
    INSERT INTO [dbo].[Question_QST] ([Id], [Question], [Id_Difficulty])
    VALUES (928, N'Quel joueur a remporté le plus de titres en Grand Chelem féminin ?', 4);
END
SET IDENTITY_INSERT [dbo].[Question_QST] OFF;

INSERT INTO [dbo].[Answer_ANS] ([Id_Question], [Value], [Valid]) VALUES
    (928, N'Margaret Court', 1),
    (928, N'Serena Williams', 0),
    (928, N'Steffi Graf', 0),
    (928, N'Chris Evert', 0);

IF NOT EXISTS (SELECT 1 FROM [dbo].[QuestionTheme_QTH] WHERE Id_Question = 928 AND Id_Theme = @ThemeId)
BEGIN
    INSERT INTO [dbo].[QuestionTheme_QTH] ([Id_Question], [Id_Theme]) VALUES (928, @ThemeId);
END

-- Question 156
SET IDENTITY_INSERT [dbo].[Question_QST] ON;
IF NOT EXISTS (SELECT 1 FROM [dbo].[Question_QST] WHERE Id = 929)
BEGIN
    INSERT INTO [dbo].[Question_QST] ([Id], [Question], [Id_Difficulty])
    VALUES (929, N'Quel athlète a remporté 9 titres consécutifs aux Jeux Olympiques d’été ?', 4);
END
SET IDENTITY_INSERT [dbo].[Question_QST] OFF;

INSERT INTO [dbo].[Answer_ANS] ([Id_Question], [Value], [Valid]) VALUES
    (929, N'Michael Phelps', 1),
    (929, N'Carl Lewis', 0),
    (929, N'Usain Bolt', 0),
    (929, N'Mark Spitz', 0);

IF NOT EXISTS (SELECT 1 FROM [dbo].[QuestionTheme_QTH] WHERE Id_Question = 929 AND Id_Theme = @ThemeId)
BEGIN
    INSERT INTO [dbo].[QuestionTheme_QTH] ([Id_Question], [Id_Theme]) VALUES (929, @ThemeId);
END

-- Question 157
SET IDENTITY_INSERT [dbo].[Question_QST] ON;
IF NOT EXISTS (SELECT 1 FROM [dbo].[Question_QST] WHERE Id = 930)
BEGIN
    INSERT INTO [dbo].[Question_QST] ([Id], [Question], [Id_Difficulty])
    VALUES (930, N'Quel pilote de F1 a remporté le plus de Grands Prix consécutifs ?', 4);
END
SET IDENTITY_INSERT [dbo].[Question_QST] OFF;

INSERT INTO [dbo].[Answer_ANS] ([Id_Question], [Value], [Valid]) VALUES
    (930, N'Sebastian Vettel', 1),
    (930, N'Lewis Hamilton', 0),
    (930, N'Michael Schumacher', 0),
    (930, N'Nigel Mansell', 0);

IF NOT EXISTS (SELECT 1 FROM [dbo].[QuestionTheme_QTH] WHERE Id_Question = 930 AND Id_Theme = @ThemeId)
BEGIN
    INSERT INTO [dbo].[QuestionTheme_QTH] ([Id_Question], [Id_Theme]) VALUES (930, @ThemeId);
END

-- Question 158
SET IDENTITY_INSERT [dbo].[Question_QST] ON;
IF NOT EXISTS (SELECT 1 FROM [dbo].[Question_QST] WHERE Id = 931)
BEGIN
    INSERT INTO [dbo].[Question_QST] ([Id], [Question], [Id_Difficulty])
    VALUES (931, N'Quel pays a remporté la Coupe du Monde 1938 ?', 4);
END
SET IDENTITY_INSERT [dbo].[Question_QST] OFF;

INSERT INTO [dbo].[Answer_ANS] ([Id_Question], [Value], [Valid]) VALUES
    (931, N'Italie', 1),
    (931, N'Hongrie', 0),
    (931, N'Brésil', 0),
    (931, N'Allemagne', 0);

IF NOT EXISTS (SELECT 1 FROM [dbo].[QuestionTheme_QTH] WHERE Id_Question = 931 AND Id_Theme = @ThemeId)
BEGIN
    INSERT INTO [dbo].[QuestionTheme_QTH] ([Id_Question], [Id_Theme]) VALUES (931, @ThemeId);
END

-- Question 159
SET IDENTITY_INSERT [dbo].[Question_QST] ON;
IF NOT EXISTS (SELECT 1 FROM [dbo].[Question_QST] WHERE Id = 932)
BEGIN
    INSERT INTO [dbo].[Question_QST] ([Id], [Question], [Id_Difficulty])
    VALUES (932, N'Quel joueur de football a marqué 5 buts en finale de la Copa América ?', 4);
END
SET IDENTITY_INSERT [dbo].[Question_QST] OFF;

INSERT INTO [dbo].[Answer_ANS] ([Id_Question], [Value], [Valid]) VALUES
    (932, N'Gabriel Batistuta', 1),
    (932, N'Lionel Messi', 0),
    (932, N'Paolo Guerrero', 0),
    (932, N'Neymar', 0);

IF NOT EXISTS (SELECT 1 FROM [dbo].[QuestionTheme_QTH] WHERE Id_Question = 932 AND Id_Theme = @ThemeId)
BEGIN
    INSERT INTO [dbo].[QuestionTheme_QTH] ([Id_Question], [Id_Theme]) VALUES (932, @ThemeId);
END

-- Question 160
SET IDENTITY_INSERT [dbo].[Question_QST] ON;
IF NOT EXISTS (SELECT 1 FROM [dbo].[Question_QST] WHERE Id = 933)
BEGIN
    INSERT INTO [dbo].[Question_QST] ([Id], [Question], [Id_Difficulty])
    VALUES (933, N'Quel nageur a remporté 7 médailles d’or aux Jeux Olympiques 1972 ?', 4);
END
SET IDENTITY_INSERT [dbo].[Question_QST] OFF;

INSERT INTO [dbo].[Answer_ANS] ([Id_Question], [Value], [Valid]) VALUES
    (933, N'Mark Spitz', 1),
    (933, N'Michael Phelps', 0),
    (933, N'Ryan Lochte', 0),
    (933, N'Ian Thorpe', 0);

IF NOT EXISTS (SELECT 1 FROM [dbo].[QuestionTheme_QTH] WHERE Id_Question = 933 AND Id_Theme = @ThemeId)
BEGIN
    INSERT INTO [dbo].[QuestionTheme_QTH] ([Id_Question], [Id_Theme]) VALUES (933, @ThemeId);
END

-- Question 161
SET IDENTITY_INSERT [dbo].[Question_QST] ON;
IF NOT EXISTS (SELECT 1 FROM [dbo].[Question_QST] WHERE Id = 934)
BEGIN
    INSERT INTO [dbo].[Question_QST] ([Id], [Question], [Id_Difficulty])
    VALUES (934, N'Quel pays a remporté la médaille d’or en hockey sur glace masculin aux JO 1980 ?', 4);
END
SET IDENTITY_INSERT [dbo].[Question_QST] OFF;

INSERT INTO [dbo].[Answer_ANS] ([Id_Question], [Value], [Valid]) VALUES
    (934, N'États-Unis', 1),
    (934, N'URSS', 0),
    (934, N'Canada', 0),
    (934, N'Suède', 0);

IF NOT EXISTS (SELECT 1 FROM [dbo].[QuestionTheme_QTH] WHERE Id_Question = 934 AND Id_Theme = @ThemeId)
BEGIN
    INSERT INTO [dbo].[QuestionTheme_QTH] ([Id_Question], [Id_Theme]) VALUES (934, @ThemeId);
END

-- Question 162
SET IDENTITY_INSERT [dbo].[Question_QST] ON;
IF NOT EXISTS (SELECT 1 FROM [dbo].[Question_QST] WHERE Id = 935)
BEGIN
    INSERT INTO [dbo].[Question_QST] ([Id], [Question], [Id_Difficulty])
    VALUES (935, N'Quel athlète a remporté 4 médailles d’or en athlétisme aux JO 1936 ?', 4);
END
SET IDENTITY_INSERT [dbo].[Question_QST] OFF;

INSERT INTO [dbo].[Answer_ANS] ([Id_Question], [Value], [Valid]) VALUES
    (935, N'Jesse Owens', 1),
    (935, N'Carl Lewis', 0),
    (935, N'Usain Bolt', 0),
    (935, N'Bob Mathias', 0);

IF NOT EXISTS (SELECT 1 FROM [dbo].[QuestionTheme_QTH] WHERE Id_Question = 935 AND Id_Theme = @ThemeId)
BEGIN
    INSERT INTO [dbo].[QuestionTheme_QTH] ([Id_Question], [Id_Theme]) VALUES (935, @ThemeId);
END

-- Question 163
SET IDENTITY_INSERT [dbo].[Question_QST] ON;
IF NOT EXISTS (SELECT 1 FROM [dbo].[Question_QST] WHERE Id = 936)
BEGIN
    INSERT INTO [dbo].[Question_QST] ([Id], [Question], [Id_Difficulty])
    VALUES (936, N'Quel joueur de tennis a remporté 8 titres consécutifs à Roland-Garros ?', 4);
END
SET IDENTITY_INSERT [dbo].[Question_QST] OFF;

INSERT INTO [dbo].[Answer_ANS] ([Id_Question], [Value], [Valid]) VALUES
    (936, N'Rafael Nadal', 1),
    (936, N'Björn Borg', 0),
    (936, N'Novak Djokovic', 0),
    (936, N'Roger Federer', 0);

IF NOT EXISTS (SELECT 1 FROM [dbo].[QuestionTheme_QTH] WHERE Id_Question = 936 AND Id_Theme = @ThemeId)
BEGIN
    INSERT INTO [dbo].[QuestionTheme_QTH] ([Id_Question], [Id_Theme]) VALUES (936, @ThemeId);
END

-- Question 164
SET IDENTITY_INSERT [dbo].[Question_QST] ON;
IF NOT EXISTS (SELECT 1 FROM [dbo].[Question_QST] WHERE Id = 937)
BEGIN
    INSERT INTO [dbo].[Question_QST] ([Id], [Question], [Id_Difficulty])
    VALUES (937, N'Quel pays a remporté le championnat du monde de rugby 1987 ?', 4);
END
SET IDENTITY_INSERT [dbo].[Question_QST] OFF;

INSERT INTO [dbo].[Answer_ANS] ([Id_Question], [Value], [Valid]) VALUES
    (937, N'Nouvelle-Zélande', 1),
    (937, N'France', 0),
    (937, N'Angleterre', 0),
    (937, N'Australie', 0);

IF NOT EXISTS (SELECT 1 FROM [dbo].[QuestionTheme_QTH] WHERE Id_Question = 937 AND Id_Theme = @ThemeId)
BEGIN
    INSERT INTO [dbo].[QuestionTheme_QTH] ([Id_Question], [Id_Theme]) VALUES (937, @ThemeId);
END

-- Question 165
SET IDENTITY_INSERT [dbo].[Question_QST] ON;
IF NOT EXISTS (SELECT 1 FROM [dbo].[Question_QST] WHERE Id = 938)
BEGIN
    INSERT INTO [dbo].[Question_QST] ([Id], [Question], [Id_Difficulty])
    VALUES (938, N'Quel joueur de football a inscrit le plus de buts en Ligue 1 française ?', 4);
END
SET IDENTITY_INSERT [dbo].[Question_QST] OFF;

INSERT INTO [dbo].[Answer_ANS] ([Id_Question], [Value], [Valid]) VALUES
    (938, N'Delio Onnis', 1),
    (938, N'Zlatan Ibrahimović', 0),
    (938, N'Kylian Mbappé', 0),
    (938, N'Thierry Henry', 0);

IF NOT EXISTS (SELECT 1 FROM [dbo].[QuestionTheme_QTH] WHERE Id_Question = 938 AND Id_Theme = @ThemeId)
BEGIN
    INSERT INTO [dbo].[QuestionTheme_QTH] ([Id_Question], [Id_Theme]) VALUES (938, @ThemeId);
END

-- Question 166
SET IDENTITY_INSERT [dbo].[Question_QST] ON;
IF NOT EXISTS (SELECT 1 FROM [dbo].[Question_QST] WHERE Id = 939)
BEGIN
    INSERT INTO [dbo].[Question_QST] ([Id], [Question], [Id_Difficulty])
    VALUES (939, N'Quel athlète détient le record du monde du lancer du javelot masculin ?', 4);
END
SET IDENTITY_INSERT [dbo].[Question_QST] OFF;

INSERT INTO [dbo].[Answer_ANS] ([Id_Question], [Value], [Valid]) VALUES
    (939, N'Jan Železný', 1),
    (939, N'Andreas Thorkildsen', 0),
    (939, N'Steve Backley', 0),
    (939, N'Tero Pitkämäki', 0);

IF NOT EXISTS (SELECT 1 FROM [dbo].[QuestionTheme_QTH] WHERE Id_Question = 939 AND Id_Theme = @ThemeId)
BEGIN
    INSERT INTO [dbo].[QuestionTheme_QTH] ([Id_Question], [Id_Theme]) VALUES (939, @ThemeId);
END

-- Question 167
SET IDENTITY_INSERT [dbo].[Question_QST] ON;
IF NOT EXISTS (SELECT 1 FROM [dbo].[Question_QST] WHERE Id = 940)
BEGIN
    INSERT INTO [dbo].[Question_QST] ([Id], [Question], [Id_Difficulty])
    VALUES (940, N'Quel pays a remporté le championnat du monde de handball féminin 1999 ?', 4);
END
SET IDENTITY_INSERT [dbo].[Question_QST] OFF;

INSERT INTO [dbo].[Answer_ANS] ([Id_Question], [Value], [Valid]) VALUES
    (940, N'Russie', 1),
    (940, N'Norvège', 0),
    (940, N'France', 0),
    (940, N'Danemark', 0);

IF NOT EXISTS (SELECT 1 FROM [dbo].[QuestionTheme_QTH] WHERE Id_Question = 940 AND Id_Theme = @ThemeId)
BEGIN
    INSERT INTO [dbo].[QuestionTheme_QTH] ([Id_Question], [Id_Theme]) VALUES (940, @ThemeId);
END

-- Question 168
SET IDENTITY_INSERT [dbo].[Question_QST] ON;
IF NOT EXISTS (SELECT 1 FROM [dbo].[Question_QST] WHERE Id = 941)
BEGIN
    INSERT INTO [dbo].[Question_QST] ([Id], [Question], [Id_Difficulty])
    VALUES (941, N'Quel joueur de football a remporté 5 Ballons d’Or consécutifs ?', 4);
END
SET IDENTITY_INSERT [dbo].[Question_QST] OFF;

INSERT INTO [dbo].[Answer_ANS] ([Id_Question], [Value], [Valid]) VALUES
    (941, N'Lionel Messi', 1),
    (941, N'Cristiano Ronaldo', 0),
    (941, N'Michel Platini', 0),
    (941, N'Johan Cruyff', 0);

IF NOT EXISTS (SELECT 1 FROM [dbo].[QuestionTheme_QTH] WHERE Id_Question = 941 AND Id_Theme = @ThemeId)
BEGIN
    INSERT INTO [dbo].[QuestionTheme_QTH] ([Id_Question], [Id_Theme]) VALUES (941, @ThemeId);
END

-- Question 169
SET IDENTITY_INSERT [dbo].[Question_QST] ON;
IF NOT EXISTS (SELECT 1 FROM [dbo].[Question_QST] WHERE Id = 942)
BEGIN
    INSERT INTO [dbo].[Question_QST] ([Id], [Question], [Id_Difficulty])
    VALUES (942, N'Quel nageur a remporté le 100 m papillon masculin aux JO 2008 ?', 4);
END
SET IDENTITY_INSERT [dbo].[Question_QST] OFF;

INSERT INTO [dbo].[Answer_ANS] ([Id_Question], [Value], [Valid]) VALUES
    (942, N'Michael Phelps', 1),
    (942, N'Ian Crocker', 0),
    (942, N'László Cseh', 0),
    (942, N'Andriy Serdinov', 0);

IF NOT EXISTS (SELECT 1 FROM [dbo].[QuestionTheme_QTH] WHERE Id_Question = 942 AND Id_Theme = @ThemeId)
BEGIN
    INSERT INTO [dbo].[QuestionTheme_QTH] ([Id_Question], [Id_Theme]) VALUES (942, @ThemeId);
END

-- Question 170
SET IDENTITY_INSERT [dbo].[Question_QST] ON;
IF NOT EXISTS (SELECT 1 FROM [dbo].[Question_QST] WHERE Id = 943)
BEGIN
    INSERT INTO [dbo].[Question_QST] ([Id], [Question], [Id_Difficulty])
    VALUES (943, N'Quel pays a remporté la Coupe du Monde 1954 ?', 4);
END
SET IDENTITY_INSERT [dbo].[Question_QST] OFF;

INSERT INTO [dbo].[Answer_ANS] ([Id_Question], [Value], [Valid]) VALUES
    (943, N'Allemagne de l’Ouest', 1),
    (943, N'Hongrie', 0),
    (943, N'Italie', 0),
    (943, N'Brésil', 0);

IF NOT EXISTS (SELECT 1 FROM [dbo].[QuestionTheme_QTH] WHERE Id_Question = 943 AND Id_Theme = @ThemeId)
BEGIN
    INSERT INTO [dbo].[QuestionTheme_QTH] ([Id_Question], [Id_Theme]) VALUES (943, @ThemeId);
END

-- Question 171
SET IDENTITY_INSERT [dbo].[Question_QST] ON;
IF NOT EXISTS (SELECT 1 FROM [dbo].[Question_QST] WHERE Id = 944)
BEGIN
    INSERT INTO [dbo].[Question_QST] ([Id], [Question], [Id_Difficulty])
    VALUES (944, N'Quel joueur de football a marqué le but le plus rapide de l’histoire de la Premier League ?', 4);
END
SET IDENTITY_INSERT [dbo].[Question_QST] OFF;

INSERT INTO [dbo].[Answer_ANS] ([Id_Question], [Value], [Valid]) VALUES
    (944, N'Shane Long', 1),
    (944, N'Sadio Mané', 0),
    (944, N'Alan Shearer', 0),
    (944, N'Thierry Henry', 0);

IF NOT EXISTS (SELECT 1 FROM [dbo].[QuestionTheme_QTH] WHERE Id_Question = 944 AND Id_Theme = @ThemeId)
BEGIN
    INSERT INTO [dbo].[QuestionTheme_QTH] ([Id_Question], [Id_Theme]) VALUES (944, @ThemeId);
END

-- Question 172
SET IDENTITY_INSERT [dbo].[Question_QST] ON;
IF NOT EXISTS (SELECT 1 FROM [dbo].[Question_QST] WHERE Id = 945)
BEGIN
    INSERT INTO [dbo].[Question_QST] ([Id], [Question], [Id_Difficulty])
    VALUES (945, N'Quel pilote a remporté le plus de titres consécutifs en F1 ?', 4);
END
SET IDENTITY_INSERT [dbo].[Question_QST] OFF;

INSERT INTO [dbo].[Answer_ANS] ([Id_Question], [Value], [Valid]) VALUES
    (945, N'Michael Schumacher', 1),
    (945, N'Sebastian Vettel', 0),
    (945, N'Lewis Hamilton', 0),
    (945, N'Juan Manuel Fangio', 0);

IF NOT EXISTS (SELECT 1 FROM [dbo].[QuestionTheme_QTH] WHERE Id_Question = 945 AND Id_Theme = @ThemeId)
BEGIN
    INSERT INTO [dbo].[QuestionTheme_QTH] ([Id_Question], [Id_Theme]) VALUES (945, @ThemeId);
END

-- Question 173
SET IDENTITY_INSERT [dbo].[Question_QST] ON;
IF NOT EXISTS (SELECT 1 FROM [dbo].[Question_QST] WHERE Id = 946)
BEGIN
    INSERT INTO [dbo].[Question_QST] ([Id], [Question], [Id_Difficulty])
    VALUES (946, N'Quel pays a remporté la Coupe du Monde 1962 ?', 4);
END
SET IDENTITY_INSERT [dbo].[Question_QST] OFF;

INSERT INTO [dbo].[Answer_ANS] ([Id_Question], [Value], [Valid]) VALUES
    (946, N'Brésil', 1),
    (946, N'Tchécoslovaquie', 0),
    (946, N'Italie', 0),
    (946, N'Allemagne', 0);

IF NOT EXISTS (SELECT 1 FROM [dbo].[QuestionTheme_QTH] WHERE Id_Question = 946 AND Id_Theme = @ThemeId)
BEGIN
    INSERT INTO [dbo].[QuestionTheme_QTH] ([Id_Question], [Id_Theme]) VALUES (946, @ThemeId);
END

-- Question 174
SET IDENTITY_INSERT [dbo].[Question_QST] ON;
IF NOT EXISTS (SELECT 1 FROM [dbo].[Question_QST] WHERE Id = 947)
BEGIN
    INSERT INTO [dbo].[Question_QST] ([Id], [Question], [Id_Difficulty])
    VALUES (947, N'Quel joueur de tennis a remporté le plus de titres à Wimbledon féminin ?', 4);
END
SET IDENTITY_INSERT [dbo].[Question_QST] OFF;

INSERT INTO [dbo].[Answer_ANS] ([Id_Question], [Value], [Valid]) VALUES
    (947, N'Martina Navratilova', 1),
    (947, N'Serena Williams', 0),
    (947, N'Steffi Graf', 0),
    (947, N'Venus Williams', 0);

IF NOT EXISTS (SELECT 1 FROM [dbo].[QuestionTheme_QTH] WHERE Id_Question = 947 AND Id_Theme = @ThemeId)
BEGIN
    INSERT INTO [dbo].[QuestionTheme_QTH] ([Id_Question], [Id_Theme]) VALUES (947, @ThemeId);
END

-- Question 175
SET IDENTITY_INSERT [dbo].[Question_QST] ON;
IF NOT EXISTS (SELECT 1 FROM [dbo].[Question_QST] WHERE Id = 948)
BEGIN
    INSERT INTO [dbo].[Question_QST] ([Id], [Question], [Id_Difficulty])
    VALUES (948, N'Quel athlète détient le record du monde du 800 m masculin ?', 4);
END
SET IDENTITY_INSERT [dbo].[Question_QST] OFF;

INSERT INTO [dbo].[Answer_ANS] ([Id_Question], [Value], [Valid]) VALUES
    (948, N'David Rudisha', 1),
    (948, N'Wilson Kipketer', 0),
    (948, N'Sebastian Coe', 0),
    (948, N'Nijel Amos', 0);

IF NOT EXISTS (SELECT 1 FROM [dbo].[QuestionTheme_QTH] WHERE Id_Question = 948 AND Id_Theme = @ThemeId)
BEGIN
    INSERT INTO [dbo].[QuestionTheme_QTH] ([Id_Question], [Id_Theme]) VALUES (948, @ThemeId);
END

-- Question 176
SET IDENTITY_INSERT [dbo].[Question_QST] ON;
IF NOT EXISTS (SELECT 1 FROM [dbo].[Question_QST] WHERE Id = 949)
BEGIN
    INSERT INTO [dbo].[Question_QST] ([Id], [Question], [Id_Difficulty])
    VALUES (949, N'Quel pays a remporté la Coupe du Monde 1974 ?', 4);
END
SET IDENTITY_INSERT [dbo].[Question_QST] OFF;

INSERT INTO [dbo].[Answer_ANS] ([Id_Question], [Value], [Valid]) VALUES
    (949, N'Allemagne de l’Ouest', 1),
    (949, N'Pays-Bas', 0),
    (949, N'Brésil', 0),
    (949, N'Pologne', 0);

IF NOT EXISTS (SELECT 1 FROM [dbo].[QuestionTheme_QTH] WHERE Id_Question = 949 AND Id_Theme = @ThemeId)
BEGIN
    INSERT INTO [dbo].[QuestionTheme_QTH] ([Id_Question], [Id_Theme]) VALUES (949, @ThemeId);
END

-- Question 177
SET IDENTITY_INSERT [dbo].[Question_QST] ON;
IF NOT EXISTS (SELECT 1 FROM [dbo].[Question_QST] WHERE Id = 950)
BEGIN
    INSERT INTO [dbo].[Question_QST] ([Id], [Question], [Id_Difficulty])
    VALUES (950, N'Quel joueur de football a marqué le plus de buts en Coupe d’Europe ?', 4);
END
SET IDENTITY_INSERT [dbo].[Question_QST] OFF;

INSERT INTO [dbo].[Answer_ANS] ([Id_Question], [Value], [Valid]) VALUES
    (950, N'Cristiano Ronaldo', 1),
    (950, N'Lionel Messi', 0),
    (950, N'Raúl', 0),
    (950, N'Robert Lewandowski', 0);

IF NOT EXISTS (SELECT 1 FROM [dbo].[QuestionTheme_QTH] WHERE Id_Question = 950 AND Id_Theme = @ThemeId)
BEGIN
    INSERT INTO [dbo].[QuestionTheme_QTH] ([Id_Question], [Id_Theme]) VALUES (950, @ThemeId);
END

-- Question 178
SET IDENTITY_INSERT [dbo].[Question_QST] ON;
IF NOT EXISTS (SELECT 1 FROM [dbo].[Question_QST] WHERE Id = 951)
BEGIN
    INSERT INTO [dbo].[Question_QST] ([Id], [Question], [Id_Difficulty])
    VALUES (951, N'Quel nageur détient le record du 200 m dos masculin ?', 4);
END
SET IDENTITY_INSERT [dbo].[Question_QST] OFF;

INSERT INTO [dbo].[Answer_ANS] ([Id_Question], [Value], [Valid]) VALUES
    (951, N'Aaron Peirsol', 1),
    (951, N'Ryan Lochte', 0),
    (951, N'Rick Carey', 0),
    (951, N'Ryan Murphy', 0);

IF NOT EXISTS (SELECT 1 FROM [dbo].[QuestionTheme_QTH] WHERE Id_Question = 951 AND Id_Theme = @ThemeId)
BEGIN
    INSERT INTO [dbo].[QuestionTheme_QTH] ([Id_Question], [Id_Theme]) VALUES (951, @ThemeId);
END

-- Question 179
SET IDENTITY_INSERT [dbo].[Question_QST] ON;
IF NOT EXISTS (SELECT 1 FROM [dbo].[Question_QST] WHERE Id = 952)
BEGIN
    INSERT INTO [dbo].[Question_QST] ([Id], [Question], [Id_Difficulty])
    VALUES (952, N'Quel pays a remporté le championnat du monde de rugby 1991 ?', 4);
END
SET IDENTITY_INSERT [dbo].[Question_QST] OFF;

INSERT INTO [dbo].[Answer_ANS] ([Id_Question], [Value], [Valid]) VALUES
    (952, N'Australie', 1),
    (952, N'Angleterre', 0),
    (952, N'Nouvelle-Zélande', 0),
    (952, N'France', 0);

IF NOT EXISTS (SELECT 1 FROM [dbo].[QuestionTheme_QTH] WHERE Id_Question = 952 AND Id_Theme = @ThemeId)
BEGIN
    INSERT INTO [dbo].[QuestionTheme_QTH] ([Id_Question], [Id_Theme]) VALUES (952, @ThemeId);
END

-- Question 180
SET IDENTITY_INSERT [dbo].[Question_QST] ON;
IF NOT EXISTS (SELECT 1 FROM [dbo].[Question_QST] WHERE Id = 953)
BEGIN
    INSERT INTO [dbo].[Question_QST] ([Id], [Question], [Id_Difficulty])
    VALUES (953, N'Quel joueur de football a marqué 12 buts lors d’une seule édition de la Coupe du Monde ?', 4);
END
SET IDENTITY_INSERT [dbo].[Question_QST] OFF;

INSERT INTO [dbo].[Answer_ANS] ([Id_Question], [Value], [Valid]) VALUES
    (953, N'Just Fontaine', 1),
    (953, N'Pelé', 0),
    (953, N'Miroslav Klose', 0),
    (953, N'Gerd Müller', 0);

IF NOT EXISTS (SELECT 1 FROM [dbo].[QuestionTheme_QTH] WHERE Id_Question = 953 AND Id_Theme = @ThemeId)
BEGIN
    INSERT INTO [dbo].[QuestionTheme_QTH] ([Id_Question], [Id_Theme]) VALUES (953, @ThemeId);
END

-- Question 181
SET IDENTITY_INSERT [dbo].[Question_QST] ON;
IF NOT EXISTS (SELECT 1 FROM [dbo].[Question_QST] WHERE Id = 954)
BEGIN
    INSERT INTO [dbo].[Question_QST] ([Id], [Question], [Id_Difficulty])
    VALUES (954, N'Quel athlète a remporté le plus de médailles aux JO d’hiver 2014 ?', 4);
END
SET IDENTITY_INSERT [dbo].[Question_QST] OFF;

INSERT INTO [dbo].[Answer_ANS] ([Id_Question], [Value], [Valid]) VALUES
    (954, N'Marit Bjørgen', 1),
    (954, N'Martin Fourcade', 0),
    (954, N'Ole Einar Bjørndalen', 0),
    (954, N'Darya Domracheva', 0);

IF NOT EXISTS (SELECT 1 FROM [dbo].[QuestionTheme_QTH] WHERE Id_Question = 954 AND Id_Theme = @ThemeId)
BEGIN
    INSERT INTO [dbo].[QuestionTheme_QTH] ([Id_Question], [Id_Theme]) VALUES (954, @ThemeId);
END

-- Question 182
SET IDENTITY_INSERT [dbo].[Question_QST] ON;
IF NOT EXISTS (SELECT 1 FROM [dbo].[Question_QST] WHERE Id = 955)
BEGIN
    INSERT INTO [dbo].[Question_QST] ([Id], [Question], [Id_Difficulty])
    VALUES (955, N'Quel joueur de tennis a remporté le plus de titres en Masters féminins ?', 4);
END
SET IDENTITY_INSERT [dbo].[Question_QST] OFF;

INSERT INTO [dbo].[Answer_ANS] ([Id_Question], [Value], [Valid]) VALUES
    (955, N'Martina Hingis', 1),
    (955, N'Serena Williams', 0),
    (955, N'Steffi Graf', 0),
    (955, N'Chris Evert', 0);

IF NOT EXISTS (SELECT 1 FROM [dbo].[QuestionTheme_QTH] WHERE Id_Question = 955 AND Id_Theme = @ThemeId)
BEGIN
    INSERT INTO [dbo].[QuestionTheme_QTH] ([Id_Question], [Id_Theme]) VALUES (955, @ThemeId);
END

-- Question 183
SET IDENTITY_INSERT [dbo].[Question_QST] ON;
IF NOT EXISTS (SELECT 1 FROM [dbo].[Question_QST] WHERE Id = 956)
BEGIN
    INSERT INTO [dbo].[Question_QST] ([Id], [Question], [Id_Difficulty])
    VALUES (956, N'Quel pays a remporté la Coupe du Monde 1990 ?', 4);
END
SET IDENTITY_INSERT [dbo].[Question_QST] OFF;

INSERT INTO [dbo].[Answer_ANS] ([Id_Question], [Value], [Valid]) VALUES
    (956, N'Allemagne de l’Ouest', 1),
    (956, N'Argentine', 0),
    (956, N'Italie', 0),
    (956, N'Angleterre', 0);

IF NOT EXISTS (SELECT 1 FROM [dbo].[QuestionTheme_QTH] WHERE Id_Question = 956 AND Id_Theme = @ThemeId)
BEGIN
    INSERT INTO [dbo].[QuestionTheme_QTH] ([Id_Question], [Id_Theme]) VALUES (956, @ThemeId);
END

-- Question 184
SET IDENTITY_INSERT [dbo].[Question_QST] ON;
IF NOT EXISTS (SELECT 1 FROM [dbo].[Question_QST] WHERE Id = 957)
BEGIN
    INSERT INTO [dbo].[Question_QST] ([Id], [Question], [Id_Difficulty])
    VALUES (957, N'Quel athlète détient le record du monde du triple saut masculin ?', 4);
END
SET IDENTITY_INSERT [dbo].[Question_QST] OFF;

INSERT INTO [dbo].[Answer_ANS] ([Id_Question], [Value], [Valid]) VALUES
    (957, N'Jonathan Edwards', 1),
    (957, N'Will Claye', 0),
    (957, N'Christian Taylor', 0),
    (957, N'Nelson Évora', 0);

IF NOT EXISTS (SELECT 1 FROM [dbo].[QuestionTheme_QTH] WHERE Id_Question = 957 AND Id_Theme = @ThemeId)
BEGIN
    INSERT INTO [dbo].[QuestionTheme_QTH] ([Id_Question], [Id_Theme]) VALUES (957, @ThemeId);
END

-- Question 185
SET IDENTITY_INSERT [dbo].[Question_QST] ON;
IF NOT EXISTS (SELECT 1 FROM [dbo].[Question_QST] WHERE Id = 958)
BEGIN
    INSERT INTO [dbo].[Question_QST] ([Id], [Question], [Id_Difficulty])
    VALUES (958, N'Quel joueur de football a marqué le plus de buts en Ligue des Champions sur une saison ?', 4);
END
SET IDENTITY_INSERT [dbo].[Question_QST] OFF;

INSERT INTO [dbo].[Answer_ANS] ([Id_Question], [Value], [Valid]) VALUES
    (958, N'Cristiano Ronaldo', 0),
    (958, N'Lionel Messi', 0),
    (958, N'Robert Lewandowski', 1),
    (958, N'Karim Benzema', 0);

IF NOT EXISTS (SELECT 1 FROM [dbo].[QuestionTheme_QTH] WHERE Id_Question = 958 AND Id_Theme = @ThemeId)
BEGIN
    INSERT INTO [dbo].[QuestionTheme_QTH] ([Id_Question], [Id_Theme]) VALUES (958, @ThemeId);
END

-- Question 186
SET IDENTITY_INSERT [dbo].[Question_QST] ON;
IF NOT EXISTS (SELECT 1 FROM [dbo].[Question_QST] WHERE Id = 959)
BEGIN
    INSERT INTO [dbo].[Question_QST] ([Id], [Question], [Id_Difficulty])
    VALUES (959, N'Quel pays a remporté la médaille d’or en basket masculin aux JO 1972 ?', 4);
END
SET IDENTITY_INSERT [dbo].[Question_QST] OFF;

INSERT INTO [dbo].[Answer_ANS] ([Id_Question], [Value], [Valid]) VALUES
    (959, N'URSS', 1),
    (959, N'États-Unis', 0),
    (959, N'Yougoslavie', 0),
    (959, N'Brésil', 0);

IF NOT EXISTS (SELECT 1 FROM [dbo].[QuestionTheme_QTH] WHERE Id_Question = 959 AND Id_Theme = @ThemeId)
BEGIN
    INSERT INTO [dbo].[QuestionTheme_QTH] ([Id_Question], [Id_Theme]) VALUES (959, @ThemeId);
END

-- Question 187
SET IDENTITY_INSERT [dbo].[Question_QST] ON;
IF NOT EXISTS (SELECT 1 FROM [dbo].[Question_QST] WHERE Id = 960)
BEGIN
    INSERT INTO [dbo].[Question_QST] ([Id], [Question], [Id_Difficulty])
    VALUES (960, N'Quel nageur détient le record du monde du 50 m nage libre masculin ?', 4);
END
SET IDENTITY_INSERT [dbo].[Question_QST] OFF;

INSERT INTO [dbo].[Answer_ANS] ([Id_Question], [Value], [Valid]) VALUES
    (960, N'César Cielo', 1),
    (960, N'Alexander Popov', 0),
    (960, N'Nathan Adrian', 0),
    (960, N'Florent Manaudou', 0);

IF NOT EXISTS (SELECT 1 FROM [dbo].[QuestionTheme_QTH] WHERE Id_Question = 960 AND Id_Theme = @ThemeId)
BEGIN
    INSERT INTO [dbo].[QuestionTheme_QTH] ([Id_Question], [Id_Theme]) VALUES (960, @ThemeId);
END

-- Question 188
SET IDENTITY_INSERT [dbo].[Question_QST] ON;
IF NOT EXISTS (SELECT 1 FROM [dbo].[Question_QST] WHERE Id = 961)
BEGIN
    INSERT INTO [dbo].[Question_QST] ([Id], [Question], [Id_Difficulty])
    VALUES (961, N'Quel pays a remporté le championnat du monde de handball masculin 2003 ?', 4);
END
SET IDENTITY_INSERT [dbo].[Question_QST] OFF;

INSERT INTO [dbo].[Answer_ANS] ([Id_Question], [Value], [Valid]) VALUES
    (961, N'Portugal', 0),
    (961, N'France', 1),
    (961, N'Espagne', 0),
    (961, N'Croatie', 0);

IF NOT EXISTS (SELECT 1 FROM [dbo].[QuestionTheme_QTH] WHERE Id_Question = 961 AND Id_Theme = @ThemeId)
BEGIN
    INSERT INTO [dbo].[QuestionTheme_QTH] ([Id_Question], [Id_Theme]) VALUES (961, @ThemeId);
END

-- Question 189
SET IDENTITY_INSERT [dbo].[Question_QST] ON;
IF NOT EXISTS (SELECT 1 FROM [dbo].[Question_QST] WHERE Id = 962)
BEGIN
    INSERT INTO [dbo].[Question_QST] ([Id], [Question], [Id_Difficulty])
    VALUES (962, N'Quel joueur de football a marqué le plus de buts lors d’un match de Coupe du Monde ?', 4);
END
SET IDENTITY_INSERT [dbo].[Question_QST] OFF;

INSERT INTO [dbo].[Answer_ANS] ([Id_Question], [Value], [Valid]) VALUES
    (962, N'Oleg Salenko', 1),
    (962, N'Just Fontaine', 0),
    (962, N'Miroslav Klose', 0),
    (962, N'Pelé', 0);

IF NOT EXISTS (SELECT 1 FROM [dbo].[QuestionTheme_QTH] WHERE Id_Question = 962 AND Id_Theme = @ThemeId)
BEGIN
    INSERT INTO [dbo].[QuestionTheme_QTH] ([Id_Question], [Id_Theme]) VALUES (962, @ThemeId);
END

-- Question 190
SET IDENTITY_INSERT [dbo].[Question_QST] ON;
IF NOT EXISTS (SELECT 1 FROM [dbo].[Question_QST] WHERE Id = 963)
BEGIN
    INSERT INTO [dbo].[Question_QST] ([Id], [Question], [Id_Difficulty])
    VALUES (963, N'Quel pilote a remporté le Grand Prix de Monaco 7 fois ?', 4);
END
SET IDENTITY_INSERT [dbo].[Question_QST] OFF;

INSERT INTO [dbo].[Answer_ANS] ([Id_Question], [Value], [Valid]) VALUES
    (963, N'Ayrton Senna', 1),
    (963, N'Michael Schumacher', 0),
    (963, N'Lewis Hamilton', 0),
    (963, N'Graham Hill', 0);

IF NOT EXISTS (SELECT 1 FROM [dbo].[QuestionTheme_QTH] WHERE Id_Question = 963 AND Id_Theme = @ThemeId)
BEGIN
    INSERT INTO [dbo].[QuestionTheme_QTH] ([Id_Question], [Id_Theme]) VALUES (963, @ThemeId);
END

-- Question 191
SET IDENTITY_INSERT [dbo].[Question_QST] ON;
IF NOT EXISTS (SELECT 1 FROM [dbo].[Question_QST] WHERE Id = 964)
BEGIN
    INSERT INTO [dbo].[Question_QST] ([Id], [Question], [Id_Difficulty])
    VALUES (964, N'Quel pays a remporté la Coupe du Monde 1970 ?', 4);
END
SET IDENTITY_INSERT [dbo].[Question_QST] OFF;

INSERT INTO [dbo].[Answer_ANS] ([Id_Question], [Value], [Valid]) VALUES
    (964, N'Brésil', 1),
    (964, N'Italie', 0),
    (964, N'Allemagne', 0),
    (964, N'Angleterre', 0);

IF NOT EXISTS (SELECT 1 FROM [dbo].[QuestionTheme_QTH] WHERE Id_Question = 964 AND Id_Theme = @ThemeId)
BEGIN
    INSERT INTO [dbo].[QuestionTheme_QTH] ([Id_Question], [Id_Theme]) VALUES (964, @ThemeId);
END

-- Question 192
SET IDENTITY_INSERT [dbo].[Question_QST] ON;
IF NOT EXISTS (SELECT 1 FROM [dbo].[Question_QST] WHERE Id = 965)
BEGIN
    INSERT INTO [dbo].[Question_QST] ([Id], [Question], [Id_Difficulty])
    VALUES (965, N'Quel joueur de tennis a remporté l’Open d’Australie 2021 féminin ?', 4);
END
SET IDENTITY_INSERT [dbo].[Question_QST] OFF;

INSERT INTO [dbo].[Answer_ANS] ([Id_Question], [Value], [Valid]) VALUES
    (965, N'Naomi Osaka', 0),
    (965, N'Jennifer Brady', 0),
    (965, N'Ashleigh Barty', 1),
    (965, N'Serena Williams', 0);

IF NOT EXISTS (SELECT 1 FROM [dbo].[QuestionTheme_QTH] WHERE Id_Question = 965 AND Id_Theme = @ThemeId)
BEGIN
    INSERT INTO [dbo].[QuestionTheme_QTH] ([Id_Question], [Id_Theme]) VALUES (965, @ThemeId);
END

-- Question 193
SET IDENTITY_INSERT [dbo].[Question_QST] ON;
IF NOT EXISTS (SELECT 1 FROM [dbo].[Question_QST] WHERE Id = 966)
BEGIN
    INSERT INTO [dbo].[Question_QST] ([Id], [Question], [Id_Difficulty])
    VALUES (966, N'Quel athlète détient le record du monde du lancer du disque masculin ?', 4);
END
SET IDENTITY_INSERT [dbo].[Question_QST] OFF;

INSERT INTO [dbo].[Answer_ANS] ([Id_Question], [Value], [Valid]) VALUES
    (966, N'Jürgen Schult', 1),
    (966, N'Virgilijus Alekna', 0),
    (966, N'Lars Riedel', 0),
    (966, N'Gerd Kanter', 0);

IF NOT EXISTS (SELECT 1 FROM [dbo].[QuestionTheme_QTH] WHERE Id_Question = 966 AND Id_Theme = @ThemeId)
BEGIN
    INSERT INTO [dbo].[QuestionTheme_QTH] ([Id_Question], [Id_Theme]) VALUES (966, @ThemeId);
END

-- Question 194
SET IDENTITY_INSERT [dbo].[Question_QST] ON;
IF NOT EXISTS (SELECT 1 FROM [dbo].[Question_QST] WHERE Id = 967)
BEGIN
    INSERT INTO [dbo].[Question_QST] ([Id], [Question], [Id_Difficulty])
    VALUES (967, N'Quel pays a remporté la Coupe du Monde 1986 ?', 4);
END
SET IDENTITY_INSERT [dbo].[Question_QST] OFF;

INSERT INTO [dbo].[Answer_ANS] ([Id_Question], [Value], [Valid]) VALUES
    (967, N'Argentine', 1),
    (967, N'Allemagne', 0),
    (967, N'France', 0),
    (967, N'Brésil', 0);

IF NOT EXISTS (SELECT 1 FROM [dbo].[QuestionTheme_QTH] WHERE Id_Question = 967 AND Id_Theme = @ThemeId)
BEGIN
    INSERT INTO [dbo].[QuestionTheme_QTH] ([Id_Question], [Id_Theme]) VALUES (967, @ThemeId);
END

-- Question 195
SET IDENTITY_INSERT [dbo].[Question_QST] ON;
IF NOT EXISTS (SELECT 1 FROM [dbo].[Question_QST] WHERE Id = 968)
BEGIN
    INSERT INTO [dbo].[Question_QST] ([Id], [Question], [Id_Difficulty])
    VALUES (968, N'Quel joueur de football a marqué le but décisif lors de la finale de la Coupe du Monde 2010 ?', 4);
END
SET IDENTITY_INSERT [dbo].[Question_QST] OFF;

INSERT INTO [dbo].[Answer_ANS] ([Id_Question], [Value], [Valid]) VALUES
    (968, N'Andrés Iniesta', 1),
    (968, N'Diego Forlán', 0),
    (968, N'David Villa', 0),
    (968, N'Xavi', 0);

IF NOT EXISTS (SELECT 1 FROM [dbo].[QuestionTheme_QTH] WHERE Id_Question = 968 AND Id_Theme = @ThemeId)
BEGIN
    INSERT INTO [dbo].[QuestionTheme_QTH] ([Id_Question], [Id_Theme]) VALUES (968, @ThemeId);
END

-- Question 196
SET IDENTITY_INSERT [dbo].[Question_QST] ON;
IF NOT EXISTS (SELECT 1 FROM [dbo].[Question_QST] WHERE Id = 969)
BEGIN
    INSERT INTO [dbo].[Question_QST] ([Id], [Question], [Id_Difficulty])
    VALUES (969, N'Quel nageur détient le record du 200 m papillon féminin ?', 4);
END
SET IDENTITY_INSERT [dbo].[Question_QST] OFF;

INSERT INTO [dbo].[Answer_ANS] ([Id_Question], [Value], [Valid]) VALUES
    (969, N'Zhang Yufei', 1),
    (969, N'Mireia Belmonte', 0),
    (969, N'Liu Zige', 0),
    (969, N'Katinka Hosszú', 0);

IF NOT EXISTS (SELECT 1 FROM [dbo].[QuestionTheme_QTH] WHERE Id_Question = 969 AND Id_Theme = @ThemeId)
BEGIN
    INSERT INTO [dbo].[QuestionTheme_QTH] ([Id_Question], [Id_Theme]) VALUES (969, @ThemeId);
END

-- ======================
-- Questions / Réponses - Thème : Musique (198 questions)
-- ======================
SET @ThemeId = (SELECT Id FROM [dbo].[Theme_THM] WHERE Label = N'Musique');

-- Question 1
SET IDENTITY_INSERT [dbo].[Question_QST] ON;
IF NOT EXISTS (SELECT 1 FROM [dbo].[Question_QST] WHERE Id = 970)
BEGIN
    INSERT INTO [dbo].[Question_QST] ([Id], [Question], [Id_Difficulty])
    VALUES (970, N'Qui est surnommé ''le roi de la pop'' ?', 1);
END
SET IDENTITY_INSERT [dbo].[Question_QST] OFF;

INSERT INTO [dbo].[Answer_ANS] ([Id_Question], [Value], [Valid]) VALUES
    (970, N'Michael Jackson', 1),
    (970, N'Elvis Presley', 0),
    (970, N'Prince', 0),
    (970, N'Freddie Mercury', 0);

IF NOT EXISTS (SELECT 1 FROM [dbo].[QuestionTheme_QTH] WHERE Id_Question = 970 AND Id_Theme = @ThemeId)
BEGIN
    INSERT INTO [dbo].[QuestionTheme_QTH] ([Id_Question], [Id_Theme]) VALUES (970, @ThemeId);
END

-- Question 2
SET IDENTITY_INSERT [dbo].[Question_QST] ON;
IF NOT EXISTS (SELECT 1 FROM [dbo].[Question_QST] WHERE Id = 971)
BEGIN
    INSERT INTO [dbo].[Question_QST] ([Id], [Question], [Id_Difficulty])
    VALUES (971, N'Quel groupe a chanté ''Bohemian Rhapsody'' ?', 1);
END
SET IDENTITY_INSERT [dbo].[Question_QST] OFF;

INSERT INTO [dbo].[Answer_ANS] ([Id_Question], [Value], [Valid]) VALUES
    (971, N'Queen', 1),
    (971, N'The Beatles', 0),
    (971, N'Pink Floyd', 0),
    (971, N'Led Zeppelin', 0);

IF NOT EXISTS (SELECT 1 FROM [dbo].[QuestionTheme_QTH] WHERE Id_Question = 971 AND Id_Theme = @ThemeId)
BEGIN
    INSERT INTO [dbo].[QuestionTheme_QTH] ([Id_Question], [Id_Theme]) VALUES (971, @ThemeId);
END

-- Question 3
SET IDENTITY_INSERT [dbo].[Question_QST] ON;
IF NOT EXISTS (SELECT 1 FROM [dbo].[Question_QST] WHERE Id = 972)
BEGIN
    INSERT INTO [dbo].[Question_QST] ([Id], [Question], [Id_Difficulty])
    VALUES (972, N'Quel instrument possède des cordes et se joue avec un archet ?', 1);
END
SET IDENTITY_INSERT [dbo].[Question_QST] OFF;

INSERT INTO [dbo].[Answer_ANS] ([Id_Question], [Value], [Valid]) VALUES
    (972, N'Violon', 1),
    (972, N'Piano', 0),
    (972, N'Flûte', 0),
    (972, N'Guitare', 0);

IF NOT EXISTS (SELECT 1 FROM [dbo].[QuestionTheme_QTH] WHERE Id_Question = 972 AND Id_Theme = @ThemeId)
BEGIN
    INSERT INTO [dbo].[QuestionTheme_QTH] ([Id_Question], [Id_Theme]) VALUES (972, @ThemeId);
END

-- Question 4
SET IDENTITY_INSERT [dbo].[Question_QST] ON;
IF NOT EXISTS (SELECT 1 FROM [dbo].[Question_QST] WHERE Id = 973)
BEGIN
    INSERT INTO [dbo].[Question_QST] ([Id], [Question], [Id_Difficulty])
    VALUES (973, N'Qui est l''auteur de la chanson ''Imagine'' ?', 1);
END
SET IDENTITY_INSERT [dbo].[Question_QST] OFF;

INSERT INTO [dbo].[Answer_ANS] ([Id_Question], [Value], [Valid]) VALUES
    (973, N'John Lennon', 1),
    (973, N'Paul McCartney', 0),
    (973, N'Bob Dylan', 0),
    (973, N'Elton John', 0);

IF NOT EXISTS (SELECT 1 FROM [dbo].[QuestionTheme_QTH] WHERE Id_Question = 973 AND Id_Theme = @ThemeId)
BEGIN
    INSERT INTO [dbo].[QuestionTheme_QTH] ([Id_Question], [Id_Theme]) VALUES (973, @ThemeId);
END

-- Question 5
SET IDENTITY_INSERT [dbo].[Question_QST] ON;
IF NOT EXISTS (SELECT 1 FROM [dbo].[Question_QST] WHERE Id = 974)
BEGIN
    INSERT INTO [dbo].[Question_QST] ([Id], [Question], [Id_Difficulty])
    VALUES (974, N'Quel est le genre musical de Mozart ?', 1);
END
SET IDENTITY_INSERT [dbo].[Question_QST] OFF;

INSERT INTO [dbo].[Answer_ANS] ([Id_Question], [Value], [Valid]) VALUES
    (974, N'Classique', 1),
    (974, N'Jazz', 0),
    (974, N'Rock', 0),
    (974, N'Pop', 0);

IF NOT EXISTS (SELECT 1 FROM [dbo].[QuestionTheme_QTH] WHERE Id_Question = 974 AND Id_Theme = @ThemeId)
BEGIN
    INSERT INTO [dbo].[QuestionTheme_QTH] ([Id_Question], [Id_Theme]) VALUES (974, @ThemeId);
END

-- Question 6
SET IDENTITY_INSERT [dbo].[Question_QST] ON;
IF NOT EXISTS (SELECT 1 FROM [dbo].[Question_QST] WHERE Id = 975)
BEGIN
    INSERT INTO [dbo].[Question_QST] ([Id], [Question], [Id_Difficulty])
    VALUES (975, N'Quel chanteur est connu pour ''Purple Rain'' ?', 1);
END
SET IDENTITY_INSERT [dbo].[Question_QST] OFF;

INSERT INTO [dbo].[Answer_ANS] ([Id_Question], [Value], [Valid]) VALUES
    (975, N'Prince', 1),
    (975, N'Michael Jackson', 0),
    (975, N'Elton John', 0),
    (975, N'David Bowie', 0);

IF NOT EXISTS (SELECT 1 FROM [dbo].[QuestionTheme_QTH] WHERE Id_Question = 975 AND Id_Theme = @ThemeId)
BEGIN
    INSERT INTO [dbo].[QuestionTheme_QTH] ([Id_Question], [Id_Theme]) VALUES (975, @ThemeId);
END

-- Question 7
SET IDENTITY_INSERT [dbo].[Question_QST] ON;
IF NOT EXISTS (SELECT 1 FROM [dbo].[Question_QST] WHERE Id = 976)
BEGIN
    INSERT INTO [dbo].[Question_QST] ([Id], [Question], [Id_Difficulty])
    VALUES (976, N'Quel instrument est à vent et souvent utilisé dans le jazz ?', 1);
END
SET IDENTITY_INSERT [dbo].[Question_QST] OFF;

INSERT INTO [dbo].[Answer_ANS] ([Id_Question], [Value], [Valid]) VALUES
    (976, N'Saxophone', 1),
    (976, N'Guitare', 0),
    (976, N'Batterie', 0),
    (976, N'Violon', 0);

IF NOT EXISTS (SELECT 1 FROM [dbo].[QuestionTheme_QTH] WHERE Id_Question = 976 AND Id_Theme = @ThemeId)
BEGIN
    INSERT INTO [dbo].[QuestionTheme_QTH] ([Id_Question], [Id_Theme]) VALUES (976, @ThemeId);
END

-- Question 8
SET IDENTITY_INSERT [dbo].[Question_QST] ON;
IF NOT EXISTS (SELECT 1 FROM [dbo].[Question_QST] WHERE Id = 977)
BEGIN
    INSERT INTO [dbo].[Question_QST] ([Id], [Question], [Id_Difficulty])
    VALUES (977, N'Quel groupe a chanté ''Hey Jude'' ?', 1);
END
SET IDENTITY_INSERT [dbo].[Question_QST] OFF;

INSERT INTO [dbo].[Answer_ANS] ([Id_Question], [Value], [Valid]) VALUES
    (977, N'The Beatles', 1),
    (977, N'Rolling Stones', 0),
    (977, N'Queen', 0),
    (977, N'Pink Floyd', 0);

IF NOT EXISTS (SELECT 1 FROM [dbo].[QuestionTheme_QTH] WHERE Id_Question = 977 AND Id_Theme = @ThemeId)
BEGIN
    INSERT INTO [dbo].[QuestionTheme_QTH] ([Id_Question], [Id_Theme]) VALUES (977, @ThemeId);
END

-- Question 9
SET IDENTITY_INSERT [dbo].[Question_QST] ON;
IF NOT EXISTS (SELECT 1 FROM [dbo].[Question_QST] WHERE Id = 978)
BEGIN
    INSERT INTO [dbo].[Question_QST] ([Id], [Question], [Id_Difficulty])
    VALUES (978, N'Qui est la ''Reine de la Soul'' ?', 1);
END
SET IDENTITY_INSERT [dbo].[Question_QST] OFF;

INSERT INTO [dbo].[Answer_ANS] ([Id_Question], [Value], [Valid]) VALUES
    (978, N'Aretha Franklin', 1),
    (978, N'Whitney Houston', 0),
    (978, N'Diana Ross', 0),
    (978, N'Tina Turner', 0);

IF NOT EXISTS (SELECT 1 FROM [dbo].[QuestionTheme_QTH] WHERE Id_Question = 978 AND Id_Theme = @ThemeId)
BEGIN
    INSERT INTO [dbo].[QuestionTheme_QTH] ([Id_Question], [Id_Theme]) VALUES (978, @ThemeId);
END

-- Question 10
SET IDENTITY_INSERT [dbo].[Question_QST] ON;
IF NOT EXISTS (SELECT 1 FROM [dbo].[Question_QST] WHERE Id = 979)
BEGIN
    INSERT INTO [dbo].[Question_QST] ([Id], [Question], [Id_Difficulty])
    VALUES (979, N'Quel instrument a 88 touches ?', 1);
END
SET IDENTITY_INSERT [dbo].[Question_QST] OFF;

INSERT INTO [dbo].[Answer_ANS] ([Id_Question], [Value], [Valid]) VALUES
    (979, N'Piano', 1),
    (979, N'Guitare', 0),
    (979, N'Harmonica', 0),
    (979, N'Xylophone', 0);

IF NOT EXISTS (SELECT 1 FROM [dbo].[QuestionTheme_QTH] WHERE Id_Question = 979 AND Id_Theme = @ThemeId)
BEGIN
    INSERT INTO [dbo].[QuestionTheme_QTH] ([Id_Question], [Id_Theme]) VALUES (979, @ThemeId);
END

-- Question 11
SET IDENTITY_INSERT [dbo].[Question_QST] ON;
IF NOT EXISTS (SELECT 1 FROM [dbo].[Question_QST] WHERE Id = 980)
BEGIN
    INSERT INTO [dbo].[Question_QST] ([Id], [Question], [Id_Difficulty])
    VALUES (980, N'Quel chanteur est célèbre pour ''Thriller'' ?', 1);
END
SET IDENTITY_INSERT [dbo].[Question_QST] OFF;

INSERT INTO [dbo].[Answer_ANS] ([Id_Question], [Value], [Valid]) VALUES
    (980, N'Michael Jackson', 1),
    (980, N'Prince', 0),
    (980, N'David Bowie', 0),
    (980, N'Freddie Mercury', 0);

IF NOT EXISTS (SELECT 1 FROM [dbo].[QuestionTheme_QTH] WHERE Id_Question = 980 AND Id_Theme = @ThemeId)
BEGIN
    INSERT INTO [dbo].[QuestionTheme_QTH] ([Id_Question], [Id_Theme]) VALUES (980, @ThemeId);
END

-- Question 12
SET IDENTITY_INSERT [dbo].[Question_QST] ON;
IF NOT EXISTS (SELECT 1 FROM [dbo].[Question_QST] WHERE Id = 981)
BEGIN
    INSERT INTO [dbo].[Question_QST] ([Id], [Question], [Id_Difficulty])
    VALUES (981, N'Quel groupe est surnommé ''les Fab Four'' ?', 1);
END
SET IDENTITY_INSERT [dbo].[Question_QST] OFF;

INSERT INTO [dbo].[Answer_ANS] ([Id_Question], [Value], [Valid]) VALUES
    (981, N'The Beatles', 1),
    (981, N'Queen', 0),
    (981, N'Rolling Stones', 0),
    (981, N'Led Zeppelin', 0);

IF NOT EXISTS (SELECT 1 FROM [dbo].[QuestionTheme_QTH] WHERE Id_Question = 981 AND Id_Theme = @ThemeId)
BEGIN
    INSERT INTO [dbo].[QuestionTheme_QTH] ([Id_Question], [Id_Theme]) VALUES (981, @ThemeId);
END

-- Question 13
SET IDENTITY_INSERT [dbo].[Question_QST] ON;
IF NOT EXISTS (SELECT 1 FROM [dbo].[Question_QST] WHERE Id = 982)
BEGIN
    INSERT INTO [dbo].[Question_QST] ([Id], [Question], [Id_Difficulty])
    VALUES (982, N'Quel instrument se joue avec des baguettes et des cymbales ?', 1);
END
SET IDENTITY_INSERT [dbo].[Question_QST] OFF;

INSERT INTO [dbo].[Answer_ANS] ([Id_Question], [Value], [Valid]) VALUES
    (982, N'Batterie', 1),
    (982, N'Piano', 0),
    (982, N'Guitare', 0),
    (982, N'Flûte', 0);

IF NOT EXISTS (SELECT 1 FROM [dbo].[QuestionTheme_QTH] WHERE Id_Question = 982 AND Id_Theme = @ThemeId)
BEGIN
    INSERT INTO [dbo].[QuestionTheme_QTH] ([Id_Question], [Id_Theme]) VALUES (982, @ThemeId);
END

-- Question 14
SET IDENTITY_INSERT [dbo].[Question_QST] ON;
IF NOT EXISTS (SELECT 1 FROM [dbo].[Question_QST] WHERE Id = 983)
BEGIN
    INSERT INTO [dbo].[Question_QST] ([Id], [Question], [Id_Difficulty])
    VALUES (983, N'Quel compositeur est connu pour ''La Flûte Enchantée'' ?', 1);
END
SET IDENTITY_INSERT [dbo].[Question_QST] OFF;

INSERT INTO [dbo].[Answer_ANS] ([Id_Question], [Value], [Valid]) VALUES
    (983, N'Mozart', 1),
    (983, N'Beethoven', 0),
    (983, N'Bach', 0),
    (983, N'Chopin', 0);

IF NOT EXISTS (SELECT 1 FROM [dbo].[QuestionTheme_QTH] WHERE Id_Question = 983 AND Id_Theme = @ThemeId)
BEGIN
    INSERT INTO [dbo].[QuestionTheme_QTH] ([Id_Question], [Id_Theme]) VALUES (983, @ThemeId);
END

-- Question 15
SET IDENTITY_INSERT [dbo].[Question_QST] ON;
IF NOT EXISTS (SELECT 1 FROM [dbo].[Question_QST] WHERE Id = 984)
BEGIN
    INSERT INTO [dbo].[Question_QST] ([Id], [Question], [Id_Difficulty])
    VALUES (984, N'Quel chanteur est surnommé ''The Boss'' ?', 1);
END
SET IDENTITY_INSERT [dbo].[Question_QST] OFF;

INSERT INTO [dbo].[Answer_ANS] ([Id_Question], [Value], [Valid]) VALUES
    (984, N'Bruce Springsteen', 1),
    (984, N'Elvis Presley', 0),
    (984, N'Bob Dylan', 0),
    (984, N'Prince', 0);

IF NOT EXISTS (SELECT 1 FROM [dbo].[QuestionTheme_QTH] WHERE Id_Question = 984 AND Id_Theme = @ThemeId)
BEGIN
    INSERT INTO [dbo].[QuestionTheme_QTH] ([Id_Question], [Id_Theme]) VALUES (984, @ThemeId);
END

-- Question 16
SET IDENTITY_INSERT [dbo].[Question_QST] ON;
IF NOT EXISTS (SELECT 1 FROM [dbo].[Question_QST] WHERE Id = 985)
BEGIN
    INSERT INTO [dbo].[Question_QST] ([Id], [Question], [Id_Difficulty])
    VALUES (985, N'Quel groupe a chanté ''Stairway to Heaven'' ?', 1);
END
SET IDENTITY_INSERT [dbo].[Question_QST] OFF;

INSERT INTO [dbo].[Answer_ANS] ([Id_Question], [Value], [Valid]) VALUES
    (985, N'Led Zeppelin', 1),
    (985, N'The Beatles', 0),
    (985, N'Queen', 0),
    (985, N'Pink Floyd', 0);

IF NOT EXISTS (SELECT 1 FROM [dbo].[QuestionTheme_QTH] WHERE Id_Question = 985 AND Id_Theme = @ThemeId)
BEGIN
    INSERT INTO [dbo].[QuestionTheme_QTH] ([Id_Question], [Id_Theme]) VALUES (985, @ThemeId);
END

-- Question 17
SET IDENTITY_INSERT [dbo].[Question_QST] ON;
IF NOT EXISTS (SELECT 1 FROM [dbo].[Question_QST] WHERE Id = 986)
BEGIN
    INSERT INTO [dbo].[Question_QST] ([Id], [Question], [Id_Difficulty])
    VALUES (986, N'Quel instrument est une percussion mélodique ?', 1);
END
SET IDENTITY_INSERT [dbo].[Question_QST] OFF;

INSERT INTO [dbo].[Answer_ANS] ([Id_Question], [Value], [Valid]) VALUES
    (986, N'Xylophone', 1),
    (986, N'Tambour', 0),
    (986, N'Caisse claire', 0),
    (986, N'Cymbale', 0);

IF NOT EXISTS (SELECT 1 FROM [dbo].[QuestionTheme_QTH] WHERE Id_Question = 986 AND Id_Theme = @ThemeId)
BEGIN
    INSERT INTO [dbo].[QuestionTheme_QTH] ([Id_Question], [Id_Theme]) VALUES (986, @ThemeId);
END

-- Question 18
SET IDENTITY_INSERT [dbo].[Question_QST] ON;
IF NOT EXISTS (SELECT 1 FROM [dbo].[Question_QST] WHERE Id = 987)
BEGIN
    INSERT INTO [dbo].[Question_QST] ([Id], [Question], [Id_Difficulty])
    VALUES (987, N'Quel chanteur est célèbre pour ''Rocket Man'' ?', 1);
END
SET IDENTITY_INSERT [dbo].[Question_QST] OFF;

INSERT INTO [dbo].[Answer_ANS] ([Id_Question], [Value], [Valid]) VALUES
    (987, N'Elton John', 1),
    (987, N'David Bowie', 0),
    (987, N'Freddie Mercury', 0),
    (987, N'Michael Jackson', 0);

IF NOT EXISTS (SELECT 1 FROM [dbo].[QuestionTheme_QTH] WHERE Id_Question = 987 AND Id_Theme = @ThemeId)
BEGIN
    INSERT INTO [dbo].[QuestionTheme_QTH] ([Id_Question], [Id_Theme]) VALUES (987, @ThemeId);
END

-- Question 19
SET IDENTITY_INSERT [dbo].[Question_QST] ON;
IF NOT EXISTS (SELECT 1 FROM [dbo].[Question_QST] WHERE Id = 988)
BEGIN
    INSERT INTO [dbo].[Question_QST] ([Id], [Question], [Id_Difficulty])
    VALUES (988, N'Quel genre musical est caractérisé par l’improvisation ?', 1);
END
SET IDENTITY_INSERT [dbo].[Question_QST] OFF;

INSERT INTO [dbo].[Answer_ANS] ([Id_Question], [Value], [Valid]) VALUES
    (988, N'Jazz', 1),
    (988, N'Classique', 0),
    (988, N'Rock', 0),
    (988, N'Pop', 0);

IF NOT EXISTS (SELECT 1 FROM [dbo].[QuestionTheme_QTH] WHERE Id_Question = 988 AND Id_Theme = @ThemeId)
BEGIN
    INSERT INTO [dbo].[QuestionTheme_QTH] ([Id_Question], [Id_Theme]) VALUES (988, @ThemeId);
END

-- Question 20
SET IDENTITY_INSERT [dbo].[Question_QST] ON;
IF NOT EXISTS (SELECT 1 FROM [dbo].[Question_QST] WHERE Id = 989)
BEGIN
    INSERT INTO [dbo].[Question_QST] ([Id], [Question], [Id_Difficulty])
    VALUES (989, N'Quel groupe a chanté ''Comfortably Numb'' ?', 1);
END
SET IDENTITY_INSERT [dbo].[Question_QST] OFF;

INSERT INTO [dbo].[Answer_ANS] ([Id_Question], [Value], [Valid]) VALUES
    (989, N'Pink Floyd', 1),
    (989, N'The Beatles', 0),
    (989, N'Queen', 0),
    (989, N'Led Zeppelin', 0);

IF NOT EXISTS (SELECT 1 FROM [dbo].[QuestionTheme_QTH] WHERE Id_Question = 989 AND Id_Theme = @ThemeId)
BEGIN
    INSERT INTO [dbo].[QuestionTheme_QTH] ([Id_Question], [Id_Theme]) VALUES (989, @ThemeId);
END

-- Question 21
SET IDENTITY_INSERT [dbo].[Question_QST] ON;
IF NOT EXISTS (SELECT 1 FROM [dbo].[Question_QST] WHERE Id = 990)
BEGIN
    INSERT INTO [dbo].[Question_QST] ([Id], [Question], [Id_Difficulty])
    VALUES (990, N'Quel compositeur a écrit la 9e symphonie ?', 1);
END
SET IDENTITY_INSERT [dbo].[Question_QST] OFF;

INSERT INTO [dbo].[Answer_ANS] ([Id_Question], [Value], [Valid]) VALUES
    (990, N'Beethoven', 1),
    (990, N'Mozart', 0),
    (990, N'Bach', 0),
    (990, N'Chopin', 0);

IF NOT EXISTS (SELECT 1 FROM [dbo].[QuestionTheme_QTH] WHERE Id_Question = 990 AND Id_Theme = @ThemeId)
BEGIN
    INSERT INTO [dbo].[QuestionTheme_QTH] ([Id_Question], [Id_Theme]) VALUES (990, @ThemeId);
END

-- Question 22
SET IDENTITY_INSERT [dbo].[Question_QST] ON;
IF NOT EXISTS (SELECT 1 FROM [dbo].[Question_QST] WHERE Id = 991)
BEGIN
    INSERT INTO [dbo].[Question_QST] ([Id], [Question], [Id_Difficulty])
    VALUES (991, N'Quel chanteur a popularisé ''Like a Virgin'' ?', 1);
END
SET IDENTITY_INSERT [dbo].[Question_QST] OFF;

INSERT INTO [dbo].[Answer_ANS] ([Id_Question], [Value], [Valid]) VALUES
    (991, N'Madonna', 1),
    (991, N'Lady Gaga', 0),
    (991, N'Britney Spears', 0),
    (991, N'Kylie Minogue', 0);

IF NOT EXISTS (SELECT 1 FROM [dbo].[QuestionTheme_QTH] WHERE Id_Question = 991 AND Id_Theme = @ThemeId)
BEGIN
    INSERT INTO [dbo].[QuestionTheme_QTH] ([Id_Question], [Id_Theme]) VALUES (991, @ThemeId);
END

-- Question 23
SET IDENTITY_INSERT [dbo].[Question_QST] ON;
IF NOT EXISTS (SELECT 1 FROM [dbo].[Question_QST] WHERE Id = 992)
BEGIN
    INSERT INTO [dbo].[Question_QST] ([Id], [Question], [Id_Difficulty])
    VALUES (992, N'Quel instrument est souvent utilisé pour le blues ?', 1);
END
SET IDENTITY_INSERT [dbo].[Question_QST] OFF;

INSERT INTO [dbo].[Answer_ANS] ([Id_Question], [Value], [Valid]) VALUES
    (992, N'Guitare', 1),
    (992, N'Piano', 0),
    (992, N'Violon', 0),
    (992, N'Saxophone', 0);

IF NOT EXISTS (SELECT 1 FROM [dbo].[QuestionTheme_QTH] WHERE Id_Question = 992 AND Id_Theme = @ThemeId)
BEGIN
    INSERT INTO [dbo].[QuestionTheme_QTH] ([Id_Question], [Id_Theme]) VALUES (992, @ThemeId);
END

-- Question 24
SET IDENTITY_INSERT [dbo].[Question_QST] ON;
IF NOT EXISTS (SELECT 1 FROM [dbo].[Question_QST] WHERE Id = 993)
BEGIN
    INSERT INTO [dbo].[Question_QST] ([Id], [Question], [Id_Difficulty])
    VALUES (993, N'Quel groupe est célèbre pour ''Paint It Black'' ?', 1);
END
SET IDENTITY_INSERT [dbo].[Question_QST] OFF;

INSERT INTO [dbo].[Answer_ANS] ([Id_Question], [Value], [Valid]) VALUES
    (993, N'The Rolling Stones', 1),
    (993, N'The Beatles', 0),
    (993, N'Queen', 0),
    (993, N'Led Zeppelin', 0);

IF NOT EXISTS (SELECT 1 FROM [dbo].[QuestionTheme_QTH] WHERE Id_Question = 993 AND Id_Theme = @ThemeId)
BEGIN
    INSERT INTO [dbo].[QuestionTheme_QTH] ([Id_Question], [Id_Theme]) VALUES (993, @ThemeId);
END

-- Question 25
SET IDENTITY_INSERT [dbo].[Question_QST] ON;
IF NOT EXISTS (SELECT 1 FROM [dbo].[Question_QST] WHERE Id = 994)
BEGIN
    INSERT INTO [dbo].[Question_QST] ([Id], [Question], [Id_Difficulty])
    VALUES (994, N'Qui a chanté ''Respect'' ?', 1);
END
SET IDENTITY_INSERT [dbo].[Question_QST] OFF;

INSERT INTO [dbo].[Answer_ANS] ([Id_Question], [Value], [Valid]) VALUES
    (994, N'Aretha Franklin', 1),
    (994, N'Whitney Houston', 0),
    (994, N'Diana Ross', 0),
    (994, N'Tina Turner', 0);

IF NOT EXISTS (SELECT 1 FROM [dbo].[QuestionTheme_QTH] WHERE Id_Question = 994 AND Id_Theme = @ThemeId)
BEGIN
    INSERT INTO [dbo].[QuestionTheme_QTH] ([Id_Question], [Id_Theme]) VALUES (994, @ThemeId);
END

-- Question 26
SET IDENTITY_INSERT [dbo].[Question_QST] ON;
IF NOT EXISTS (SELECT 1 FROM [dbo].[Question_QST] WHERE Id = 995)
BEGIN
    INSERT INTO [dbo].[Question_QST] ([Id], [Question], [Id_Difficulty])
    VALUES (995, N'Quel instrument est à anche simple et souvent utilisé en musique classique ?', 1);
END
SET IDENTITY_INSERT [dbo].[Question_QST] OFF;

INSERT INTO [dbo].[Answer_ANS] ([Id_Question], [Value], [Valid]) VALUES
    (995, N'Clarinette', 1),
    (995, N'Flûte', 0),
    (995, N'Saxophone', 0),
    (995, N'Oboe', 0);

IF NOT EXISTS (SELECT 1 FROM [dbo].[QuestionTheme_QTH] WHERE Id_Question = 995 AND Id_Theme = @ThemeId)
BEGIN
    INSERT INTO [dbo].[QuestionTheme_QTH] ([Id_Question], [Id_Theme]) VALUES (995, @ThemeId);
END

-- Question 27
SET IDENTITY_INSERT [dbo].[Question_QST] ON;
IF NOT EXISTS (SELECT 1 FROM [dbo].[Question_QST] WHERE Id = 996)
BEGIN
    INSERT INTO [dbo].[Question_QST] ([Id], [Question], [Id_Difficulty])
    VALUES (996, N'Quel chanteur est surnommé ''The King'' ?', 1);
END
SET IDENTITY_INSERT [dbo].[Question_QST] OFF;

INSERT INTO [dbo].[Answer_ANS] ([Id_Question], [Value], [Valid]) VALUES
    (996, N'Elvis Presley', 1),
    (996, N'Michael Jackson', 0),
    (996, N'Prince', 0),
    (996, N'Freddie Mercury', 0);

IF NOT EXISTS (SELECT 1 FROM [dbo].[QuestionTheme_QTH] WHERE Id_Question = 996 AND Id_Theme = @ThemeId)
BEGIN
    INSERT INTO [dbo].[QuestionTheme_QTH] ([Id_Question], [Id_Theme]) VALUES (996, @ThemeId);
END

-- Question 28
SET IDENTITY_INSERT [dbo].[Question_QST] ON;
IF NOT EXISTS (SELECT 1 FROM [dbo].[Question_QST] WHERE Id = 997)
BEGIN
    INSERT INTO [dbo].[Question_QST] ([Id], [Question], [Id_Difficulty])
    VALUES (997, N'Quel groupe a chanté ''Another Brick in the Wall'' ?', 1);
END
SET IDENTITY_INSERT [dbo].[Question_QST] OFF;

INSERT INTO [dbo].[Answer_ANS] ([Id_Question], [Value], [Valid]) VALUES
    (997, N'Pink Floyd', 1),
    (997, N'The Beatles', 0),
    (997, N'Queen', 0),
    (997, N'Led Zeppelin', 0);

IF NOT EXISTS (SELECT 1 FROM [dbo].[QuestionTheme_QTH] WHERE Id_Question = 997 AND Id_Theme = @ThemeId)
BEGIN
    INSERT INTO [dbo].[QuestionTheme_QTH] ([Id_Question], [Id_Theme]) VALUES (997, @ThemeId);
END

-- Question 29
SET IDENTITY_INSERT [dbo].[Question_QST] ON;
IF NOT EXISTS (SELECT 1 FROM [dbo].[Question_QST] WHERE Id = 998)
BEGIN
    INSERT INTO [dbo].[Question_QST] ([Id], [Question], [Id_Difficulty])
    VALUES (998, N'Quel compositeur a écrit ''Les Quatre Saisons'' ?', 1);
END
SET IDENTITY_INSERT [dbo].[Question_QST] OFF;

INSERT INTO [dbo].[Answer_ANS] ([Id_Question], [Value], [Valid]) VALUES
    (998, N'Vivaldi', 1),
    (998, N'Mozart', 0),
    (998, N'Beethoven', 0),
    (998, N'Bach', 0);

IF NOT EXISTS (SELECT 1 FROM [dbo].[QuestionTheme_QTH] WHERE Id_Question = 998 AND Id_Theme = @ThemeId)
BEGIN
    INSERT INTO [dbo].[QuestionTheme_QTH] ([Id_Question], [Id_Theme]) VALUES (998, @ThemeId);
END

-- Question 30
SET IDENTITY_INSERT [dbo].[Question_QST] ON;
IF NOT EXISTS (SELECT 1 FROM [dbo].[Question_QST] WHERE Id = 999)
BEGIN
    INSERT INTO [dbo].[Question_QST] ([Id], [Question], [Id_Difficulty])
    VALUES (999, N'Quel chanteur est célèbre pour ''Billie Jean'' ?', 1);
END
SET IDENTITY_INSERT [dbo].[Question_QST] OFF;

INSERT INTO [dbo].[Answer_ANS] ([Id_Question], [Value], [Valid]) VALUES
    (999, N'Michael Jackson', 1),
    (999, N'Prince', 0),
    (999, N'David Bowie', 0),
    (999, N'Elton John', 0);

IF NOT EXISTS (SELECT 1 FROM [dbo].[QuestionTheme_QTH] WHERE Id_Question = 999 AND Id_Theme = @ThemeId)
BEGIN
    INSERT INTO [dbo].[QuestionTheme_QTH] ([Id_Question], [Id_Theme]) VALUES (999, @ThemeId);
END

-- Question 31
SET IDENTITY_INSERT [dbo].[Question_QST] ON;
IF NOT EXISTS (SELECT 1 FROM [dbo].[Question_QST] WHERE Id = 1000)
BEGIN
    INSERT INTO [dbo].[Question_QST] ([Id], [Question], [Id_Difficulty])
    VALUES (1000, N'Quel instrument à cordes se joue à plat sur les genoux ?', 1);
END
SET IDENTITY_INSERT [dbo].[Question_QST] OFF;

INSERT INTO [dbo].[Answer_ANS] ([Id_Question], [Value], [Valid]) VALUES
    (1000, N'Cithare', 1),
    (1000, N'Guitare', 0),
    (1000, N'Violon', 0),
    (1000, N'Piano', 0);

IF NOT EXISTS (SELECT 1 FROM [dbo].[QuestionTheme_QTH] WHERE Id_Question = 1000 AND Id_Theme = @ThemeId)
BEGIN
    INSERT INTO [dbo].[QuestionTheme_QTH] ([Id_Question], [Id_Theme]) VALUES (1000, @ThemeId);
END

-- Question 32
SET IDENTITY_INSERT [dbo].[Question_QST] ON;
IF NOT EXISTS (SELECT 1 FROM [dbo].[Question_QST] WHERE Id = 1001)
BEGIN
    INSERT INTO [dbo].[Question_QST] ([Id], [Question], [Id_Difficulty])
    VALUES (1001, N'Quel groupe a chanté ''Hotel California'' ?', 1);
END
SET IDENTITY_INSERT [dbo].[Question_QST] OFF;

INSERT INTO [dbo].[Answer_ANS] ([Id_Question], [Value], [Valid]) VALUES
    (1001, N'Eagles', 1),
    (1001, N'The Beatles', 0),
    (1001, N'Queen', 0),
    (1001, N'Pink Floyd', 0);

IF NOT EXISTS (SELECT 1 FROM [dbo].[QuestionTheme_QTH] WHERE Id_Question = 1001 AND Id_Theme = @ThemeId)
BEGIN
    INSERT INTO [dbo].[QuestionTheme_QTH] ([Id_Question], [Id_Theme]) VALUES (1001, @ThemeId);
END

-- Question 33
SET IDENTITY_INSERT [dbo].[Question_QST] ON;
IF NOT EXISTS (SELECT 1 FROM [dbo].[Question_QST] WHERE Id = 1002)
BEGIN
    INSERT INTO [dbo].[Question_QST] ([Id], [Question], [Id_Difficulty])
    VALUES (1002, N'Quel chanteur a popularisé ''I Will Always Love You'' ?', 1);
END
SET IDENTITY_INSERT [dbo].[Question_QST] OFF;

INSERT INTO [dbo].[Answer_ANS] ([Id_Question], [Value], [Valid]) VALUES
    (1002, N'Whitney Houston', 1),
    (1002, N'Aretha Franklin', 0),
    (1002, N'Diana Ross', 0),
    (1002, N'Mariah Carey', 0);

IF NOT EXISTS (SELECT 1 FROM [dbo].[QuestionTheme_QTH] WHERE Id_Question = 1002 AND Id_Theme = @ThemeId)
BEGIN
    INSERT INTO [dbo].[QuestionTheme_QTH] ([Id_Question], [Id_Theme]) VALUES (1002, @ThemeId);
END

-- Question 34
SET IDENTITY_INSERT [dbo].[Question_QST] ON;
IF NOT EXISTS (SELECT 1 FROM [dbo].[Question_QST] WHERE Id = 1003)
BEGIN
    INSERT INTO [dbo].[Question_QST] ([Id], [Question], [Id_Difficulty])
    VALUES (1003, N'Quel instrument à vent est utilisé dans les fanfares ?', 1);
END
SET IDENTITY_INSERT [dbo].[Question_QST] OFF;

INSERT INTO [dbo].[Answer_ANS] ([Id_Question], [Value], [Valid]) VALUES
    (1003, N'Trompette', 1),
    (1003, N'Violon', 0),
    (1003, N'Guitare', 0),
    (1003, N'Piano', 0);

IF NOT EXISTS (SELECT 1 FROM [dbo].[QuestionTheme_QTH] WHERE Id_Question = 1003 AND Id_Theme = @ThemeId)
BEGIN
    INSERT INTO [dbo].[QuestionTheme_QTH] ([Id_Question], [Id_Theme]) VALUES (1003, @ThemeId);
END

-- Question 35
SET IDENTITY_INSERT [dbo].[Question_QST] ON;
IF NOT EXISTS (SELECT 1 FROM [dbo].[Question_QST] WHERE Id = 1004)
BEGIN
    INSERT INTO [dbo].[Question_QST] ([Id], [Question], [Id_Difficulty])
    VALUES (1004, N'Quel compositeur est célèbre pour ''Symphonie du Nouveau Monde'' ?', 1);
END
SET IDENTITY_INSERT [dbo].[Question_QST] OFF;

INSERT INTO [dbo].[Answer_ANS] ([Id_Question], [Value], [Valid]) VALUES
    (1004, N'Dvořák', 1),
    (1004, N'Beethoven', 0),
    (1004, N'Mozart', 0),
    (1004, N'Brahms', 0);

IF NOT EXISTS (SELECT 1 FROM [dbo].[QuestionTheme_QTH] WHERE Id_Question = 1004 AND Id_Theme = @ThemeId)
BEGIN
    INSERT INTO [dbo].[QuestionTheme_QTH] ([Id_Question], [Id_Theme]) VALUES (1004, @ThemeId);
END

-- Question 36
SET IDENTITY_INSERT [dbo].[Question_QST] ON;
IF NOT EXISTS (SELECT 1 FROM [dbo].[Question_QST] WHERE Id = 1005)
BEGIN
    INSERT INTO [dbo].[Question_QST] ([Id], [Question], [Id_Difficulty])
    VALUES (1005, N'Quel chanteur est surnommé ''Prince of Darkness'' ?', 1);
END
SET IDENTITY_INSERT [dbo].[Question_QST] OFF;

INSERT INTO [dbo].[Answer_ANS] ([Id_Question], [Value], [Valid]) VALUES
    (1005, N'Ozzy Osbourne', 1),
    (1005, N'Alice Cooper', 0),
    (1005, N'Freddie Mercury', 0),
    (1005, N'David Bowie', 0);

IF NOT EXISTS (SELECT 1 FROM [dbo].[QuestionTheme_QTH] WHERE Id_Question = 1005 AND Id_Theme = @ThemeId)
BEGIN
    INSERT INTO [dbo].[QuestionTheme_QTH] ([Id_Question], [Id_Theme]) VALUES (1005, @ThemeId);
END

-- Question 37
SET IDENTITY_INSERT [dbo].[Question_QST] ON;
IF NOT EXISTS (SELECT 1 FROM [dbo].[Question_QST] WHERE Id = 1006)
BEGIN
    INSERT INTO [dbo].[Question_QST] ([Id], [Question], [Id_Difficulty])
    VALUES (1006, N'Quel groupe a chanté ''Wish You Were Here'' ?', 1);
END
SET IDENTITY_INSERT [dbo].[Question_QST] OFF;

INSERT INTO [dbo].[Answer_ANS] ([Id_Question], [Value], [Valid]) VALUES
    (1006, N'Pink Floyd', 1),
    (1006, N'The Beatles', 0),
    (1006, N'Queen', 0),
    (1006, N'Led Zeppelin', 0);

IF NOT EXISTS (SELECT 1 FROM [dbo].[QuestionTheme_QTH] WHERE Id_Question = 1006 AND Id_Theme = @ThemeId)
BEGIN
    INSERT INTO [dbo].[QuestionTheme_QTH] ([Id_Question], [Id_Theme]) VALUES (1006, @ThemeId);
END

-- Question 38
SET IDENTITY_INSERT [dbo].[Question_QST] ON;
IF NOT EXISTS (SELECT 1 FROM [dbo].[Question_QST] WHERE Id = 1007)
BEGIN
    INSERT INTO [dbo].[Question_QST] ([Id], [Question], [Id_Difficulty])
    VALUES (1007, N'Quel instrument est utilisé dans le flamenco ?', 1);
END
SET IDENTITY_INSERT [dbo].[Question_QST] OFF;

INSERT INTO [dbo].[Answer_ANS] ([Id_Question], [Value], [Valid]) VALUES
    (1007, N'Guitare', 1),
    (1007, N'Piano', 0),
    (1007, N'Violon', 0),
    (1007, N'Saxophone', 0);

IF NOT EXISTS (SELECT 1 FROM [dbo].[QuestionTheme_QTH] WHERE Id_Question = 1007 AND Id_Theme = @ThemeId)
BEGIN
    INSERT INTO [dbo].[QuestionTheme_QTH] ([Id_Question], [Id_Theme]) VALUES (1007, @ThemeId);
END

-- Question 39
SET IDENTITY_INSERT [dbo].[Question_QST] ON;
IF NOT EXISTS (SELECT 1 FROM [dbo].[Question_QST] WHERE Id = 1008)
BEGIN
    INSERT INTO [dbo].[Question_QST] ([Id], [Question], [Id_Difficulty])
    VALUES (1008, N'Quel chanteur est célèbre pour ''Like a Prayer'' ?', 1);
END
SET IDENTITY_INSERT [dbo].[Question_QST] OFF;

INSERT INTO [dbo].[Answer_ANS] ([Id_Question], [Value], [Valid]) VALUES
    (1008, N'Madonna', 1),
    (1008, N'Lady Gaga', 0),
    (1008, N'Britney Spears', 0),
    (1008, N'Kylie Minogue', 0);

IF NOT EXISTS (SELECT 1 FROM [dbo].[QuestionTheme_QTH] WHERE Id_Question = 1008 AND Id_Theme = @ThemeId)
BEGIN
    INSERT INTO [dbo].[QuestionTheme_QTH] ([Id_Question], [Id_Theme]) VALUES (1008, @ThemeId);
END

-- Question 40
SET IDENTITY_INSERT [dbo].[Question_QST] ON;
IF NOT EXISTS (SELECT 1 FROM [dbo].[Question_QST] WHERE Id = 1009)
BEGIN
    INSERT INTO [dbo].[Question_QST] ([Id], [Question], [Id_Difficulty])
    VALUES (1009, N'Quel genre musical est originaire de La Nouvelle-Orléans ?', 1);
END
SET IDENTITY_INSERT [dbo].[Question_QST] OFF;

INSERT INTO [dbo].[Answer_ANS] ([Id_Question], [Value], [Valid]) VALUES
    (1009, N'Jazz', 1),
    (1009, N'Blues', 0),
    (1009, N'Rock', 0),
    (1009, N'Pop', 0);

IF NOT EXISTS (SELECT 1 FROM [dbo].[QuestionTheme_QTH] WHERE Id_Question = 1009 AND Id_Theme = @ThemeId)
BEGIN
    INSERT INTO [dbo].[QuestionTheme_QTH] ([Id_Question], [Id_Theme]) VALUES (1009, @ThemeId);
END

-- Question 41
SET IDENTITY_INSERT [dbo].[Question_QST] ON;
IF NOT EXISTS (SELECT 1 FROM [dbo].[Question_QST] WHERE Id = 1010)
BEGIN
    INSERT INTO [dbo].[Question_QST] ([Id], [Question], [Id_Difficulty])
    VALUES (1010, N'Quel groupe a chanté ''Smoke on the Water'' ?', 1);
END
SET IDENTITY_INSERT [dbo].[Question_QST] OFF;

INSERT INTO [dbo].[Answer_ANS] ([Id_Question], [Value], [Valid]) VALUES
    (1010, N'Deep Purple', 1),
    (1010, N'The Beatles', 0),
    (1010, N'Queen', 0),
    (1010, N'Led Zeppelin', 0);

IF NOT EXISTS (SELECT 1 FROM [dbo].[QuestionTheme_QTH] WHERE Id_Question = 1010 AND Id_Theme = @ThemeId)
BEGIN
    INSERT INTO [dbo].[QuestionTheme_QTH] ([Id_Question], [Id_Theme]) VALUES (1010, @ThemeId);
END

-- Question 42
SET IDENTITY_INSERT [dbo].[Question_QST] ON;
IF NOT EXISTS (SELECT 1 FROM [dbo].[Question_QST] WHERE Id = 1011)
BEGIN
    INSERT INTO [dbo].[Question_QST] ([Id], [Question], [Id_Difficulty])
    VALUES (1011, N'Quel compositeur est connu pour ''Le Sacre du Printemps'' ?', 1);
END
SET IDENTITY_INSERT [dbo].[Question_QST] OFF;

INSERT INTO [dbo].[Answer_ANS] ([Id_Question], [Value], [Valid]) VALUES
    (1011, N'Stravinsky', 1),
    (1011, N'Mozart', 0),
    (1011, N'Beethoven', 0),
    (1011, N'Chopin', 0);

IF NOT EXISTS (SELECT 1 FROM [dbo].[QuestionTheme_QTH] WHERE Id_Question = 1011 AND Id_Theme = @ThemeId)
BEGIN
    INSERT INTO [dbo].[QuestionTheme_QTH] ([Id_Question], [Id_Theme]) VALUES (1011, @ThemeId);
END

-- Question 43
SET IDENTITY_INSERT [dbo].[Question_QST] ON;
IF NOT EXISTS (SELECT 1 FROM [dbo].[Question_QST] WHERE Id = 1012)
BEGIN
    INSERT INTO [dbo].[Question_QST] ([Id], [Question], [Id_Difficulty])
    VALUES (1012, N'Quel chanteur a popularisé ''Beat It'' ?', 1);
END
SET IDENTITY_INSERT [dbo].[Question_QST] OFF;

INSERT INTO [dbo].[Answer_ANS] ([Id_Question], [Value], [Valid]) VALUES
    (1012, N'Michael Jackson', 1),
    (1012, N'Prince', 0),
    (1012, N'David Bowie', 0),
    (1012, N'Elton John', 0);

IF NOT EXISTS (SELECT 1 FROM [dbo].[QuestionTheme_QTH] WHERE Id_Question = 1012 AND Id_Theme = @ThemeId)
BEGIN
    INSERT INTO [dbo].[QuestionTheme_QTH] ([Id_Question], [Id_Theme]) VALUES (1012, @ThemeId);
END

-- Question 44
SET IDENTITY_INSERT [dbo].[Question_QST] ON;
IF NOT EXISTS (SELECT 1 FROM [dbo].[Question_QST] WHERE Id = 1013)
BEGIN
    INSERT INTO [dbo].[Question_QST] ([Id], [Question], [Id_Difficulty])
    VALUES (1013, N'Quel instrument à cordes se joue avec un archet et se tient sur l’épaule ?', 1);
END
SET IDENTITY_INSERT [dbo].[Question_QST] OFF;

INSERT INTO [dbo].[Answer_ANS] ([Id_Question], [Value], [Valid]) VALUES
    (1013, N'Violon', 1),
    (1013, N'Guitare', 0),
    (1013, N'Piano', 0),
    (1013, N'Cithare', 0);

IF NOT EXISTS (SELECT 1 FROM [dbo].[QuestionTheme_QTH] WHERE Id_Question = 1013 AND Id_Theme = @ThemeId)
BEGIN
    INSERT INTO [dbo].[QuestionTheme_QTH] ([Id_Question], [Id_Theme]) VALUES (1013, @ThemeId);
END

-- Question 45
SET IDENTITY_INSERT [dbo].[Question_QST] ON;
IF NOT EXISTS (SELECT 1 FROM [dbo].[Question_QST] WHERE Id = 1014)
BEGIN
    INSERT INTO [dbo].[Question_QST] ([Id], [Question], [Id_Difficulty])
    VALUES (1014, N'Quel groupe a chanté ''Sweet Child O'' Mine'' ?', 1);
END
SET IDENTITY_INSERT [dbo].[Question_QST] OFF;

INSERT INTO [dbo].[Answer_ANS] ([Id_Question], [Value], [Valid]) VALUES
    (1014, N'Guns N’ Roses', 1),
    (1014, N'The Beatles', 0),
    (1014, N'Queen', 0),
    (1014, N'Led Zeppelin', 0);

IF NOT EXISTS (SELECT 1 FROM [dbo].[QuestionTheme_QTH] WHERE Id_Question = 1014 AND Id_Theme = @ThemeId)
BEGIN
    INSERT INTO [dbo].[QuestionTheme_QTH] ([Id_Question], [Id_Theme]) VALUES (1014, @ThemeId);
END

-- Question 46
SET IDENTITY_INSERT [dbo].[Question_QST] ON;
IF NOT EXISTS (SELECT 1 FROM [dbo].[Question_QST] WHERE Id = 1015)
BEGIN
    INSERT INTO [dbo].[Question_QST] ([Id], [Question], [Id_Difficulty])
    VALUES (1015, N'Quel chanteur est surnommé ''Material Girl'' ?', 1);
END
SET IDENTITY_INSERT [dbo].[Question_QST] OFF;

INSERT INTO [dbo].[Answer_ANS] ([Id_Question], [Value], [Valid]) VALUES
    (1015, N'Madonna', 1),
    (1015, N'Lady Gaga', 0),
    (1015, N'Britney Spears', 0),
    (1015, N'Kylie Minogue', 0);

IF NOT EXISTS (SELECT 1 FROM [dbo].[QuestionTheme_QTH] WHERE Id_Question = 1015 AND Id_Theme = @ThemeId)
BEGIN
    INSERT INTO [dbo].[QuestionTheme_QTH] ([Id_Question], [Id_Theme]) VALUES (1015, @ThemeId);
END

-- Question 47
SET IDENTITY_INSERT [dbo].[Question_QST] ON;
IF NOT EXISTS (SELECT 1 FROM [dbo].[Question_QST] WHERE Id = 1016)
BEGIN
    INSERT INTO [dbo].[Question_QST] ([Id], [Question], [Id_Difficulty])
    VALUES (1016, N'Quel instrument est utilisé dans le reggae ?', 1);
END
SET IDENTITY_INSERT [dbo].[Question_QST] OFF;

INSERT INTO [dbo].[Answer_ANS] ([Id_Question], [Value], [Valid]) VALUES
    (1016, N'Guitare', 1),
    (1016, N'Piano', 0),
    (1016, N'Violon', 0),
    (1016, N'Saxophone', 0);

IF NOT EXISTS (SELECT 1 FROM [dbo].[QuestionTheme_QTH] WHERE Id_Question = 1016 AND Id_Theme = @ThemeId)
BEGIN
    INSERT INTO [dbo].[QuestionTheme_QTH] ([Id_Question], [Id_Theme]) VALUES (1016, @ThemeId);
END

-- Question 48
SET IDENTITY_INSERT [dbo].[Question_QST] ON;
IF NOT EXISTS (SELECT 1 FROM [dbo].[Question_QST] WHERE Id = 1017)
BEGIN
    INSERT INTO [dbo].[Question_QST] ([Id], [Question], [Id_Difficulty])
    VALUES (1017, N'Quel compositeur est connu pour ''Clair de Lune'' ?', 1);
END
SET IDENTITY_INSERT [dbo].[Question_QST] OFF;

INSERT INTO [dbo].[Answer_ANS] ([Id_Question], [Value], [Valid]) VALUES
    (1017, N'Debussy', 1),
    (1017, N'Mozart', 0),
    (1017, N'Beethoven', 0),
    (1017, N'Chopin', 0);

IF NOT EXISTS (SELECT 1 FROM [dbo].[QuestionTheme_QTH] WHERE Id_Question = 1017 AND Id_Theme = @ThemeId)
BEGIN
    INSERT INTO [dbo].[QuestionTheme_QTH] ([Id_Question], [Id_Theme]) VALUES (1017, @ThemeId);
END

-- Question 49
SET IDENTITY_INSERT [dbo].[Question_QST] ON;
IF NOT EXISTS (SELECT 1 FROM [dbo].[Question_QST] WHERE Id = 1018)
BEGIN
    INSERT INTO [dbo].[Question_QST] ([Id], [Question], [Id_Difficulty])
    VALUES (1018, N'Quel groupe a chanté ''Comfortably Numb'' ?', 1);
END
SET IDENTITY_INSERT [dbo].[Question_QST] OFF;

INSERT INTO [dbo].[Answer_ANS] ([Id_Question], [Value], [Valid]) VALUES
    (1018, N'Pink Floyd', 1),
    (1018, N'Queen', 0),
    (1018, N'The Beatles', 0),
    (1018, N'Led Zeppelin', 0);

IF NOT EXISTS (SELECT 1 FROM [dbo].[QuestionTheme_QTH] WHERE Id_Question = 1018 AND Id_Theme = @ThemeId)
BEGIN
    INSERT INTO [dbo].[QuestionTheme_QTH] ([Id_Question], [Id_Theme]) VALUES (1018, @ThemeId);
END

-- Question 50
SET IDENTITY_INSERT [dbo].[Question_QST] ON;
IF NOT EXISTS (SELECT 1 FROM [dbo].[Question_QST] WHERE Id = 1019)
BEGIN
    INSERT INTO [dbo].[Question_QST] ([Id], [Question], [Id_Difficulty])
    VALUES (1019, N'Quel chanteur est célèbre pour ''Vogue'' ?', 1);
END
SET IDENTITY_INSERT [dbo].[Question_QST] OFF;

INSERT INTO [dbo].[Answer_ANS] ([Id_Question], [Value], [Valid]) VALUES
    (1019, N'Madonna', 1),
    (1019, N'Lady Gaga', 0),
    (1019, N'Britney Spears', 0),
    (1019, N'Kylie Minogue', 0);

IF NOT EXISTS (SELECT 1 FROM [dbo].[QuestionTheme_QTH] WHERE Id_Question = 1019 AND Id_Theme = @ThemeId)
BEGIN
    INSERT INTO [dbo].[QuestionTheme_QTH] ([Id_Question], [Id_Theme]) VALUES (1019, @ThemeId);
END

-- Question 51
SET IDENTITY_INSERT [dbo].[Question_QST] ON;
IF NOT EXISTS (SELECT 1 FROM [dbo].[Question_QST] WHERE Id = 1020)
BEGIN
    INSERT INTO [dbo].[Question_QST] ([Id], [Question], [Id_Difficulty])
    VALUES (1020, N'Quel album des Beatles est surnommé ''White Album'' ?', 2);
END
SET IDENTITY_INSERT [dbo].[Question_QST] OFF;

INSERT INTO [dbo].[Answer_ANS] ([Id_Question], [Value], [Valid]) VALUES
    (1020, N'The Beatles', 1),
    (1020, N'Abbey Road', 0),
    (1020, N'Sgt. Pepper''s Lonely Hearts Club Band', 0),
    (1020, N'Revolver', 0);

IF NOT EXISTS (SELECT 1 FROM [dbo].[QuestionTheme_QTH] WHERE Id_Question = 1020 AND Id_Theme = @ThemeId)
BEGIN
    INSERT INTO [dbo].[QuestionTheme_QTH] ([Id_Question], [Id_Theme]) VALUES (1020, @ThemeId);
END

-- Question 52
SET IDENTITY_INSERT [dbo].[Question_QST] ON;
IF NOT EXISTS (SELECT 1 FROM [dbo].[Question_QST] WHERE Id = 1021)
BEGIN
    INSERT INTO [dbo].[Question_QST] ([Id], [Question], [Id_Difficulty])
    VALUES (1021, N'Quel groupe est à l’origine de la chanson ''Smells Like Teen Spirit'' ?', 2);
END
SET IDENTITY_INSERT [dbo].[Question_QST] OFF;

INSERT INTO [dbo].[Answer_ANS] ([Id_Question], [Value], [Valid]) VALUES
    (1021, N'Nirvana', 1),
    (1021, N'Pearl Jam', 0),
    (1021, N'Soundgarden', 0),
    (1021, N'Alice in Chains', 0);

IF NOT EXISTS (SELECT 1 FROM [dbo].[QuestionTheme_QTH] WHERE Id_Question = 1021 AND Id_Theme = @ThemeId)
BEGIN
    INSERT INTO [dbo].[QuestionTheme_QTH] ([Id_Question], [Id_Theme]) VALUES (1021, @ThemeId);
END

-- Question 53
SET IDENTITY_INSERT [dbo].[Question_QST] ON;
IF NOT EXISTS (SELECT 1 FROM [dbo].[Question_QST] WHERE Id = 1022)
BEGIN
    INSERT INTO [dbo].[Question_QST] ([Id], [Question], [Id_Difficulty])
    VALUES (1022, N'Quel compositeur a écrit la 5e symphonie ?', 2);
END
SET IDENTITY_INSERT [dbo].[Question_QST] OFF;

INSERT INTO [dbo].[Answer_ANS] ([Id_Question], [Value], [Valid]) VALUES
    (1022, N'Beethoven', 1),
    (1022, N'Mozart', 0),
    (1022, N'Bach', 0),
    (1022, N'Chopin', 0);

IF NOT EXISTS (SELECT 1 FROM [dbo].[QuestionTheme_QTH] WHERE Id_Question = 1022 AND Id_Theme = @ThemeId)
BEGIN
    INSERT INTO [dbo].[QuestionTheme_QTH] ([Id_Question], [Id_Theme]) VALUES (1022, @ThemeId);
END

-- Question 54
SET IDENTITY_INSERT [dbo].[Question_QST] ON;
IF NOT EXISTS (SELECT 1 FROM [dbo].[Question_QST] WHERE Id = 1023)
BEGIN
    INSERT INTO [dbo].[Question_QST] ([Id], [Question], [Id_Difficulty])
    VALUES (1023, N'Quel chanteur est connu pour l’album ''Thriller'' ?', 2);
END
SET IDENTITY_INSERT [dbo].[Question_QST] OFF;

INSERT INTO [dbo].[Answer_ANS] ([Id_Question], [Value], [Valid]) VALUES
    (1023, N'Michael Jackson', 1),
    (1023, N'Prince', 0),
    (1023, N'Elton John', 0),
    (1023, N'David Bowie', 0);

IF NOT EXISTS (SELECT 1 FROM [dbo].[QuestionTheme_QTH] WHERE Id_Question = 1023 AND Id_Theme = @ThemeId)
BEGIN
    INSERT INTO [dbo].[QuestionTheme_QTH] ([Id_Question], [Id_Theme]) VALUES (1023, @ThemeId);
END

-- Question 55
SET IDENTITY_INSERT [dbo].[Question_QST] ON;
IF NOT EXISTS (SELECT 1 FROM [dbo].[Question_QST] WHERE Id = 1024)
BEGIN
    INSERT INTO [dbo].[Question_QST] ([Id], [Question], [Id_Difficulty])
    VALUES (1024, N'Quel groupe a chanté ''Back in Black'' ?', 2);
END
SET IDENTITY_INSERT [dbo].[Question_QST] OFF;

INSERT INTO [dbo].[Answer_ANS] ([Id_Question], [Value], [Valid]) VALUES
    (1024, N'AC/DC', 1),
    (1024, N'Queen', 0),
    (1024, N'Led Zeppelin', 0),
    (1024, N'The Rolling Stones', 0);

IF NOT EXISTS (SELECT 1 FROM [dbo].[QuestionTheme_QTH] WHERE Id_Question = 1024 AND Id_Theme = @ThemeId)
BEGIN
    INSERT INTO [dbo].[QuestionTheme_QTH] ([Id_Question], [Id_Theme]) VALUES (1024, @ThemeId);
END

-- Question 56
SET IDENTITY_INSERT [dbo].[Question_QST] ON;
IF NOT EXISTS (SELECT 1 FROM [dbo].[Question_QST] WHERE Id = 1025)
BEGIN
    INSERT INTO [dbo].[Question_QST] ([Id], [Question], [Id_Difficulty])
    VALUES (1025, N'Quel instrument est fondamental dans le jazz ?', 2);
END
SET IDENTITY_INSERT [dbo].[Question_QST] OFF;

INSERT INTO [dbo].[Answer_ANS] ([Id_Question], [Value], [Valid]) VALUES
    (1025, N'Saxophone', 1),
    (1025, N'Guitare', 0),
    (1025, N'Piano', 0),
    (1025, N'Batterie', 0);

IF NOT EXISTS (SELECT 1 FROM [dbo].[QuestionTheme_QTH] WHERE Id_Question = 1025 AND Id_Theme = @ThemeId)
BEGIN
    INSERT INTO [dbo].[QuestionTheme_QTH] ([Id_Question], [Id_Theme]) VALUES (1025, @ThemeId);
END

-- Question 57
SET IDENTITY_INSERT [dbo].[Question_QST] ON;
IF NOT EXISTS (SELECT 1 FROM [dbo].[Question_QST] WHERE Id = 1026)
BEGIN
    INSERT INTO [dbo].[Question_QST] ([Id], [Question], [Id_Difficulty])
    VALUES (1026, N'Quel compositeur est célèbre pour ''La Symphonie Inachevée'' ?', 2);
END
SET IDENTITY_INSERT [dbo].[Question_QST] OFF;

INSERT INTO [dbo].[Answer_ANS] ([Id_Question], [Value], [Valid]) VALUES
    (1026, N'Schubert', 1),
    (1026, N'Mozart', 0),
    (1026, N'Beethoven', 0),
    (1026, N'Brahms', 0);

IF NOT EXISTS (SELECT 1 FROM [dbo].[QuestionTheme_QTH] WHERE Id_Question = 1026 AND Id_Theme = @ThemeId)
BEGIN
    INSERT INTO [dbo].[QuestionTheme_QTH] ([Id_Question], [Id_Theme]) VALUES (1026, @ThemeId);
END

-- Question 58
SET IDENTITY_INSERT [dbo].[Question_QST] ON;
IF NOT EXISTS (SELECT 1 FROM [dbo].[Question_QST] WHERE Id = 1027)
BEGIN
    INSERT INTO [dbo].[Question_QST] ([Id], [Question], [Id_Difficulty])
    VALUES (1027, N'Quel groupe a sorti l’album ''Dark Side of the Moon'' ?', 2);
END
SET IDENTITY_INSERT [dbo].[Question_QST] OFF;

INSERT INTO [dbo].[Answer_ANS] ([Id_Question], [Value], [Valid]) VALUES
    (1027, N'Pink Floyd', 1),
    (1027, N'Queen', 0),
    (1027, N'The Beatles', 0),
    (1027, N'Led Zeppelin', 0);

IF NOT EXISTS (SELECT 1 FROM [dbo].[QuestionTheme_QTH] WHERE Id_Question = 1027 AND Id_Theme = @ThemeId)
BEGIN
    INSERT INTO [dbo].[QuestionTheme_QTH] ([Id_Question], [Id_Theme]) VALUES (1027, @ThemeId);
END

-- Question 59
SET IDENTITY_INSERT [dbo].[Question_QST] ON;
IF NOT EXISTS (SELECT 1 FROM [dbo].[Question_QST] WHERE Id = 1028)
BEGIN
    INSERT INTO [dbo].[Question_QST] ([Id], [Question], [Id_Difficulty])
    VALUES (1028, N'Quel chanteur est surnommé ''The Boss'' ?', 2);
END
SET IDENTITY_INSERT [dbo].[Question_QST] OFF;

INSERT INTO [dbo].[Answer_ANS] ([Id_Question], [Value], [Valid]) VALUES
    (1028, N'Bruce Springsteen', 1),
    (1028, N'Elvis Presley', 0),
    (1028, N'Bob Dylan', 0),
    (1028, N'Prince', 0);

IF NOT EXISTS (SELECT 1 FROM [dbo].[QuestionTheme_QTH] WHERE Id_Question = 1028 AND Id_Theme = @ThemeId)
BEGIN
    INSERT INTO [dbo].[QuestionTheme_QTH] ([Id_Question], [Id_Theme]) VALUES (1028, @ThemeId);
END

-- Question 60
SET IDENTITY_INSERT [dbo].[Question_QST] ON;
IF NOT EXISTS (SELECT 1 FROM [dbo].[Question_QST] WHERE Id = 1029)
BEGIN
    INSERT INTO [dbo].[Question_QST] ([Id], [Question], [Id_Difficulty])
    VALUES (1029, N'Quel compositeur a écrit ''Le Boléro'' ?', 2);
END
SET IDENTITY_INSERT [dbo].[Question_QST] OFF;

INSERT INTO [dbo].[Answer_ANS] ([Id_Question], [Value], [Valid]) VALUES
    (1029, N'Ravel', 1),
    (1029, N'Debussy', 0),
    (1029, N'Stravinsky', 0),
    (1029, N'Bach', 0);

IF NOT EXISTS (SELECT 1 FROM [dbo].[QuestionTheme_QTH] WHERE Id_Question = 1029 AND Id_Theme = @ThemeId)
BEGIN
    INSERT INTO [dbo].[QuestionTheme_QTH] ([Id_Question], [Id_Theme]) VALUES (1029, @ThemeId);
END

-- Question 61
SET IDENTITY_INSERT [dbo].[Question_QST] ON;
IF NOT EXISTS (SELECT 1 FROM [dbo].[Question_QST] WHERE Id = 1030)
BEGIN
    INSERT INTO [dbo].[Question_QST] ([Id], [Question], [Id_Difficulty])
    VALUES (1030, N'Quel groupe est à l’origine de ''Stairway to Heaven'' ?', 2);
END
SET IDENTITY_INSERT [dbo].[Question_QST] OFF;

INSERT INTO [dbo].[Answer_ANS] ([Id_Question], [Value], [Valid]) VALUES
    (1030, N'Led Zeppelin', 1),
    (1030, N'The Beatles', 0),
    (1030, N'Queen', 0),
    (1030, N'Pink Floyd', 0);

IF NOT EXISTS (SELECT 1 FROM [dbo].[QuestionTheme_QTH] WHERE Id_Question = 1030 AND Id_Theme = @ThemeId)
BEGIN
    INSERT INTO [dbo].[QuestionTheme_QTH] ([Id_Question], [Id_Theme]) VALUES (1030, @ThemeId);
END

-- Question 62
SET IDENTITY_INSERT [dbo].[Question_QST] ON;
IF NOT EXISTS (SELECT 1 FROM [dbo].[Question_QST] WHERE Id = 1031)
BEGIN
    INSERT INTO [dbo].[Question_QST] ([Id], [Question], [Id_Difficulty])
    VALUES (1031, N'Quel chanteur a popularisé ''Born to Run'' ?', 2);
END
SET IDENTITY_INSERT [dbo].[Question_QST] OFF;

INSERT INTO [dbo].[Answer_ANS] ([Id_Question], [Value], [Valid]) VALUES
    (1031, N'Bruce Springsteen', 1),
    (1031, N'Bob Dylan', 0),
    (1031, N'Elton John', 0),
    (1031, N'David Bowie', 0);

IF NOT EXISTS (SELECT 1 FROM [dbo].[QuestionTheme_QTH] WHERE Id_Question = 1031 AND Id_Theme = @ThemeId)
BEGIN
    INSERT INTO [dbo].[QuestionTheme_QTH] ([Id_Question], [Id_Theme]) VALUES (1031, @ThemeId);
END

-- Question 63
SET IDENTITY_INSERT [dbo].[Question_QST] ON;
IF NOT EXISTS (SELECT 1 FROM [dbo].[Question_QST] WHERE Id = 1032)
BEGIN
    INSERT INTO [dbo].[Question_QST] ([Id], [Question], [Id_Difficulty])
    VALUES (1032, N'Quel album de Michael Jackson est le plus vendu ?', 2);
END
SET IDENTITY_INSERT [dbo].[Question_QST] OFF;

INSERT INTO [dbo].[Answer_ANS] ([Id_Question], [Value], [Valid]) VALUES
    (1032, N'Thriller', 1),
    (1032, N'Bad', 0),
    (1032, N'Dangerous', 0),
    (1032, N'Off the Wall', 0);

IF NOT EXISTS (SELECT 1 FROM [dbo].[QuestionTheme_QTH] WHERE Id_Question = 1032 AND Id_Theme = @ThemeId)
BEGIN
    INSERT INTO [dbo].[QuestionTheme_QTH] ([Id_Question], [Id_Theme]) VALUES (1032, @ThemeId);
END

-- Question 64
SET IDENTITY_INSERT [dbo].[Question_QST] ON;
IF NOT EXISTS (SELECT 1 FROM [dbo].[Question_QST] WHERE Id = 1033)
BEGIN
    INSERT INTO [dbo].[Question_QST] ([Id], [Question], [Id_Difficulty])
    VALUES (1033, N'Quel compositeur est célèbre pour ''Le Lac des Cygnes'' ?', 2);
END
SET IDENTITY_INSERT [dbo].[Question_QST] OFF;

INSERT INTO [dbo].[Answer_ANS] ([Id_Question], [Value], [Valid]) VALUES
    (1033, N'Tchaïkovski', 1),
    (1033, N'Beethoven', 0),
    (1033, N'Mozart', 0),
    (1033, N'Chopin', 0);

IF NOT EXISTS (SELECT 1 FROM [dbo].[QuestionTheme_QTH] WHERE Id_Question = 1033 AND Id_Theme = @ThemeId)
BEGIN
    INSERT INTO [dbo].[QuestionTheme_QTH] ([Id_Question], [Id_Theme]) VALUES (1033, @ThemeId);
END

-- Question 65
SET IDENTITY_INSERT [dbo].[Question_QST] ON;
IF NOT EXISTS (SELECT 1 FROM [dbo].[Question_QST] WHERE Id = 1034)
BEGIN
    INSERT INTO [dbo].[Question_QST] ([Id], [Question], [Id_Difficulty])
    VALUES (1034, N'Quel groupe a chanté ''Hotel California'' ?', 2);
END
SET IDENTITY_INSERT [dbo].[Question_QST] OFF;

INSERT INTO [dbo].[Answer_ANS] ([Id_Question], [Value], [Valid]) VALUES
    (1034, N'Eagles', 1),
    (1034, N'The Beatles', 0),
    (1034, N'Queen', 0),
    (1034, N'Pink Floyd', 0);

IF NOT EXISTS (SELECT 1 FROM [dbo].[QuestionTheme_QTH] WHERE Id_Question = 1034 AND Id_Theme = @ThemeId)
BEGIN
    INSERT INTO [dbo].[QuestionTheme_QTH] ([Id_Question], [Id_Theme]) VALUES (1034, @ThemeId);
END

-- Question 66
SET IDENTITY_INSERT [dbo].[Question_QST] ON;
IF NOT EXISTS (SELECT 1 FROM [dbo].[Question_QST] WHERE Id = 1035)
BEGIN
    INSERT INTO [dbo].[Question_QST] ([Id], [Question], [Id_Difficulty])
    VALUES (1035, N'Quel chanteur est surnommé ''The King'' ?', 2);
END
SET IDENTITY_INSERT [dbo].[Question_QST] OFF;

INSERT INTO [dbo].[Answer_ANS] ([Id_Question], [Value], [Valid]) VALUES
    (1035, N'Elvis Presley', 1),
    (1035, N'Michael Jackson', 0),
    (1035, N'Prince', 0),
    (1035, N'Freddie Mercury', 0);

IF NOT EXISTS (SELECT 1 FROM [dbo].[QuestionTheme_QTH] WHERE Id_Question = 1035 AND Id_Theme = @ThemeId)
BEGIN
    INSERT INTO [dbo].[QuestionTheme_QTH] ([Id_Question], [Id_Theme]) VALUES (1035, @ThemeId);
END

-- Question 67
SET IDENTITY_INSERT [dbo].[Question_QST] ON;
IF NOT EXISTS (SELECT 1 FROM [dbo].[Question_QST] WHERE Id = 1036)
BEGIN
    INSERT INTO [dbo].[Question_QST] ([Id], [Question], [Id_Difficulty])
    VALUES (1036, N'Quel album des Queen est célèbre pour ''Bohemian Rhapsody'' ?', 2);
END
SET IDENTITY_INSERT [dbo].[Question_QST] OFF;

INSERT INTO [dbo].[Answer_ANS] ([Id_Question], [Value], [Valid]) VALUES
    (1036, N'A Night at the Opera', 1),
    (1036, N'News of the World', 0),
    (1036, N'The Works', 0),
    (1036, N'Sheer Heart Attack', 0);

IF NOT EXISTS (SELECT 1 FROM [dbo].[QuestionTheme_QTH] WHERE Id_Question = 1036 AND Id_Theme = @ThemeId)
BEGIN
    INSERT INTO [dbo].[QuestionTheme_QTH] ([Id_Question], [Id_Theme]) VALUES (1036, @ThemeId);
END

-- Question 68
SET IDENTITY_INSERT [dbo].[Question_QST] ON;
IF NOT EXISTS (SELECT 1 FROM [dbo].[Question_QST] WHERE Id = 1037)
BEGIN
    INSERT INTO [dbo].[Question_QST] ([Id], [Question], [Id_Difficulty])
    VALUES (1037, N'Quel compositeur a écrit ''Le Messie'' ?', 2);
END
SET IDENTITY_INSERT [dbo].[Question_QST] OFF;

INSERT INTO [dbo].[Answer_ANS] ([Id_Question], [Value], [Valid]) VALUES
    (1037, N'Haendel', 1),
    (1037, N'Bach', 0),
    (1037, N'Mozart', 0),
    (1037, N'Beethoven', 0);

IF NOT EXISTS (SELECT 1 FROM [dbo].[QuestionTheme_QTH] WHERE Id_Question = 1037 AND Id_Theme = @ThemeId)
BEGIN
    INSERT INTO [dbo].[QuestionTheme_QTH] ([Id_Question], [Id_Theme]) VALUES (1037, @ThemeId);
END

-- Question 69
SET IDENTITY_INSERT [dbo].[Question_QST] ON;
IF NOT EXISTS (SELECT 1 FROM [dbo].[Question_QST] WHERE Id = 1038)
BEGIN
    INSERT INTO [dbo].[Question_QST] ([Id], [Question], [Id_Difficulty])
    VALUES (1038, N'Quel groupe a sorti ''The Wall'' ?', 2);
END
SET IDENTITY_INSERT [dbo].[Question_QST] OFF;

INSERT INTO [dbo].[Answer_ANS] ([Id_Question], [Value], [Valid]) VALUES
    (1038, N'Pink Floyd', 1),
    (1038, N'Queen', 0),
    (1038, N'The Beatles', 0),
    (1038, N'Led Zeppelin', 0);

IF NOT EXISTS (SELECT 1 FROM [dbo].[QuestionTheme_QTH] WHERE Id_Question = 1038 AND Id_Theme = @ThemeId)
BEGIN
    INSERT INTO [dbo].[QuestionTheme_QTH] ([Id_Question], [Id_Theme]) VALUES (1038, @ThemeId);
END

-- Question 70
SET IDENTITY_INSERT [dbo].[Question_QST] ON;
IF NOT EXISTS (SELECT 1 FROM [dbo].[Question_QST] WHERE Id = 1039)
BEGIN
    INSERT INTO [dbo].[Question_QST] ([Id], [Question], [Id_Difficulty])
    VALUES (1039, N'Quel chanteur a popularisé ''Rocket Man'' ?', 2);
END
SET IDENTITY_INSERT [dbo].[Question_QST] OFF;

INSERT INTO [dbo].[Answer_ANS] ([Id_Question], [Value], [Valid]) VALUES
    (1039, N'Elton John', 1),
    (1039, N'David Bowie', 0),
    (1039, N'Freddie Mercury', 0),
    (1039, N'Michael Jackson', 0);

IF NOT EXISTS (SELECT 1 FROM [dbo].[QuestionTheme_QTH] WHERE Id_Question = 1039 AND Id_Theme = @ThemeId)
BEGIN
    INSERT INTO [dbo].[QuestionTheme_QTH] ([Id_Question], [Id_Theme]) VALUES (1039, @ThemeId);
END

-- Question 71
SET IDENTITY_INSERT [dbo].[Question_QST] ON;
IF NOT EXISTS (SELECT 1 FROM [dbo].[Question_QST] WHERE Id = 1040)
BEGIN
    INSERT INTO [dbo].[Question_QST] ([Id], [Question], [Id_Difficulty])
    VALUES (1040, N'Quel compositeur romantique a écrit ''Nocturnes'' ?', 2);
END
SET IDENTITY_INSERT [dbo].[Question_QST] OFF;

INSERT INTO [dbo].[Answer_ANS] ([Id_Question], [Value], [Valid]) VALUES
    (1040, N'Chopin', 1),
    (1040, N'Liszt', 0),
    (1040, N'Schumann', 0),
    (1040, N'Brahms', 0);

IF NOT EXISTS (SELECT 1 FROM [dbo].[QuestionTheme_QTH] WHERE Id_Question = 1040 AND Id_Theme = @ThemeId)
BEGIN
    INSERT INTO [dbo].[QuestionTheme_QTH] ([Id_Question], [Id_Theme]) VALUES (1040, @ThemeId);
END

-- Question 72
SET IDENTITY_INSERT [dbo].[Question_QST] ON;
IF NOT EXISTS (SELECT 1 FROM [dbo].[Question_QST] WHERE Id = 1041)
BEGIN
    INSERT INTO [dbo].[Question_QST] ([Id], [Question], [Id_Difficulty])
    VALUES (1041, N'Quel groupe a sorti l’album ''A Night at the Opera'' ?', 2);
END
SET IDENTITY_INSERT [dbo].[Question_QST] OFF;

INSERT INTO [dbo].[Answer_ANS] ([Id_Question], [Value], [Valid]) VALUES
    (1041, N'Queen', 1),
    (1041, N'The Beatles', 0),
    (1041, N'Pink Floyd', 0),
    (1041, N'Led Zeppelin', 0);

IF NOT EXISTS (SELECT 1 FROM [dbo].[QuestionTheme_QTH] WHERE Id_Question = 1041 AND Id_Theme = @ThemeId)
BEGIN
    INSERT INTO [dbo].[QuestionTheme_QTH] ([Id_Question], [Id_Theme]) VALUES (1041, @ThemeId);
END

-- Question 73
SET IDENTITY_INSERT [dbo].[Question_QST] ON;
IF NOT EXISTS (SELECT 1 FROM [dbo].[Question_QST] WHERE Id = 1042)
BEGIN
    INSERT INTO [dbo].[Question_QST] ([Id], [Question], [Id_Difficulty])
    VALUES (1042, N'Quel chanteur a popularisé ''Like a Virgin'' ?', 2);
END
SET IDENTITY_INSERT [dbo].[Question_QST] OFF;

INSERT INTO [dbo].[Answer_ANS] ([Id_Question], [Value], [Valid]) VALUES
    (1042, N'Madonna', 1),
    (1042, N'Lady Gaga', 0),
    (1042, N'Britney Spears', 0),
    (1042, N'Kylie Minogue', 0);

IF NOT EXISTS (SELECT 1 FROM [dbo].[QuestionTheme_QTH] WHERE Id_Question = 1042 AND Id_Theme = @ThemeId)
BEGIN
    INSERT INTO [dbo].[QuestionTheme_QTH] ([Id_Question], [Id_Theme]) VALUES (1042, @ThemeId);
END

-- Question 74
SET IDENTITY_INSERT [dbo].[Question_QST] ON;
IF NOT EXISTS (SELECT 1 FROM [dbo].[Question_QST] WHERE Id = 1043)
BEGIN
    INSERT INTO [dbo].[Question_QST] ([Id], [Question], [Id_Difficulty])
    VALUES (1043, N'Quel compositeur est célèbre pour ''Casse-Noisette'' ?', 2);
END
SET IDENTITY_INSERT [dbo].[Question_QST] OFF;

INSERT INTO [dbo].[Answer_ANS] ([Id_Question], [Value], [Valid]) VALUES
    (1043, N'Tchaïkovski', 1),
    (1043, N'Mozart', 0),
    (1043, N'Beethoven', 0),
    (1043, N'Bach', 0);

IF NOT EXISTS (SELECT 1 FROM [dbo].[QuestionTheme_QTH] WHERE Id_Question = 1043 AND Id_Theme = @ThemeId)
BEGIN
    INSERT INTO [dbo].[QuestionTheme_QTH] ([Id_Question], [Id_Theme]) VALUES (1043, @ThemeId);
END

-- Question 75
SET IDENTITY_INSERT [dbo].[Question_QST] ON;
IF NOT EXISTS (SELECT 1 FROM [dbo].[Question_QST] WHERE Id = 1044)
BEGIN
    INSERT INTO [dbo].[Question_QST] ([Id], [Question], [Id_Difficulty])
    VALUES (1044, N'Quel groupe a chanté ''Wish You Were Here'' ?', 2);
END
SET IDENTITY_INSERT [dbo].[Question_QST] OFF;

INSERT INTO [dbo].[Answer_ANS] ([Id_Question], [Value], [Valid]) VALUES
    (1044, N'Pink Floyd', 1),
    (1044, N'Queen', 0),
    (1044, N'The Beatles', 0),
    (1044, N'Led Zeppelin', 0);

IF NOT EXISTS (SELECT 1 FROM [dbo].[QuestionTheme_QTH] WHERE Id_Question = 1044 AND Id_Theme = @ThemeId)
BEGIN
    INSERT INTO [dbo].[QuestionTheme_QTH] ([Id_Question], [Id_Theme]) VALUES (1044, @ThemeId);
END

-- Question 76
SET IDENTITY_INSERT [dbo].[Question_QST] ON;
IF NOT EXISTS (SELECT 1 FROM [dbo].[Question_QST] WHERE Id = 1045)
BEGIN
    INSERT INTO [dbo].[Question_QST] ([Id], [Question], [Id_Difficulty])
    VALUES (1045, N'Quel chanteur a popularisé ''Vogue'' ?', 2);
END
SET IDENTITY_INSERT [dbo].[Question_QST] OFF;

INSERT INTO [dbo].[Answer_ANS] ([Id_Question], [Value], [Valid]) VALUES
    (1045, N'Madonna', 1),
    (1045, N'Lady Gaga', 0),
    (1045, N'Britney Spears', 0),
    (1045, N'Kylie Minogue', 0);

IF NOT EXISTS (SELECT 1 FROM [dbo].[QuestionTheme_QTH] WHERE Id_Question = 1045 AND Id_Theme = @ThemeId)
BEGIN
    INSERT INTO [dbo].[QuestionTheme_QTH] ([Id_Question], [Id_Theme]) VALUES (1045, @ThemeId);
END

-- Question 77
SET IDENTITY_INSERT [dbo].[Question_QST] ON;
IF NOT EXISTS (SELECT 1 FROM [dbo].[Question_QST] WHERE Id = 1046)
BEGIN
    INSERT INTO [dbo].[Question_QST] ([Id], [Question], [Id_Difficulty])
    VALUES (1046, N'Quel compositeur a écrit ''Gymnopédies'' ?', 2);
END
SET IDENTITY_INSERT [dbo].[Question_QST] OFF;

INSERT INTO [dbo].[Answer_ANS] ([Id_Question], [Value], [Valid]) VALUES
    (1046, N'Erik Satie', 1),
    (1046, N'Debussy', 0),
    (1046, N'Ravel', 0),
    (1046, N'Chopin', 0);

IF NOT EXISTS (SELECT 1 FROM [dbo].[QuestionTheme_QTH] WHERE Id_Question = 1046 AND Id_Theme = @ThemeId)
BEGIN
    INSERT INTO [dbo].[QuestionTheme_QTH] ([Id_Question], [Id_Theme]) VALUES (1046, @ThemeId);
END

-- Question 78
SET IDENTITY_INSERT [dbo].[Question_QST] ON;
IF NOT EXISTS (SELECT 1 FROM [dbo].[Question_QST] WHERE Id = 1047)
BEGIN
    INSERT INTO [dbo].[Question_QST] ([Id], [Question], [Id_Difficulty])
    VALUES (1047, N'Quel groupe est à l’origine de ''Paint It Black'' ?', 2);
END
SET IDENTITY_INSERT [dbo].[Question_QST] OFF;

INSERT INTO [dbo].[Answer_ANS] ([Id_Question], [Value], [Valid]) VALUES
    (1047, N'The Rolling Stones', 1),
    (1047, N'The Beatles', 0),
    (1047, N'Queen', 0),
    (1047, N'Led Zeppelin', 0);

IF NOT EXISTS (SELECT 1 FROM [dbo].[QuestionTheme_QTH] WHERE Id_Question = 1047 AND Id_Theme = @ThemeId)
BEGIN
    INSERT INTO [dbo].[QuestionTheme_QTH] ([Id_Question], [Id_Theme]) VALUES (1047, @ThemeId);
END

-- Question 79
SET IDENTITY_INSERT [dbo].[Question_QST] ON;
IF NOT EXISTS (SELECT 1 FROM [dbo].[Question_QST] WHERE Id = 1048)
BEGIN
    INSERT INTO [dbo].[Question_QST] ([Id], [Question], [Id_Difficulty])
    VALUES (1048, N'Quel chanteur est surnommé ''Prince of Darkness'' ?', 2);
END
SET IDENTITY_INSERT [dbo].[Question_QST] OFF;

INSERT INTO [dbo].[Answer_ANS] ([Id_Question], [Value], [Valid]) VALUES
    (1048, N'Ozzy Osbourne', 1),
    (1048, N'Alice Cooper', 0),
    (1048, N'Freddie Mercury', 0),
    (1048, N'David Bowie', 0);

IF NOT EXISTS (SELECT 1 FROM [dbo].[QuestionTheme_QTH] WHERE Id_Question = 1048 AND Id_Theme = @ThemeId)
BEGIN
    INSERT INTO [dbo].[QuestionTheme_QTH] ([Id_Question], [Id_Theme]) VALUES (1048, @ThemeId);
END

-- Question 80
SET IDENTITY_INSERT [dbo].[Question_QST] ON;
IF NOT EXISTS (SELECT 1 FROM [dbo].[Question_QST] WHERE Id = 1049)
BEGIN
    INSERT INTO [dbo].[Question_QST] ([Id], [Question], [Id_Difficulty])
    VALUES (1049, N'Quel compositeur est célèbre pour ''La Mer'' ?', 2);
END
SET IDENTITY_INSERT [dbo].[Question_QST] OFF;

INSERT INTO [dbo].[Answer_ANS] ([Id_Question], [Value], [Valid]) VALUES
    (1049, N'Debussy', 1),
    (1049, N'Ravel', 0),
    (1049, N'Chopin', 0),
    (1049, N'Bach', 0);

IF NOT EXISTS (SELECT 1 FROM [dbo].[QuestionTheme_QTH] WHERE Id_Question = 1049 AND Id_Theme = @ThemeId)
BEGIN
    INSERT INTO [dbo].[QuestionTheme_QTH] ([Id_Question], [Id_Theme]) VALUES (1049, @ThemeId);
END

-- Question 81
SET IDENTITY_INSERT [dbo].[Question_QST] ON;
IF NOT EXISTS (SELECT 1 FROM [dbo].[Question_QST] WHERE Id = 1050)
BEGIN
    INSERT INTO [dbo].[Question_QST] ([Id], [Question], [Id_Difficulty])
    VALUES (1050, N'Quel groupe a chanté ''Smoke on the Water'' ?', 2);
END
SET IDENTITY_INSERT [dbo].[Question_QST] OFF;

INSERT INTO [dbo].[Answer_ANS] ([Id_Question], [Value], [Valid]) VALUES
    (1050, N'Deep Purple', 1),
    (1050, N'The Beatles', 0),
    (1050, N'Queen', 0),
    (1050, N'Led Zeppelin', 0);

IF NOT EXISTS (SELECT 1 FROM [dbo].[QuestionTheme_QTH] WHERE Id_Question = 1050 AND Id_Theme = @ThemeId)
BEGIN
    INSERT INTO [dbo].[QuestionTheme_QTH] ([Id_Question], [Id_Theme]) VALUES (1050, @ThemeId);
END

-- Question 82
SET IDENTITY_INSERT [dbo].[Question_QST] ON;
IF NOT EXISTS (SELECT 1 FROM [dbo].[Question_QST] WHERE Id = 1051)
BEGIN
    INSERT INTO [dbo].[Question_QST] ([Id], [Question], [Id_Difficulty])
    VALUES (1051, N'Quel chanteur est surnommé ''Material Girl'' ?', 2);
END
SET IDENTITY_INSERT [dbo].[Question_QST] OFF;

INSERT INTO [dbo].[Answer_ANS] ([Id_Question], [Value], [Valid]) VALUES
    (1051, N'Madonna', 1),
    (1051, N'Lady Gaga', 0),
    (1051, N'Britney Spears', 0),
    (1051, N'Kylie Minogue', 0);

IF NOT EXISTS (SELECT 1 FROM [dbo].[QuestionTheme_QTH] WHERE Id_Question = 1051 AND Id_Theme = @ThemeId)
BEGIN
    INSERT INTO [dbo].[QuestionTheme_QTH] ([Id_Question], [Id_Theme]) VALUES (1051, @ThemeId);
END

-- Question 83
SET IDENTITY_INSERT [dbo].[Question_QST] ON;
IF NOT EXISTS (SELECT 1 FROM [dbo].[Question_QST] WHERE Id = 1052)
BEGIN
    INSERT INTO [dbo].[Question_QST] ([Id], [Question], [Id_Difficulty])
    VALUES (1052, N'Quel compositeur a écrit ''Symphonie Fantastique'' ?', 2);
END
SET IDENTITY_INSERT [dbo].[Question_QST] OFF;

INSERT INTO [dbo].[Answer_ANS] ([Id_Question], [Value], [Valid]) VALUES
    (1052, N'Berlioz', 1),
    (1052, N'Beethoven', 0),
    (1052, N'Mozart', 0),
    (1052, N'Chopin', 0);

IF NOT EXISTS (SELECT 1 FROM [dbo].[QuestionTheme_QTH] WHERE Id_Question = 1052 AND Id_Theme = @ThemeId)
BEGIN
    INSERT INTO [dbo].[QuestionTheme_QTH] ([Id_Question], [Id_Theme]) VALUES (1052, @ThemeId);
END

-- Question 84
SET IDENTITY_INSERT [dbo].[Question_QST] ON;
IF NOT EXISTS (SELECT 1 FROM [dbo].[Question_QST] WHERE Id = 1053)
BEGIN
    INSERT INTO [dbo].[Question_QST] ([Id], [Question], [Id_Difficulty])
    VALUES (1053, N'Quel groupe a chanté ''Another Brick in the Wall'' ?', 2);
END
SET IDENTITY_INSERT [dbo].[Question_QST] OFF;

INSERT INTO [dbo].[Answer_ANS] ([Id_Question], [Value], [Valid]) VALUES
    (1053, N'Pink Floyd', 1),
    (1053, N'The Beatles', 0),
    (1053, N'Queen', 0),
    (1053, N'Led Zeppelin', 0);

IF NOT EXISTS (SELECT 1 FROM [dbo].[QuestionTheme_QTH] WHERE Id_Question = 1053 AND Id_Theme = @ThemeId)
BEGIN
    INSERT INTO [dbo].[QuestionTheme_QTH] ([Id_Question], [Id_Theme]) VALUES (1053, @ThemeId);
END

-- Question 85
SET IDENTITY_INSERT [dbo].[Question_QST] ON;
IF NOT EXISTS (SELECT 1 FROM [dbo].[Question_QST] WHERE Id = 1054)
BEGIN
    INSERT INTO [dbo].[Question_QST] ([Id], [Question], [Id_Difficulty])
    VALUES (1054, N'Quel chanteur a popularisé ''I Will Always Love You'' ?', 2);
END
SET IDENTITY_INSERT [dbo].[Question_QST] OFF;

INSERT INTO [dbo].[Answer_ANS] ([Id_Question], [Value], [Valid]) VALUES
    (1054, N'Whitney Houston', 1),
    (1054, N'Aretha Franklin', 0),
    (1054, N'Diana Ross', 0),
    (1054, N'Mariah Carey', 0);

IF NOT EXISTS (SELECT 1 FROM [dbo].[QuestionTheme_QTH] WHERE Id_Question = 1054 AND Id_Theme = @ThemeId)
BEGIN
    INSERT INTO [dbo].[QuestionTheme_QTH] ([Id_Question], [Id_Theme]) VALUES (1054, @ThemeId);
END

-- Question 86
SET IDENTITY_INSERT [dbo].[Question_QST] ON;
IF NOT EXISTS (SELECT 1 FROM [dbo].[Question_QST] WHERE Id = 1055)
BEGIN
    INSERT INTO [dbo].[Question_QST] ([Id], [Question], [Id_Difficulty])
    VALUES (1055, N'Quel compositeur est célèbre pour ''Rhapsodie Hongroise'' ?', 2);
END
SET IDENTITY_INSERT [dbo].[Question_QST] OFF;

INSERT INTO [dbo].[Answer_ANS] ([Id_Question], [Value], [Valid]) VALUES
    (1055, N'Liszt', 1),
    (1055, N'Chopin', 0),
    (1055, N'Brahms', 0),
    (1055, N'Mozart', 0);

IF NOT EXISTS (SELECT 1 FROM [dbo].[QuestionTheme_QTH] WHERE Id_Question = 1055 AND Id_Theme = @ThemeId)
BEGIN
    INSERT INTO [dbo].[QuestionTheme_QTH] ([Id_Question], [Id_Theme]) VALUES (1055, @ThemeId);
END

-- Question 87
SET IDENTITY_INSERT [dbo].[Question_QST] ON;
IF NOT EXISTS (SELECT 1 FROM [dbo].[Question_QST] WHERE Id = 1056)
BEGIN
    INSERT INTO [dbo].[Question_QST] ([Id], [Question], [Id_Difficulty])
    VALUES (1056, N'Quel groupe a chanté ''Sweet Child O'' Mine'' ?', 2);
END
SET IDENTITY_INSERT [dbo].[Question_QST] OFF;

INSERT INTO [dbo].[Answer_ANS] ([Id_Question], [Value], [Valid]) VALUES
    (1056, N'Guns N’ Roses', 1),
    (1056, N'The Beatles', 0),
    (1056, N'Queen', 0),
    (1056, N'Led Zeppelin', 0);

IF NOT EXISTS (SELECT 1 FROM [dbo].[QuestionTheme_QTH] WHERE Id_Question = 1056 AND Id_Theme = @ThemeId)
BEGIN
    INSERT INTO [dbo].[QuestionTheme_QTH] ([Id_Question], [Id_Theme]) VALUES (1056, @ThemeId);
END

-- Question 88
SET IDENTITY_INSERT [dbo].[Question_QST] ON;
IF NOT EXISTS (SELECT 1 FROM [dbo].[Question_QST] WHERE Id = 1057)
BEGIN
    INSERT INTO [dbo].[Question_QST] ([Id], [Question], [Id_Difficulty])
    VALUES (1057, N'Quel chanteur est célèbre pour ''Beat It'' ?', 2);
END
SET IDENTITY_INSERT [dbo].[Question_QST] OFF;

INSERT INTO [dbo].[Answer_ANS] ([Id_Question], [Value], [Valid]) VALUES
    (1057, N'Michael Jackson', 1),
    (1057, N'Prince', 0),
    (1057, N'David Bowie', 0),
    (1057, N'Elton John', 0);

IF NOT EXISTS (SELECT 1 FROM [dbo].[QuestionTheme_QTH] WHERE Id_Question = 1057 AND Id_Theme = @ThemeId)
BEGIN
    INSERT INTO [dbo].[QuestionTheme_QTH] ([Id_Question], [Id_Theme]) VALUES (1057, @ThemeId);
END

-- Question 89
SET IDENTITY_INSERT [dbo].[Question_QST] ON;
IF NOT EXISTS (SELECT 1 FROM [dbo].[Question_QST] WHERE Id = 1058)
BEGIN
    INSERT INTO [dbo].[Question_QST] ([Id], [Question], [Id_Difficulty])
    VALUES (1058, N'Quel compositeur a écrit ''La Symphonie du Nouveau Monde'' ?', 2);
END
SET IDENTITY_INSERT [dbo].[Question_QST] OFF;

INSERT INTO [dbo].[Answer_ANS] ([Id_Question], [Value], [Valid]) VALUES
    (1058, N'Dvořák', 1),
    (1058, N'Beethoven', 0),
    (1058, N'Mozart', 0),
    (1058, N'Brahms', 0);

IF NOT EXISTS (SELECT 1 FROM [dbo].[QuestionTheme_QTH] WHERE Id_Question = 1058 AND Id_Theme = @ThemeId)
BEGIN
    INSERT INTO [dbo].[QuestionTheme_QTH] ([Id_Question], [Id_Theme]) VALUES (1058, @ThemeId);
END

-- Question 90
SET IDENTITY_INSERT [dbo].[Question_QST] ON;
IF NOT EXISTS (SELECT 1 FROM [dbo].[Question_QST] WHERE Id = 1059)
BEGIN
    INSERT INTO [dbo].[Question_QST] ([Id], [Question], [Id_Difficulty])
    VALUES (1059, N'Quel groupe a chanté ''Comfortably Numb'' ?', 2);
END
SET IDENTITY_INSERT [dbo].[Question_QST] OFF;

INSERT INTO [dbo].[Answer_ANS] ([Id_Question], [Value], [Valid]) VALUES
    (1059, N'Pink Floyd', 1),
    (1059, N'Queen', 0),
    (1059, N'The Beatles', 0),
    (1059, N'Led Zeppelin', 0);

IF NOT EXISTS (SELECT 1 FROM [dbo].[QuestionTheme_QTH] WHERE Id_Question = 1059 AND Id_Theme = @ThemeId)
BEGIN
    INSERT INTO [dbo].[QuestionTheme_QTH] ([Id_Question], [Id_Theme]) VALUES (1059, @ThemeId);
END

-- Question 91
SET IDENTITY_INSERT [dbo].[Question_QST] ON;
IF NOT EXISTS (SELECT 1 FROM [dbo].[Question_QST] WHERE Id = 1060)
BEGIN
    INSERT INTO [dbo].[Question_QST] ([Id], [Question], [Id_Difficulty])
    VALUES (1060, N'Quel chanteur a popularisé ''Like a Prayer'' ?', 2);
END
SET IDENTITY_INSERT [dbo].[Question_QST] OFF;

INSERT INTO [dbo].[Answer_ANS] ([Id_Question], [Value], [Valid]) VALUES
    (1060, N'Madonna', 1),
    (1060, N'Lady Gaga', 0),
    (1060, N'Britney Spears', 0),
    (1060, N'Kylie Minogue', 0);

IF NOT EXISTS (SELECT 1 FROM [dbo].[QuestionTheme_QTH] WHERE Id_Question = 1060 AND Id_Theme = @ThemeId)
BEGIN
    INSERT INTO [dbo].[QuestionTheme_QTH] ([Id_Question], [Id_Theme]) VALUES (1060, @ThemeId);
END

-- Question 92
SET IDENTITY_INSERT [dbo].[Question_QST] ON;
IF NOT EXISTS (SELECT 1 FROM [dbo].[Question_QST] WHERE Id = 1061)
BEGIN
    INSERT INTO [dbo].[Question_QST] ([Id], [Question], [Id_Difficulty])
    VALUES (1061, N'Quel compositeur est célèbre pour ''Le Sacre du Printemps'' ?', 2);
END
SET IDENTITY_INSERT [dbo].[Question_QST] OFF;

INSERT INTO [dbo].[Answer_ANS] ([Id_Question], [Value], [Valid]) VALUES
    (1061, N'Stravinsky', 1),
    (1061, N'Mozart', 0),
    (1061, N'Beethoven', 0),
    (1061, N'Chopin', 0);

IF NOT EXISTS (SELECT 1 FROM [dbo].[QuestionTheme_QTH] WHERE Id_Question = 1061 AND Id_Theme = @ThemeId)
BEGIN
    INSERT INTO [dbo].[QuestionTheme_QTH] ([Id_Question], [Id_Theme]) VALUES (1061, @ThemeId);
END

-- Question 93
SET IDENTITY_INSERT [dbo].[Question_QST] ON;
IF NOT EXISTS (SELECT 1 FROM [dbo].[Question_QST] WHERE Id = 1062)
BEGIN
    INSERT INTO [dbo].[Question_QST] ([Id], [Question], [Id_Difficulty])
    VALUES (1062, N'Quel groupe a sorti l’album ''Abbey Road'' ?', 2);
END
SET IDENTITY_INSERT [dbo].[Question_QST] OFF;

INSERT INTO [dbo].[Answer_ANS] ([Id_Question], [Value], [Valid]) VALUES
    (1062, N'The Beatles', 1),
    (1062, N'Queen', 0),
    (1062, N'Pink Floyd', 0),
    (1062, N'Led Zeppelin', 0);

IF NOT EXISTS (SELECT 1 FROM [dbo].[QuestionTheme_QTH] WHERE Id_Question = 1062 AND Id_Theme = @ThemeId)
BEGIN
    INSERT INTO [dbo].[QuestionTheme_QTH] ([Id_Question], [Id_Theme]) VALUES (1062, @ThemeId);
END

-- Question 94
SET IDENTITY_INSERT [dbo].[Question_QST] ON;
IF NOT EXISTS (SELECT 1 FROM [dbo].[Question_QST] WHERE Id = 1063)
BEGIN
    INSERT INTO [dbo].[Question_QST] ([Id], [Question], [Id_Difficulty])
    VALUES (1063, N'Quel chanteur est célèbre pour ''Thriller'' ?', 2);
END
SET IDENTITY_INSERT [dbo].[Question_QST] OFF;

INSERT INTO [dbo].[Answer_ANS] ([Id_Question], [Value], [Valid]) VALUES
    (1063, N'Michael Jackson', 1),
    (1063, N'Prince', 0),
    (1063, N'David Bowie', 0),
    (1063, N'Elton John', 0);

IF NOT EXISTS (SELECT 1 FROM [dbo].[QuestionTheme_QTH] WHERE Id_Question = 1063 AND Id_Theme = @ThemeId)
BEGIN
    INSERT INTO [dbo].[QuestionTheme_QTH] ([Id_Question], [Id_Theme]) VALUES (1063, @ThemeId);
END

-- Question 95
SET IDENTITY_INSERT [dbo].[Question_QST] ON;
IF NOT EXISTS (SELECT 1 FROM [dbo].[Question_QST] WHERE Id = 1064)
BEGIN
    INSERT INTO [dbo].[Question_QST] ([Id], [Question], [Id_Difficulty])
    VALUES (1064, N'Quel compositeur a écrit ''Les Planètes'' ?', 2);
END
SET IDENTITY_INSERT [dbo].[Question_QST] OFF;

INSERT INTO [dbo].[Answer_ANS] ([Id_Question], [Value], [Valid]) VALUES
    (1064, N'Holst', 1),
    (1064, N'Stravinsky', 0),
    (1064, N'Debussy', 0),
    (1064, N'Brahms', 0);

IF NOT EXISTS (SELECT 1 FROM [dbo].[QuestionTheme_QTH] WHERE Id_Question = 1064 AND Id_Theme = @ThemeId)
BEGIN
    INSERT INTO [dbo].[QuestionTheme_QTH] ([Id_Question], [Id_Theme]) VALUES (1064, @ThemeId);
END

-- Question 96
SET IDENTITY_INSERT [dbo].[Question_QST] ON;
IF NOT EXISTS (SELECT 1 FROM [dbo].[Question_QST] WHERE Id = 1065)
BEGIN
    INSERT INTO [dbo].[Question_QST] ([Id], [Question], [Id_Difficulty])
    VALUES (1065, N'Quel groupe a chanté ''Hey Jude'' ?', 2);
END
SET IDENTITY_INSERT [dbo].[Question_QST] OFF;

INSERT INTO [dbo].[Answer_ANS] ([Id_Question], [Value], [Valid]) VALUES
    (1065, N'The Beatles', 1),
    (1065, N'Queen', 0),
    (1065, N'Pink Floyd', 0),
    (1065, N'Led Zeppelin', 0);

IF NOT EXISTS (SELECT 1 FROM [dbo].[QuestionTheme_QTH] WHERE Id_Question = 1065 AND Id_Theme = @ThemeId)
BEGIN
    INSERT INTO [dbo].[QuestionTheme_QTH] ([Id_Question], [Id_Theme]) VALUES (1065, @ThemeId);
END

-- Question 97
SET IDENTITY_INSERT [dbo].[Question_QST] ON;
IF NOT EXISTS (SELECT 1 FROM [dbo].[Question_QST] WHERE Id = 1066)
BEGIN
    INSERT INTO [dbo].[Question_QST] ([Id], [Question], [Id_Difficulty])
    VALUES (1066, N'Quel chanteur a popularisé ''Poker Face'' ?', 2);
END
SET IDENTITY_INSERT [dbo].[Question_QST] OFF;

INSERT INTO [dbo].[Answer_ANS] ([Id_Question], [Value], [Valid]) VALUES
    (1066, N'Lady Gaga', 1),
    (1066, N'Madonna', 0),
    (1066, N'Britney Spears', 0),
    (1066, N'Kylie Minogue', 0);

IF NOT EXISTS (SELECT 1 FROM [dbo].[QuestionTheme_QTH] WHERE Id_Question = 1066 AND Id_Theme = @ThemeId)
BEGIN
    INSERT INTO [dbo].[QuestionTheme_QTH] ([Id_Question], [Id_Theme]) VALUES (1066, @ThemeId);
END

-- Question 98
SET IDENTITY_INSERT [dbo].[Question_QST] ON;
IF NOT EXISTS (SELECT 1 FROM [dbo].[Question_QST] WHERE Id = 1067)
BEGIN
    INSERT INTO [dbo].[Question_QST] ([Id], [Question], [Id_Difficulty])
    VALUES (1067, N'Quel compositeur est célèbre pour ''Préludes'' ?', 2);
END
SET IDENTITY_INSERT [dbo].[Question_QST] OFF;

INSERT INTO [dbo].[Answer_ANS] ([Id_Question], [Value], [Valid]) VALUES
    (1067, N'Chopin', 1),
    (1067, N'Debussy', 0),
    (1067, N'Liszt', 0),
    (1067, N'Ravel', 0);

IF NOT EXISTS (SELECT 1 FROM [dbo].[QuestionTheme_QTH] WHERE Id_Question = 1067 AND Id_Theme = @ThemeId)
BEGIN
    INSERT INTO [dbo].[QuestionTheme_QTH] ([Id_Question], [Id_Theme]) VALUES (1067, @ThemeId);
END

-- Question 99
SET IDENTITY_INSERT [dbo].[Question_QST] ON;
IF NOT EXISTS (SELECT 1 FROM [dbo].[Question_QST] WHERE Id = 1068)
BEGIN
    INSERT INTO [dbo].[Question_QST] ([Id], [Question], [Id_Difficulty])
    VALUES (1068, N'Quel groupe a chanté ''Livin’ on a Prayer'' ?', 2);
END
SET IDENTITY_INSERT [dbo].[Question_QST] OFF;

INSERT INTO [dbo].[Answer_ANS] ([Id_Question], [Value], [Valid]) VALUES
    (1068, N'Bon Jovi', 1),
    (1068, N'Queen', 0),
    (1068, N'The Beatles', 0),
    (1068, N'Led Zeppelin', 0);

IF NOT EXISTS (SELECT 1 FROM [dbo].[QuestionTheme_QTH] WHERE Id_Question = 1068 AND Id_Theme = @ThemeId)
BEGIN
    INSERT INTO [dbo].[QuestionTheme_QTH] ([Id_Question], [Id_Theme]) VALUES (1068, @ThemeId);
END

-- Question 100
SET IDENTITY_INSERT [dbo].[Question_QST] ON;
IF NOT EXISTS (SELECT 1 FROM [dbo].[Question_QST] WHERE Id = 1069)
BEGIN
    INSERT INTO [dbo].[Question_QST] ([Id], [Question], [Id_Difficulty])
    VALUES (1069, N'Quel chanteur est surnommé ''The King of Pop'' ?', 2);
END
SET IDENTITY_INSERT [dbo].[Question_QST] OFF;

INSERT INTO [dbo].[Answer_ANS] ([Id_Question], [Value], [Valid]) VALUES
    (1069, N'Michael Jackson', 1),
    (1069, N'Elvis Presley', 0),
    (1069, N'Prince', 0),
    (1069, N'Freddie Mercury', 0);

IF NOT EXISTS (SELECT 1 FROM [dbo].[QuestionTheme_QTH] WHERE Id_Question = 1069 AND Id_Theme = @ThemeId)
BEGIN
    INSERT INTO [dbo].[QuestionTheme_QTH] ([Id_Question], [Id_Theme]) VALUES (1069, @ThemeId);
END

-- Question 101
SET IDENTITY_INSERT [dbo].[Question_QST] ON;
IF NOT EXISTS (SELECT 1 FROM [dbo].[Question_QST] WHERE Id = 1070)
BEGIN
    INSERT INTO [dbo].[Question_QST] ([Id], [Question], [Id_Difficulty])
    VALUES (1070, N'Quel instrument est fondamental dans le blues ?', 2);
END
SET IDENTITY_INSERT [dbo].[Question_QST] OFF;

INSERT INTO [dbo].[Answer_ANS] ([Id_Question], [Value], [Valid]) VALUES
    (1070, N'Guitare', 1),
    (1070, N'Piano', 0),
    (1070, N'Saxophone', 0),
    (1070, N'Violon', 0);

IF NOT EXISTS (SELECT 1 FROM [dbo].[QuestionTheme_QTH] WHERE Id_Question = 1070 AND Id_Theme = @ThemeId)
BEGIN
    INSERT INTO [dbo].[QuestionTheme_QTH] ([Id_Question], [Id_Theme]) VALUES (1070, @ThemeId);
END

-- Question 102
SET IDENTITY_INSERT [dbo].[Question_QST] ON;
IF NOT EXISTS (SELECT 1 FROM [dbo].[Question_QST] WHERE Id = 1071)
BEGIN
    INSERT INTO [dbo].[Question_QST] ([Id], [Question], [Id_Difficulty])
    VALUES (1071, N'Quel compositeur est célèbre pour ses concertos pour piano numérotés de 1 à 5 ?', 3);
END
SET IDENTITY_INSERT [dbo].[Question_QST] OFF;

INSERT INTO [dbo].[Answer_ANS] ([Id_Question], [Value], [Valid]) VALUES
    (1071, N'Beethoven', 1),
    (1071, N'Mozart', 0),
    (1071, N'Chopin', 0),
    (1071, N'Bach', 0);

IF NOT EXISTS (SELECT 1 FROM [dbo].[QuestionTheme_QTH] WHERE Id_Question = 1071 AND Id_Theme = @ThemeId)
BEGIN
    INSERT INTO [dbo].[QuestionTheme_QTH] ([Id_Question], [Id_Theme]) VALUES (1071, @ThemeId);
END

-- Question 103
SET IDENTITY_INSERT [dbo].[Question_QST] ON;
IF NOT EXISTS (SELECT 1 FROM [dbo].[Question_QST] WHERE Id = 1072)
BEGIN
    INSERT INTO [dbo].[Question_QST] ([Id], [Question], [Id_Difficulty])
    VALUES (1072, N'Quel groupe a sorti l’album concept ''The Wall'' ?', 3);
END
SET IDENTITY_INSERT [dbo].[Question_QST] OFF;

INSERT INTO [dbo].[Answer_ANS] ([Id_Question], [Value], [Valid]) VALUES
    (1072, N'Pink Floyd', 1),
    (1072, N'Queen', 0),
    (1072, N'The Beatles', 0),
    (1072, N'Led Zeppelin', 0);

IF NOT EXISTS (SELECT 1 FROM [dbo].[QuestionTheme_QTH] WHERE Id_Question = 1072 AND Id_Theme = @ThemeId)
BEGIN
    INSERT INTO [dbo].[QuestionTheme_QTH] ([Id_Question], [Id_Theme]) VALUES (1072, @ThemeId);
END

-- Question 104
SET IDENTITY_INSERT [dbo].[Question_QST] ON;
IF NOT EXISTS (SELECT 1 FROM [dbo].[Question_QST] WHERE Id = 1073)
BEGIN
    INSERT INTO [dbo].[Question_QST] ([Id], [Question], [Id_Difficulty])
    VALUES (1073, N'Quel compositeur a écrit la ''Symphonie Pathétique'' ?', 3);
END
SET IDENTITY_INSERT [dbo].[Question_QST] OFF;

INSERT INTO [dbo].[Answer_ANS] ([Id_Question], [Value], [Valid]) VALUES
    (1073, N'Tchaïkovski', 1),
    (1073, N'Beethoven', 0),
    (1073, N'Mahler', 0),
    (1073, N'Brahms', 0);

IF NOT EXISTS (SELECT 1 FROM [dbo].[QuestionTheme_QTH] WHERE Id_Question = 1073 AND Id_Theme = @ThemeId)
BEGIN
    INSERT INTO [dbo].[QuestionTheme_QTH] ([Id_Question], [Id_Theme]) VALUES (1073, @ThemeId);
END

-- Question 105
SET IDENTITY_INSERT [dbo].[Question_QST] ON;
IF NOT EXISTS (SELECT 1 FROM [dbo].[Question_QST] WHERE Id = 1074)
BEGIN
    INSERT INTO [dbo].[Question_QST] ([Id], [Question], [Id_Difficulty])
    VALUES (1074, N'Quel compositeur baroque est célèbre pour ses ''Concertos Brandebourgeois'' ?', 3);
END
SET IDENTITY_INSERT [dbo].[Question_QST] OFF;

INSERT INTO [dbo].[Answer_ANS] ([Id_Question], [Value], [Valid]) VALUES
    (1074, N'Bach', 1),
    (1074, N'Handel', 0),
    (1074, N'Vivaldi', 0),
    (1074, N'Telemann', 0);

IF NOT EXISTS (SELECT 1 FROM [dbo].[QuestionTheme_QTH] WHERE Id_Question = 1074 AND Id_Theme = @ThemeId)
BEGIN
    INSERT INTO [dbo].[QuestionTheme_QTH] ([Id_Question], [Id_Theme]) VALUES (1074, @ThemeId);
END

-- Question 106
SET IDENTITY_INSERT [dbo].[Question_QST] ON;
IF NOT EXISTS (SELECT 1 FROM [dbo].[Question_QST] WHERE Id = 1075)
BEGIN
    INSERT INTO [dbo].[Question_QST] ([Id], [Question], [Id_Difficulty])
    VALUES (1075, N'Quel groupe a popularisé le grunge avec l’album ''Nevermind'' ?', 3);
END
SET IDENTITY_INSERT [dbo].[Question_QST] OFF;

INSERT INTO [dbo].[Answer_ANS] ([Id_Question], [Value], [Valid]) VALUES
    (1075, N'Nirvana', 1),
    (1075, N'Pearl Jam', 0),
    (1075, N'Soundgarden', 0),
    (1075, N'Alice in Chains', 0);

IF NOT EXISTS (SELECT 1 FROM [dbo].[QuestionTheme_QTH] WHERE Id_Question = 1075 AND Id_Theme = @ThemeId)
BEGIN
    INSERT INTO [dbo].[QuestionTheme_QTH] ([Id_Question], [Id_Theme]) VALUES (1075, @ThemeId);
END

-- Question 107
SET IDENTITY_INSERT [dbo].[Question_QST] ON;
IF NOT EXISTS (SELECT 1 FROM [dbo].[Question_QST] WHERE Id = 1076)
BEGIN
    INSERT INTO [dbo].[Question_QST] ([Id], [Question], [Id_Difficulty])
    VALUES (1076, N'Quel compositeur romantique a écrit ''Tristan und Isolde'' ?', 3);
END
SET IDENTITY_INSERT [dbo].[Question_QST] OFF;

INSERT INTO [dbo].[Answer_ANS] ([Id_Question], [Value], [Valid]) VALUES
    (1076, N'Wagner', 1),
    (1076, N'Chopin', 0),
    (1076, N'Liszt', 0),
    (1076, N'Brahms', 0);

IF NOT EXISTS (SELECT 1 FROM [dbo].[QuestionTheme_QTH] WHERE Id_Question = 1076 AND Id_Theme = @ThemeId)
BEGIN
    INSERT INTO [dbo].[QuestionTheme_QTH] ([Id_Question], [Id_Theme]) VALUES (1076, @ThemeId);
END

-- Question 108
SET IDENTITY_INSERT [dbo].[Question_QST] ON;
IF NOT EXISTS (SELECT 1 FROM [dbo].[Question_QST] WHERE Id = 1077)
BEGIN
    INSERT INTO [dbo].[Question_QST] ([Id], [Question], [Id_Difficulty])
    VALUES (1077, N'Quel groupe a sorti l’album ''A Night at the Opera'' en 1975 ?', 3);
END
SET IDENTITY_INSERT [dbo].[Question_QST] OFF;

INSERT INTO [dbo].[Answer_ANS] ([Id_Question], [Value], [Valid]) VALUES
    (1077, N'Queen', 1),
    (1077, N'Pink Floyd', 0),
    (1077, N'Led Zeppelin', 0),
    (1077, N'The Beatles', 0);

IF NOT EXISTS (SELECT 1 FROM [dbo].[QuestionTheme_QTH] WHERE Id_Question = 1077 AND Id_Theme = @ThemeId)
BEGIN
    INSERT INTO [dbo].[QuestionTheme_QTH] ([Id_Question], [Id_Theme]) VALUES (1077, @ThemeId);
END

-- Question 109
SET IDENTITY_INSERT [dbo].[Question_QST] ON;
IF NOT EXISTS (SELECT 1 FROM [dbo].[Question_QST] WHERE Id = 1078)
BEGIN
    INSERT INTO [dbo].[Question_QST] ([Id], [Question], [Id_Difficulty])
    VALUES (1078, N'Quel compositeur a écrit ''Le Carnaval des Animaux'' ?', 3);
END
SET IDENTITY_INSERT [dbo].[Question_QST] OFF;

INSERT INTO [dbo].[Answer_ANS] ([Id_Question], [Value], [Valid]) VALUES
    (1078, N'Saint-Saëns', 1),
    (1078, N'Debussy', 0),
    (1078, N'Ravel', 0),
    (1078, N'Chopin', 0);

IF NOT EXISTS (SELECT 1 FROM [dbo].[QuestionTheme_QTH] WHERE Id_Question = 1078 AND Id_Theme = @ThemeId)
BEGIN
    INSERT INTO [dbo].[QuestionTheme_QTH] ([Id_Question], [Id_Theme]) VALUES (1078, @ThemeId);
END

-- Question 110
SET IDENTITY_INSERT [dbo].[Question_QST] ON;
IF NOT EXISTS (SELECT 1 FROM [dbo].[Question_QST] WHERE Id = 1079)
BEGIN
    INSERT INTO [dbo].[Question_QST] ([Id], [Question], [Id_Difficulty])
    VALUES (1079, N'Quel groupe a inventé le concept de rock progressif avec l’album ''In the Court of the Crimson King'' ?', 3);
END
SET IDENTITY_INSERT [dbo].[Question_QST] OFF;

INSERT INTO [dbo].[Answer_ANS] ([Id_Question], [Value], [Valid]) VALUES
    (1079, N'King Crimson', 1),
    (1079, N'Pink Floyd', 0),
    (1079, N'Yes', 0),
    (1079, N'Genesis', 0);

IF NOT EXISTS (SELECT 1 FROM [dbo].[QuestionTheme_QTH] WHERE Id_Question = 1079 AND Id_Theme = @ThemeId)
BEGIN
    INSERT INTO [dbo].[QuestionTheme_QTH] ([Id_Question], [Id_Theme]) VALUES (1079, @ThemeId);
END

-- Question 111
SET IDENTITY_INSERT [dbo].[Question_QST] ON;
IF NOT EXISTS (SELECT 1 FROM [dbo].[Question_QST] WHERE Id = 1080)
BEGIN
    INSERT INTO [dbo].[Question_QST] ([Id], [Question], [Id_Difficulty])
    VALUES (1080, N'Quel compositeur est célèbre pour son opéra ''Carmen'' ?', 3);
END
SET IDENTITY_INSERT [dbo].[Question_QST] OFF;

INSERT INTO [dbo].[Answer_ANS] ([Id_Question], [Value], [Valid]) VALUES
    (1080, N'Bizet', 1),
    (1080, N'Verdi', 0),
    (1080, N'Puccini', 0),
    (1080, N'Rossini', 0);

IF NOT EXISTS (SELECT 1 FROM [dbo].[QuestionTheme_QTH] WHERE Id_Question = 1080 AND Id_Theme = @ThemeId)
BEGIN
    INSERT INTO [dbo].[QuestionTheme_QTH] ([Id_Question], [Id_Theme]) VALUES (1080, @ThemeId);
END

-- Question 112
SET IDENTITY_INSERT [dbo].[Question_QST] ON;
IF NOT EXISTS (SELECT 1 FROM [dbo].[Question_QST] WHERE Id = 1081)
BEGIN
    INSERT INTO [dbo].[Question_QST] ([Id], [Question], [Id_Difficulty])
    VALUES (1081, N'Quel musicien est considéré comme le père du jazz moderne ?', 3);
END
SET IDENTITY_INSERT [dbo].[Question_QST] OFF;

INSERT INTO [dbo].[Answer_ANS] ([Id_Question], [Value], [Valid]) VALUES
    (1081, N'Louis Armstrong', 0),
    (1081, N'Duke Ellington', 0),
    (1081, N'Charlie Parker', 1),
    (1081, N'Miles Davis', 0);

IF NOT EXISTS (SELECT 1 FROM [dbo].[QuestionTheme_QTH] WHERE Id_Question = 1081 AND Id_Theme = @ThemeId)
BEGIN
    INSERT INTO [dbo].[QuestionTheme_QTH] ([Id_Question], [Id_Theme]) VALUES (1081, @ThemeId);
END

-- Question 113
SET IDENTITY_INSERT [dbo].[Question_QST] ON;
IF NOT EXISTS (SELECT 1 FROM [dbo].[Question_QST] WHERE Id = 1082)
BEGIN
    INSERT INTO [dbo].[Question_QST] ([Id], [Question], [Id_Difficulty])
    VALUES (1082, N'Quel compositeur est connu pour la ''Symphonie du Nouveau Monde'' ?', 3);
END
SET IDENTITY_INSERT [dbo].[Question_QST] OFF;

INSERT INTO [dbo].[Answer_ANS] ([Id_Question], [Value], [Valid]) VALUES
    (1082, N'Dvořák', 1),
    (1082, N'Mahler', 0),
    (1082, N'Beethoven', 0),
    (1082, N'Tchaïkovski', 0);

IF NOT EXISTS (SELECT 1 FROM [dbo].[QuestionTheme_QTH] WHERE Id_Question = 1082 AND Id_Theme = @ThemeId)
BEGIN
    INSERT INTO [dbo].[QuestionTheme_QTH] ([Id_Question], [Id_Theme]) VALUES (1082, @ThemeId);
END

-- Question 114
SET IDENTITY_INSERT [dbo].[Question_QST] ON;
IF NOT EXISTS (SELECT 1 FROM [dbo].[Question_QST] WHERE Id = 1083)
BEGIN
    INSERT INTO [dbo].[Question_QST] ([Id], [Question], [Id_Difficulty])
    VALUES (1083, N'Quel groupe a sorti ''The Dark Side of the Moon'' en 1973 ?', 3);
END
SET IDENTITY_INSERT [dbo].[Question_QST] OFF;

INSERT INTO [dbo].[Answer_ANS] ([Id_Question], [Value], [Valid]) VALUES
    (1083, N'Pink Floyd', 1),
    (1083, N'Queen', 0),
    (1083, N'Led Zeppelin', 0),
    (1083, N'The Beatles', 0);

IF NOT EXISTS (SELECT 1 FROM [dbo].[QuestionTheme_QTH] WHERE Id_Question = 1083 AND Id_Theme = @ThemeId)
BEGIN
    INSERT INTO [dbo].[QuestionTheme_QTH] ([Id_Question], [Id_Theme]) VALUES (1083, @ThemeId);
END

-- Question 115
SET IDENTITY_INSERT [dbo].[Question_QST] ON;
IF NOT EXISTS (SELECT 1 FROM [dbo].[Question_QST] WHERE Id = 1084)
BEGIN
    INSERT INTO [dbo].[Question_QST] ([Id], [Question], [Id_Difficulty])
    VALUES (1084, N'Quel compositeur du XXe siècle est connu pour ''Le Sacre du Printemps'' ?', 3);
END
SET IDENTITY_INSERT [dbo].[Question_QST] OFF;

INSERT INTO [dbo].[Answer_ANS] ([Id_Question], [Value], [Valid]) VALUES
    (1084, N'Stravinsky', 1),
    (1084, N'Ravel', 0),
    (1084, N'Debussy', 0),
    (1084, N'Shostakovich', 0);

IF NOT EXISTS (SELECT 1 FROM [dbo].[QuestionTheme_QTH] WHERE Id_Question = 1084 AND Id_Theme = @ThemeId)
BEGIN
    INSERT INTO [dbo].[QuestionTheme_QTH] ([Id_Question], [Id_Theme]) VALUES (1084, @ThemeId);
END

-- Question 116
SET IDENTITY_INSERT [dbo].[Question_QST] ON;
IF NOT EXISTS (SELECT 1 FROM [dbo].[Question_QST] WHERE Id = 1085)
BEGIN
    INSERT INTO [dbo].[Question_QST] ([Id], [Question], [Id_Difficulty])
    VALUES (1085, N'Quel compositeur est célèbre pour ses nocturnes et études ?', 3);
END
SET IDENTITY_INSERT [dbo].[Question_QST] OFF;

INSERT INTO [dbo].[Answer_ANS] ([Id_Question], [Value], [Valid]) VALUES
    (1085, N'Chopin', 1),
    (1085, N'Liszt', 0),
    (1085, N'Debussy', 0),
    (1085, N'Brahms', 0);

IF NOT EXISTS (SELECT 1 FROM [dbo].[QuestionTheme_QTH] WHERE Id_Question = 1085 AND Id_Theme = @ThemeId)
BEGIN
    INSERT INTO [dbo].[QuestionTheme_QTH] ([Id_Question], [Id_Theme]) VALUES (1085, @ThemeId);
END

-- Question 117
SET IDENTITY_INSERT [dbo].[Question_QST] ON;
IF NOT EXISTS (SELECT 1 FROM [dbo].[Question_QST] WHERE Id = 1086)
BEGIN
    INSERT INTO [dbo].[Question_QST] ([Id], [Question], [Id_Difficulty])
    VALUES (1086, N'Quel groupe britannique a popularisé le heavy metal avec l’album ''Paranoid'' ?', 3);
END
SET IDENTITY_INSERT [dbo].[Question_QST] OFF;

INSERT INTO [dbo].[Answer_ANS] ([Id_Question], [Value], [Valid]) VALUES
    (1086, N'Black Sabbath', 1),
    (1086, N'Led Zeppelin', 0),
    (1086, N'Deep Purple', 0),
    (1086, N'Iron Maiden', 0);

IF NOT EXISTS (SELECT 1 FROM [dbo].[QuestionTheme_QTH] WHERE Id_Question = 1086 AND Id_Theme = @ThemeId)
BEGIN
    INSERT INTO [dbo].[QuestionTheme_QTH] ([Id_Question], [Id_Theme]) VALUES (1086, @ThemeId);
END

-- Question 118
SET IDENTITY_INSERT [dbo].[Question_QST] ON;
IF NOT EXISTS (SELECT 1 FROM [dbo].[Question_QST] WHERE Id = 1087)
BEGIN
    INSERT INTO [dbo].[Question_QST] ([Id], [Question], [Id_Difficulty])
    VALUES (1087, N'Quel compositeur est célèbre pour ''Les Planètes'' ?', 3);
END
SET IDENTITY_INSERT [dbo].[Question_QST] OFF;

INSERT INTO [dbo].[Answer_ANS] ([Id_Question], [Value], [Valid]) VALUES
    (1087, N'Holst', 1),
    (1087, N'Bach', 0),
    (1087, N'Mozart', 0),
    (1087, N'Beethoven', 0);

IF NOT EXISTS (SELECT 1 FROM [dbo].[QuestionTheme_QTH] WHERE Id_Question = 1087 AND Id_Theme = @ThemeId)
BEGIN
    INSERT INTO [dbo].[QuestionTheme_QTH] ([Id_Question], [Id_Theme]) VALUES (1087, @ThemeId);
END

-- Question 119
SET IDENTITY_INSERT [dbo].[Question_QST] ON;
IF NOT EXISTS (SELECT 1 FROM [dbo].[Question_QST] WHERE Id = 1088)
BEGIN
    INSERT INTO [dbo].[Question_QST] ([Id], [Question], [Id_Difficulty])
    VALUES (1088, N'Quel groupe a sorti l’album ''Led Zeppelin IV'' ?', 3);
END
SET IDENTITY_INSERT [dbo].[Question_QST] OFF;

INSERT INTO [dbo].[Answer_ANS] ([Id_Question], [Value], [Valid]) VALUES
    (1088, N'Led Zeppelin', 1),
    (1088, N'Pink Floyd', 0),
    (1088, N'Queen', 0),
    (1088, N'The Rolling Stones', 0);

IF NOT EXISTS (SELECT 1 FROM [dbo].[QuestionTheme_QTH] WHERE Id_Question = 1088 AND Id_Theme = @ThemeId)
BEGIN
    INSERT INTO [dbo].[QuestionTheme_QTH] ([Id_Question], [Id_Theme]) VALUES (1088, @ThemeId);
END

-- Question 120
SET IDENTITY_INSERT [dbo].[Question_QST] ON;
IF NOT EXISTS (SELECT 1 FROM [dbo].[Question_QST] WHERE Id = 1089)
BEGIN
    INSERT INTO [dbo].[Question_QST] ([Id], [Question], [Id_Difficulty])
    VALUES (1089, N'Quel compositeur est célèbre pour ''Peer Gynt'' ?', 3);
END
SET IDENTITY_INSERT [dbo].[Question_QST] OFF;

INSERT INTO [dbo].[Answer_ANS] ([Id_Question], [Value], [Valid]) VALUES
    (1089, N'Grieg', 1),
    (1089, N'Mendelssohn', 0),
    (1089, N'Brahms', 0),
    (1089, N'Tchaïkovski', 0);

IF NOT EXISTS (SELECT 1 FROM [dbo].[QuestionTheme_QTH] WHERE Id_Question = 1089 AND Id_Theme = @ThemeId)
BEGIN
    INSERT INTO [dbo].[QuestionTheme_QTH] ([Id_Question], [Id_Theme]) VALUES (1089, @ThemeId);
END

-- Question 121
SET IDENTITY_INSERT [dbo].[Question_QST] ON;
IF NOT EXISTS (SELECT 1 FROM [dbo].[Question_QST] WHERE Id = 1090)
BEGIN
    INSERT INTO [dbo].[Question_QST] ([Id], [Question], [Id_Difficulty])
    VALUES (1090, N'Quel groupe a popularisé le punk rock avec l’album ''London Calling'' ?', 3);
END
SET IDENTITY_INSERT [dbo].[Question_QST] OFF;

INSERT INTO [dbo].[Answer_ANS] ([Id_Question], [Value], [Valid]) VALUES
    (1090, N'The Clash', 1),
    (1090, N'Sex Pistols', 0),
    (1090, N'Ramones', 0),
    (1090, N'The Jam', 0);

IF NOT EXISTS (SELECT 1 FROM [dbo].[QuestionTheme_QTH] WHERE Id_Question = 1090 AND Id_Theme = @ThemeId)
BEGIN
    INSERT INTO [dbo].[QuestionTheme_QTH] ([Id_Question], [Id_Theme]) VALUES (1090, @ThemeId);
END

-- Question 122
SET IDENTITY_INSERT [dbo].[Question_QST] ON;
IF NOT EXISTS (SELECT 1 FROM [dbo].[Question_QST] WHERE Id = 1091)
BEGIN
    INSERT INTO [dbo].[Question_QST] ([Id], [Question], [Id_Difficulty])
    VALUES (1091, N'Quel compositeur classique a écrit plus de 600 œuvres dont symphonies, concertos et sonates ?', 3);
END
SET IDENTITY_INSERT [dbo].[Question_QST] OFF;

INSERT INTO [dbo].[Answer_ANS] ([Id_Question], [Value], [Valid]) VALUES
    (1091, N'Mozart', 1),
    (1091, N'Beethoven', 0),
    (1091, N'Haydn', 0),
    (1091, N'Bach', 0);

IF NOT EXISTS (SELECT 1 FROM [dbo].[QuestionTheme_QTH] WHERE Id_Question = 1091 AND Id_Theme = @ThemeId)
BEGIN
    INSERT INTO [dbo].[QuestionTheme_QTH] ([Id_Question], [Id_Theme]) VALUES (1091, @ThemeId);
END

-- Question 123
SET IDENTITY_INSERT [dbo].[Question_QST] ON;
IF NOT EXISTS (SELECT 1 FROM [dbo].[Question_QST] WHERE Id = 1092)
BEGIN
    INSERT INTO [dbo].[Question_QST] ([Id], [Question], [Id_Difficulty])
    VALUES (1092, N'Quel groupe a sorti l’album ''Animals'' en 1977 ?', 3);
END
SET IDENTITY_INSERT [dbo].[Question_QST] OFF;

INSERT INTO [dbo].[Answer_ANS] ([Id_Question], [Value], [Valid]) VALUES
    (1092, N'Pink Floyd', 1),
    (1092, N'Queen', 0),
    (1092, N'Led Zeppelin', 0),
    (1092, N'Genesis', 0);

IF NOT EXISTS (SELECT 1 FROM [dbo].[QuestionTheme_QTH] WHERE Id_Question = 1092 AND Id_Theme = @ThemeId)
BEGIN
    INSERT INTO [dbo].[QuestionTheme_QTH] ([Id_Question], [Id_Theme]) VALUES (1092, @ThemeId);
END

-- Question 124
SET IDENTITY_INSERT [dbo].[Question_QST] ON;
IF NOT EXISTS (SELECT 1 FROM [dbo].[Question_QST] WHERE Id = 1093)
BEGIN
    INSERT INTO [dbo].[Question_QST] ([Id], [Question], [Id_Difficulty])
    VALUES (1093, N'Quel compositeur italien est célèbre pour ses opéras ''La Traviata'' et ''Aida'' ?', 3);
END
SET IDENTITY_INSERT [dbo].[Question_QST] OFF;

INSERT INTO [dbo].[Answer_ANS] ([Id_Question], [Value], [Valid]) VALUES
    (1093, N'Verdi', 1),
    (1093, N'Puccini', 0),
    (1093, N'Rossini', 0),
    (1093, N'Donizetti', 0);

IF NOT EXISTS (SELECT 1 FROM [dbo].[QuestionTheme_QTH] WHERE Id_Question = 1093 AND Id_Theme = @ThemeId)
BEGIN
    INSERT INTO [dbo].[QuestionTheme_QTH] ([Id_Question], [Id_Theme]) VALUES (1093, @ThemeId);
END

-- Question 125
SET IDENTITY_INSERT [dbo].[Question_QST] ON;
IF NOT EXISTS (SELECT 1 FROM [dbo].[Question_QST] WHERE Id = 1094)
BEGIN
    INSERT INTO [dbo].[Question_QST] ([Id], [Question], [Id_Difficulty])
    VALUES (1094, N'Quel musicien a révolutionné le jazz avec l’album ''Kind of Blue'' ?', 3);
END
SET IDENTITY_INSERT [dbo].[Question_QST] OFF;

INSERT INTO [dbo].[Answer_ANS] ([Id_Question], [Value], [Valid]) VALUES
    (1094, N'Miles Davis', 1),
    (1094, N'John Coltrane', 0),
    (1094, N'Charlie Parker', 0),
    (1094, N'Louis Armstrong', 0);

IF NOT EXISTS (SELECT 1 FROM [dbo].[QuestionTheme_QTH] WHERE Id_Question = 1094 AND Id_Theme = @ThemeId)
BEGIN
    INSERT INTO [dbo].[QuestionTheme_QTH] ([Id_Question], [Id_Theme]) VALUES (1094, @ThemeId);
END

-- Question 126
SET IDENTITY_INSERT [dbo].[Question_QST] ON;
IF NOT EXISTS (SELECT 1 FROM [dbo].[Question_QST] WHERE Id = 1095)
BEGIN
    INSERT INTO [dbo].[Question_QST] ([Id], [Question], [Id_Difficulty])
    VALUES (1095, N'Quel groupe est considéré comme pionnier du rock psychédélique avec l’album ''The Piper at the Gates of Dawn'' ?', 3);
END
SET IDENTITY_INSERT [dbo].[Question_QST] OFF;

INSERT INTO [dbo].[Answer_ANS] ([Id_Question], [Value], [Valid]) VALUES
    (1095, N'Pink Floyd', 1),
    (1095, N'King Crimson', 0),
    (1095, N'Yes', 0),
    (1095, N'Genesis', 0);

IF NOT EXISTS (SELECT 1 FROM [dbo].[QuestionTheme_QTH] WHERE Id_Question = 1095 AND Id_Theme = @ThemeId)
BEGIN
    INSERT INTO [dbo].[QuestionTheme_QTH] ([Id_Question], [Id_Theme]) VALUES (1095, @ThemeId);
END

-- Question 127
SET IDENTITY_INSERT [dbo].[Question_QST] ON;
IF NOT EXISTS (SELECT 1 FROM [dbo].[Question_QST] WHERE Id = 1096)
BEGIN
    INSERT INTO [dbo].[Question_QST] ([Id], [Question], [Id_Difficulty])
    VALUES (1096, N'Quel compositeur est célèbre pour ''Toccata et Fugue en ré mineur'' ?', 3);
END
SET IDENTITY_INSERT [dbo].[Question_QST] OFF;

INSERT INTO [dbo].[Answer_ANS] ([Id_Question], [Value], [Valid]) VALUES
    (1096, N'Bach', 1),
    (1096, N'Mozart', 0),
    (1096, N'Beethoven', 0),
    (1096, N'Handel', 0);

IF NOT EXISTS (SELECT 1 FROM [dbo].[QuestionTheme_QTH] WHERE Id_Question = 1096 AND Id_Theme = @ThemeId)
BEGIN
    INSERT INTO [dbo].[QuestionTheme_QTH] ([Id_Question], [Id_Theme]) VALUES (1096, @ThemeId);
END

-- Question 128
SET IDENTITY_INSERT [dbo].[Question_QST] ON;
IF NOT EXISTS (SELECT 1 FROM [dbo].[Question_QST] WHERE Id = 1097)
BEGIN
    INSERT INTO [dbo].[Question_QST] ([Id], [Question], [Id_Difficulty])
    VALUES (1097, N'Quel groupe a popularisé le glam rock avec l’album ''Ziggy Stardust'' ?', 3);
END
SET IDENTITY_INSERT [dbo].[Question_QST] OFF;

INSERT INTO [dbo].[Answer_ANS] ([Id_Question], [Value], [Valid]) VALUES
    (1097, N'David Bowie', 1),
    (1097, N'Queen', 0),
    (1097, N'Kiss', 0),
    (1097, N'T. Rex', 0);

IF NOT EXISTS (SELECT 1 FROM [dbo].[QuestionTheme_QTH] WHERE Id_Question = 1097 AND Id_Theme = @ThemeId)
BEGIN
    INSERT INTO [dbo].[QuestionTheme_QTH] ([Id_Question], [Id_Theme]) VALUES (1097, @ThemeId);
END

-- Question 129
SET IDENTITY_INSERT [dbo].[Question_QST] ON;
IF NOT EXISTS (SELECT 1 FROM [dbo].[Question_QST] WHERE Id = 1098)
BEGIN
    INSERT INTO [dbo].[Question_QST] ([Id], [Question], [Id_Difficulty])
    VALUES (1098, N'Quel compositeur romantique a écrit ''Rhapsodie Hongroise'' ?', 3);
END
SET IDENTITY_INSERT [dbo].[Question_QST] OFF;

INSERT INTO [dbo].[Answer_ANS] ([Id_Question], [Value], [Valid]) VALUES
    (1098, N'Liszt', 1),
    (1098, N'Chopin', 0),
    (1098, N'Brahms', 0),
    (1098, N'Tchaïkovski', 0);

IF NOT EXISTS (SELECT 1 FROM [dbo].[QuestionTheme_QTH] WHERE Id_Question = 1098 AND Id_Theme = @ThemeId)
BEGIN
    INSERT INTO [dbo].[QuestionTheme_QTH] ([Id_Question], [Id_Theme]) VALUES (1098, @ThemeId);
END

-- Question 130
SET IDENTITY_INSERT [dbo].[Question_QST] ON;
IF NOT EXISTS (SELECT 1 FROM [dbo].[Question_QST] WHERE Id = 1099)
BEGIN
    INSERT INTO [dbo].[Question_QST] ([Id], [Question], [Id_Difficulty])
    VALUES (1099, N'Quel groupe a sorti ''Hunky Dory'' en 1971 ?', 3);
END
SET IDENTITY_INSERT [dbo].[Question_QST] OFF;

INSERT INTO [dbo].[Answer_ANS] ([Id_Question], [Value], [Valid]) VALUES
    (1099, N'David Bowie', 1),
    (1099, N'Queen', 0),
    (1099, N'Led Zeppelin', 0),
    (1099, N'Pink Floyd', 0);

IF NOT EXISTS (SELECT 1 FROM [dbo].[QuestionTheme_QTH] WHERE Id_Question = 1099 AND Id_Theme = @ThemeId)
BEGIN
    INSERT INTO [dbo].[QuestionTheme_QTH] ([Id_Question], [Id_Theme]) VALUES (1099, @ThemeId);
END

-- Question 131
SET IDENTITY_INSERT [dbo].[Question_QST] ON;
IF NOT EXISTS (SELECT 1 FROM [dbo].[Question_QST] WHERE Id = 1100)
BEGIN
    INSERT INTO [dbo].[Question_QST] ([Id], [Question], [Id_Difficulty])
    VALUES (1100, N'Quel compositeur a écrit ''Symphonie Inachevée'' ?', 3);
END
SET IDENTITY_INSERT [dbo].[Question_QST] OFF;

INSERT INTO [dbo].[Answer_ANS] ([Id_Question], [Value], [Valid]) VALUES
    (1100, N'Schubert', 1),
    (1100, N'Beethoven', 0),
    (1100, N'Mozart', 0),
    (1100, N'Brahms', 0);

IF NOT EXISTS (SELECT 1 FROM [dbo].[QuestionTheme_QTH] WHERE Id_Question = 1100 AND Id_Theme = @ThemeId)
BEGIN
    INSERT INTO [dbo].[QuestionTheme_QTH] ([Id_Question], [Id_Theme]) VALUES (1100, @ThemeId);
END

-- Question 132
SET IDENTITY_INSERT [dbo].[Question_QST] ON;
IF NOT EXISTS (SELECT 1 FROM [dbo].[Question_QST] WHERE Id = 1101)
BEGIN
    INSERT INTO [dbo].[Question_QST] ([Id], [Question], [Id_Difficulty])
    VALUES (1101, N'Quel musicien est surnommé ''Bird'' dans le jazz ?', 3);
END
SET IDENTITY_INSERT [dbo].[Question_QST] OFF;

INSERT INTO [dbo].[Answer_ANS] ([Id_Question], [Value], [Valid]) VALUES
    (1101, N'Charlie Parker', 1),
    (1101, N'Miles Davis', 0),
    (1101, N'Louis Armstrong', 0),
    (1101, N'Dizzy Gillespie', 0);

IF NOT EXISTS (SELECT 1 FROM [dbo].[QuestionTheme_QTH] WHERE Id_Question = 1101 AND Id_Theme = @ThemeId)
BEGIN
    INSERT INTO [dbo].[QuestionTheme_QTH] ([Id_Question], [Id_Theme]) VALUES (1101, @ThemeId);
END

-- Question 133
SET IDENTITY_INSERT [dbo].[Question_QST] ON;
IF NOT EXISTS (SELECT 1 FROM [dbo].[Question_QST] WHERE Id = 1102)
BEGIN
    INSERT INTO [dbo].[Question_QST] ([Id], [Question], [Id_Difficulty])
    VALUES (1102, N'Quel compositeur français est célèbre pour ''Boléro'' ?', 3);
END
SET IDENTITY_INSERT [dbo].[Question_QST] OFF;

INSERT INTO [dbo].[Answer_ANS] ([Id_Question], [Value], [Valid]) VALUES
    (1102, N'Ravel', 1),
    (1102, N'Debussy', 0),
    (1102, N'Saint-Saëns', 0),
    (1102, N'Faure', 0);

IF NOT EXISTS (SELECT 1 FROM [dbo].[QuestionTheme_QTH] WHERE Id_Question = 1102 AND Id_Theme = @ThemeId)
BEGIN
    INSERT INTO [dbo].[QuestionTheme_QTH] ([Id_Question], [Id_Theme]) VALUES (1102, @ThemeId);
END

-- Question 134
SET IDENTITY_INSERT [dbo].[Question_QST] ON;
IF NOT EXISTS (SELECT 1 FROM [dbo].[Question_QST] WHERE Id = 1103)
BEGIN
    INSERT INTO [dbo].[Question_QST] ([Id], [Question], [Id_Difficulty])
    VALUES (1103, N'Quel groupe a sorti l’album ''Physical Graffiti'' ?', 3);
END
SET IDENTITY_INSERT [dbo].[Question_QST] OFF;

INSERT INTO [dbo].[Answer_ANS] ([Id_Question], [Value], [Valid]) VALUES
    (1103, N'Led Zeppelin', 1),
    (1103, N'Queen', 0),
    (1103, N'Pink Floyd', 0),
    (1103, N'The Rolling Stones', 0);

IF NOT EXISTS (SELECT 1 FROM [dbo].[QuestionTheme_QTH] WHERE Id_Question = 1103 AND Id_Theme = @ThemeId)
BEGIN
    INSERT INTO [dbo].[QuestionTheme_QTH] ([Id_Question], [Id_Theme]) VALUES (1103, @ThemeId);
END

-- Question 135
SET IDENTITY_INSERT [dbo].[Question_QST] ON;
IF NOT EXISTS (SELECT 1 FROM [dbo].[Question_QST] WHERE Id = 1104)
BEGIN
    INSERT INTO [dbo].[Question_QST] ([Id], [Question], [Id_Difficulty])
    VALUES (1104, N'Quel compositeur est connu pour ses symphonies numérotées et concertos pour piano ?', 3);
END
SET IDENTITY_INSERT [dbo].[Question_QST] OFF;

INSERT INTO [dbo].[Answer_ANS] ([Id_Question], [Value], [Valid]) VALUES
    (1104, N'Beethoven', 1),
    (1104, N'Mozart', 0),
    (1104, N'Chopin', 0),
    (1104, N'Bach', 0);

IF NOT EXISTS (SELECT 1 FROM [dbo].[QuestionTheme_QTH] WHERE Id_Question = 1104 AND Id_Theme = @ThemeId)
BEGIN
    INSERT INTO [dbo].[QuestionTheme_QTH] ([Id_Question], [Id_Theme]) VALUES (1104, @ThemeId);
END

-- Question 136
SET IDENTITY_INSERT [dbo].[Question_QST] ON;
IF NOT EXISTS (SELECT 1 FROM [dbo].[Question_QST] WHERE Id = 1105)
BEGIN
    INSERT INTO [dbo].[Question_QST] ([Id], [Question], [Id_Difficulty])
    VALUES (1105, N'Quel groupe a popularisé le grunge avec l’album ''In Utero'' ?', 3);
END
SET IDENTITY_INSERT [dbo].[Question_QST] OFF;

INSERT INTO [dbo].[Answer_ANS] ([Id_Question], [Value], [Valid]) VALUES
    (1105, N'Nirvana', 1),
    (1105, N'Pearl Jam', 0),
    (1105, N'Soundgarden', 0),
    (1105, N'Alice in Chains', 0);

IF NOT EXISTS (SELECT 1 FROM [dbo].[QuestionTheme_QTH] WHERE Id_Question = 1105 AND Id_Theme = @ThemeId)
BEGIN
    INSERT INTO [dbo].[QuestionTheme_QTH] ([Id_Question], [Id_Theme]) VALUES (1105, @ThemeId);
END

-- Question 137
SET IDENTITY_INSERT [dbo].[Question_QST] ON;
IF NOT EXISTS (SELECT 1 FROM [dbo].[Question_QST] WHERE Id = 1106)
BEGIN
    INSERT INTO [dbo].[Question_QST] ([Id], [Question], [Id_Difficulty])
    VALUES (1106, N'Quel compositeur est célèbre pour ''Les Danses Polovtsiennes'' ?', 3);
END
SET IDENTITY_INSERT [dbo].[Question_QST] OFF;

INSERT INTO [dbo].[Answer_ANS] ([Id_Question], [Value], [Valid]) VALUES
    (1106, N'Borodine', 1),
    (1106, N'Tchaïkovski', 0),
    (1106, N'Rimsky-Korsakov', 0),
    (1106, N'Mussorgsky', 0);

IF NOT EXISTS (SELECT 1 FROM [dbo].[QuestionTheme_QTH] WHERE Id_Question = 1106 AND Id_Theme = @ThemeId)
BEGIN
    INSERT INTO [dbo].[QuestionTheme_QTH] ([Id_Question], [Id_Theme]) VALUES (1106, @ThemeId);
END

-- Question 138
SET IDENTITY_INSERT [dbo].[Question_QST] ON;
IF NOT EXISTS (SELECT 1 FROM [dbo].[Question_QST] WHERE Id = 1107)
BEGIN
    INSERT INTO [dbo].[Question_QST] ([Id], [Question], [Id_Difficulty])
    VALUES (1107, N'Quel groupe britannique a popularisé le heavy metal avec l’album ''Machine Head'' ?', 3);
END
SET IDENTITY_INSERT [dbo].[Question_QST] OFF;

INSERT INTO [dbo].[Answer_ANS] ([Id_Question], [Value], [Valid]) VALUES
    (1107, N'Deep Purple', 1),
    (1107, N'Led Zeppelin', 0),
    (1107, N'Black Sabbath', 0),
    (1107, N'Iron Maiden', 0);

IF NOT EXISTS (SELECT 1 FROM [dbo].[QuestionTheme_QTH] WHERE Id_Question = 1107 AND Id_Theme = @ThemeId)
BEGIN
    INSERT INTO [dbo].[QuestionTheme_QTH] ([Id_Question], [Id_Theme]) VALUES (1107, @ThemeId);
END

-- Question 139
SET IDENTITY_INSERT [dbo].[Question_QST] ON;
IF NOT EXISTS (SELECT 1 FROM [dbo].[Question_QST] WHERE Id = 1108)
BEGIN
    INSERT INTO [dbo].[Question_QST] ([Id], [Question], [Id_Difficulty])
    VALUES (1108, N'Quel compositeur est célèbre pour ''Clair de Lune'' ?', 3);
END
SET IDENTITY_INSERT [dbo].[Question_QST] OFF;

INSERT INTO [dbo].[Answer_ANS] ([Id_Question], [Value], [Valid]) VALUES
    (1108, N'Debussy', 1),
    (1108, N'Ravel', 0),
    (1108, N'Chopin', 0),
    (1108, N'Satie', 0);

IF NOT EXISTS (SELECT 1 FROM [dbo].[QuestionTheme_QTH] WHERE Id_Question = 1108 AND Id_Theme = @ThemeId)
BEGIN
    INSERT INTO [dbo].[QuestionTheme_QTH] ([Id_Question], [Id_Theme]) VALUES (1108, @ThemeId);
END

-- Question 140
SET IDENTITY_INSERT [dbo].[Question_QST] ON;
IF NOT EXISTS (SELECT 1 FROM [dbo].[Question_QST] WHERE Id = 1109)
BEGIN
    INSERT INTO [dbo].[Question_QST] ([Id], [Question], [Id_Difficulty])
    VALUES (1109, N'Quel groupe a sorti l’album ''Aqualung'' ?', 3);
END
SET IDENTITY_INSERT [dbo].[Question_QST] OFF;

INSERT INTO [dbo].[Answer_ANS] ([Id_Question], [Value], [Valid]) VALUES
    (1109, N'Jethro Tull', 1),
    (1109, N'Yes', 0),
    (1109, N'King Crimson', 0),
    (1109, N'Genesis', 0);

IF NOT EXISTS (SELECT 1 FROM [dbo].[QuestionTheme_QTH] WHERE Id_Question = 1109 AND Id_Theme = @ThemeId)
BEGIN
    INSERT INTO [dbo].[QuestionTheme_QTH] ([Id_Question], [Id_Theme]) VALUES (1109, @ThemeId);
END

-- Question 141
SET IDENTITY_INSERT [dbo].[Question_QST] ON;
IF NOT EXISTS (SELECT 1 FROM [dbo].[Question_QST] WHERE Id = 1110)
BEGIN
    INSERT INTO [dbo].[Question_QST] ([Id], [Question], [Id_Difficulty])
    VALUES (1110, N'Quel compositeur italien est célèbre pour l’opéra ''Tosca'' ?', 3);
END
SET IDENTITY_INSERT [dbo].[Question_QST] OFF;

INSERT INTO [dbo].[Answer_ANS] ([Id_Question], [Value], [Valid]) VALUES
    (1110, N'Puccini', 1),
    (1110, N'Verdi', 0),
    (1110, N'Rossini', 0),
    (1110, N'Donizetti', 0);

IF NOT EXISTS (SELECT 1 FROM [dbo].[QuestionTheme_QTH] WHERE Id_Question = 1110 AND Id_Theme = @ThemeId)
BEGIN
    INSERT INTO [dbo].[QuestionTheme_QTH] ([Id_Question], [Id_Theme]) VALUES (1110, @ThemeId);
END

-- Question 142
SET IDENTITY_INSERT [dbo].[Question_QST] ON;
IF NOT EXISTS (SELECT 1 FROM [dbo].[Question_QST] WHERE Id = 1111)
BEGIN
    INSERT INTO [dbo].[Question_QST] ([Id], [Question], [Id_Difficulty])
    VALUES (1111, N'Quel musicien a popularisé le cool jazz avec l’album ''Birth of the Cool'' ?', 3);
END
SET IDENTITY_INSERT [dbo].[Question_QST] OFF;

INSERT INTO [dbo].[Answer_ANS] ([Id_Question], [Value], [Valid]) VALUES
    (1111, N'Miles Davis', 1),
    (1111, N'John Coltrane', 0),
    (1111, N'Charlie Parker', 0),
    (1111, N'Chet Baker', 0);

IF NOT EXISTS (SELECT 1 FROM [dbo].[QuestionTheme_QTH] WHERE Id_Question = 1111 AND Id_Theme = @ThemeId)
BEGIN
    INSERT INTO [dbo].[QuestionTheme_QTH] ([Id_Question], [Id_Theme]) VALUES (1111, @ThemeId);
END

-- Question 143
SET IDENTITY_INSERT [dbo].[Question_QST] ON;
IF NOT EXISTS (SELECT 1 FROM [dbo].[Question_QST] WHERE Id = 1112)
BEGIN
    INSERT INTO [dbo].[Question_QST] ([Id], [Question], [Id_Difficulty])
    VALUES (1112, N'Quel groupe a popularisé le prog rock avec l’album ''Fragile'' ?', 3);
END
SET IDENTITY_INSERT [dbo].[Question_QST] OFF;

INSERT INTO [dbo].[Answer_ANS] ([Id_Question], [Value], [Valid]) VALUES
    (1112, N'Yes', 1),
    (1112, N'Genesis', 0),
    (1112, N'King Crimson', 0),
    (1112, N'Pink Floyd', 0);

IF NOT EXISTS (SELECT 1 FROM [dbo].[QuestionTheme_QTH] WHERE Id_Question = 1112 AND Id_Theme = @ThemeId)
BEGIN
    INSERT INTO [dbo].[QuestionTheme_QTH] ([Id_Question], [Id_Theme]) VALUES (1112, @ThemeId);
END

-- Question 144
SET IDENTITY_INSERT [dbo].[Question_QST] ON;
IF NOT EXISTS (SELECT 1 FROM [dbo].[Question_QST] WHERE Id = 1113)
BEGIN
    INSERT INTO [dbo].[Question_QST] ([Id], [Question], [Id_Difficulty])
    VALUES (1113, N'Quel compositeur russe a écrit ''Le Lac des Cygnes'' ?', 3);
END
SET IDENTITY_INSERT [dbo].[Question_QST] OFF;

INSERT INTO [dbo].[Answer_ANS] ([Id_Question], [Value], [Valid]) VALUES
    (1113, N'Tchaïkovski', 1),
    (1113, N'Rimsky-Korsakov', 0),
    (1113, N'Borodine', 0),
    (1113, N'Mussorgsky', 0);

IF NOT EXISTS (SELECT 1 FROM [dbo].[QuestionTheme_QTH] WHERE Id_Question = 1113 AND Id_Theme = @ThemeId)
BEGIN
    INSERT INTO [dbo].[QuestionTheme_QTH] ([Id_Question], [Id_Theme]) VALUES (1113, @ThemeId);
END

-- Question 145
SET IDENTITY_INSERT [dbo].[Question_QST] ON;
IF NOT EXISTS (SELECT 1 FROM [dbo].[Question_QST] WHERE Id = 1114)
BEGIN
    INSERT INTO [dbo].[Question_QST] ([Id], [Question], [Id_Difficulty])
    VALUES (1114, N'Quel groupe a sorti ''Selling England by the Pound'' ?', 3);
END
SET IDENTITY_INSERT [dbo].[Question_QST] OFF;

INSERT INTO [dbo].[Answer_ANS] ([Id_Question], [Value], [Valid]) VALUES
    (1114, N'Genesis', 1),
    (1114, N'Yes', 0),
    (1114, N'King Crimson', 0),
    (1114, N'Pink Floyd', 0);

IF NOT EXISTS (SELECT 1 FROM [dbo].[QuestionTheme_QTH] WHERE Id_Question = 1114 AND Id_Theme = @ThemeId)
BEGIN
    INSERT INTO [dbo].[QuestionTheme_QTH] ([Id_Question], [Id_Theme]) VALUES (1114, @ThemeId);
END

-- Question 146
SET IDENTITY_INSERT [dbo].[Question_QST] ON;
IF NOT EXISTS (SELECT 1 FROM [dbo].[Question_QST] WHERE Id = 1115)
BEGIN
    INSERT INTO [dbo].[Question_QST] ([Id], [Question], [Id_Difficulty])
    VALUES (1115, N'Quel compositeur est célèbre pour ses opéras baroques comme ''Rinaldo'' ?', 3);
END
SET IDENTITY_INSERT [dbo].[Question_QST] OFF;

INSERT INTO [dbo].[Answer_ANS] ([Id_Question], [Value], [Valid]) VALUES
    (1115, N'Haendel', 1),
    (1115, N'Vivaldi', 0),
    (1115, N'Bach', 0),
    (1115, N'Telemann', 0);

IF NOT EXISTS (SELECT 1 FROM [dbo].[QuestionTheme_QTH] WHERE Id_Question = 1115 AND Id_Theme = @ThemeId)
BEGIN
    INSERT INTO [dbo].[QuestionTheme_QTH] ([Id_Question], [Id_Theme]) VALUES (1115, @ThemeId);
END

-- Question 147
SET IDENTITY_INSERT [dbo].[Question_QST] ON;
IF NOT EXISTS (SELECT 1 FROM [dbo].[Question_QST] WHERE Id = 1116)
BEGIN
    INSERT INTO [dbo].[Question_QST] ([Id], [Question], [Id_Difficulty])
    VALUES (1116, N'Quel groupe a popularisé le glam rock avec l’album ''Sheer Heart Attack'' ?', 3);
END
SET IDENTITY_INSERT [dbo].[Question_QST] OFF;

INSERT INTO [dbo].[Answer_ANS] ([Id_Question], [Value], [Valid]) VALUES
    (1116, N'Queen', 1),
    (1116, N'David Bowie', 0),
    (1116, N'Kiss', 0),
    (1116, N'T. Rex', 0);

IF NOT EXISTS (SELECT 1 FROM [dbo].[QuestionTheme_QTH] WHERE Id_Question = 1116 AND Id_Theme = @ThemeId)
BEGIN
    INSERT INTO [dbo].[QuestionTheme_QTH] ([Id_Question], [Id_Theme]) VALUES (1116, @ThemeId);
END

-- Question 148
SET IDENTITY_INSERT [dbo].[Question_QST] ON;
IF NOT EXISTS (SELECT 1 FROM [dbo].[Question_QST] WHERE Id = 1117)
BEGIN
    INSERT INTO [dbo].[Question_QST] ([Id], [Question], [Id_Difficulty])
    VALUES (1117, N'Quel compositeur français a écrit ''Prélude à l’après-midi d’un faune'' ?', 3);
END
SET IDENTITY_INSERT [dbo].[Question_QST] OFF;

INSERT INTO [dbo].[Answer_ANS] ([Id_Question], [Value], [Valid]) VALUES
    (1117, N'Debussy', 1),
    (1117, N'Ravel', 0),
    (1117, N'Saint-Saëns', 0),
    (1117, N'Satie', 0);

IF NOT EXISTS (SELECT 1 FROM [dbo].[QuestionTheme_QTH] WHERE Id_Question = 1117 AND Id_Theme = @ThemeId)
BEGIN
    INSERT INTO [dbo].[QuestionTheme_QTH] ([Id_Question], [Id_Theme]) VALUES (1117, @ThemeId);
END

-- Question 149
SET IDENTITY_INSERT [dbo].[Question_QST] ON;
IF NOT EXISTS (SELECT 1 FROM [dbo].[Question_QST] WHERE Id = 1118)
BEGIN
    INSERT INTO [dbo].[Question_QST] ([Id], [Question], [Id_Difficulty])
    VALUES (1118, N'Quel compositeur baroque a écrit les ''Suites pour violoncelle seul'' ?', 4);
END
SET IDENTITY_INSERT [dbo].[Question_QST] OFF;

INSERT INTO [dbo].[Answer_ANS] ([Id_Question], [Value], [Valid]) VALUES
    (1118, N'Bach', 1),
    (1118, N'Vivaldi', 0),
    (1118, N'Handel', 0),
    (1118, N'Telemann', 0);

IF NOT EXISTS (SELECT 1 FROM [dbo].[QuestionTheme_QTH] WHERE Id_Question = 1118 AND Id_Theme = @ThemeId)
BEGIN
    INSERT INTO [dbo].[QuestionTheme_QTH] ([Id_Question], [Id_Theme]) VALUES (1118, @ThemeId);
END

-- Question 150
SET IDENTITY_INSERT [dbo].[Question_QST] ON;
IF NOT EXISTS (SELECT 1 FROM [dbo].[Question_QST] WHERE Id = 1119)
BEGIN
    INSERT INTO [dbo].[Question_QST] ([Id], [Question], [Id_Difficulty])
    VALUES (1119, N'Quel groupe est considéré comme pionnier du rock progressif avec l’album ''Red'' ?', 4);
END
SET IDENTITY_INSERT [dbo].[Question_QST] OFF;

INSERT INTO [dbo].[Answer_ANS] ([Id_Question], [Value], [Valid]) VALUES
    (1119, N'King Crimson', 1),
    (1119, N'Yes', 0),
    (1119, N'Genesis', 0),
    (1119, N'Pink Floyd', 0);

IF NOT EXISTS (SELECT 1 FROM [dbo].[QuestionTheme_QTH] WHERE Id_Question = 1119 AND Id_Theme = @ThemeId)
BEGIN
    INSERT INTO [dbo].[QuestionTheme_QTH] ([Id_Question], [Id_Theme]) VALUES (1119, @ThemeId);
END

-- Question 151
SET IDENTITY_INSERT [dbo].[Question_QST] ON;
IF NOT EXISTS (SELECT 1 FROM [dbo].[Question_QST] WHERE Id = 1120)
BEGIN
    INSERT INTO [dbo].[Question_QST] ([Id], [Question], [Id_Difficulty])
    VALUES (1120, N'Quel compositeur a écrit la ''Symphonie Jupiter'' ?', 4);
END
SET IDENTITY_INSERT [dbo].[Question_QST] OFF;

INSERT INTO [dbo].[Answer_ANS] ([Id_Question], [Value], [Valid]) VALUES
    (1120, N'Mozart', 1),
    (1120, N'Haydn', 0),
    (1120, N'Beethoven', 0),
    (1120, N'Brahms', 0);

IF NOT EXISTS (SELECT 1 FROM [dbo].[QuestionTheme_QTH] WHERE Id_Question = 1120 AND Id_Theme = @ThemeId)
BEGIN
    INSERT INTO [dbo].[QuestionTheme_QTH] ([Id_Question], [Id_Theme]) VALUES (1120, @ThemeId);
END

-- Question 152
SET IDENTITY_INSERT [dbo].[Question_QST] ON;
IF NOT EXISTS (SELECT 1 FROM [dbo].[Question_QST] WHERE Id = 1121)
BEGIN
    INSERT INTO [dbo].[Question_QST] ([Id], [Question], [Id_Difficulty])
    VALUES (1121, N'Quel compositeur français est célèbre pour ''Daphnis et Chloé'' ?', 4);
END
SET IDENTITY_INSERT [dbo].[Question_QST] OFF;

INSERT INTO [dbo].[Answer_ANS] ([Id_Question], [Value], [Valid]) VALUES
    (1121, N'Ravel', 1),
    (1121, N'Debussy', 0),
    (1121, N'Saint-Saëns', 0),
    (1121, N'Satie', 0);

IF NOT EXISTS (SELECT 1 FROM [dbo].[QuestionTheme_QTH] WHERE Id_Question = 1121 AND Id_Theme = @ThemeId)
BEGIN
    INSERT INTO [dbo].[QuestionTheme_QTH] ([Id_Question], [Id_Theme]) VALUES (1121, @ThemeId);
END

-- Question 153
SET IDENTITY_INSERT [dbo].[Question_QST] ON;
IF NOT EXISTS (SELECT 1 FROM [dbo].[Question_QST] WHERE Id = 1122)
BEGIN
    INSERT INTO [dbo].[Question_QST] ([Id], [Question], [Id_Difficulty])
    VALUES (1122, N'Quel groupe a popularisé le punk rock avec l’album ''Never Mind the Bollocks'' ?', 4);
END
SET IDENTITY_INSERT [dbo].[Question_QST] OFF;

INSERT INTO [dbo].[Answer_ANS] ([Id_Question], [Value], [Valid]) VALUES
    (1122, N'Sex Pistols', 1),
    (1122, N'The Clash', 0),
    (1122, N'Ramones', 0),
    (1122, N'The Damned', 0);

IF NOT EXISTS (SELECT 1 FROM [dbo].[QuestionTheme_QTH] WHERE Id_Question = 1122 AND Id_Theme = @ThemeId)
BEGIN
    INSERT INTO [dbo].[QuestionTheme_QTH] ([Id_Question], [Id_Theme]) VALUES (1122, @ThemeId);
END

-- Question 154
SET IDENTITY_INSERT [dbo].[Question_QST] ON;
IF NOT EXISTS (SELECT 1 FROM [dbo].[Question_QST] WHERE Id = 1123)
BEGIN
    INSERT INTO [dbo].[Question_QST] ([Id], [Question], [Id_Difficulty])
    VALUES (1123, N'Quel compositeur romantique a écrit ''Fantaisie-Impromptu'' ?', 4);
END
SET IDENTITY_INSERT [dbo].[Question_QST] OFF;

INSERT INTO [dbo].[Answer_ANS] ([Id_Question], [Value], [Valid]) VALUES
    (1123, N'Chopin', 1),
    (1123, N'Liszt', 0),
    (1123, N'Schumann', 0),
    (1123, N'Brahms', 0);

IF NOT EXISTS (SELECT 1 FROM [dbo].[QuestionTheme_QTH] WHERE Id_Question = 1123 AND Id_Theme = @ThemeId)
BEGIN
    INSERT INTO [dbo].[QuestionTheme_QTH] ([Id_Question], [Id_Theme]) VALUES (1123, @ThemeId);
END

-- Question 155
SET IDENTITY_INSERT [dbo].[Question_QST] ON;
IF NOT EXISTS (SELECT 1 FROM [dbo].[Question_QST] WHERE Id = 1124)
BEGIN
    INSERT INTO [dbo].[Question_QST] ([Id], [Question], [Id_Difficulty])
    VALUES (1124, N'Quel groupe a sorti l’album concept ''Tommy'' ?', 4);
END
SET IDENTITY_INSERT [dbo].[Question_QST] OFF;

INSERT INTO [dbo].[Answer_ANS] ([Id_Question], [Value], [Valid]) VALUES
    (1124, N'The Who', 1),
    (1124, N'Pink Floyd', 0),
    (1124, N'Genesis', 0),
    (1124, N'King Crimson', 0);

IF NOT EXISTS (SELECT 1 FROM [dbo].[QuestionTheme_QTH] WHERE Id_Question = 1124 AND Id_Theme = @ThemeId)
BEGIN
    INSERT INTO [dbo].[QuestionTheme_QTH] ([Id_Question], [Id_Theme]) VALUES (1124, @ThemeId);
END

-- Question 156
SET IDENTITY_INSERT [dbo].[Question_QST] ON;
IF NOT EXISTS (SELECT 1 FROM [dbo].[Question_QST] WHERE Id = 1125)
BEGIN
    INSERT INTO [dbo].[Question_QST] ([Id], [Question], [Id_Difficulty])
    VALUES (1125, N'Quel compositeur russe a écrit ''Chostakovitch Symphony No.5'' ?', 4);
END
SET IDENTITY_INSERT [dbo].[Question_QST] OFF;

INSERT INTO [dbo].[Answer_ANS] ([Id_Question], [Value], [Valid]) VALUES
    (1125, N'Chostakovitch', 1),
    (1125, N'Prokofiev', 0),
    (1125, N'Rimsky-Korsakov', 0),
    (1125, N'Borodine', 0);

IF NOT EXISTS (SELECT 1 FROM [dbo].[QuestionTheme_QTH] WHERE Id_Question = 1125 AND Id_Theme = @ThemeId)
BEGIN
    INSERT INTO [dbo].[QuestionTheme_QTH] ([Id_Question], [Id_Theme]) VALUES (1125, @ThemeId);
END

-- Question 157
SET IDENTITY_INSERT [dbo].[Question_QST] ON;
IF NOT EXISTS (SELECT 1 FROM [dbo].[Question_QST] WHERE Id = 1126)
BEGIN
    INSERT INTO [dbo].[Question_QST] ([Id], [Question], [Id_Difficulty])
    VALUES (1126, N'Quel groupe britannique a popularisé le glam rock avec l’album ''Diamond Dogs'' ?', 4);
END
SET IDENTITY_INSERT [dbo].[Question_QST] OFF;

INSERT INTO [dbo].[Answer_ANS] ([Id_Question], [Value], [Valid]) VALUES
    (1126, N'David Bowie', 1),
    (1126, N'Queen', 0),
    (1126, N'Kiss', 0),
    (1126, N'T. Rex', 0);

IF NOT EXISTS (SELECT 1 FROM [dbo].[QuestionTheme_QTH] WHERE Id_Question = 1126 AND Id_Theme = @ThemeId)
BEGIN
    INSERT INTO [dbo].[QuestionTheme_QTH] ([Id_Question], [Id_Theme]) VALUES (1126, @ThemeId);
END

-- Question 158
SET IDENTITY_INSERT [dbo].[Question_QST] ON;
IF NOT EXISTS (SELECT 1 FROM [dbo].[Question_QST] WHERE Id = 1127)
BEGIN
    INSERT INTO [dbo].[Question_QST] ([Id], [Question], [Id_Difficulty])
    VALUES (1127, N'Quel compositeur est célèbre pour ''Pierrot Lunaire'' ?', 4);
END
SET IDENTITY_INSERT [dbo].[Question_QST] OFF;

INSERT INTO [dbo].[Answer_ANS] ([Id_Question], [Value], [Valid]) VALUES
    (1127, N'Schoenberg', 1),
    (1127, N'Berg', 0),
    (1127, N'Webern', 0),
    (1127, N'Stravinsky', 0);

IF NOT EXISTS (SELECT 1 FROM [dbo].[QuestionTheme_QTH] WHERE Id_Question = 1127 AND Id_Theme = @ThemeId)
BEGIN
    INSERT INTO [dbo].[QuestionTheme_QTH] ([Id_Question], [Id_Theme]) VALUES (1127, @ThemeId);
END

-- Question 159
SET IDENTITY_INSERT [dbo].[Question_QST] ON;
IF NOT EXISTS (SELECT 1 FROM [dbo].[Question_QST] WHERE Id = 1128)
BEGIN
    INSERT INTO [dbo].[Question_QST] ([Id], [Question], [Id_Difficulty])
    VALUES (1128, N'Quel groupe a popularisé le prog rock avec l’album ''Foxtrot'' ?', 4);
END
SET IDENTITY_INSERT [dbo].[Question_QST] OFF;

INSERT INTO [dbo].[Answer_ANS] ([Id_Question], [Value], [Valid]) VALUES
    (1128, N'Genesis', 1),
    (1128, N'Yes', 0),
    (1128, N'King Crimson', 0),
    (1128, N'Pink Floyd', 0);

IF NOT EXISTS (SELECT 1 FROM [dbo].[QuestionTheme_QTH] WHERE Id_Question = 1128 AND Id_Theme = @ThemeId)
BEGIN
    INSERT INTO [dbo].[QuestionTheme_QTH] ([Id_Question], [Id_Theme]) VALUES (1128, @ThemeId);
END

-- Question 160
SET IDENTITY_INSERT [dbo].[Question_QST] ON;
IF NOT EXISTS (SELECT 1 FROM [dbo].[Question_QST] WHERE Id = 1129)
BEGIN
    INSERT INTO [dbo].[Question_QST] ([Id], [Question], [Id_Difficulty])
    VALUES (1129, N'Quel compositeur a écrit la cantate ''Jauchzet Gott in allen Landen'' ?', 4);
END
SET IDENTITY_INSERT [dbo].[Question_QST] OFF;

INSERT INTO [dbo].[Answer_ANS] ([Id_Question], [Value], [Valid]) VALUES
    (1129, N'Bach', 1),
    (1129, N'Handel', 0),
    (1129, N'Vivaldi', 0),
    (1129, N'Telemann', 0);

IF NOT EXISTS (SELECT 1 FROM [dbo].[QuestionTheme_QTH] WHERE Id_Question = 1129 AND Id_Theme = @ThemeId)
BEGIN
    INSERT INTO [dbo].[QuestionTheme_QTH] ([Id_Question], [Id_Theme]) VALUES (1129, @ThemeId);
END

-- Question 161
SET IDENTITY_INSERT [dbo].[Question_QST] ON;
IF NOT EXISTS (SELECT 1 FROM [dbo].[Question_QST] WHERE Id = 1130)
BEGIN
    INSERT INTO [dbo].[Question_QST] ([Id], [Question], [Id_Difficulty])
    VALUES (1130, N'Quel groupe a popularisé le rock psychédélique avec ''The Soft Bulletin'' ?', 4);
END
SET IDENTITY_INSERT [dbo].[Question_QST] OFF;

INSERT INTO [dbo].[Answer_ANS] ([Id_Question], [Value], [Valid]) VALUES
    (1130, N'The Flaming Lips', 1),
    (1130, N'King Crimson', 0),
    (1130, N'Pink Floyd', 0),
    (1130, N'Yes', 0);

IF NOT EXISTS (SELECT 1 FROM [dbo].[QuestionTheme_QTH] WHERE Id_Question = 1130 AND Id_Theme = @ThemeId)
BEGIN
    INSERT INTO [dbo].[QuestionTheme_QTH] ([Id_Question], [Id_Theme]) VALUES (1130, @ThemeId);
END

-- Question 162
SET IDENTITY_INSERT [dbo].[Question_QST] ON;
IF NOT EXISTS (SELECT 1 FROM [dbo].[Question_QST] WHERE Id = 1131)
BEGIN
    INSERT INTO [dbo].[Question_QST] ([Id], [Question], [Id_Difficulty])
    VALUES (1131, N'Quel compositeur est célèbre pour ses opéras ''Idomeneo'' et ''Don Giovanni'' ?', 4);
END
SET IDENTITY_INSERT [dbo].[Question_QST] OFF;

INSERT INTO [dbo].[Answer_ANS] ([Id_Question], [Value], [Valid]) VALUES
    (1131, N'Mozart', 1),
    (1131, N'Beethoven', 0),
    (1131, N'Haydn', 0),
    (1131, N'Rossini', 0);

IF NOT EXISTS (SELECT 1 FROM [dbo].[QuestionTheme_QTH] WHERE Id_Question = 1131 AND Id_Theme = @ThemeId)
BEGIN
    INSERT INTO [dbo].[QuestionTheme_QTH] ([Id_Question], [Id_Theme]) VALUES (1131, @ThemeId);
END

-- Question 163
SET IDENTITY_INSERT [dbo].[Question_QST] ON;
IF NOT EXISTS (SELECT 1 FROM [dbo].[Question_QST] WHERE Id = 1132)
BEGIN
    INSERT INTO [dbo].[Question_QST] ([Id], [Question], [Id_Difficulty])
    VALUES (1132, N'Quel groupe a sorti ''Animals'' inspiré de George Orwell ?', 4);
END
SET IDENTITY_INSERT [dbo].[Question_QST] OFF;

INSERT INTO [dbo].[Answer_ANS] ([Id_Question], [Value], [Valid]) VALUES
    (1132, N'Pink Floyd', 1),
    (1132, N'Queen', 0),
    (1132, N'Led Zeppelin', 0),
    (1132, N'Genesis', 0);

IF NOT EXISTS (SELECT 1 FROM [dbo].[QuestionTheme_QTH] WHERE Id_Question = 1132 AND Id_Theme = @ThemeId)
BEGIN
    INSERT INTO [dbo].[QuestionTheme_QTH] ([Id_Question], [Id_Theme]) VALUES (1132, @ThemeId);
END

-- Question 164
SET IDENTITY_INSERT [dbo].[Question_QST] ON;
IF NOT EXISTS (SELECT 1 FROM [dbo].[Question_QST] WHERE Id = 1133)
BEGIN
    INSERT INTO [dbo].[Question_QST] ([Id], [Question], [Id_Difficulty])
    VALUES (1133, N'Quel compositeur a écrit la ''Symphonie en ré mineur'' surnommée ''Inachevée'' ?', 4);
END
SET IDENTITY_INSERT [dbo].[Question_QST] OFF;

INSERT INTO [dbo].[Answer_ANS] ([Id_Question], [Value], [Valid]) VALUES
    (1133, N'Schubert', 1),
    (1133, N'Beethoven', 0),
    (1133, N'Mozart', 0),
    (1133, N'Brahms', 0);

IF NOT EXISTS (SELECT 1 FROM [dbo].[QuestionTheme_QTH] WHERE Id_Question = 1133 AND Id_Theme = @ThemeId)
BEGIN
    INSERT INTO [dbo].[QuestionTheme_QTH] ([Id_Question], [Id_Theme]) VALUES (1133, @ThemeId);
END

-- Question 165
SET IDENTITY_INSERT [dbo].[Question_QST] ON;
IF NOT EXISTS (SELECT 1 FROM [dbo].[Question_QST] WHERE Id = 1134)
BEGIN
    INSERT INTO [dbo].[Question_QST] ([Id], [Question], [Id_Difficulty])
    VALUES (1134, N'Quel groupe a popularisé le heavy metal avec l’album ''Master of Puppets'' ?', 4);
END
SET IDENTITY_INSERT [dbo].[Question_QST] OFF;

INSERT INTO [dbo].[Answer_ANS] ([Id_Question], [Value], [Valid]) VALUES
    (1134, N'Metallica', 1),
    (1134, N'Iron Maiden', 0),
    (1134, N'Black Sabbath', 0),
    (1134, N'Judas Priest', 0);

IF NOT EXISTS (SELECT 1 FROM [dbo].[QuestionTheme_QTH] WHERE Id_Question = 1134 AND Id_Theme = @ThemeId)
BEGIN
    INSERT INTO [dbo].[QuestionTheme_QTH] ([Id_Question], [Id_Theme]) VALUES (1134, @ThemeId);
END

-- Question 166
SET IDENTITY_INSERT [dbo].[Question_QST] ON;
IF NOT EXISTS (SELECT 1 FROM [dbo].[Question_QST] WHERE Id = 1135)
BEGIN
    INSERT INTO [dbo].[Question_QST] ([Id], [Question], [Id_Difficulty])
    VALUES (1135, N'Quel compositeur est célèbre pour la ''Rhapsodie sur un thème de Paganini'' ?', 4);
END
SET IDENTITY_INSERT [dbo].[Question_QST] OFF;

INSERT INTO [dbo].[Answer_ANS] ([Id_Question], [Value], [Valid]) VALUES
    (1135, N'Rachmaninov', 1),
    (1135, N'Chopin', 0),
    (1135, N'Liszt', 0),
    (1135, N'Beethoven', 0);

IF NOT EXISTS (SELECT 1 FROM [dbo].[QuestionTheme_QTH] WHERE Id_Question = 1135 AND Id_Theme = @ThemeId)
BEGIN
    INSERT INTO [dbo].[QuestionTheme_QTH] ([Id_Question], [Id_Theme]) VALUES (1135, @ThemeId);
END

-- Question 167
SET IDENTITY_INSERT [dbo].[Question_QST] ON;
IF NOT EXISTS (SELECT 1 FROM [dbo].[Question_QST] WHERE Id = 1136)
BEGIN
    INSERT INTO [dbo].[Question_QST] ([Id], [Question], [Id_Difficulty])
    VALUES (1136, N'Quel groupe a sorti ''Selling England by the Pound'' ?', 4);
END
SET IDENTITY_INSERT [dbo].[Question_QST] OFF;

INSERT INTO [dbo].[Answer_ANS] ([Id_Question], [Value], [Valid]) VALUES
    (1136, N'Genesis', 1),
    (1136, N'Yes', 0),
    (1136, N'King Crimson', 0),
    (1136, N'Pink Floyd', 0);

IF NOT EXISTS (SELECT 1 FROM [dbo].[QuestionTheme_QTH] WHERE Id_Question = 1136 AND Id_Theme = @ThemeId)
BEGIN
    INSERT INTO [dbo].[QuestionTheme_QTH] ([Id_Question], [Id_Theme]) VALUES (1136, @ThemeId);
END

-- Question 168
SET IDENTITY_INSERT [dbo].[Question_QST] ON;
IF NOT EXISTS (SELECT 1 FROM [dbo].[Question_QST] WHERE Id = 1137)
BEGIN
    INSERT INTO [dbo].[Question_QST] ([Id], [Question], [Id_Difficulty])
    VALUES (1137, N'Quel compositeur italien est célèbre pour ses opéras ''Il Trovatore'' et ''Rigoletto'' ?', 4);
END
SET IDENTITY_INSERT [dbo].[Question_QST] OFF;

INSERT INTO [dbo].[Answer_ANS] ([Id_Question], [Value], [Valid]) VALUES
    (1137, N'Verdi', 1),
    (1137, N'Puccini', 0),
    (1137, N'Rossini', 0),
    (1137, N'Donizetti', 0);

IF NOT EXISTS (SELECT 1 FROM [dbo].[QuestionTheme_QTH] WHERE Id_Question = 1137 AND Id_Theme = @ThemeId)
BEGIN
    INSERT INTO [dbo].[QuestionTheme_QTH] ([Id_Question], [Id_Theme]) VALUES (1137, @ThemeId);
END

-- Question 169
SET IDENTITY_INSERT [dbo].[Question_QST] ON;
IF NOT EXISTS (SELECT 1 FROM [dbo].[Question_QST] WHERE Id = 1138)
BEGIN
    INSERT INTO [dbo].[Question_QST] ([Id], [Question], [Id_Difficulty])
    VALUES (1138, N'Quel groupe a popularisé le glam rock avec l’album ''Kiss Alive!'' ?', 4);
END
SET IDENTITY_INSERT [dbo].[Question_QST] OFF;

INSERT INTO [dbo].[Answer_ANS] ([Id_Question], [Value], [Valid]) VALUES
    (1138, N'Kiss', 1),
    (1138, N'Queen', 0),
    (1138, N'David Bowie', 0),
    (1138, N'T. Rex', 0);

IF NOT EXISTS (SELECT 1 FROM [dbo].[QuestionTheme_QTH] WHERE Id_Question = 1138 AND Id_Theme = @ThemeId)
BEGIN
    INSERT INTO [dbo].[QuestionTheme_QTH] ([Id_Question], [Id_Theme]) VALUES (1138, @ThemeId);
END

-- Question 170
SET IDENTITY_INSERT [dbo].[Question_QST] ON;
IF NOT EXISTS (SELECT 1 FROM [dbo].[Question_QST] WHERE Id = 1139)
BEGIN
    INSERT INTO [dbo].[Question_QST] ([Id], [Question], [Id_Difficulty])
    VALUES (1139, N'Quel compositeur est célèbre pour ''Concerto pour clarinette en la majeur'' ?', 4);
END
SET IDENTITY_INSERT [dbo].[Question_QST] OFF;

INSERT INTO [dbo].[Answer_ANS] ([Id_Question], [Value], [Valid]) VALUES
    (1139, N'Mozart', 1),
    (1139, N'Beethoven', 0),
    (1139, N'Brahms', 0),
    (1139, N'Weber', 0);

IF NOT EXISTS (SELECT 1 FROM [dbo].[QuestionTheme_QTH] WHERE Id_Question = 1139 AND Id_Theme = @ThemeId)
BEGIN
    INSERT INTO [dbo].[QuestionTheme_QTH] ([Id_Question], [Id_Theme]) VALUES (1139, @ThemeId);
END

-- Question 171
SET IDENTITY_INSERT [dbo].[Question_QST] ON;
IF NOT EXISTS (SELECT 1 FROM [dbo].[Question_QST] WHERE Id = 1140)
BEGIN
    INSERT INTO [dbo].[Question_QST] ([Id], [Question], [Id_Difficulty])
    VALUES (1140, N'Quel groupe a popularisé le prog rock avec l’album ''Close to the Edge'' ?', 4);
END
SET IDENTITY_INSERT [dbo].[Question_QST] OFF;

INSERT INTO [dbo].[Answer_ANS] ([Id_Question], [Value], [Valid]) VALUES
    (1140, N'Yes', 1),
    (1140, N'Genesis', 0),
    (1140, N'King Crimson', 0),
    (1140, N'Pink Floyd', 0);

IF NOT EXISTS (SELECT 1 FROM [dbo].[QuestionTheme_QTH] WHERE Id_Question = 1140 AND Id_Theme = @ThemeId)
BEGIN
    INSERT INTO [dbo].[QuestionTheme_QTH] ([Id_Question], [Id_Theme]) VALUES (1140, @ThemeId);
END

-- Question 172
SET IDENTITY_INSERT [dbo].[Question_QST] ON;
IF NOT EXISTS (SELECT 1 FROM [dbo].[Question_QST] WHERE Id = 1141)
BEGIN
    INSERT INTO [dbo].[Question_QST] ([Id], [Question], [Id_Difficulty])
    VALUES (1141, N'Quel compositeur français est célèbre pour ses ''Images pour piano'' ?', 4);
END
SET IDENTITY_INSERT [dbo].[Question_QST] OFF;

INSERT INTO [dbo].[Answer_ANS] ([Id_Question], [Value], [Valid]) VALUES
    (1141, N'Debussy', 1),
    (1141, N'Ravel', 0),
    (1141, N'Satie', 0),
    (1141, N'Saint-Saëns', 0);

IF NOT EXISTS (SELECT 1 FROM [dbo].[QuestionTheme_QTH] WHERE Id_Question = 1141 AND Id_Theme = @ThemeId)
BEGIN
    INSERT INTO [dbo].[QuestionTheme_QTH] ([Id_Question], [Id_Theme]) VALUES (1141, @ThemeId);
END

-- Question 173
SET IDENTITY_INSERT [dbo].[Question_QST] ON;
IF NOT EXISTS (SELECT 1 FROM [dbo].[Question_QST] WHERE Id = 1142)
BEGIN
    INSERT INTO [dbo].[Question_QST] ([Id], [Question], [Id_Difficulty])
    VALUES (1142, N'Quel groupe a sorti ''Hemispheres'' en 1978 ?', 4);
END
SET IDENTITY_INSERT [dbo].[Question_QST] OFF;

INSERT INTO [dbo].[Answer_ANS] ([Id_Question], [Value], [Valid]) VALUES
    (1142, N'Rush', 1),
    (1142, N'Genesis', 0),
    (1142, N'Yes', 0),
    (1142, N'King Crimson', 0);

IF NOT EXISTS (SELECT 1 FROM [dbo].[QuestionTheme_QTH] WHERE Id_Question = 1142 AND Id_Theme = @ThemeId)
BEGIN
    INSERT INTO [dbo].[QuestionTheme_QTH] ([Id_Question], [Id_Theme]) VALUES (1142, @ThemeId);
END

-- Question 174
SET IDENTITY_INSERT [dbo].[Question_QST] ON;
IF NOT EXISTS (SELECT 1 FROM [dbo].[Question_QST] WHERE Id = 1143)
BEGIN
    INSERT INTO [dbo].[Question_QST] ([Id], [Question], [Id_Difficulty])
    VALUES (1143, N'Quel compositeur est célèbre pour son opéra ''Norma'' ?', 4);
END
SET IDENTITY_INSERT [dbo].[Question_QST] OFF;

INSERT INTO [dbo].[Answer_ANS] ([Id_Question], [Value], [Valid]) VALUES
    (1143, N'Bellini', 1),
    (1143, N'Verdi', 0),
    (1143, N'Puccini', 0),
    (1143, N'Donizetti', 0);

IF NOT EXISTS (SELECT 1 FROM [dbo].[QuestionTheme_QTH] WHERE Id_Question = 1143 AND Id_Theme = @ThemeId)
BEGIN
    INSERT INTO [dbo].[QuestionTheme_QTH] ([Id_Question], [Id_Theme]) VALUES (1143, @ThemeId);
END

-- Question 175
SET IDENTITY_INSERT [dbo].[Question_QST] ON;
IF NOT EXISTS (SELECT 1 FROM [dbo].[Question_QST] WHERE Id = 1144)
BEGIN
    INSERT INTO [dbo].[Question_QST] ([Id], [Question], [Id_Difficulty])
    VALUES (1144, N'Quel groupe a popularisé le rock progressif avec ''The Lamb Lies Down on Broadway'' ?', 4);
END
SET IDENTITY_INSERT [dbo].[Question_QST] OFF;

INSERT INTO [dbo].[Answer_ANS] ([Id_Question], [Value], [Valid]) VALUES
    (1144, N'Genesis', 1),
    (1144, N'Yes', 0),
    (1144, N'King Crimson', 0),
    (1144, N'Pink Floyd', 0);

IF NOT EXISTS (SELECT 1 FROM [dbo].[QuestionTheme_QTH] WHERE Id_Question = 1144 AND Id_Theme = @ThemeId)
BEGIN
    INSERT INTO [dbo].[QuestionTheme_QTH] ([Id_Question], [Id_Theme]) VALUES (1144, @ThemeId);
END

-- Question 176
SET IDENTITY_INSERT [dbo].[Question_QST] ON;
IF NOT EXISTS (SELECT 1 FROM [dbo].[Question_QST] WHERE Id = 1145)
BEGIN
    INSERT INTO [dbo].[Question_QST] ([Id], [Question], [Id_Difficulty])
    VALUES (1145, N'Quel compositeur russe est célèbre pour ''Les Danses Symphoniques'' ?', 4);
END
SET IDENTITY_INSERT [dbo].[Question_QST] OFF;

INSERT INTO [dbo].[Answer_ANS] ([Id_Question], [Value], [Valid]) VALUES
    (1145, N'Rimsky-Korsakov', 1),
    (1145, N'Tchaïkovski', 0),
    (1145, N'Borodine', 0),
    (1145, N'Mussorgsky', 0);

IF NOT EXISTS (SELECT 1 FROM [dbo].[QuestionTheme_QTH] WHERE Id_Question = 1145 AND Id_Theme = @ThemeId)
BEGIN
    INSERT INTO [dbo].[QuestionTheme_QTH] ([Id_Question], [Id_Theme]) VALUES (1145, @ThemeId);
END

-- Question 177
SET IDENTITY_INSERT [dbo].[Question_QST] ON;
IF NOT EXISTS (SELECT 1 FROM [dbo].[Question_QST] WHERE Id = 1146)
BEGIN
    INSERT INTO [dbo].[Question_QST] ([Id], [Question], [Id_Difficulty])
    VALUES (1146, N'Quel groupe a sorti l’album ''Trespass'' ?', 4);
END
SET IDENTITY_INSERT [dbo].[Question_QST] OFF;

INSERT INTO [dbo].[Answer_ANS] ([Id_Question], [Value], [Valid]) VALUES
    (1146, N'Genesis', 1),
    (1146, N'Yes', 0),
    (1146, N'King Crimson', 0),
    (1146, N'Pink Floyd', 0);

IF NOT EXISTS (SELECT 1 FROM [dbo].[QuestionTheme_QTH] WHERE Id_Question = 1146 AND Id_Theme = @ThemeId)
BEGIN
    INSERT INTO [dbo].[QuestionTheme_QTH] ([Id_Question], [Id_Theme]) VALUES (1146, @ThemeId);
END

-- Question 178
SET IDENTITY_INSERT [dbo].[Question_QST] ON;
IF NOT EXISTS (SELECT 1 FROM [dbo].[Question_QST] WHERE Id = 1147)
BEGIN
    INSERT INTO [dbo].[Question_QST] ([Id], [Question], [Id_Difficulty])
    VALUES (1147, N'Quel compositeur baroque a écrit ''Water Music'' ?', 4);
END
SET IDENTITY_INSERT [dbo].[Question_QST] OFF;

INSERT INTO [dbo].[Answer_ANS] ([Id_Question], [Value], [Valid]) VALUES
    (1147, N'Haendel', 1),
    (1147, N'Bach', 0),
    (1147, N'Vivaldi', 0),
    (1147, N'Telemann', 0);

IF NOT EXISTS (SELECT 1 FROM [dbo].[QuestionTheme_QTH] WHERE Id_Question = 1147 AND Id_Theme = @ThemeId)
BEGIN
    INSERT INTO [dbo].[QuestionTheme_QTH] ([Id_Question], [Id_Theme]) VALUES (1147, @ThemeId);
END

-- Question 179
SET IDENTITY_INSERT [dbo].[Question_QST] ON;
IF NOT EXISTS (SELECT 1 FROM [dbo].[Question_QST] WHERE Id = 1148)
BEGIN
    INSERT INTO [dbo].[Question_QST] ([Id], [Question], [Id_Difficulty])
    VALUES (1148, N'Quel groupe a popularisé le punk rock avec l’album ''Ramones'' ?', 4);
END
SET IDENTITY_INSERT [dbo].[Question_QST] OFF;

INSERT INTO [dbo].[Answer_ANS] ([Id_Question], [Value], [Valid]) VALUES
    (1148, N'Ramones', 1),
    (1148, N'Sex Pistols', 0),
    (1148, N'The Clash', 0),
    (1148, N'The Damned', 0);

IF NOT EXISTS (SELECT 1 FROM [dbo].[QuestionTheme_QTH] WHERE Id_Question = 1148 AND Id_Theme = @ThemeId)
BEGIN
    INSERT INTO [dbo].[QuestionTheme_QTH] ([Id_Question], [Id_Theme]) VALUES (1148, @ThemeId);
END

-- Question 180
SET IDENTITY_INSERT [dbo].[Question_QST] ON;
IF NOT EXISTS (SELECT 1 FROM [dbo].[Question_QST] WHERE Id = 1149)
BEGIN
    INSERT INTO [dbo].[Question_QST] ([Id], [Question], [Id_Difficulty])
    VALUES (1149, N'Quel compositeur romantique est célèbre pour ''Ballades pour piano'' ?', 4);
END
SET IDENTITY_INSERT [dbo].[Question_QST] OFF;

INSERT INTO [dbo].[Answer_ANS] ([Id_Question], [Value], [Valid]) VALUES
    (1149, N'Chopin', 1),
    (1149, N'Liszt', 0),
    (1149, N'Schumann', 0),
    (1149, N'Brahms', 0);

IF NOT EXISTS (SELECT 1 FROM [dbo].[QuestionTheme_QTH] WHERE Id_Question = 1149 AND Id_Theme = @ThemeId)
BEGIN
    INSERT INTO [dbo].[QuestionTheme_QTH] ([Id_Question], [Id_Theme]) VALUES (1149, @ThemeId);
END

-- Question 181
SET IDENTITY_INSERT [dbo].[Question_QST] ON;
IF NOT EXISTS (SELECT 1 FROM [dbo].[Question_QST] WHERE Id = 1150)
BEGIN
    INSERT INTO [dbo].[Question_QST] ([Id], [Question], [Id_Difficulty])
    VALUES (1150, N'Quel groupe a sorti l’album ''Aqualung'' ?', 4);
END
SET IDENTITY_INSERT [dbo].[Question_QST] OFF;

INSERT INTO [dbo].[Answer_ANS] ([Id_Question], [Value], [Valid]) VALUES
    (1150, N'Jethro Tull', 1),
    (1150, N'Genesis', 0),
    (1150, N'Yes', 0),
    (1150, N'King Crimson', 0);

IF NOT EXISTS (SELECT 1 FROM [dbo].[QuestionTheme_QTH] WHERE Id_Question = 1150 AND Id_Theme = @ThemeId)
BEGIN
    INSERT INTO [dbo].[QuestionTheme_QTH] ([Id_Question], [Id_Theme]) VALUES (1150, @ThemeId);
END

-- Question 182
SET IDENTITY_INSERT [dbo].[Question_QST] ON;
IF NOT EXISTS (SELECT 1 FROM [dbo].[Question_QST] WHERE Id = 1151)
BEGIN
    INSERT INTO [dbo].[Question_QST] ([Id], [Question], [Id_Difficulty])
    VALUES (1151, N'Quel compositeur est célèbre pour ''Symphonie du Nouveau Monde'' ?', 4);
END
SET IDENTITY_INSERT [dbo].[Question_QST] OFF;

INSERT INTO [dbo].[Answer_ANS] ([Id_Question], [Value], [Valid]) VALUES
    (1151, N'Dvořák', 1),
    (1151, N'Mahler', 0),
    (1151, N'Beethoven', 0),
    (1151, N'Tchaïkovski', 0);

IF NOT EXISTS (SELECT 1 FROM [dbo].[QuestionTheme_QTH] WHERE Id_Question = 1151 AND Id_Theme = @ThemeId)
BEGIN
    INSERT INTO [dbo].[QuestionTheme_QTH] ([Id_Question], [Id_Theme]) VALUES (1151, @ThemeId);
END

-- Question 183
SET IDENTITY_INSERT [dbo].[Question_QST] ON;
IF NOT EXISTS (SELECT 1 FROM [dbo].[Question_QST] WHERE Id = 1152)
BEGIN
    INSERT INTO [dbo].[Question_QST] ([Id], [Question], [Id_Difficulty])
    VALUES (1152, N'Quel groupe a popularisé le glam rock avec l’album ''Aladdin Sane'' ?', 4);
END
SET IDENTITY_INSERT [dbo].[Question_QST] OFF;

INSERT INTO [dbo].[Answer_ANS] ([Id_Question], [Value], [Valid]) VALUES
    (1152, N'David Bowie', 1),
    (1152, N'Queen', 0),
    (1152, N'Kiss', 0),
    (1152, N'T. Rex', 0);

IF NOT EXISTS (SELECT 1 FROM [dbo].[QuestionTheme_QTH] WHERE Id_Question = 1152 AND Id_Theme = @ThemeId)
BEGIN
    INSERT INTO [dbo].[QuestionTheme_QTH] ([Id_Question], [Id_Theme]) VALUES (1152, @ThemeId);
END

-- Question 184
SET IDENTITY_INSERT [dbo].[Question_QST] ON;
IF NOT EXISTS (SELECT 1 FROM [dbo].[Question_QST] WHERE Id = 1153)
BEGIN
    INSERT INTO [dbo].[Question_QST] ([Id], [Question], [Id_Difficulty])
    VALUES (1153, N'Quel compositeur est célèbre pour ''La Mer'' ?', 4);
END
SET IDENTITY_INSERT [dbo].[Question_QST] OFF;

INSERT INTO [dbo].[Answer_ANS] ([Id_Question], [Value], [Valid]) VALUES
    (1153, N'Debussy', 1),
    (1153, N'Ravel', 0),
    (1153, N'Chopin', 0),
    (1153, N'Saint-Saëns', 0);

IF NOT EXISTS (SELECT 1 FROM [dbo].[QuestionTheme_QTH] WHERE Id_Question = 1153 AND Id_Theme = @ThemeId)
BEGIN
    INSERT INTO [dbo].[QuestionTheme_QTH] ([Id_Question], [Id_Theme]) VALUES (1153, @ThemeId);
END

-- Question 185
SET IDENTITY_INSERT [dbo].[Question_QST] ON;
IF NOT EXISTS (SELECT 1 FROM [dbo].[Question_QST] WHERE Id = 1154)
BEGIN
    INSERT INTO [dbo].[Question_QST] ([Id], [Question], [Id_Difficulty])
    VALUES (1154, N'Quel groupe a sorti l’album ''Foxtrot'' en 1972 ?', 4);
END
SET IDENTITY_INSERT [dbo].[Question_QST] OFF;

INSERT INTO [dbo].[Answer_ANS] ([Id_Question], [Value], [Valid]) VALUES
    (1154, N'Genesis', 1),
    (1154, N'Yes', 0),
    (1154, N'King Crimson', 0),
    (1154, N'Pink Floyd', 0);

IF NOT EXISTS (SELECT 1 FROM [dbo].[QuestionTheme_QTH] WHERE Id_Question = 1154 AND Id_Theme = @ThemeId)
BEGIN
    INSERT INTO [dbo].[QuestionTheme_QTH] ([Id_Question], [Id_Theme]) VALUES (1154, @ThemeId);
END

-- Question 186
SET IDENTITY_INSERT [dbo].[Question_QST] ON;
IF NOT EXISTS (SELECT 1 FROM [dbo].[Question_QST] WHERE Id = 1155)
BEGIN
    INSERT INTO [dbo].[Question_QST] ([Id], [Question], [Id_Difficulty])
    VALUES (1155, N'Quel compositeur allemand a écrit ''Mathis der Maler'' ?', 4);
END
SET IDENTITY_INSERT [dbo].[Question_QST] OFF;

INSERT INTO [dbo].[Answer_ANS] ([Id_Question], [Value], [Valid]) VALUES
    (1155, N'Hindemith', 1),
    (1155, N'Bach', 0),
    (1155, N'Beethoven', 0),
    (1155, N'Brahms', 0);

IF NOT EXISTS (SELECT 1 FROM [dbo].[QuestionTheme_QTH] WHERE Id_Question = 1155 AND Id_Theme = @ThemeId)
BEGIN
    INSERT INTO [dbo].[QuestionTheme_QTH] ([Id_Question], [Id_Theme]) VALUES (1155, @ThemeId);
END

-- Question 187
SET IDENTITY_INSERT [dbo].[Question_QST] ON;
IF NOT EXISTS (SELECT 1 FROM [dbo].[Question_QST] WHERE Id = 1156)
BEGIN
    INSERT INTO [dbo].[Question_QST] ([Id], [Question], [Id_Difficulty])
    VALUES (1156, N'Quel groupe a popularisé le prog rock avec ''In the Court of the Crimson King'' ?', 4);
END
SET IDENTITY_INSERT [dbo].[Question_QST] OFF;

INSERT INTO [dbo].[Answer_ANS] ([Id_Question], [Value], [Valid]) VALUES
    (1156, N'King Crimson', 1),
    (1156, N'Yes', 0),
    (1156, N'Genesis', 0),
    (1156, N'Pink Floyd', 0);

IF NOT EXISTS (SELECT 1 FROM [dbo].[QuestionTheme_QTH] WHERE Id_Question = 1156 AND Id_Theme = @ThemeId)
BEGIN
    INSERT INTO [dbo].[QuestionTheme_QTH] ([Id_Question], [Id_Theme]) VALUES (1156, @ThemeId);
END

-- Question 188
SET IDENTITY_INSERT [dbo].[Question_QST] ON;
IF NOT EXISTS (SELECT 1 FROM [dbo].[Question_QST] WHERE Id = 1157)
BEGIN
    INSERT INTO [dbo].[Question_QST] ([Id], [Question], [Id_Difficulty])
    VALUES (1157, N'Quel compositeur est célèbre pour ''Peer Gynt'' ?', 4);
END
SET IDENTITY_INSERT [dbo].[Question_QST] OFF;

INSERT INTO [dbo].[Answer_ANS] ([Id_Question], [Value], [Valid]) VALUES
    (1157, N'Grieg', 1),
    (1157, N'Mendelssohn', 0),
    (1157, N'Brahms', 0),
    (1157, N'Tchaïkovski', 0);

IF NOT EXISTS (SELECT 1 FROM [dbo].[QuestionTheme_QTH] WHERE Id_Question = 1157 AND Id_Theme = @ThemeId)
BEGIN
    INSERT INTO [dbo].[QuestionTheme_QTH] ([Id_Question], [Id_Theme]) VALUES (1157, @ThemeId);
END

-- Question 189
SET IDENTITY_INSERT [dbo].[Question_QST] ON;
IF NOT EXISTS (SELECT 1 FROM [dbo].[Question_QST] WHERE Id = 1158)
BEGIN
    INSERT INTO [dbo].[Question_QST] ([Id], [Question], [Id_Difficulty])
    VALUES (1158, N'Quel groupe a sorti ''Red'' en 1974 ?', 4);
END
SET IDENTITY_INSERT [dbo].[Question_QST] OFF;

INSERT INTO [dbo].[Answer_ANS] ([Id_Question], [Value], [Valid]) VALUES
    (1158, N'King Crimson', 1),
    (1158, N'Yes', 0),
    (1158, N'Genesis', 0),
    (1158, N'Pink Floyd', 0);

IF NOT EXISTS (SELECT 1 FROM [dbo].[QuestionTheme_QTH] WHERE Id_Question = 1158 AND Id_Theme = @ThemeId)
BEGIN
    INSERT INTO [dbo].[QuestionTheme_QTH] ([Id_Question], [Id_Theme]) VALUES (1158, @ThemeId);
END

-- Question 190
SET IDENTITY_INSERT [dbo].[Question_QST] ON;
IF NOT EXISTS (SELECT 1 FROM [dbo].[Question_QST] WHERE Id = 1159)
BEGIN
    INSERT INTO [dbo].[Question_QST] ([Id], [Question], [Id_Difficulty])
    VALUES (1159, N'Quel compositeur italien a écrit ''La Bohème'' ?', 4);
END
SET IDENTITY_INSERT [dbo].[Question_QST] OFF;

INSERT INTO [dbo].[Answer_ANS] ([Id_Question], [Value], [Valid]) VALUES
    (1159, N'Puccini', 1),
    (1159, N'Verdi', 0),
    (1159, N'Rossini', 0),
    (1159, N'Donizetti', 0);

IF NOT EXISTS (SELECT 1 FROM [dbo].[QuestionTheme_QTH] WHERE Id_Question = 1159 AND Id_Theme = @ThemeId)
BEGIN
    INSERT INTO [dbo].[QuestionTheme_QTH] ([Id_Question], [Id_Theme]) VALUES (1159, @ThemeId);
END

-- Question 191
SET IDENTITY_INSERT [dbo].[Question_QST] ON;
IF NOT EXISTS (SELECT 1 FROM [dbo].[Question_QST] WHERE Id = 1160)
BEGIN
    INSERT INTO [dbo].[Question_QST] ([Id], [Question], [Id_Difficulty])
    VALUES (1160, N'Quel groupe a popularisé le rock psychédélique avec l’album ''The Soft Bulletin'' ?', 4);
END
SET IDENTITY_INSERT [dbo].[Question_QST] OFF;

INSERT INTO [dbo].[Answer_ANS] ([Id_Question], [Value], [Valid]) VALUES
    (1160, N'The Flaming Lips', 1),
    (1160, N'King Crimson', 0),
    (1160, N'Pink Floyd', 0),
    (1160, N'Yes', 0);

IF NOT EXISTS (SELECT 1 FROM [dbo].[QuestionTheme_QTH] WHERE Id_Question = 1160 AND Id_Theme = @ThemeId)
BEGIN
    INSERT INTO [dbo].[QuestionTheme_QTH] ([Id_Question], [Id_Theme]) VALUES (1160, @ThemeId);
END

-- Question 192
SET IDENTITY_INSERT [dbo].[Question_QST] ON;
IF NOT EXISTS (SELECT 1 FROM [dbo].[Question_QST] WHERE Id = 1161)
BEGIN
    INSERT INTO [dbo].[Question_QST] ([Id], [Question], [Id_Difficulty])
    VALUES (1161, N'Quel compositeur du XXe siècle a écrit ''Pierrot Lunaire'' ?', 4);
END
SET IDENTITY_INSERT [dbo].[Question_QST] OFF;

INSERT INTO [dbo].[Answer_ANS] ([Id_Question], [Value], [Valid]) VALUES
    (1161, N'Schoenberg', 1),
    (1161, N'Berg', 0),
    (1161, N'Webern', 0),
    (1161, N'Stravinsky', 0);

IF NOT EXISTS (SELECT 1 FROM [dbo].[QuestionTheme_QTH] WHERE Id_Question = 1161 AND Id_Theme = @ThemeId)
BEGIN
    INSERT INTO [dbo].[QuestionTheme_QTH] ([Id_Question], [Id_Theme]) VALUES (1161, @ThemeId);
END

-- Question 193
SET IDENTITY_INSERT [dbo].[Question_QST] ON;
IF NOT EXISTS (SELECT 1 FROM [dbo].[Question_QST] WHERE Id = 1162)
BEGIN
    INSERT INTO [dbo].[Question_QST] ([Id], [Question], [Id_Difficulty])
    VALUES (1162, N'Quel groupe a popularisé le prog rock avec ''Fragile'' ?', 4);
END
SET IDENTITY_INSERT [dbo].[Question_QST] OFF;

INSERT INTO [dbo].[Answer_ANS] ([Id_Question], [Value], [Valid]) VALUES
    (1162, N'Yes', 1),
    (1162, N'Genesis', 0),
    (1162, N'King Crimson', 0),
    (1162, N'Pink Floyd', 0);

IF NOT EXISTS (SELECT 1 FROM [dbo].[QuestionTheme_QTH] WHERE Id_Question = 1162 AND Id_Theme = @ThemeId)
BEGIN
    INSERT INTO [dbo].[QuestionTheme_QTH] ([Id_Question], [Id_Theme]) VALUES (1162, @ThemeId);
END

-- Question 194
SET IDENTITY_INSERT [dbo].[Question_QST] ON;
IF NOT EXISTS (SELECT 1 FROM [dbo].[Question_QST] WHERE Id = 1163)
BEGIN
    INSERT INTO [dbo].[Question_QST] ([Id], [Question], [Id_Difficulty])
    VALUES (1163, N'Quel compositeur russe est célèbre pour ''Le Lac des Cygnes'' ?', 4);
END
SET IDENTITY_INSERT [dbo].[Question_QST] OFF;

INSERT INTO [dbo].[Answer_ANS] ([Id_Question], [Value], [Valid]) VALUES
    (1163, N'Tchaïkovski', 1),
    (1163, N'Rimsky-Korsakov', 0),
    (1163, N'Borodine', 0),
    (1163, N'Mussorgsky', 0);

IF NOT EXISTS (SELECT 1 FROM [dbo].[QuestionTheme_QTH] WHERE Id_Question = 1163 AND Id_Theme = @ThemeId)
BEGIN
    INSERT INTO [dbo].[QuestionTheme_QTH] ([Id_Question], [Id_Theme]) VALUES (1163, @ThemeId);
END

-- Question 195
SET IDENTITY_INSERT [dbo].[Question_QST] ON;
IF NOT EXISTS (SELECT 1 FROM [dbo].[Question_QST] WHERE Id = 1164)
BEGIN
    INSERT INTO [dbo].[Question_QST] ([Id], [Question], [Id_Difficulty])
    VALUES (1164, N'Quel groupe a sorti ''Selling England by the Pound'' ?', 4);
END
SET IDENTITY_INSERT [dbo].[Question_QST] OFF;

INSERT INTO [dbo].[Answer_ANS] ([Id_Question], [Value], [Valid]) VALUES
    (1164, N'Genesis', 1),
    (1164, N'Yes', 0),
    (1164, N'King Crimson', 0),
    (1164, N'Pink Floyd', 0);

IF NOT EXISTS (SELECT 1 FROM [dbo].[QuestionTheme_QTH] WHERE Id_Question = 1164 AND Id_Theme = @ThemeId)
BEGIN
    INSERT INTO [dbo].[QuestionTheme_QTH] ([Id_Question], [Id_Theme]) VALUES (1164, @ThemeId);
END

-- Question 196
SET IDENTITY_INSERT [dbo].[Question_QST] ON;
IF NOT EXISTS (SELECT 1 FROM [dbo].[Question_QST] WHERE Id = 1165)
BEGIN
    INSERT INTO [dbo].[Question_QST] ([Id], [Question], [Id_Difficulty])
    VALUES (1165, N'Quel compositeur est célèbre pour son opéra ''Rinaldo'' ?', 4);
END
SET IDENTITY_INSERT [dbo].[Question_QST] OFF;

INSERT INTO [dbo].[Answer_ANS] ([Id_Question], [Value], [Valid]) VALUES
    (1165, N'Haendel', 1),
    (1165, N'Vivaldi', 0),
    (1165, N'Bach', 0),
    (1165, N'Telemann', 0);

IF NOT EXISTS (SELECT 1 FROM [dbo].[QuestionTheme_QTH] WHERE Id_Question = 1165 AND Id_Theme = @ThemeId)
BEGIN
    INSERT INTO [dbo].[QuestionTheme_QTH] ([Id_Question], [Id_Theme]) VALUES (1165, @ThemeId);
END

-- Question 197
SET IDENTITY_INSERT [dbo].[Question_QST] ON;
IF NOT EXISTS (SELECT 1 FROM [dbo].[Question_QST] WHERE Id = 1166)
BEGIN
    INSERT INTO [dbo].[Question_QST] ([Id], [Question], [Id_Difficulty])
    VALUES (1166, N'Quel groupe a popularisé le glam rock avec l’album ''Sheer Heart Attack'' ?', 4);
END
SET IDENTITY_INSERT [dbo].[Question_QST] OFF;

INSERT INTO [dbo].[Answer_ANS] ([Id_Question], [Value], [Valid]) VALUES
    (1166, N'Queen', 1),
    (1166, N'David Bowie', 0),
    (1166, N'Kiss', 0),
    (1166, N'T. Rex', 0);

IF NOT EXISTS (SELECT 1 FROM [dbo].[QuestionTheme_QTH] WHERE Id_Question = 1166 AND Id_Theme = @ThemeId)
BEGIN
    INSERT INTO [dbo].[QuestionTheme_QTH] ([Id_Question], [Id_Theme]) VALUES (1166, @ThemeId);
END

-- Question 198
SET IDENTITY_INSERT [dbo].[Question_QST] ON;
IF NOT EXISTS (SELECT 1 FROM [dbo].[Question_QST] WHERE Id = 1167)
BEGIN
    INSERT INTO [dbo].[Question_QST] ([Id], [Question], [Id_Difficulty])
    VALUES (1167, N'Quel compositeur français a écrit ''Prélude à l’après-midi d’un faune'' ?', 4);
END
SET IDENTITY_INSERT [dbo].[Question_QST] OFF;

INSERT INTO [dbo].[Answer_ANS] ([Id_Question], [Value], [Valid]) VALUES
    (1167, N'Debussy', 1),
    (1167, N'Ravel', 0),
    (1167, N'Saint-Saëns', 0),
    (1167, N'Satie', 0);

IF NOT EXISTS (SELECT 1 FROM [dbo].[QuestionTheme_QTH] WHERE Id_Question = 1167 AND Id_Theme = @ThemeId)
BEGIN
    INSERT INTO [dbo].[QuestionTheme_QTH] ([Id_Question], [Id_Theme]) VALUES (1167, @ThemeId);
END

-- ======================
-- Questions / Réponses - Thème : Cinéma (190 questions)
-- ======================
SET @ThemeId = (SELECT Id FROM [dbo].[Theme_THM] WHERE Label = N'Cinéma');

-- Question 1
SET IDENTITY_INSERT [dbo].[Question_QST] ON;
IF NOT EXISTS (SELECT 1 FROM [dbo].[Question_QST] WHERE Id = 1168)
BEGIN
    INSERT INTO [dbo].[Question_QST] ([Id], [Question], [Id_Difficulty])
    VALUES (1168, N'Qui a réalisé ''Titanic'' ?', 1);
END
SET IDENTITY_INSERT [dbo].[Question_QST] OFF;

INSERT INTO [dbo].[Answer_ANS] ([Id_Question], [Value], [Valid]) VALUES
    (1168, N'James Cameron', 1),
    (1168, N'Steven Spielberg', 0),
    (1168, N'Christopher Nolan', 0),
    (1168, N'Martin Scorsese', 0);

IF NOT EXISTS (SELECT 1 FROM [dbo].[QuestionTheme_QTH] WHERE Id_Question = 1168 AND Id_Theme = @ThemeId)
BEGIN
    INSERT INTO [dbo].[QuestionTheme_QTH] ([Id_Question], [Id_Theme]) VALUES (1168, @ThemeId);
END

-- Question 2
SET IDENTITY_INSERT [dbo].[Question_QST] ON;
IF NOT EXISTS (SELECT 1 FROM [dbo].[Question_QST] WHERE Id = 1169)
BEGIN
    INSERT INTO [dbo].[Question_QST] ([Id], [Question], [Id_Difficulty])
    VALUES (1169, N'Quel film met en scène le personnage de Luke Skywalker ?', 1);
END
SET IDENTITY_INSERT [dbo].[Question_QST] OFF;

INSERT INTO [dbo].[Answer_ANS] ([Id_Question], [Value], [Valid]) VALUES
    (1169, N'Star Wars', 1),
    (1169, N'Star Trek', 0),
    (1169, N'Guardians of the Galaxy', 0),
    (1169, N'Avatar', 0);

IF NOT EXISTS (SELECT 1 FROM [dbo].[QuestionTheme_QTH] WHERE Id_Question = 1169 AND Id_Theme = @ThemeId)
BEGIN
    INSERT INTO [dbo].[QuestionTheme_QTH] ([Id_Question], [Id_Theme]) VALUES (1169, @ThemeId);
END

-- Question 3
SET IDENTITY_INSERT [dbo].[Question_QST] ON;
IF NOT EXISTS (SELECT 1 FROM [dbo].[Question_QST] WHERE Id = 1170)
BEGIN
    INSERT INTO [dbo].[Question_QST] ([Id], [Question], [Id_Difficulty])
    VALUES (1170, N'Quel acteur joue Iron Man dans l’univers Marvel ?', 1);
END
SET IDENTITY_INSERT [dbo].[Question_QST] OFF;

INSERT INTO [dbo].[Answer_ANS] ([Id_Question], [Value], [Valid]) VALUES
    (1170, N'Robert Downey Jr.', 1),
    (1170, N'Chris Hemsworth', 0),
    (1170, N'Chris Evans', 0),
    (1170, N'Mark Ruffalo', 0);

IF NOT EXISTS (SELECT 1 FROM [dbo].[QuestionTheme_QTH] WHERE Id_Question = 1170 AND Id_Theme = @ThemeId)
BEGIN
    INSERT INTO [dbo].[QuestionTheme_QTH] ([Id_Question], [Id_Theme]) VALUES (1170, @ThemeId);
END

-- Question 4
SET IDENTITY_INSERT [dbo].[Question_QST] ON;
IF NOT EXISTS (SELECT 1 FROM [dbo].[Question_QST] WHERE Id = 1171)
BEGIN
    INSERT INTO [dbo].[Question_QST] ([Id], [Question], [Id_Difficulty])
    VALUES (1171, N'Quel film d’animation met en scène Simba ?', 1);
END
SET IDENTITY_INSERT [dbo].[Question_QST] OFF;

INSERT INTO [dbo].[Answer_ANS] ([Id_Question], [Value], [Valid]) VALUES
    (1171, N'Le Roi Lion', 1),
    (1171, N'Aladdin', 0),
    (1171, N'Mulan', 0),
    (1171, N'La Belle et la Bête', 0);

IF NOT EXISTS (SELECT 1 FROM [dbo].[QuestionTheme_QTH] WHERE Id_Question = 1171 AND Id_Theme = @ThemeId)
BEGIN
    INSERT INTO [dbo].[QuestionTheme_QTH] ([Id_Question], [Id_Theme]) VALUES (1171, @ThemeId);
END

-- Question 5
SET IDENTITY_INSERT [dbo].[Question_QST] ON;
IF NOT EXISTS (SELECT 1 FROM [dbo].[Question_QST] WHERE Id = 1172)
BEGIN
    INSERT INTO [dbo].[Question_QST] ([Id], [Question], [Id_Difficulty])
    VALUES (1172, N'Qui joue Jack Dawson dans ''Titanic'' ?', 1);
END
SET IDENTITY_INSERT [dbo].[Question_QST] OFF;

INSERT INTO [dbo].[Answer_ANS] ([Id_Question], [Value], [Valid]) VALUES
    (1172, N'Leonardo DiCaprio', 1),
    (1172, N'Brad Pitt', 0),
    (1172, N'Tom Cruise', 0),
    (1172, N'Johnny Depp', 0);

IF NOT EXISTS (SELECT 1 FROM [dbo].[QuestionTheme_QTH] WHERE Id_Question = 1172 AND Id_Theme = @ThemeId)
BEGIN
    INSERT INTO [dbo].[QuestionTheme_QTH] ([Id_Question], [Id_Theme]) VALUES (1172, @ThemeId);
END

-- Question 6
SET IDENTITY_INSERT [dbo].[Question_QST] ON;
IF NOT EXISTS (SELECT 1 FROM [dbo].[Question_QST] WHERE Id = 1173)
BEGIN
    INSERT INTO [dbo].[Question_QST] ([Id], [Question], [Id_Difficulty])
    VALUES (1173, N'Quel film met en scène une boîte appelée ''La boîte à musique'' ?', 1);
END
SET IDENTITY_INSERT [dbo].[Question_QST] OFF;

INSERT INTO [dbo].[Answer_ANS] ([Id_Question], [Value], [Valid]) VALUES
    (1173, N'Coraline', 0),
    (1173, N'Hugo Cabret', 1),
    (1173, N'Les Noces funèbres', 0),
    (1173, N'Coco', 0);

IF NOT EXISTS (SELECT 1 FROM [dbo].[QuestionTheme_QTH] WHERE Id_Question = 1173 AND Id_Theme = @ThemeId)
BEGIN
    INSERT INTO [dbo].[QuestionTheme_QTH] ([Id_Question], [Id_Theme]) VALUES (1173, @ThemeId);
END

-- Question 7
SET IDENTITY_INSERT [dbo].[Question_QST] ON;
IF NOT EXISTS (SELECT 1 FROM [dbo].[Question_QST] WHERE Id = 1174)
BEGIN
    INSERT INTO [dbo].[Question_QST] ([Id], [Question], [Id_Difficulty])
    VALUES (1174, N'Quel réalisateur a créé ''Jurassic Park'' ?', 1);
END
SET IDENTITY_INSERT [dbo].[Question_QST] OFF;

INSERT INTO [dbo].[Answer_ANS] ([Id_Question], [Value], [Valid]) VALUES
    (1174, N'Steven Spielberg', 1),
    (1174, N'James Cameron', 0),
    (1174, N'Peter Jackson', 0),
    (1174, N'Ridley Scott', 0);

IF NOT EXISTS (SELECT 1 FROM [dbo].[QuestionTheme_QTH] WHERE Id_Question = 1174 AND Id_Theme = @ThemeId)
BEGIN
    INSERT INTO [dbo].[QuestionTheme_QTH] ([Id_Question], [Id_Theme]) VALUES (1174, @ThemeId);
END

-- Question 8
SET IDENTITY_INSERT [dbo].[Question_QST] ON;
IF NOT EXISTS (SELECT 1 FROM [dbo].[Question_QST] WHERE Id = 1175)
BEGIN
    INSERT INTO [dbo].[Question_QST] ([Id], [Question], [Id_Difficulty])
    VALUES (1175, N'Quel film raconte l’histoire d’un magicien nommé Harry Potter ?', 1);
END
SET IDENTITY_INSERT [dbo].[Question_QST] OFF;

INSERT INTO [dbo].[Answer_ANS] ([Id_Question], [Value], [Valid]) VALUES
    (1175, N'Harry Potter à l''école des sorciers', 1),
    (1175, N'Le Seigneur des Anneaux', 0),
    (1175, N'Percy Jackson', 0),
    (1175, N'Les Animaux Fantastiques', 0);

IF NOT EXISTS (SELECT 1 FROM [dbo].[QuestionTheme_QTH] WHERE Id_Question = 1175 AND Id_Theme = @ThemeId)
BEGIN
    INSERT INTO [dbo].[QuestionTheme_QTH] ([Id_Question], [Id_Theme]) VALUES (1175, @ThemeId);
END

-- Question 9
SET IDENTITY_INSERT [dbo].[Question_QST] ON;
IF NOT EXISTS (SELECT 1 FROM [dbo].[Question_QST] WHERE Id = 1176)
BEGIN
    INSERT INTO [dbo].[Question_QST] ([Id], [Question], [Id_Difficulty])
    VALUES (1176, N'Quel acteur incarne le Joker dans ''The Dark Knight'' ?', 1);
END
SET IDENTITY_INSERT [dbo].[Question_QST] OFF;

INSERT INTO [dbo].[Answer_ANS] ([Id_Question], [Value], [Valid]) VALUES
    (1176, N'Heath Ledger', 1),
    (1176, N'Joaquin Phoenix', 0),
    (1176, N'Jack Nicholson', 0),
    (1176, N'Jared Leto', 0);

IF NOT EXISTS (SELECT 1 FROM [dbo].[QuestionTheme_QTH] WHERE Id_Question = 1176 AND Id_Theme = @ThemeId)
BEGIN
    INSERT INTO [dbo].[QuestionTheme_QTH] ([Id_Question], [Id_Theme]) VALUES (1176, @ThemeId);
END

-- Question 10
SET IDENTITY_INSERT [dbo].[Question_QST] ON;
IF NOT EXISTS (SELECT 1 FROM [dbo].[Question_QST] WHERE Id = 1177)
BEGIN
    INSERT INTO [dbo].[Question_QST] ([Id], [Question], [Id_Difficulty])
    VALUES (1177, N'Quel film met en scène Woody et Buzz ?', 1);
END
SET IDENTITY_INSERT [dbo].[Question_QST] OFF;

INSERT INTO [dbo].[Answer_ANS] ([Id_Question], [Value], [Valid]) VALUES
    (1177, N'Toy Story', 1),
    (1177, N'Cars', 0),
    (1177, N'Monstres et Cie', 0),
    (1177, N'Ratatouille', 0);

IF NOT EXISTS (SELECT 1 FROM [dbo].[QuestionTheme_QTH] WHERE Id_Question = 1177 AND Id_Theme = @ThemeId)
BEGIN
    INSERT INTO [dbo].[QuestionTheme_QTH] ([Id_Question], [Id_Theme]) VALUES (1177, @ThemeId);
END

-- Question 11
SET IDENTITY_INSERT [dbo].[Question_QST] ON;
IF NOT EXISTS (SELECT 1 FROM [dbo].[Question_QST] WHERE Id = 1178)
BEGIN
    INSERT INTO [dbo].[Question_QST] ([Id], [Question], [Id_Difficulty])
    VALUES (1178, N'Qui réalise ''Inception'' ?', 1);
END
SET IDENTITY_INSERT [dbo].[Question_QST] OFF;

INSERT INTO [dbo].[Answer_ANS] ([Id_Question], [Value], [Valid]) VALUES
    (1178, N'Christopher Nolan', 1),
    (1178, N'Steven Spielberg', 0),
    (1178, N'James Cameron', 0),
    (1178, N'Martin Scorsese', 0);

IF NOT EXISTS (SELECT 1 FROM [dbo].[QuestionTheme_QTH] WHERE Id_Question = 1178 AND Id_Theme = @ThemeId)
BEGIN
    INSERT INTO [dbo].[QuestionTheme_QTH] ([Id_Question], [Id_Theme]) VALUES (1178, @ThemeId);
END

-- Question 12
SET IDENTITY_INSERT [dbo].[Question_QST] ON;
IF NOT EXISTS (SELECT 1 FROM [dbo].[Question_QST] WHERE Id = 1179)
BEGIN
    INSERT INTO [dbo].[Question_QST] ([Id], [Question], [Id_Difficulty])
    VALUES (1179, N'Quel film a pour héroïne Elsa ?', 1);
END
SET IDENTITY_INSERT [dbo].[Question_QST] OFF;

INSERT INTO [dbo].[Answer_ANS] ([Id_Question], [Value], [Valid]) VALUES
    (1179, N'La Reine des Neiges', 1),
    (1179, N'Raiponce', 0),
    (1179, N'Cendrillon', 0),
    (1179, N'Blanche-Neige', 0);

IF NOT EXISTS (SELECT 1 FROM [dbo].[QuestionTheme_QTH] WHERE Id_Question = 1179 AND Id_Theme = @ThemeId)
BEGIN
    INSERT INTO [dbo].[QuestionTheme_QTH] ([Id_Question], [Id_Theme]) VALUES (1179, @ThemeId);
END

-- Question 13
SET IDENTITY_INSERT [dbo].[Question_QST] ON;
IF NOT EXISTS (SELECT 1 FROM [dbo].[Question_QST] WHERE Id = 1180)
BEGIN
    INSERT INTO [dbo].[Question_QST] ([Id], [Question], [Id_Difficulty])
    VALUES (1180, N'Quel acteur joue Captain America ?', 1);
END
SET IDENTITY_INSERT [dbo].[Question_QST] OFF;

INSERT INTO [dbo].[Answer_ANS] ([Id_Question], [Value], [Valid]) VALUES
    (1180, N'Chris Evans', 1),
    (1180, N'Chris Hemsworth', 0),
    (1180, N'Robert Downey Jr.', 0),
    (1180, N'Mark Ruffalo', 0);

IF NOT EXISTS (SELECT 1 FROM [dbo].[QuestionTheme_QTH] WHERE Id_Question = 1180 AND Id_Theme = @ThemeId)
BEGIN
    INSERT INTO [dbo].[QuestionTheme_QTH] ([Id_Question], [Id_Theme]) VALUES (1180, @ThemeId);
END

-- Question 14
SET IDENTITY_INSERT [dbo].[Question_QST] ON;
IF NOT EXISTS (SELECT 1 FROM [dbo].[Question_QST] WHERE Id = 1181)
BEGIN
    INSERT INTO [dbo].[Question_QST] ([Id], [Question], [Id_Difficulty])
    VALUES (1181, N'Quel film raconte l’histoire de Forrest Gump ?', 1);
END
SET IDENTITY_INSERT [dbo].[Question_QST] OFF;

INSERT INTO [dbo].[Answer_ANS] ([Id_Question], [Value], [Valid]) VALUES
    (1181, N'Forrest Gump', 1),
    (1181, N'Rain Man', 0),
    (1181, N'Philadelphia', 0),
    (1181, N'Big', 0);

IF NOT EXISTS (SELECT 1 FROM [dbo].[QuestionTheme_QTH] WHERE Id_Question = 1181 AND Id_Theme = @ThemeId)
BEGIN
    INSERT INTO [dbo].[QuestionTheme_QTH] ([Id_Question], [Id_Theme]) VALUES (1181, @ThemeId);
END

-- Question 15
SET IDENTITY_INSERT [dbo].[Question_QST] ON;
IF NOT EXISTS (SELECT 1 FROM [dbo].[Question_QST] WHERE Id = 1182)
BEGIN
    INSERT INTO [dbo].[Question_QST] ([Id], [Question], [Id_Difficulty])
    VALUES (1182, N'Qui réalise ''Avatar'' ?', 1);
END
SET IDENTITY_INSERT [dbo].[Question_QST] OFF;

INSERT INTO [dbo].[Answer_ANS] ([Id_Question], [Value], [Valid]) VALUES
    (1182, N'James Cameron', 1),
    (1182, N'Steven Spielberg', 0),
    (1182, N'Peter Jackson', 0),
    (1182, N'Christopher Nolan', 0);

IF NOT EXISTS (SELECT 1 FROM [dbo].[QuestionTheme_QTH] WHERE Id_Question = 1182 AND Id_Theme = @ThemeId)
BEGIN
    INSERT INTO [dbo].[QuestionTheme_QTH] ([Id_Question], [Id_Theme]) VALUES (1182, @ThemeId);
END

-- Question 16
SET IDENTITY_INSERT [dbo].[Question_QST] ON;
IF NOT EXISTS (SELECT 1 FROM [dbo].[Question_QST] WHERE Id = 1183)
BEGIN
    INSERT INTO [dbo].[Question_QST] ([Id], [Question], [Id_Difficulty])
    VALUES (1183, N'Quel film met en scène un parc peuplé de dinosaures ?', 1);
END
SET IDENTITY_INSERT [dbo].[Question_QST] OFF;

INSERT INTO [dbo].[Answer_ANS] ([Id_Question], [Value], [Valid]) VALUES
    (1183, N'Jurassic Park', 1),
    (1183, N'King Kong', 0),
    (1183, N'Godzilla', 0),
    (1183, N'Avatar', 0);

IF NOT EXISTS (SELECT 1 FROM [dbo].[QuestionTheme_QTH] WHERE Id_Question = 1183 AND Id_Theme = @ThemeId)
BEGIN
    INSERT INTO [dbo].[QuestionTheme_QTH] ([Id_Question], [Id_Theme]) VALUES (1183, @ThemeId);
END

-- Question 17
SET IDENTITY_INSERT [dbo].[Question_QST] ON;
IF NOT EXISTS (SELECT 1 FROM [dbo].[Question_QST] WHERE Id = 1184)
BEGIN
    INSERT INTO [dbo].[Question_QST] ([Id], [Question], [Id_Difficulty])
    VALUES (1184, N'Quel acteur joue Wolverine dans X-Men ?', 1);
END
SET IDENTITY_INSERT [dbo].[Question_QST] OFF;

INSERT INTO [dbo].[Answer_ANS] ([Id_Question], [Value], [Valid]) VALUES
    (1184, N'Hugh Jackman', 1),
    (1184, N'Ryan Reynolds', 0),
    (1184, N'Chris Hemsworth', 0),
    (1184, N'Robert Downey Jr.', 0);

IF NOT EXISTS (SELECT 1 FROM [dbo].[QuestionTheme_QTH] WHERE Id_Question = 1184 AND Id_Theme = @ThemeId)
BEGIN
    INSERT INTO [dbo].[QuestionTheme_QTH] ([Id_Question], [Id_Theme]) VALUES (1184, @ThemeId);
END

-- Question 18
SET IDENTITY_INSERT [dbo].[Question_QST] ON;
IF NOT EXISTS (SELECT 1 FROM [dbo].[Question_QST] WHERE Id = 1185)
BEGIN
    INSERT INTO [dbo].[Question_QST] ([Id], [Question], [Id_Difficulty])
    VALUES (1185, N'Quel film raconte l’histoire de deux robots nommés WALL·E et EVE ?', 1);
END
SET IDENTITY_INSERT [dbo].[Question_QST] OFF;

INSERT INTO [dbo].[Answer_ANS] ([Id_Question], [Value], [Valid]) VALUES
    (1185, N'WALL·E', 1),
    (1185, N'Robots', 0),
    (1185, N'Big Hero 6', 0),
    (1185, N'Chappie', 0);

IF NOT EXISTS (SELECT 1 FROM [dbo].[QuestionTheme_QTH] WHERE Id_Question = 1185 AND Id_Theme = @ThemeId)
BEGIN
    INSERT INTO [dbo].[QuestionTheme_QTH] ([Id_Question], [Id_Theme]) VALUES (1185, @ThemeId);
END

-- Question 19
SET IDENTITY_INSERT [dbo].[Question_QST] ON;
IF NOT EXISTS (SELECT 1 FROM [dbo].[Question_QST] WHERE Id = 1186)
BEGIN
    INSERT INTO [dbo].[Question_QST] ([Id], [Question], [Id_Difficulty])
    VALUES (1186, N'Qui réalise ''E.T. l’extra-terrestre'' ?', 1);
END
SET IDENTITY_INSERT [dbo].[Question_QST] OFF;

INSERT INTO [dbo].[Answer_ANS] ([Id_Question], [Value], [Valid]) VALUES
    (1186, N'Steven Spielberg', 1),
    (1186, N'James Cameron', 0),
    (1186, N'Christopher Nolan', 0),
    (1186, N'George Lucas', 0);

IF NOT EXISTS (SELECT 1 FROM [dbo].[QuestionTheme_QTH] WHERE Id_Question = 1186 AND Id_Theme = @ThemeId)
BEGIN
    INSERT INTO [dbo].[QuestionTheme_QTH] ([Id_Question], [Id_Theme]) VALUES (1186, @ThemeId);
END

-- Question 20
SET IDENTITY_INSERT [dbo].[Question_QST] ON;
IF NOT EXISTS (SELECT 1 FROM [dbo].[Question_QST] WHERE Id = 1187)
BEGIN
    INSERT INTO [dbo].[Question_QST] ([Id], [Question], [Id_Difficulty])
    VALUES (1187, N'Quel film raconte l’histoire de Nemo ?', 1);
END
SET IDENTITY_INSERT [dbo].[Question_QST] OFF;

INSERT INTO [dbo].[Answer_ANS] ([Id_Question], [Value], [Valid]) VALUES
    (1187, N'Le Monde de Nemo', 1),
    (1187, N'Le Monde de Dory', 0),
    (1187, N'Shark Tale', 0),
    (1187, N'La Petite Sirène', 0);

IF NOT EXISTS (SELECT 1 FROM [dbo].[QuestionTheme_QTH] WHERE Id_Question = 1187 AND Id_Theme = @ThemeId)
BEGIN
    INSERT INTO [dbo].[QuestionTheme_QTH] ([Id_Question], [Id_Theme]) VALUES (1187, @ThemeId);
END

-- Question 21
SET IDENTITY_INSERT [dbo].[Question_QST] ON;
IF NOT EXISTS (SELECT 1 FROM [dbo].[Question_QST] WHERE Id = 1188)
BEGIN
    INSERT INTO [dbo].[Question_QST] ([Id], [Question], [Id_Difficulty])
    VALUES (1188, N'Quel acteur incarne Thor dans l’univers Marvel ?', 1);
END
SET IDENTITY_INSERT [dbo].[Question_QST] OFF;

INSERT INTO [dbo].[Answer_ANS] ([Id_Question], [Value], [Valid]) VALUES
    (1188, N'Chris Hemsworth', 1),
    (1188, N'Chris Evans', 0),
    (1188, N'Robert Downey Jr.', 0),
    (1188, N'Mark Ruffalo', 0);

IF NOT EXISTS (SELECT 1 FROM [dbo].[QuestionTheme_QTH] WHERE Id_Question = 1188 AND Id_Theme = @ThemeId)
BEGIN
    INSERT INTO [dbo].[QuestionTheme_QTH] ([Id_Question], [Id_Theme]) VALUES (1188, @ThemeId);
END

-- Question 22
SET IDENTITY_INSERT [dbo].[Question_QST] ON;
IF NOT EXISTS (SELECT 1 FROM [dbo].[Question_QST] WHERE Id = 1189)
BEGIN
    INSERT INTO [dbo].[Question_QST] ([Id], [Question], [Id_Difficulty])
    VALUES (1189, N'Quel film raconte l’histoire de Jack et Rose ?', 1);
END
SET IDENTITY_INSERT [dbo].[Question_QST] OFF;

INSERT INTO [dbo].[Answer_ANS] ([Id_Question], [Value], [Valid]) VALUES
    (1189, N'Titanic', 1),
    (1189, N'Pearl Harbor', 0),
    (1189, N'Aviator', 0),
    (1189, N'Inception', 0);

IF NOT EXISTS (SELECT 1 FROM [dbo].[QuestionTheme_QTH] WHERE Id_Question = 1189 AND Id_Theme = @ThemeId)
BEGIN
    INSERT INTO [dbo].[QuestionTheme_QTH] ([Id_Question], [Id_Theme]) VALUES (1189, @ThemeId);
END

-- Question 23
SET IDENTITY_INSERT [dbo].[Question_QST] ON;
IF NOT EXISTS (SELECT 1 FROM [dbo].[Question_QST] WHERE Id = 1190)
BEGIN
    INSERT INTO [dbo].[Question_QST] ([Id], [Question], [Id_Difficulty])
    VALUES (1190, N'Quel film d’animation met en scène des jouets qui prennent vie ?', 1);
END
SET IDENTITY_INSERT [dbo].[Question_QST] OFF;

INSERT INTO [dbo].[Answer_ANS] ([Id_Question], [Value], [Valid]) VALUES
    (1190, N'Toy Story', 1),
    (1190, N'Monstres et Cie', 0),
    (1190, N'Cars', 0),
    (1190, N'Ratatouille', 0);

IF NOT EXISTS (SELECT 1 FROM [dbo].[QuestionTheme_QTH] WHERE Id_Question = 1190 AND Id_Theme = @ThemeId)
BEGIN
    INSERT INTO [dbo].[QuestionTheme_QTH] ([Id_Question], [Id_Theme]) VALUES (1190, @ThemeId);
END

-- Question 24
SET IDENTITY_INSERT [dbo].[Question_QST] ON;
IF NOT EXISTS (SELECT 1 FROM [dbo].[Question_QST] WHERE Id = 1191)
BEGIN
    INSERT INTO [dbo].[Question_QST] ([Id], [Question], [Id_Difficulty])
    VALUES (1191, N'Qui joue Iron Man dans les films Marvel ?', 1);
END
SET IDENTITY_INSERT [dbo].[Question_QST] OFF;

INSERT INTO [dbo].[Answer_ANS] ([Id_Question], [Value], [Valid]) VALUES
    (1191, N'Robert Downey Jr.', 1),
    (1191, N'Chris Evans', 0),
    (1191, N'Chris Hemsworth', 0),
    (1191, N'Mark Ruffalo', 0);

IF NOT EXISTS (SELECT 1 FROM [dbo].[QuestionTheme_QTH] WHERE Id_Question = 1191 AND Id_Theme = @ThemeId)
BEGIN
    INSERT INTO [dbo].[QuestionTheme_QTH] ([Id_Question], [Id_Theme]) VALUES (1191, @ThemeId);
END

-- Question 25
SET IDENTITY_INSERT [dbo].[Question_QST] ON;
IF NOT EXISTS (SELECT 1 FROM [dbo].[Question_QST] WHERE Id = 1192)
BEGIN
    INSERT INTO [dbo].[Question_QST] ([Id], [Question], [Id_Difficulty])
    VALUES (1192, N'Quel film met en scène Elsa et Anna ?', 1);
END
SET IDENTITY_INSERT [dbo].[Question_QST] OFF;

INSERT INTO [dbo].[Answer_ANS] ([Id_Question], [Value], [Valid]) VALUES
    (1192, N'La Reine des Neiges', 1),
    (1192, N'Raiponce', 0),
    (1192, N'Cendrillon', 0),
    (1192, N'Blanche-Neige', 0);

IF NOT EXISTS (SELECT 1 FROM [dbo].[QuestionTheme_QTH] WHERE Id_Question = 1192 AND Id_Theme = @ThemeId)
BEGIN
    INSERT INTO [dbo].[QuestionTheme_QTH] ([Id_Question], [Id_Theme]) VALUES (1192, @ThemeId);
END

-- Question 26
SET IDENTITY_INSERT [dbo].[Question_QST] ON;
IF NOT EXISTS (SELECT 1 FROM [dbo].[Question_QST] WHERE Id = 1193)
BEGIN
    INSERT INTO [dbo].[Question_QST] ([Id], [Question], [Id_Difficulty])
    VALUES (1193, N'Quel réalisateur a créé ''Les Dents de la mer'' ?', 1);
END
SET IDENTITY_INSERT [dbo].[Question_QST] OFF;

INSERT INTO [dbo].[Answer_ANS] ([Id_Question], [Value], [Valid]) VALUES
    (1193, N'Steven Spielberg', 1),
    (1193, N'James Cameron', 0),
    (1193, N'Peter Jackson', 0),
    (1193, N'Christopher Nolan', 0);

IF NOT EXISTS (SELECT 1 FROM [dbo].[QuestionTheme_QTH] WHERE Id_Question = 1193 AND Id_Theme = @ThemeId)
BEGIN
    INSERT INTO [dbo].[QuestionTheme_QTH] ([Id_Question], [Id_Theme]) VALUES (1193, @ThemeId);
END

-- Question 27
SET IDENTITY_INSERT [dbo].[Question_QST] ON;
IF NOT EXISTS (SELECT 1 FROM [dbo].[Question_QST] WHERE Id = 1194)
BEGIN
    INSERT INTO [dbo].[Question_QST] ([Id], [Question], [Id_Difficulty])
    VALUES (1194, N'Quel film raconte l’histoire d’un garçon qui découvre qu’il est sorcier ?', 1);
END
SET IDENTITY_INSERT [dbo].[Question_QST] OFF;

INSERT INTO [dbo].[Answer_ANS] ([Id_Question], [Value], [Valid]) VALUES
    (1194, N'Harry Potter à l''école des sorciers', 1),
    (1194, N'Le Seigneur des Anneaux', 0),
    (1194, N'Percy Jackson', 0),
    (1194, N'Les Animaux Fantastiques', 0);

IF NOT EXISTS (SELECT 1 FROM [dbo].[QuestionTheme_QTH] WHERE Id_Question = 1194 AND Id_Theme = @ThemeId)
BEGIN
    INSERT INTO [dbo].[QuestionTheme_QTH] ([Id_Question], [Id_Theme]) VALUES (1194, @ThemeId);
END

-- Question 28
SET IDENTITY_INSERT [dbo].[Question_QST] ON;
IF NOT EXISTS (SELECT 1 FROM [dbo].[Question_QST] WHERE Id = 1195)
BEGIN
    INSERT INTO [dbo].[Question_QST] ([Id], [Question], [Id_Difficulty])
    VALUES (1195, N'Quel acteur joue le rôle de Joker en 2008 ?', 1);
END
SET IDENTITY_INSERT [dbo].[Question_QST] OFF;

INSERT INTO [dbo].[Answer_ANS] ([Id_Question], [Value], [Valid]) VALUES
    (1195, N'Heath Ledger', 1),
    (1195, N'Joaquin Phoenix', 0),
    (1195, N'Jack Nicholson', 0),
    (1195, N'Jared Leto', 0);

IF NOT EXISTS (SELECT 1 FROM [dbo].[QuestionTheme_QTH] WHERE Id_Question = 1195 AND Id_Theme = @ThemeId)
BEGIN
    INSERT INTO [dbo].[QuestionTheme_QTH] ([Id_Question], [Id_Theme]) VALUES (1195, @ThemeId);
END

-- Question 29
SET IDENTITY_INSERT [dbo].[Question_QST] ON;
IF NOT EXISTS (SELECT 1 FROM [dbo].[Question_QST] WHERE Id = 1196)
BEGIN
    INSERT INTO [dbo].[Question_QST] ([Id], [Question], [Id_Difficulty])
    VALUES (1196, N'Quel film met en scène une reine des glaces ?', 1);
END
SET IDENTITY_INSERT [dbo].[Question_QST] OFF;

INSERT INTO [dbo].[Answer_ANS] ([Id_Question], [Value], [Valid]) VALUES
    (1196, N'La Reine des Neiges', 1),
    (1196, N'Raiponce', 0),
    (1196, N'Cendrillon', 0),
    (1196, N'Blanche-Neige', 0);

IF NOT EXISTS (SELECT 1 FROM [dbo].[QuestionTheme_QTH] WHERE Id_Question = 1196 AND Id_Theme = @ThemeId)
BEGIN
    INSERT INTO [dbo].[QuestionTheme_QTH] ([Id_Question], [Id_Theme]) VALUES (1196, @ThemeId);
END

-- Question 30
SET IDENTITY_INSERT [dbo].[Question_QST] ON;
IF NOT EXISTS (SELECT 1 FROM [dbo].[Question_QST] WHERE Id = 1197)
BEGIN
    INSERT INTO [dbo].[Question_QST] ([Id], [Question], [Id_Difficulty])
    VALUES (1197, N'Qui réalise ''Interstellar'' ?', 1);
END
SET IDENTITY_INSERT [dbo].[Question_QST] OFF;

INSERT INTO [dbo].[Answer_ANS] ([Id_Question], [Value], [Valid]) VALUES
    (1197, N'Christopher Nolan', 1),
    (1197, N'Steven Spielberg', 0),
    (1197, N'James Cameron', 0),
    (1197, N'Martin Scorsese', 0);

IF NOT EXISTS (SELECT 1 FROM [dbo].[QuestionTheme_QTH] WHERE Id_Question = 1197 AND Id_Theme = @ThemeId)
BEGIN
    INSERT INTO [dbo].[QuestionTheme_QTH] ([Id_Question], [Id_Theme]) VALUES (1197, @ThemeId);
END

-- Question 31
SET IDENTITY_INSERT [dbo].[Question_QST] ON;
IF NOT EXISTS (SELECT 1 FROM [dbo].[Question_QST] WHERE Id = 1198)
BEGIN
    INSERT INTO [dbo].[Question_QST] ([Id], [Question], [Id_Difficulty])
    VALUES (1198, N'Quel acteur joue Captain America ?', 1);
END
SET IDENTITY_INSERT [dbo].[Question_QST] OFF;

INSERT INTO [dbo].[Answer_ANS] ([Id_Question], [Value], [Valid]) VALUES
    (1198, N'Chris Evans', 1),
    (1198, N'Chris Hemsworth', 0),
    (1198, N'Robert Downey Jr.', 0),
    (1198, N'Mark Ruffalo', 0);

IF NOT EXISTS (SELECT 1 FROM [dbo].[QuestionTheme_QTH] WHERE Id_Question = 1198 AND Id_Theme = @ThemeId)
BEGIN
    INSERT INTO [dbo].[QuestionTheme_QTH] ([Id_Question], [Id_Theme]) VALUES (1198, @ThemeId);
END

-- Question 32
SET IDENTITY_INSERT [dbo].[Question_QST] ON;
IF NOT EXISTS (SELECT 1 FROM [dbo].[Question_QST] WHERE Id = 1199)
BEGIN
    INSERT INTO [dbo].[Question_QST] ([Id], [Question], [Id_Difficulty])
    VALUES (1199, N'Quel film raconte l’histoire d’un robot nettoyeur nommé WALL·E ?', 1);
END
SET IDENTITY_INSERT [dbo].[Question_QST] OFF;

INSERT INTO [dbo].[Answer_ANS] ([Id_Question], [Value], [Valid]) VALUES
    (1199, N'WALL·E', 1),
    (1199, N'Robots', 0),
    (1199, N'Big Hero 6', 0),
    (1199, N'Chappie', 0);

IF NOT EXISTS (SELECT 1 FROM [dbo].[QuestionTheme_QTH] WHERE Id_Question = 1199 AND Id_Theme = @ThemeId)
BEGIN
    INSERT INTO [dbo].[QuestionTheme_QTH] ([Id_Question], [Id_Theme]) VALUES (1199, @ThemeId);
END

-- Question 33
SET IDENTITY_INSERT [dbo].[Question_QST] ON;
IF NOT EXISTS (SELECT 1 FROM [dbo].[Question_QST] WHERE Id = 1200)
BEGIN
    INSERT INTO [dbo].[Question_QST] ([Id], [Question], [Id_Difficulty])
    VALUES (1200, N'Qui réalise ''Shutter Island'' ?', 1);
END
SET IDENTITY_INSERT [dbo].[Question_QST] OFF;

INSERT INTO [dbo].[Answer_ANS] ([Id_Question], [Value], [Valid]) VALUES
    (1200, N'Martin Scorsese', 1),
    (1200, N'Christopher Nolan', 0),
    (1200, N'Steven Spielberg', 0),
    (1200, N'James Cameron', 0);

IF NOT EXISTS (SELECT 1 FROM [dbo].[QuestionTheme_QTH] WHERE Id_Question = 1200 AND Id_Theme = @ThemeId)
BEGIN
    INSERT INTO [dbo].[QuestionTheme_QTH] ([Id_Question], [Id_Theme]) VALUES (1200, @ThemeId);
END

-- Question 34
SET IDENTITY_INSERT [dbo].[Question_QST] ON;
IF NOT EXISTS (SELECT 1 FROM [dbo].[Question_QST] WHERE Id = 1201)
BEGIN
    INSERT INTO [dbo].[Question_QST] ([Id], [Question], [Id_Difficulty])
    VALUES (1201, N'Quel film met en scène Simba ?', 1);
END
SET IDENTITY_INSERT [dbo].[Question_QST] OFF;

INSERT INTO [dbo].[Answer_ANS] ([Id_Question], [Value], [Valid]) VALUES
    (1201, N'Le Roi Lion', 1),
    (1201, N'Aladdin', 0),
    (1201, N'Mulan', 0),
    (1201, N'La Belle et la Bête', 0);

IF NOT EXISTS (SELECT 1 FROM [dbo].[QuestionTheme_QTH] WHERE Id_Question = 1201 AND Id_Theme = @ThemeId)
BEGIN
    INSERT INTO [dbo].[QuestionTheme_QTH] ([Id_Question], [Id_Theme]) VALUES (1201, @ThemeId);
END

-- Question 35
SET IDENTITY_INSERT [dbo].[Question_QST] ON;
IF NOT EXISTS (SELECT 1 FROM [dbo].[Question_QST] WHERE Id = 1202)
BEGIN
    INSERT INTO [dbo].[Question_QST] ([Id], [Question], [Id_Difficulty])
    VALUES (1202, N'Quel acteur joue Jack Sparrow ?', 1);
END
SET IDENTITY_INSERT [dbo].[Question_QST] OFF;

INSERT INTO [dbo].[Answer_ANS] ([Id_Question], [Value], [Valid]) VALUES
    (1202, N'Johnny Depp', 1),
    (1202, N'Orlando Bloom', 0),
    (1202, N'Leonardo DiCaprio', 0),
    (1202, N'Brad Pitt', 0);

IF NOT EXISTS (SELECT 1 FROM [dbo].[QuestionTheme_QTH] WHERE Id_Question = 1202 AND Id_Theme = @ThemeId)
BEGIN
    INSERT INTO [dbo].[QuestionTheme_QTH] ([Id_Question], [Id_Theme]) VALUES (1202, @ThemeId);
END

-- Question 36
SET IDENTITY_INSERT [dbo].[Question_QST] ON;
IF NOT EXISTS (SELECT 1 FROM [dbo].[Question_QST] WHERE Id = 1203)
BEGIN
    INSERT INTO [dbo].[Question_QST] ([Id], [Question], [Id_Difficulty])
    VALUES (1203, N'Quel film raconte l’histoire d’un hobbit nommé Frodon ?', 1);
END
SET IDENTITY_INSERT [dbo].[Question_QST] OFF;

INSERT INTO [dbo].[Answer_ANS] ([Id_Question], [Value], [Valid]) VALUES
    (1203, N'Le Seigneur des Anneaux', 1),
    (1203, N'Harry Potter', 0),
    (1203, N'Narnia', 0),
    (1203, N'Percy Jackson', 0);

IF NOT EXISTS (SELECT 1 FROM [dbo].[QuestionTheme_QTH] WHERE Id_Question = 1203 AND Id_Theme = @ThemeId)
BEGIN
    INSERT INTO [dbo].[QuestionTheme_QTH] ([Id_Question], [Id_Theme]) VALUES (1203, @ThemeId);
END

-- Question 37
SET IDENTITY_INSERT [dbo].[Question_QST] ON;
IF NOT EXISTS (SELECT 1 FROM [dbo].[Question_QST] WHERE Id = 1204)
BEGIN
    INSERT INTO [dbo].[Question_QST] ([Id], [Question], [Id_Difficulty])
    VALUES (1204, N'Qui réalise ''Le Seigneur des Anneaux'' ?', 1);
END
SET IDENTITY_INSERT [dbo].[Question_QST] OFF;

INSERT INTO [dbo].[Answer_ANS] ([Id_Question], [Value], [Valid]) VALUES
    (1204, N'Peter Jackson', 1),
    (1204, N'Christopher Nolan', 0),
    (1204, N'James Cameron', 0),
    (1204, N'Steven Spielberg', 0);

IF NOT EXISTS (SELECT 1 FROM [dbo].[QuestionTheme_QTH] WHERE Id_Question = 1204 AND Id_Theme = @ThemeId)
BEGIN
    INSERT INTO [dbo].[QuestionTheme_QTH] ([Id_Question], [Id_Theme]) VALUES (1204, @ThemeId);
END

-- Question 38
SET IDENTITY_INSERT [dbo].[Question_QST] ON;
IF NOT EXISTS (SELECT 1 FROM [dbo].[Question_QST] WHERE Id = 1205)
BEGIN
    INSERT INTO [dbo].[Question_QST] ([Id], [Question], [Id_Difficulty])
    VALUES (1205, N'Quel film met en scène un dinosaure nommé Rexy ?', 1);
END
SET IDENTITY_INSERT [dbo].[Question_QST] OFF;

INSERT INTO [dbo].[Answer_ANS] ([Id_Question], [Value], [Valid]) VALUES
    (1205, N'Jurassic World', 0),
    (1205, N'Jurassic Park', 1),
    (1205, N'King Kong', 0),
    (1205, N'Avatar', 0);

IF NOT EXISTS (SELECT 1 FROM [dbo].[QuestionTheme_QTH] WHERE Id_Question = 1205 AND Id_Theme = @ThemeId)
BEGIN
    INSERT INTO [dbo].[QuestionTheme_QTH] ([Id_Question], [Id_Theme]) VALUES (1205, @ThemeId);
END

-- Question 39
SET IDENTITY_INSERT [dbo].[Question_QST] ON;
IF NOT EXISTS (SELECT 1 FROM [dbo].[Question_QST] WHERE Id = 1206)
BEGIN
    INSERT INTO [dbo].[Question_QST] ([Id], [Question], [Id_Difficulty])
    VALUES (1206, N'Quel acteur joue Spider-Man dans l’univers Marvel actuel ?', 1);
END
SET IDENTITY_INSERT [dbo].[Question_QST] OFF;

INSERT INTO [dbo].[Answer_ANS] ([Id_Question], [Value], [Valid]) VALUES
    (1206, N'Tom Holland', 1),
    (1206, N'Tobey Maguire', 0),
    (1206, N'Andrew Garfield', 0),
    (1206, N'Chris Evans', 0);

IF NOT EXISTS (SELECT 1 FROM [dbo].[QuestionTheme_QTH] WHERE Id_Question = 1206 AND Id_Theme = @ThemeId)
BEGIN
    INSERT INTO [dbo].[QuestionTheme_QTH] ([Id_Question], [Id_Theme]) VALUES (1206, @ThemeId);
END

-- Question 40
SET IDENTITY_INSERT [dbo].[Question_QST] ON;
IF NOT EXISTS (SELECT 1 FROM [dbo].[Question_QST] WHERE Id = 1207)
BEGIN
    INSERT INTO [dbo].[Question_QST] ([Id], [Question], [Id_Difficulty])
    VALUES (1207, N'Quel film raconte l’histoire d’un train magique pour Poudlard ?', 1);
END
SET IDENTITY_INSERT [dbo].[Question_QST] OFF;

INSERT INTO [dbo].[Answer_ANS] ([Id_Question], [Value], [Valid]) VALUES
    (1207, N'Harry Potter et le Philosophe', 1),
    (1207, N'Le Seigneur des Anneaux', 0),
    (1207, N'Percy Jackson', 0),
    (1207, N'Les Animaux Fantastiques', 0);

IF NOT EXISTS (SELECT 1 FROM [dbo].[QuestionTheme_QTH] WHERE Id_Question = 1207 AND Id_Theme = @ThemeId)
BEGIN
    INSERT INTO [dbo].[QuestionTheme_QTH] ([Id_Question], [Id_Theme]) VALUES (1207, @ThemeId);
END

-- Question 41
SET IDENTITY_INSERT [dbo].[Question_QST] ON;
IF NOT EXISTS (SELECT 1 FROM [dbo].[Question_QST] WHERE Id = 1208)
BEGIN
    INSERT INTO [dbo].[Question_QST] ([Id], [Question], [Id_Difficulty])
    VALUES (1208, N'Qui réalise ''Inception'' ?', 1);
END
SET IDENTITY_INSERT [dbo].[Question_QST] OFF;

INSERT INTO [dbo].[Answer_ANS] ([Id_Question], [Value], [Valid]) VALUES
    (1208, N'Christopher Nolan', 1),
    (1208, N'Steven Spielberg', 0),
    (1208, N'James Cameron', 0),
    (1208, N'Martin Scorsese', 0);

IF NOT EXISTS (SELECT 1 FROM [dbo].[QuestionTheme_QTH] WHERE Id_Question = 1208 AND Id_Theme = @ThemeId)
BEGIN
    INSERT INTO [dbo].[QuestionTheme_QTH] ([Id_Question], [Id_Theme]) VALUES (1208, @ThemeId);
END

-- Question 42
SET IDENTITY_INSERT [dbo].[Question_QST] ON;
IF NOT EXISTS (SELECT 1 FROM [dbo].[Question_QST] WHERE Id = 1209)
BEGIN
    INSERT INTO [dbo].[Question_QST] ([Id], [Question], [Id_Difficulty])
    VALUES (1209, N'Quel film raconte l’histoire d’une princesse endormie ?', 1);
END
SET IDENTITY_INSERT [dbo].[Question_QST] OFF;

INSERT INTO [dbo].[Answer_ANS] ([Id_Question], [Value], [Valid]) VALUES
    (1209, N'La Belle au bois dormant', 1),
    (1209, N'Cendrillon', 0),
    (1209, N'Raiponce', 0),
    (1209, N'Blanche-Neige', 0);

IF NOT EXISTS (SELECT 1 FROM [dbo].[QuestionTheme_QTH] WHERE Id_Question = 1209 AND Id_Theme = @ThemeId)
BEGIN
    INSERT INTO [dbo].[QuestionTheme_QTH] ([Id_Question], [Id_Theme]) VALUES (1209, @ThemeId);
END

-- Question 43
SET IDENTITY_INSERT [dbo].[Question_QST] ON;
IF NOT EXISTS (SELECT 1 FROM [dbo].[Question_QST] WHERE Id = 1210)
BEGIN
    INSERT INTO [dbo].[Question_QST] ([Id], [Question], [Id_Difficulty])
    VALUES (1210, N'Quel acteur joue Deadpool ?', 1);
END
SET IDENTITY_INSERT [dbo].[Question_QST] OFF;

INSERT INTO [dbo].[Answer_ANS] ([Id_Question], [Value], [Valid]) VALUES
    (1210, N'Ryan Reynolds', 1),
    (1210, N'Hugh Jackman', 0),
    (1210, N'Chris Evans', 0),
    (1210, N'Robert Downey Jr.', 0);

IF NOT EXISTS (SELECT 1 FROM [dbo].[QuestionTheme_QTH] WHERE Id_Question = 1210 AND Id_Theme = @ThemeId)
BEGIN
    INSERT INTO [dbo].[QuestionTheme_QTH] ([Id_Question], [Id_Theme]) VALUES (1210, @ThemeId);
END

-- Question 44
SET IDENTITY_INSERT [dbo].[Question_QST] ON;
IF NOT EXISTS (SELECT 1 FROM [dbo].[Question_QST] WHERE Id = 1211)
BEGIN
    INSERT INTO [dbo].[Question_QST] ([Id], [Question], [Id_Difficulty])
    VALUES (1211, N'Quel film met en scène un rat qui cuisine ?', 1);
END
SET IDENTITY_INSERT [dbo].[Question_QST] OFF;

INSERT INTO [dbo].[Answer_ANS] ([Id_Question], [Value], [Valid]) VALUES
    (1211, N'Ratatouille', 1),
    (1211, N'Le Roi Lion', 0),
    (1211, N'Zootopie', 0),
    (1211, N'Shrek', 0);

IF NOT EXISTS (SELECT 1 FROM [dbo].[QuestionTheme_QTH] WHERE Id_Question = 1211 AND Id_Theme = @ThemeId)
BEGIN
    INSERT INTO [dbo].[QuestionTheme_QTH] ([Id_Question], [Id_Theme]) VALUES (1211, @ThemeId);
END

-- Question 45
SET IDENTITY_INSERT [dbo].[Question_QST] ON;
IF NOT EXISTS (SELECT 1 FROM [dbo].[Question_QST] WHERE Id = 1212)
BEGIN
    INSERT INTO [dbo].[Question_QST] ([Id], [Question], [Id_Difficulty])
    VALUES (1212, N'Qui réalise ''Dunkerque'' ?', 1);
END
SET IDENTITY_INSERT [dbo].[Question_QST] OFF;

INSERT INTO [dbo].[Answer_ANS] ([Id_Question], [Value], [Valid]) VALUES
    (1212, N'Christopher Nolan', 1),
    (1212, N'Steven Spielberg', 0),
    (1212, N'James Cameron', 0),
    (1212, N'Martin Scorsese', 0);

IF NOT EXISTS (SELECT 1 FROM [dbo].[QuestionTheme_QTH] WHERE Id_Question = 1212 AND Id_Theme = @ThemeId)
BEGIN
    INSERT INTO [dbo].[QuestionTheme_QTH] ([Id_Question], [Id_Theme]) VALUES (1212, @ThemeId);
END

-- Question 46
SET IDENTITY_INSERT [dbo].[Question_QST] ON;
IF NOT EXISTS (SELECT 1 FROM [dbo].[Question_QST] WHERE Id = 1213)
BEGIN
    INSERT INTO [dbo].[Question_QST] ([Id], [Question], [Id_Difficulty])
    VALUES (1213, N'Quel acteur joue Batman dans ''The Dark Knight'' ?', 1);
END
SET IDENTITY_INSERT [dbo].[Question_QST] OFF;

INSERT INTO [dbo].[Answer_ANS] ([Id_Question], [Value], [Valid]) VALUES
    (1213, N'Christian Bale', 1),
    (1213, N'Ben Affleck', 0),
    (1213, N'Robert Pattinson', 0),
    (1213, N'Michael Keaton', 0);

IF NOT EXISTS (SELECT 1 FROM [dbo].[QuestionTheme_QTH] WHERE Id_Question = 1213 AND Id_Theme = @ThemeId)
BEGIN
    INSERT INTO [dbo].[QuestionTheme_QTH] ([Id_Question], [Id_Theme]) VALUES (1213, @ThemeId);
END

-- Question 47
SET IDENTITY_INSERT [dbo].[Question_QST] ON;
IF NOT EXISTS (SELECT 1 FROM [dbo].[Question_QST] WHERE Id = 1214)
BEGIN
    INSERT INTO [dbo].[Question_QST] ([Id], [Question], [Id_Difficulty])
    VALUES (1214, N'Quel film raconte l’histoire de Peter Pan ?', 1);
END
SET IDENTITY_INSERT [dbo].[Question_QST] OFF;

INSERT INTO [dbo].[Answer_ANS] ([Id_Question], [Value], [Valid]) VALUES
    (1214, N'Peter Pan', 1),
    (1214, N'Alice au pays des merveilles', 0),
    (1214, N'Narnia', 0),
    (1214, N'Shrek', 0);

IF NOT EXISTS (SELECT 1 FROM [dbo].[QuestionTheme_QTH] WHERE Id_Question = 1214 AND Id_Theme = @ThemeId)
BEGIN
    INSERT INTO [dbo].[QuestionTheme_QTH] ([Id_Question], [Id_Theme]) VALUES (1214, @ThemeId);
END

-- Question 48
SET IDENTITY_INSERT [dbo].[Question_QST] ON;
IF NOT EXISTS (SELECT 1 FROM [dbo].[Question_QST] WHERE Id = 1215)
BEGIN
    INSERT INTO [dbo].[Question_QST] ([Id], [Question], [Id_Difficulty])
    VALUES (1215, N'Quel acteur joue Deadpool dans le film de 2016 ?', 1);
END
SET IDENTITY_INSERT [dbo].[Question_QST] OFF;

INSERT INTO [dbo].[Answer_ANS] ([Id_Question], [Value], [Valid]) VALUES
    (1215, N'Ryan Reynolds', 1),
    (1215, N'Hugh Jackman', 0),
    (1215, N'Chris Evans', 0),
    (1215, N'Robert Downey Jr.', 0);

IF NOT EXISTS (SELECT 1 FROM [dbo].[QuestionTheme_QTH] WHERE Id_Question = 1215 AND Id_Theme = @ThemeId)
BEGIN
    INSERT INTO [dbo].[QuestionTheme_QTH] ([Id_Question], [Id_Theme]) VALUES (1215, @ThemeId);
END

-- Question 49
SET IDENTITY_INSERT [dbo].[Question_QST] ON;
IF NOT EXISTS (SELECT 1 FROM [dbo].[Question_QST] WHERE Id = 1216)
BEGIN
    INSERT INTO [dbo].[Question_QST] ([Id], [Question], [Id_Difficulty])
    VALUES (1216, N'Quel film a remporté l’Oscar du meilleur film en 1994 ?', 2);
END
SET IDENTITY_INSERT [dbo].[Question_QST] OFF;

INSERT INTO [dbo].[Answer_ANS] ([Id_Question], [Value], [Valid]) VALUES
    (1216, N'Forrest Gump', 1),
    (1216, N'Pulp Fiction', 0),
    (1216, N'The Shawshank Redemption', 0),
    (1216, N'Braveheart', 0);

IF NOT EXISTS (SELECT 1 FROM [dbo].[QuestionTheme_QTH] WHERE Id_Question = 1216 AND Id_Theme = @ThemeId)
BEGIN
    INSERT INTO [dbo].[QuestionTheme_QTH] ([Id_Question], [Id_Theme]) VALUES (1216, @ThemeId);
END

-- Question 50
SET IDENTITY_INSERT [dbo].[Question_QST] ON;
IF NOT EXISTS (SELECT 1 FROM [dbo].[Question_QST] WHERE Id = 1217)
BEGIN
    INSERT INTO [dbo].[Question_QST] ([Id], [Question], [Id_Difficulty])
    VALUES (1217, N'Qui a réalisé ''Gladiator'' ?', 2);
END
SET IDENTITY_INSERT [dbo].[Question_QST] OFF;

INSERT INTO [dbo].[Answer_ANS] ([Id_Question], [Value], [Valid]) VALUES
    (1217, N'Ridley Scott', 1),
    (1217, N'Steven Spielberg', 0),
    (1217, N'James Cameron', 0),
    (1217, N'Christopher Nolan', 0);

IF NOT EXISTS (SELECT 1 FROM [dbo].[QuestionTheme_QTH] WHERE Id_Question = 1217 AND Id_Theme = @ThemeId)
BEGIN
    INSERT INTO [dbo].[QuestionTheme_QTH] ([Id_Question], [Id_Theme]) VALUES (1217, @ThemeId);
END

-- Question 51
SET IDENTITY_INSERT [dbo].[Question_QST] ON;
IF NOT EXISTS (SELECT 1 FROM [dbo].[Question_QST] WHERE Id = 1218)
BEGIN
    INSERT INTO [dbo].[Question_QST] ([Id], [Question], [Id_Difficulty])
    VALUES (1218, N'Quel acteur joue le rôle de Jack Sparrow ?', 2);
END
SET IDENTITY_INSERT [dbo].[Question_QST] OFF;

INSERT INTO [dbo].[Answer_ANS] ([Id_Question], [Value], [Valid]) VALUES
    (1218, N'Johnny Depp', 1),
    (1218, N'Orlando Bloom', 0),
    (1218, N'Brad Pitt', 0),
    (1218, N'Leonardo DiCaprio', 0);

IF NOT EXISTS (SELECT 1 FROM [dbo].[QuestionTheme_QTH] WHERE Id_Question = 1218 AND Id_Theme = @ThemeId)
BEGIN
    INSERT INTO [dbo].[QuestionTheme_QTH] ([Id_Question], [Id_Theme]) VALUES (1218, @ThemeId);
END

-- Question 52
SET IDENTITY_INSERT [dbo].[Question_QST] ON;
IF NOT EXISTS (SELECT 1 FROM [dbo].[Question_QST] WHERE Id = 1219)
BEGIN
    INSERT INTO [dbo].[Question_QST] ([Id], [Question], [Id_Difficulty])
    VALUES (1219, N'Quel film met en scène Andy Dufresne ?', 2);
END
SET IDENTITY_INSERT [dbo].[Question_QST] OFF;

INSERT INTO [dbo].[Answer_ANS] ([Id_Question], [Value], [Valid]) VALUES
    (1219, N'Les Évadés', 1),
    (1219, N'Shutter Island', 0),
    (1219, N'Seven', 0),
    (1219, N'Forrest Gump', 0);

IF NOT EXISTS (SELECT 1 FROM [dbo].[QuestionTheme_QTH] WHERE Id_Question = 1219 AND Id_Theme = @ThemeId)
BEGIN
    INSERT INTO [dbo].[QuestionTheme_QTH] ([Id_Question], [Id_Theme]) VALUES (1219, @ThemeId);
END

-- Question 53
SET IDENTITY_INSERT [dbo].[Question_QST] ON;
IF NOT EXISTS (SELECT 1 FROM [dbo].[Question_QST] WHERE Id = 1220)
BEGIN
    INSERT INTO [dbo].[Question_QST] ([Id], [Question], [Id_Difficulty])
    VALUES (1220, N'Quel film de Quentin Tarantino met en scène Uma Thurman ?', 2);
END
SET IDENTITY_INSERT [dbo].[Question_QST] OFF;

INSERT INTO [dbo].[Answer_ANS] ([Id_Question], [Value], [Valid]) VALUES
    (1220, N'Kill Bill', 1),
    (1220, N'Pulp Fiction', 0),
    (1220, N'Jackie Brown', 0),
    (1220, N'Django Unchained', 0);

IF NOT EXISTS (SELECT 1 FROM [dbo].[QuestionTheme_QTH] WHERE Id_Question = 1220 AND Id_Theme = @ThemeId)
BEGIN
    INSERT INTO [dbo].[QuestionTheme_QTH] ([Id_Question], [Id_Theme]) VALUES (1220, @ThemeId);
END

-- Question 54
SET IDENTITY_INSERT [dbo].[Question_QST] ON;
IF NOT EXISTS (SELECT 1 FROM [dbo].[Question_QST] WHERE Id = 1221)
BEGIN
    INSERT INTO [dbo].[Question_QST] ([Id], [Question], [Id_Difficulty])
    VALUES (1221, N'Qui a réalisé ''Le Seigneur des Anneaux'' ?', 2);
END
SET IDENTITY_INSERT [dbo].[Question_QST] OFF;

INSERT INTO [dbo].[Answer_ANS] ([Id_Question], [Value], [Valid]) VALUES
    (1221, N'Peter Jackson', 1),
    (1221, N'Christopher Nolan', 0),
    (1221, N'Steven Spielberg', 0),
    (1221, N'James Cameron', 0);

IF NOT EXISTS (SELECT 1 FROM [dbo].[QuestionTheme_QTH] WHERE Id_Question = 1221 AND Id_Theme = @ThemeId)
BEGIN
    INSERT INTO [dbo].[QuestionTheme_QTH] ([Id_Question], [Id_Theme]) VALUES (1221, @ThemeId);
END

-- Question 55
SET IDENTITY_INSERT [dbo].[Question_QST] ON;
IF NOT EXISTS (SELECT 1 FROM [dbo].[Question_QST] WHERE Id = 1222)
BEGIN
    INSERT INTO [dbo].[Question_QST] ([Id], [Question], [Id_Difficulty])
    VALUES (1222, N'Quel film d’animation raconte l’histoire d’un rat qui cuisine ?', 2);
END
SET IDENTITY_INSERT [dbo].[Question_QST] OFF;

INSERT INTO [dbo].[Answer_ANS] ([Id_Question], [Value], [Valid]) VALUES
    (1222, N'Ratatouille', 1),
    (1222, N'Le Roi Lion', 0),
    (1222, N'Zootopie', 0),
    (1222, N'Shrek', 0);

IF NOT EXISTS (SELECT 1 FROM [dbo].[QuestionTheme_QTH] WHERE Id_Question = 1222 AND Id_Theme = @ThemeId)
BEGIN
    INSERT INTO [dbo].[QuestionTheme_QTH] ([Id_Question], [Id_Theme]) VALUES (1222, @ThemeId);
END

-- Question 56
SET IDENTITY_INSERT [dbo].[Question_QST] ON;
IF NOT EXISTS (SELECT 1 FROM [dbo].[Question_QST] WHERE Id = 1223)
BEGIN
    INSERT INTO [dbo].[Question_QST] ([Id], [Question], [Id_Difficulty])
    VALUES (1223, N'Quel acteur joue le rôle du Joker dans ''Joker'' (2019) ?', 2);
END
SET IDENTITY_INSERT [dbo].[Question_QST] OFF;

INSERT INTO [dbo].[Answer_ANS] ([Id_Question], [Value], [Valid]) VALUES
    (1223, N'Joaquin Phoenix', 1),
    (1223, N'Heath Ledger', 0),
    (1223, N'Jack Nicholson', 0),
    (1223, N'Jared Leto', 0);

IF NOT EXISTS (SELECT 1 FROM [dbo].[QuestionTheme_QTH] WHERE Id_Question = 1223 AND Id_Theme = @ThemeId)
BEGIN
    INSERT INTO [dbo].[QuestionTheme_QTH] ([Id_Question], [Id_Theme]) VALUES (1223, @ThemeId);
END

-- Question 57
SET IDENTITY_INSERT [dbo].[Question_QST] ON;
IF NOT EXISTS (SELECT 1 FROM [dbo].[Question_QST] WHERE Id = 1224)
BEGIN
    INSERT INTO [dbo].[Question_QST] ([Id], [Question], [Id_Difficulty])
    VALUES (1224, N'Quel film raconte l’histoire de Tony Stark ?', 2);
END
SET IDENTITY_INSERT [dbo].[Question_QST] OFF;

INSERT INTO [dbo].[Answer_ANS] ([Id_Question], [Value], [Valid]) VALUES
    (1224, N'Iron Man', 1),
    (1224, N'Captain America', 0),
    (1224, N'Thor', 0),
    (1224, N'Hulk', 0);

IF NOT EXISTS (SELECT 1 FROM [dbo].[QuestionTheme_QTH] WHERE Id_Question = 1224 AND Id_Theme = @ThemeId)
BEGIN
    INSERT INTO [dbo].[QuestionTheme_QTH] ([Id_Question], [Id_Theme]) VALUES (1224, @ThemeId);
END

-- Question 58
SET IDENTITY_INSERT [dbo].[Question_QST] ON;
IF NOT EXISTS (SELECT 1 FROM [dbo].[Question_QST] WHERE Id = 1225)
BEGIN
    INSERT INTO [dbo].[Question_QST] ([Id], [Question], [Id_Difficulty])
    VALUES (1225, N'Quel film de James Cameron a remporté 11 Oscars ?', 2);
END
SET IDENTITY_INSERT [dbo].[Question_QST] OFF;

INSERT INTO [dbo].[Answer_ANS] ([Id_Question], [Value], [Valid]) VALUES
    (1225, N'Titanic', 1),
    (1225, N'Avatar', 0),
    (1225, N'Aliens', 0),
    (1225, N'Terminator 2', 0);

IF NOT EXISTS (SELECT 1 FROM [dbo].[QuestionTheme_QTH] WHERE Id_Question = 1225 AND Id_Theme = @ThemeId)
BEGIN
    INSERT INTO [dbo].[QuestionTheme_QTH] ([Id_Question], [Id_Theme]) VALUES (1225, @ThemeId);
END

-- Question 59
SET IDENTITY_INSERT [dbo].[Question_QST] ON;
IF NOT EXISTS (SELECT 1 FROM [dbo].[Question_QST] WHERE Id = 1226)
BEGIN
    INSERT INTO [dbo].[Question_QST] ([Id], [Question], [Id_Difficulty])
    VALUES (1226, N'Qui a réalisé ''Inglourious Basterds'' ?', 2);
END
SET IDENTITY_INSERT [dbo].[Question_QST] OFF;

INSERT INTO [dbo].[Answer_ANS] ([Id_Question], [Value], [Valid]) VALUES
    (1226, N'Quentin Tarantino', 1),
    (1226, N'Martin Scorsese', 0),
    (1226, N'Christopher Nolan', 0),
    (1226, N'Steven Spielberg', 0);

IF NOT EXISTS (SELECT 1 FROM [dbo].[QuestionTheme_QTH] WHERE Id_Question = 1226 AND Id_Theme = @ThemeId)
BEGIN
    INSERT INTO [dbo].[QuestionTheme_QTH] ([Id_Question], [Id_Theme]) VALUES (1226, @ThemeId);
END

-- Question 60
SET IDENTITY_INSERT [dbo].[Question_QST] ON;
IF NOT EXISTS (SELECT 1 FROM [dbo].[Question_QST] WHERE Id = 1227)
BEGIN
    INSERT INTO [dbo].[Question_QST] ([Id], [Question], [Id_Difficulty])
    VALUES (1227, N'Quel film raconte l’histoire de Simba qui devient roi ?', 2);
END
SET IDENTITY_INSERT [dbo].[Question_QST] OFF;

INSERT INTO [dbo].[Answer_ANS] ([Id_Question], [Value], [Valid]) VALUES
    (1227, N'Le Roi Lion', 1),
    (1227, N'Aladdin', 0),
    (1227, N'Mulan', 0),
    (1227, N'La Belle et la Bête', 0);

IF NOT EXISTS (SELECT 1 FROM [dbo].[QuestionTheme_QTH] WHERE Id_Question = 1227 AND Id_Theme = @ThemeId)
BEGIN
    INSERT INTO [dbo].[QuestionTheme_QTH] ([Id_Question], [Id_Theme]) VALUES (1227, @ThemeId);
END

-- Question 61
SET IDENTITY_INSERT [dbo].[Question_QST] ON;
IF NOT EXISTS (SELECT 1 FROM [dbo].[Question_QST] WHERE Id = 1228)
BEGIN
    INSERT INTO [dbo].[Question_QST] ([Id], [Question], [Id_Difficulty])
    VALUES (1228, N'Quel acteur joue le rôle de Wolverine ?', 2);
END
SET IDENTITY_INSERT [dbo].[Question_QST] OFF;

INSERT INTO [dbo].[Answer_ANS] ([Id_Question], [Value], [Valid]) VALUES
    (1228, N'Hugh Jackman', 1),
    (1228, N'Ryan Reynolds', 0),
    (1228, N'Chris Hemsworth', 0),
    (1228, N'Robert Downey Jr.', 0);

IF NOT EXISTS (SELECT 1 FROM [dbo].[QuestionTheme_QTH] WHERE Id_Question = 1228 AND Id_Theme = @ThemeId)
BEGIN
    INSERT INTO [dbo].[QuestionTheme_QTH] ([Id_Question], [Id_Theme]) VALUES (1228, @ThemeId);
END

-- Question 62
SET IDENTITY_INSERT [dbo].[Question_QST] ON;
IF NOT EXISTS (SELECT 1 FROM [dbo].[Question_QST] WHERE Id = 1229)
BEGIN
    INSERT INTO [dbo].[Question_QST] ([Id], [Question], [Id_Difficulty])
    VALUES (1229, N'Quel film raconte l’histoire de Neo ?', 2);
END
SET IDENTITY_INSERT [dbo].[Question_QST] OFF;

INSERT INTO [dbo].[Answer_ANS] ([Id_Question], [Value], [Valid]) VALUES
    (1229, N'Matrix', 1),
    (1229, N'Inception', 0),
    (1229, N'Tron', 0),
    (1229, N'Blade Runner', 0);

IF NOT EXISTS (SELECT 1 FROM [dbo].[QuestionTheme_QTH] WHERE Id_Question = 1229 AND Id_Theme = @ThemeId)
BEGIN
    INSERT INTO [dbo].[QuestionTheme_QTH] ([Id_Question], [Id_Theme]) VALUES (1229, @ThemeId);
END

-- Question 63
SET IDENTITY_INSERT [dbo].[Question_QST] ON;
IF NOT EXISTS (SELECT 1 FROM [dbo].[Question_QST] WHERE Id = 1230)
BEGIN
    INSERT INTO [dbo].[Question_QST] ([Id], [Question], [Id_Difficulty])
    VALUES (1230, N'Qui a réalisé ''Django Unchained'' ?', 2);
END
SET IDENTITY_INSERT [dbo].[Question_QST] OFF;

INSERT INTO [dbo].[Answer_ANS] ([Id_Question], [Value], [Valid]) VALUES
    (1230, N'Quentin Tarantino', 1),
    (1230, N'Martin Scorsese', 0),
    (1230, N'Steven Spielberg', 0),
    (1230, N'James Cameron', 0);

IF NOT EXISTS (SELECT 1 FROM [dbo].[QuestionTheme_QTH] WHERE Id_Question = 1230 AND Id_Theme = @ThemeId)
BEGIN
    INSERT INTO [dbo].[QuestionTheme_QTH] ([Id_Question], [Id_Theme]) VALUES (1230, @ThemeId);
END

-- Question 64
SET IDENTITY_INSERT [dbo].[Question_QST] ON;
IF NOT EXISTS (SELECT 1 FROM [dbo].[Question_QST] WHERE Id = 1231)
BEGIN
    INSERT INTO [dbo].[Question_QST] ([Id], [Question], [Id_Difficulty])
    VALUES (1231, N'Quel film raconte l’histoire d’un pirate nommé Jack Sparrow ?', 2);
END
SET IDENTITY_INSERT [dbo].[Question_QST] OFF;

INSERT INTO [dbo].[Answer_ANS] ([Id_Question], [Value], [Valid]) VALUES
    (1231, N'Pirates des Caraïbes', 1),
    (1231, N'Le Hobbit', 0),
    (1231, N'King Kong', 0),
    (1231, N'Assassin’s Creed', 0);

IF NOT EXISTS (SELECT 1 FROM [dbo].[QuestionTheme_QTH] WHERE Id_Question = 1231 AND Id_Theme = @ThemeId)
BEGIN
    INSERT INTO [dbo].[QuestionTheme_QTH] ([Id_Question], [Id_Theme]) VALUES (1231, @ThemeId);
END

-- Question 65
SET IDENTITY_INSERT [dbo].[Question_QST] ON;
IF NOT EXISTS (SELECT 1 FROM [dbo].[Question_QST] WHERE Id = 1232)
BEGIN
    INSERT INTO [dbo].[Question_QST] ([Id], [Question], [Id_Difficulty])
    VALUES (1232, N'Quel film met en scène le personnage d’Ellen Ripley ?', 2);
END
SET IDENTITY_INSERT [dbo].[Question_QST] OFF;

INSERT INTO [dbo].[Answer_ANS] ([Id_Question], [Value], [Valid]) VALUES
    (1232, N'Alien', 1),
    (1232, N'Terminator', 0),
    (1232, N'Predator', 0),
    (1232, N'Blade Runner', 0);

IF NOT EXISTS (SELECT 1 FROM [dbo].[QuestionTheme_QTH] WHERE Id_Question = 1232 AND Id_Theme = @ThemeId)
BEGIN
    INSERT INTO [dbo].[QuestionTheme_QTH] ([Id_Question], [Id_Theme]) VALUES (1232, @ThemeId);
END

-- Question 66
SET IDENTITY_INSERT [dbo].[Question_QST] ON;
IF NOT EXISTS (SELECT 1 FROM [dbo].[Question_QST] WHERE Id = 1233)
BEGIN
    INSERT INTO [dbo].[Question_QST] ([Id], [Question], [Id_Difficulty])
    VALUES (1233, N'Qui a réalisé ''Interstellar'' ?', 2);
END
SET IDENTITY_INSERT [dbo].[Question_QST] OFF;

INSERT INTO [dbo].[Answer_ANS] ([Id_Question], [Value], [Valid]) VALUES
    (1233, N'Christopher Nolan', 1),
    (1233, N'Steven Spielberg', 0),
    (1233, N'James Cameron', 0),
    (1233, N'Martin Scorsese', 0);

IF NOT EXISTS (SELECT 1 FROM [dbo].[QuestionTheme_QTH] WHERE Id_Question = 1233 AND Id_Theme = @ThemeId)
BEGIN
    INSERT INTO [dbo].[QuestionTheme_QTH] ([Id_Question], [Id_Theme]) VALUES (1233, @ThemeId);
END

-- Question 67
SET IDENTITY_INSERT [dbo].[Question_QST] ON;
IF NOT EXISTS (SELECT 1 FROM [dbo].[Question_QST] WHERE Id = 1234)
BEGIN
    INSERT INTO [dbo].[Question_QST] ([Id], [Question], [Id_Difficulty])
    VALUES (1234, N'Quel film raconte l’histoire de Forrest Gump ?', 2);
END
SET IDENTITY_INSERT [dbo].[Question_QST] OFF;

INSERT INTO [dbo].[Answer_ANS] ([Id_Question], [Value], [Valid]) VALUES
    (1234, N'Forrest Gump', 1),
    (1234, N'Rain Man', 0),
    (1234, N'Philadelphia', 0),
    (1234, N'Big', 0);

IF NOT EXISTS (SELECT 1 FROM [dbo].[QuestionTheme_QTH] WHERE Id_Question = 1234 AND Id_Theme = @ThemeId)
BEGIN
    INSERT INTO [dbo].[QuestionTheme_QTH] ([Id_Question], [Id_Theme]) VALUES (1234, @ThemeId);
END

-- Question 68
SET IDENTITY_INSERT [dbo].[Question_QST] ON;
IF NOT EXISTS (SELECT 1 FROM [dbo].[Question_QST] WHERE Id = 1235)
BEGIN
    INSERT INTO [dbo].[Question_QST] ([Id], [Question], [Id_Difficulty])
    VALUES (1235, N'Quel acteur joue le rôle de Thanos ?', 2);
END
SET IDENTITY_INSERT [dbo].[Question_QST] OFF;

INSERT INTO [dbo].[Answer_ANS] ([Id_Question], [Value], [Valid]) VALUES
    (1235, N'Josh Brolin', 1),
    (1235, N'Robert Downey Jr.', 0),
    (1235, N'Chris Hemsworth', 0),
    (1235, N'Mark Ruffalo', 0);

IF NOT EXISTS (SELECT 1 FROM [dbo].[QuestionTheme_QTH] WHERE Id_Question = 1235 AND Id_Theme = @ThemeId)
BEGIN
    INSERT INTO [dbo].[QuestionTheme_QTH] ([Id_Question], [Id_Theme]) VALUES (1235, @ThemeId);
END

-- Question 69
SET IDENTITY_INSERT [dbo].[Question_QST] ON;
IF NOT EXISTS (SELECT 1 FROM [dbo].[Question_QST] WHERE Id = 1236)
BEGIN
    INSERT INTO [dbo].[Question_QST] ([Id], [Question], [Id_Difficulty])
    VALUES (1236, N'Quel film raconte l’histoire de la Reine Elsa ?', 2);
END
SET IDENTITY_INSERT [dbo].[Question_QST] OFF;

INSERT INTO [dbo].[Answer_ANS] ([Id_Question], [Value], [Valid]) VALUES
    (1236, N'La Reine des Neiges', 1),
    (1236, N'Raiponce', 0),
    (1236, N'Cendrillon', 0),
    (1236, N'Blanche-Neige', 0);

IF NOT EXISTS (SELECT 1 FROM [dbo].[QuestionTheme_QTH] WHERE Id_Question = 1236 AND Id_Theme = @ThemeId)
BEGIN
    INSERT INTO [dbo].[QuestionTheme_QTH] ([Id_Question], [Id_Theme]) VALUES (1236, @ThemeId);
END

-- Question 70
SET IDENTITY_INSERT [dbo].[Question_QST] ON;
IF NOT EXISTS (SELECT 1 FROM [dbo].[Question_QST] WHERE Id = 1237)
BEGIN
    INSERT INTO [dbo].[Question_QST] ([Id], [Question], [Id_Difficulty])
    VALUES (1237, N'Quel réalisateur a créé ''E.T. l’extra-terrestre'' ?', 2);
END
SET IDENTITY_INSERT [dbo].[Question_QST] OFF;

INSERT INTO [dbo].[Answer_ANS] ([Id_Question], [Value], [Valid]) VALUES
    (1237, N'Steven Spielberg', 1),
    (1237, N'James Cameron', 0),
    (1237, N'Christopher Nolan', 0),
    (1237, N'George Lucas', 0);

IF NOT EXISTS (SELECT 1 FROM [dbo].[QuestionTheme_QTH] WHERE Id_Question = 1237 AND Id_Theme = @ThemeId)
BEGIN
    INSERT INTO [dbo].[QuestionTheme_QTH] ([Id_Question], [Id_Theme]) VALUES (1237, @ThemeId);
END

-- Question 71
SET IDENTITY_INSERT [dbo].[Question_QST] ON;
IF NOT EXISTS (SELECT 1 FROM [dbo].[Question_QST] WHERE Id = 1238)
BEGIN
    INSERT INTO [dbo].[Question_QST] ([Id], [Question], [Id_Difficulty])
    VALUES (1238, N'Quel film raconte l’histoire de Bilbo et Frodon ?', 2);
END
SET IDENTITY_INSERT [dbo].[Question_QST] OFF;

INSERT INTO [dbo].[Answer_ANS] ([Id_Question], [Value], [Valid]) VALUES
    (1238, N'Le Hobbit / Le Seigneur des Anneaux', 1),
    (1238, N'Harry Potter', 0),
    (1238, N'Narnia', 0),
    (1238, N'Percy Jackson', 0);

IF NOT EXISTS (SELECT 1 FROM [dbo].[QuestionTheme_QTH] WHERE Id_Question = 1238 AND Id_Theme = @ThemeId)
BEGIN
    INSERT INTO [dbo].[QuestionTheme_QTH] ([Id_Question], [Id_Theme]) VALUES (1238, @ThemeId);
END

-- Question 72
SET IDENTITY_INSERT [dbo].[Question_QST] ON;
IF NOT EXISTS (SELECT 1 FROM [dbo].[Question_QST] WHERE Id = 1239)
BEGIN
    INSERT INTO [dbo].[Question_QST] ([Id], [Question], [Id_Difficulty])
    VALUES (1239, N'Qui a réalisé ''Shutter Island'' ?', 2);
END
SET IDENTITY_INSERT [dbo].[Question_QST] OFF;

INSERT INTO [dbo].[Answer_ANS] ([Id_Question], [Value], [Valid]) VALUES
    (1239, N'Martin Scorsese', 1),
    (1239, N'Christopher Nolan', 0),
    (1239, N'Steven Spielberg', 0),
    (1239, N'James Cameron', 0);

IF NOT EXISTS (SELECT 1 FROM [dbo].[QuestionTheme_QTH] WHERE Id_Question = 1239 AND Id_Theme = @ThemeId)
BEGIN
    INSERT INTO [dbo].[QuestionTheme_QTH] ([Id_Question], [Id_Theme]) VALUES (1239, @ThemeId);
END

-- Question 73
SET IDENTITY_INSERT [dbo].[Question_QST] ON;
IF NOT EXISTS (SELECT 1 FROM [dbo].[Question_QST] WHERE Id = 1240)
BEGIN
    INSERT INTO [dbo].[Question_QST] ([Id], [Question], [Id_Difficulty])
    VALUES (1240, N'Quel film raconte l’histoire d’une boîte à musique et d’une machine à automates ?', 2);
END
SET IDENTITY_INSERT [dbo].[Question_QST] OFF;

INSERT INTO [dbo].[Answer_ANS] ([Id_Question], [Value], [Valid]) VALUES
    (1240, N'Hugo Cabret', 1),
    (1240, N'Coraline', 0),
    (1240, N'Les Noces funèbres', 0),
    (1240, N'Coco', 0);

IF NOT EXISTS (SELECT 1 FROM [dbo].[QuestionTheme_QTH] WHERE Id_Question = 1240 AND Id_Theme = @ThemeId)
BEGIN
    INSERT INTO [dbo].[QuestionTheme_QTH] ([Id_Question], [Id_Theme]) VALUES (1240, @ThemeId);
END

-- Question 74
SET IDENTITY_INSERT [dbo].[Question_QST] ON;
IF NOT EXISTS (SELECT 1 FROM [dbo].[Question_QST] WHERE Id = 1241)
BEGIN
    INSERT INTO [dbo].[Question_QST] ([Id], [Question], [Id_Difficulty])
    VALUES (1241, N'Quel film a remporté l’Oscar du meilleur film en 2010 ?', 2);
END
SET IDENTITY_INSERT [dbo].[Question_QST] OFF;

INSERT INTO [dbo].[Answer_ANS] ([Id_Question], [Value], [Valid]) VALUES
    (1241, N'The Hurt Locker', 1),
    (1241, N'Avatar', 0),
    (1241, N'Inception', 0),
    (1241, N'Black Swan', 0);

IF NOT EXISTS (SELECT 1 FROM [dbo].[QuestionTheme_QTH] WHERE Id_Question = 1241 AND Id_Theme = @ThemeId)
BEGIN
    INSERT INTO [dbo].[QuestionTheme_QTH] ([Id_Question], [Id_Theme]) VALUES (1241, @ThemeId);
END

-- Question 75
SET IDENTITY_INSERT [dbo].[Question_QST] ON;
IF NOT EXISTS (SELECT 1 FROM [dbo].[Question_QST] WHERE Id = 1242)
BEGIN
    INSERT INTO [dbo].[Question_QST] ([Id], [Question], [Id_Difficulty])
    VALUES (1242, N'Quel acteur joue Deadpool ?', 2);
END
SET IDENTITY_INSERT [dbo].[Question_QST] OFF;

INSERT INTO [dbo].[Answer_ANS] ([Id_Question], [Value], [Valid]) VALUES
    (1242, N'Ryan Reynolds', 1),
    (1242, N'Hugh Jackman', 0),
    (1242, N'Chris Evans', 0),
    (1242, N'Robert Downey Jr.', 0);

IF NOT EXISTS (SELECT 1 FROM [dbo].[QuestionTheme_QTH] WHERE Id_Question = 1242 AND Id_Theme = @ThemeId)
BEGIN
    INSERT INTO [dbo].[QuestionTheme_QTH] ([Id_Question], [Id_Theme]) VALUES (1242, @ThemeId);
END

-- Question 76
SET IDENTITY_INSERT [dbo].[Question_QST] ON;
IF NOT EXISTS (SELECT 1 FROM [dbo].[Question_QST] WHERE Id = 1243)
BEGIN
    INSERT INTO [dbo].[Question_QST] ([Id], [Question], [Id_Difficulty])
    VALUES (1243, N'Quel film raconte l’histoire d’un garçon nommé Harry Potter ?', 2);
END
SET IDENTITY_INSERT [dbo].[Question_QST] OFF;

INSERT INTO [dbo].[Answer_ANS] ([Id_Question], [Value], [Valid]) VALUES
    (1243, N'Harry Potter à l''école des sorciers', 1),
    (1243, N'Le Seigneur des Anneaux', 0),
    (1243, N'Percy Jackson', 0),
    (1243, N'Les Animaux Fantastiques', 0);

IF NOT EXISTS (SELECT 1 FROM [dbo].[QuestionTheme_QTH] WHERE Id_Question = 1243 AND Id_Theme = @ThemeId)
BEGIN
    INSERT INTO [dbo].[QuestionTheme_QTH] ([Id_Question], [Id_Theme]) VALUES (1243, @ThemeId);
END

-- Question 77
SET IDENTITY_INSERT [dbo].[Question_QST] ON;
IF NOT EXISTS (SELECT 1 FROM [dbo].[Question_QST] WHERE Id = 1244)
BEGIN
    INSERT INTO [dbo].[Question_QST] ([Id], [Question], [Id_Difficulty])
    VALUES (1244, N'Qui a réalisé ''The Revenant'' ?', 2);
END
SET IDENTITY_INSERT [dbo].[Question_QST] OFF;

INSERT INTO [dbo].[Answer_ANS] ([Id_Question], [Value], [Valid]) VALUES
    (1244, N'Alejandro González Iñárritu', 1),
    (1244, N'Martin Scorsese', 0),
    (1244, N'Christopher Nolan', 0),
    (1244, N'Steven Spielberg', 0);

IF NOT EXISTS (SELECT 1 FROM [dbo].[QuestionTheme_QTH] WHERE Id_Question = 1244 AND Id_Theme = @ThemeId)
BEGIN
    INSERT INTO [dbo].[QuestionTheme_QTH] ([Id_Question], [Id_Theme]) VALUES (1244, @ThemeId);
END

-- Question 78
SET IDENTITY_INSERT [dbo].[Question_QST] ON;
IF NOT EXISTS (SELECT 1 FROM [dbo].[Question_QST] WHERE Id = 1245)
BEGIN
    INSERT INTO [dbo].[Question_QST] ([Id], [Question], [Id_Difficulty])
    VALUES (1245, N'Quel film met en scène un parc rempli de dinosaures ?', 2);
END
SET IDENTITY_INSERT [dbo].[Question_QST] OFF;

INSERT INTO [dbo].[Answer_ANS] ([Id_Question], [Value], [Valid]) VALUES
    (1245, N'Jurassic Park', 1),
    (1245, N'King Kong', 0),
    (1245, N'Avatar', 0),
    (1245, N'Godzilla', 0);

IF NOT EXISTS (SELECT 1 FROM [dbo].[QuestionTheme_QTH] WHERE Id_Question = 1245 AND Id_Theme = @ThemeId)
BEGIN
    INSERT INTO [dbo].[QuestionTheme_QTH] ([Id_Question], [Id_Theme]) VALUES (1245, @ThemeId);
END

-- Question 79
SET IDENTITY_INSERT [dbo].[Question_QST] ON;
IF NOT EXISTS (SELECT 1 FROM [dbo].[Question_QST] WHERE Id = 1246)
BEGIN
    INSERT INTO [dbo].[Question_QST] ([Id], [Question], [Id_Difficulty])
    VALUES (1246, N'Quel film raconte l’histoire d’un hobbit nommé Frodon ?', 2);
END
SET IDENTITY_INSERT [dbo].[Question_QST] OFF;

INSERT INTO [dbo].[Answer_ANS] ([Id_Question], [Value], [Valid]) VALUES
    (1246, N'Le Seigneur des Anneaux', 1),
    (1246, N'Harry Potter', 0),
    (1246, N'Percy Jackson', 0),
    (1246, N'Narnia', 0);

IF NOT EXISTS (SELECT 1 FROM [dbo].[QuestionTheme_QTH] WHERE Id_Question = 1246 AND Id_Theme = @ThemeId)
BEGIN
    INSERT INTO [dbo].[QuestionTheme_QTH] ([Id_Question], [Id_Theme]) VALUES (1246, @ThemeId);
END

-- Question 80
SET IDENTITY_INSERT [dbo].[Question_QST] ON;
IF NOT EXISTS (SELECT 1 FROM [dbo].[Question_QST] WHERE Id = 1247)
BEGIN
    INSERT INTO [dbo].[Question_QST] ([Id], [Question], [Id_Difficulty])
    VALUES (1247, N'Quel acteur joue le rôle de Batman dans ''The Dark Knight'' ?', 2);
END
SET IDENTITY_INSERT [dbo].[Question_QST] OFF;

INSERT INTO [dbo].[Answer_ANS] ([Id_Question], [Value], [Valid]) VALUES
    (1247, N'Christian Bale', 1),
    (1247, N'Ben Affleck', 0),
    (1247, N'Robert Pattinson', 0),
    (1247, N'Michael Keaton', 0);

IF NOT EXISTS (SELECT 1 FROM [dbo].[QuestionTheme_QTH] WHERE Id_Question = 1247 AND Id_Theme = @ThemeId)
BEGIN
    INSERT INTO [dbo].[QuestionTheme_QTH] ([Id_Question], [Id_Theme]) VALUES (1247, @ThemeId);
END

-- Question 81
SET IDENTITY_INSERT [dbo].[Question_QST] ON;
IF NOT EXISTS (SELECT 1 FROM [dbo].[Question_QST] WHERE Id = 1248)
BEGIN
    INSERT INTO [dbo].[Question_QST] ([Id], [Question], [Id_Difficulty])
    VALUES (1248, N'Quel film raconte l’histoire d’une équipe de héros surnommée les Avengers ?', 2);
END
SET IDENTITY_INSERT [dbo].[Question_QST] OFF;

INSERT INTO [dbo].[Answer_ANS] ([Id_Question], [Value], [Valid]) VALUES
    (1248, N'Avengers', 1),
    (1248, N'Justice League', 0),
    (1248, N'X-Men', 0),
    (1248, N'Guardians of the Galaxy', 0);

IF NOT EXISTS (SELECT 1 FROM [dbo].[QuestionTheme_QTH] WHERE Id_Question = 1248 AND Id_Theme = @ThemeId)
BEGIN
    INSERT INTO [dbo].[QuestionTheme_QTH] ([Id_Question], [Id_Theme]) VALUES (1248, @ThemeId);
END

-- Question 82
SET IDENTITY_INSERT [dbo].[Question_QST] ON;
IF NOT EXISTS (SELECT 1 FROM [dbo].[Question_QST] WHERE Id = 1249)
BEGIN
    INSERT INTO [dbo].[Question_QST] ([Id], [Question], [Id_Difficulty])
    VALUES (1249, N'Qui a réalisé ''Catch Me If You Can'' ?', 2);
END
SET IDENTITY_INSERT [dbo].[Question_QST] OFF;

INSERT INTO [dbo].[Answer_ANS] ([Id_Question], [Value], [Valid]) VALUES
    (1249, N'Steven Spielberg', 1),
    (1249, N'James Cameron', 0),
    (1249, N'Christopher Nolan', 0),
    (1249, N'Martin Scorsese', 0);

IF NOT EXISTS (SELECT 1 FROM [dbo].[QuestionTheme_QTH] WHERE Id_Question = 1249 AND Id_Theme = @ThemeId)
BEGIN
    INSERT INTO [dbo].[QuestionTheme_QTH] ([Id_Question], [Id_Theme]) VALUES (1249, @ThemeId);
END

-- Question 83
SET IDENTITY_INSERT [dbo].[Question_QST] ON;
IF NOT EXISTS (SELECT 1 FROM [dbo].[Question_QST] WHERE Id = 1250)
BEGIN
    INSERT INTO [dbo].[Question_QST] ([Id], [Question], [Id_Difficulty])
    VALUES (1250, N'Quel film raconte l’histoire de Nemo ?', 2);
END
SET IDENTITY_INSERT [dbo].[Question_QST] OFF;

INSERT INTO [dbo].[Answer_ANS] ([Id_Question], [Value], [Valid]) VALUES
    (1250, N'Le Monde de Nemo', 1),
    (1250, N'Le Monde de Dory', 0),
    (1250, N'Shark Tale', 0),
    (1250, N'La Petite Sirène', 0);

IF NOT EXISTS (SELECT 1 FROM [dbo].[QuestionTheme_QTH] WHERE Id_Question = 1250 AND Id_Theme = @ThemeId)
BEGIN
    INSERT INTO [dbo].[QuestionTheme_QTH] ([Id_Question], [Id_Theme]) VALUES (1250, @ThemeId);
END

-- Question 84
SET IDENTITY_INSERT [dbo].[Question_QST] ON;
IF NOT EXISTS (SELECT 1 FROM [dbo].[Question_QST] WHERE Id = 1251)
BEGIN
    INSERT INTO [dbo].[Question_QST] ([Id], [Question], [Id_Difficulty])
    VALUES (1251, N'Quel acteur joue Iron Man ?', 2);
END
SET IDENTITY_INSERT [dbo].[Question_QST] OFF;

INSERT INTO [dbo].[Answer_ANS] ([Id_Question], [Value], [Valid]) VALUES
    (1251, N'Robert Downey Jr.', 1),
    (1251, N'Chris Evans', 0),
    (1251, N'Chris Hemsworth', 0),
    (1251, N'Mark Ruffalo', 0);

IF NOT EXISTS (SELECT 1 FROM [dbo].[QuestionTheme_QTH] WHERE Id_Question = 1251 AND Id_Theme = @ThemeId)
BEGIN
    INSERT INTO [dbo].[QuestionTheme_QTH] ([Id_Question], [Id_Theme]) VALUES (1251, @ThemeId);
END

-- Question 85
SET IDENTITY_INSERT [dbo].[Question_QST] ON;
IF NOT EXISTS (SELECT 1 FROM [dbo].[Question_QST] WHERE Id = 1252)
BEGIN
    INSERT INTO [dbo].[Question_QST] ([Id], [Question], [Id_Difficulty])
    VALUES (1252, N'Quel film raconte l’histoire de Woody et Buzz ?', 2);
END
SET IDENTITY_INSERT [dbo].[Question_QST] OFF;

INSERT INTO [dbo].[Answer_ANS] ([Id_Question], [Value], [Valid]) VALUES
    (1252, N'Toy Story', 1),
    (1252, N'Cars', 0),
    (1252, N'Monstres et Cie', 0),
    (1252, N'Ratatouille', 0);

IF NOT EXISTS (SELECT 1 FROM [dbo].[QuestionTheme_QTH] WHERE Id_Question = 1252 AND Id_Theme = @ThemeId)
BEGIN
    INSERT INTO [dbo].[QuestionTheme_QTH] ([Id_Question], [Id_Theme]) VALUES (1252, @ThemeId);
END

-- Question 86
SET IDENTITY_INSERT [dbo].[Question_QST] ON;
IF NOT EXISTS (SELECT 1 FROM [dbo].[Question_QST] WHERE Id = 1253)
BEGIN
    INSERT INTO [dbo].[Question_QST] ([Id], [Question], [Id_Difficulty])
    VALUES (1253, N'Qui a réalisé ''Saving Private Ryan'' ?', 2);
END
SET IDENTITY_INSERT [dbo].[Question_QST] OFF;

INSERT INTO [dbo].[Answer_ANS] ([Id_Question], [Value], [Valid]) VALUES
    (1253, N'Steven Spielberg', 1),
    (1253, N'James Cameron', 0),
    (1253, N'Christopher Nolan', 0),
    (1253, N'Martin Scorsese', 0);

IF NOT EXISTS (SELECT 1 FROM [dbo].[QuestionTheme_QTH] WHERE Id_Question = 1253 AND Id_Theme = @ThemeId)
BEGIN
    INSERT INTO [dbo].[QuestionTheme_QTH] ([Id_Question], [Id_Theme]) VALUES (1253, @ThemeId);
END

-- Question 87
SET IDENTITY_INSERT [dbo].[Question_QST] ON;
IF NOT EXISTS (SELECT 1 FROM [dbo].[Question_QST] WHERE Id = 1254)
BEGIN
    INSERT INTO [dbo].[Question_QST] ([Id], [Question], [Id_Difficulty])
    VALUES (1254, N'Quel film met en scène un jeune sorcier nommé Harry Potter ?', 2);
END
SET IDENTITY_INSERT [dbo].[Question_QST] OFF;

INSERT INTO [dbo].[Answer_ANS] ([Id_Question], [Value], [Valid]) VALUES
    (1254, N'Harry Potter à l''école des sorciers', 1),
    (1254, N'Le Seigneur des Anneaux', 0),
    (1254, N'Percy Jackson', 0),
    (1254, N'Les Animaux Fantastiques', 0);

IF NOT EXISTS (SELECT 1 FROM [dbo].[QuestionTheme_QTH] WHERE Id_Question = 1254 AND Id_Theme = @ThemeId)
BEGIN
    INSERT INTO [dbo].[QuestionTheme_QTH] ([Id_Question], [Id_Theme]) VALUES (1254, @ThemeId);
END

-- Question 88
SET IDENTITY_INSERT [dbo].[Question_QST] ON;
IF NOT EXISTS (SELECT 1 FROM [dbo].[Question_QST] WHERE Id = 1255)
BEGIN
    INSERT INTO [dbo].[Question_QST] ([Id], [Question], [Id_Difficulty])
    VALUES (1255, N'Quel acteur joue le rôle de Thanos dans l’univers Marvel ?', 2);
END
SET IDENTITY_INSERT [dbo].[Question_QST] OFF;

INSERT INTO [dbo].[Answer_ANS] ([Id_Question], [Value], [Valid]) VALUES
    (1255, N'Josh Brolin', 1),
    (1255, N'Robert Downey Jr.', 0),
    (1255, N'Chris Hemsworth', 0),
    (1255, N'Mark Ruffalo', 0);

IF NOT EXISTS (SELECT 1 FROM [dbo].[QuestionTheme_QTH] WHERE Id_Question = 1255 AND Id_Theme = @ThemeId)
BEGIN
    INSERT INTO [dbo].[QuestionTheme_QTH] ([Id_Question], [Id_Theme]) VALUES (1255, @ThemeId);
END

-- Question 89
SET IDENTITY_INSERT [dbo].[Question_QST] ON;
IF NOT EXISTS (SELECT 1 FROM [dbo].[Question_QST] WHERE Id = 1256)
BEGIN
    INSERT INTO [dbo].[Question_QST] ([Id], [Question], [Id_Difficulty])
    VALUES (1256, N'Quel film raconte l’histoire de deux robots nommés WALL·E et EVE ?', 2);
END
SET IDENTITY_INSERT [dbo].[Question_QST] OFF;

INSERT INTO [dbo].[Answer_ANS] ([Id_Question], [Value], [Valid]) VALUES
    (1256, N'WALL·E', 1),
    (1256, N'Robots', 0),
    (1256, N'Big Hero 6', 0),
    (1256, N'Chappie', 0);

IF NOT EXISTS (SELECT 1 FROM [dbo].[QuestionTheme_QTH] WHERE Id_Question = 1256 AND Id_Theme = @ThemeId)
BEGIN
    INSERT INTO [dbo].[QuestionTheme_QTH] ([Id_Question], [Id_Theme]) VALUES (1256, @ThemeId);
END

-- Question 90
SET IDENTITY_INSERT [dbo].[Question_QST] ON;
IF NOT EXISTS (SELECT 1 FROM [dbo].[Question_QST] WHERE Id = 1257)
BEGIN
    INSERT INTO [dbo].[Question_QST] ([Id], [Question], [Id_Difficulty])
    VALUES (1257, N'Qui a réalisé ''Dunkerque'' ?', 2);
END
SET IDENTITY_INSERT [dbo].[Question_QST] OFF;

INSERT INTO [dbo].[Answer_ANS] ([Id_Question], [Value], [Valid]) VALUES
    (1257, N'Christopher Nolan', 1),
    (1257, N'Steven Spielberg', 0),
    (1257, N'James Cameron', 0),
    (1257, N'Martin Scorsese', 0);

IF NOT EXISTS (SELECT 1 FROM [dbo].[QuestionTheme_QTH] WHERE Id_Question = 1257 AND Id_Theme = @ThemeId)
BEGIN
    INSERT INTO [dbo].[QuestionTheme_QTH] ([Id_Question], [Id_Theme]) VALUES (1257, @ThemeId);
END

-- Question 91
SET IDENTITY_INSERT [dbo].[Question_QST] ON;
IF NOT EXISTS (SELECT 1 FROM [dbo].[Question_QST] WHERE Id = 1258)
BEGIN
    INSERT INTO [dbo].[Question_QST] ([Id], [Question], [Id_Difficulty])
    VALUES (1258, N'Quel film met en scène un rat qui cuisine ?', 2);
END
SET IDENTITY_INSERT [dbo].[Question_QST] OFF;

INSERT INTO [dbo].[Answer_ANS] ([Id_Question], [Value], [Valid]) VALUES
    (1258, N'Ratatouille', 1),
    (1258, N'Le Roi Lion', 0),
    (1258, N'Zootopie', 0),
    (1258, N'Shrek', 0);

IF NOT EXISTS (SELECT 1 FROM [dbo].[QuestionTheme_QTH] WHERE Id_Question = 1258 AND Id_Theme = @ThemeId)
BEGIN
    INSERT INTO [dbo].[QuestionTheme_QTH] ([Id_Question], [Id_Theme]) VALUES (1258, @ThemeId);
END

-- Question 92
SET IDENTITY_INSERT [dbo].[Question_QST] ON;
IF NOT EXISTS (SELECT 1 FROM [dbo].[Question_QST] WHERE Id = 1259)
BEGIN
    INSERT INTO [dbo].[Question_QST] ([Id], [Question], [Id_Difficulty])
    VALUES (1259, N'Quel acteur joue Captain America ?', 2);
END
SET IDENTITY_INSERT [dbo].[Question_QST] OFF;

INSERT INTO [dbo].[Answer_ANS] ([Id_Question], [Value], [Valid]) VALUES
    (1259, N'Chris Evans', 1),
    (1259, N'Chris Hemsworth', 0),
    (1259, N'Robert Downey Jr.', 0),
    (1259, N'Mark Ruffalo', 0);

IF NOT EXISTS (SELECT 1 FROM [dbo].[QuestionTheme_QTH] WHERE Id_Question = 1259 AND Id_Theme = @ThemeId)
BEGIN
    INSERT INTO [dbo].[QuestionTheme_QTH] ([Id_Question], [Id_Theme]) VALUES (1259, @ThemeId);
END

-- Question 93
SET IDENTITY_INSERT [dbo].[Question_QST] ON;
IF NOT EXISTS (SELECT 1 FROM [dbo].[Question_QST] WHERE Id = 1260)
BEGIN
    INSERT INTO [dbo].[Question_QST] ([Id], [Question], [Id_Difficulty])
    VALUES (1260, N'Quel film raconte l’histoire de Jack et Rose ?', 2);
END
SET IDENTITY_INSERT [dbo].[Question_QST] OFF;

INSERT INTO [dbo].[Answer_ANS] ([Id_Question], [Value], [Valid]) VALUES
    (1260, N'Titanic', 1),
    (1260, N'Pearl Harbor', 0),
    (1260, N'Aviator', 0),
    (1260, N'Inception', 0);

IF NOT EXISTS (SELECT 1 FROM [dbo].[QuestionTheme_QTH] WHERE Id_Question = 1260 AND Id_Theme = @ThemeId)
BEGIN
    INSERT INTO [dbo].[QuestionTheme_QTH] ([Id_Question], [Id_Theme]) VALUES (1260, @ThemeId);
END

-- Question 94
SET IDENTITY_INSERT [dbo].[Question_QST] ON;
IF NOT EXISTS (SELECT 1 FROM [dbo].[Question_QST] WHERE Id = 1261)
BEGIN
    INSERT INTO [dbo].[Question_QST] ([Id], [Question], [Id_Difficulty])
    VALUES (1261, N'Qui a réalisé ''Inception'' ?', 2);
END
SET IDENTITY_INSERT [dbo].[Question_QST] OFF;

INSERT INTO [dbo].[Answer_ANS] ([Id_Question], [Value], [Valid]) VALUES
    (1261, N'Christopher Nolan', 1),
    (1261, N'Steven Spielberg', 0),
    (1261, N'James Cameron', 0),
    (1261, N'Martin Scorsese', 0);

IF NOT EXISTS (SELECT 1 FROM [dbo].[QuestionTheme_QTH] WHERE Id_Question = 1261 AND Id_Theme = @ThemeId)
BEGIN
    INSERT INTO [dbo].[QuestionTheme_QTH] ([Id_Question], [Id_Theme]) VALUES (1261, @ThemeId);
END

-- Question 95
SET IDENTITY_INSERT [dbo].[Question_QST] ON;
IF NOT EXISTS (SELECT 1 FROM [dbo].[Question_QST] WHERE Id = 1262)
BEGIN
    INSERT INTO [dbo].[Question_QST] ([Id], [Question], [Id_Difficulty])
    VALUES (1262, N'Quel film raconte l’histoire de Peter Pan ?', 2);
END
SET IDENTITY_INSERT [dbo].[Question_QST] OFF;

INSERT INTO [dbo].[Answer_ANS] ([Id_Question], [Value], [Valid]) VALUES
    (1262, N'Peter Pan', 1),
    (1262, N'Alice au pays des merveilles', 0),
    (1262, N'Narnia', 0),
    (1262, N'Shrek', 0);

IF NOT EXISTS (SELECT 1 FROM [dbo].[QuestionTheme_QTH] WHERE Id_Question = 1262 AND Id_Theme = @ThemeId)
BEGIN
    INSERT INTO [dbo].[QuestionTheme_QTH] ([Id_Question], [Id_Theme]) VALUES (1262, @ThemeId);
END

-- Question 96
SET IDENTITY_INSERT [dbo].[Question_QST] ON;
IF NOT EXISTS (SELECT 1 FROM [dbo].[Question_QST] WHERE Id = 1263)
BEGIN
    INSERT INTO [dbo].[Question_QST] ([Id], [Question], [Id_Difficulty])
    VALUES (1263, N'Quel acteur joue Deadpool dans le film de 2016 ?', 2);
END
SET IDENTITY_INSERT [dbo].[Question_QST] OFF;

INSERT INTO [dbo].[Answer_ANS] ([Id_Question], [Value], [Valid]) VALUES
    (1263, N'Ryan Reynolds', 1),
    (1263, N'Hugh Jackman', 0),
    (1263, N'Chris Evans', 0),
    (1263, N'Robert Downey Jr.', 0);

IF NOT EXISTS (SELECT 1 FROM [dbo].[QuestionTheme_QTH] WHERE Id_Question = 1263 AND Id_Theme = @ThemeId)
BEGIN
    INSERT INTO [dbo].[QuestionTheme_QTH] ([Id_Question], [Id_Theme]) VALUES (1263, @ThemeId);
END

-- Question 97
SET IDENTITY_INSERT [dbo].[Question_QST] ON;
IF NOT EXISTS (SELECT 1 FROM [dbo].[Question_QST] WHERE Id = 1264)
BEGIN
    INSERT INTO [dbo].[Question_QST] ([Id], [Question], [Id_Difficulty])
    VALUES (1264, N'Quel film a été le premier à remporter 11 Oscars ?', 3);
END
SET IDENTITY_INSERT [dbo].[Question_QST] OFF;

INSERT INTO [dbo].[Answer_ANS] ([Id_Question], [Value], [Valid]) VALUES
    (1264, N'Ben-Hur', 1),
    (1264, N'Titanic', 0),
    (1264, N'Le Seigneur des Anneaux : Le Retour du Roi', 0),
    (1264, N'La La Land', 0);

IF NOT EXISTS (SELECT 1 FROM [dbo].[QuestionTheme_QTH] WHERE Id_Question = 1264 AND Id_Theme = @ThemeId)
BEGIN
    INSERT INTO [dbo].[QuestionTheme_QTH] ([Id_Question], [Id_Theme]) VALUES (1264, @ThemeId);
END

-- Question 98
SET IDENTITY_INSERT [dbo].[Question_QST] ON;
IF NOT EXISTS (SELECT 1 FROM [dbo].[Question_QST] WHERE Id = 1265)
BEGIN
    INSERT INTO [dbo].[Question_QST] ([Id], [Question], [Id_Difficulty])
    VALUES (1265, N'Qui a réalisé ''2001 : L’Odyssée de l’espace'' ?', 3);
END
SET IDENTITY_INSERT [dbo].[Question_QST] OFF;

INSERT INTO [dbo].[Answer_ANS] ([Id_Question], [Value], [Valid]) VALUES
    (1265, N'Stanley Kubrick', 1),
    (1265, N'Steven Spielberg', 0),
    (1265, N'Ridley Scott', 0),
    (1265, N'James Cameron', 0);

IF NOT EXISTS (SELECT 1 FROM [dbo].[QuestionTheme_QTH] WHERE Id_Question = 1265 AND Id_Theme = @ThemeId)
BEGIN
    INSERT INTO [dbo].[QuestionTheme_QTH] ([Id_Question], [Id_Theme]) VALUES (1265, @ThemeId);
END

-- Question 99
SET IDENTITY_INSERT [dbo].[Question_QST] ON;
IF NOT EXISTS (SELECT 1 FROM [dbo].[Question_QST] WHERE Id = 1266)
BEGIN
    INSERT INTO [dbo].[Question_QST] ([Id], [Question], [Id_Difficulty])
    VALUES (1266, N'Quel acteur joue le rôle principal dans ''Fight Club'' ?', 3);
END
SET IDENTITY_INSERT [dbo].[Question_QST] OFF;

INSERT INTO [dbo].[Answer_ANS] ([Id_Question], [Value], [Valid]) VALUES
    (1266, N'Edward Norton', 1),
    (1266, N'Brad Pitt', 0),
    (1266, N'Jared Leto', 0),
    (1266, N'Tom Cruise', 0);

IF NOT EXISTS (SELECT 1 FROM [dbo].[QuestionTheme_QTH] WHERE Id_Question = 1266 AND Id_Theme = @ThemeId)
BEGIN
    INSERT INTO [dbo].[QuestionTheme_QTH] ([Id_Question], [Id_Theme]) VALUES (1266, @ThemeId);
END

-- Question 100
SET IDENTITY_INSERT [dbo].[Question_QST] ON;
IF NOT EXISTS (SELECT 1 FROM [dbo].[Question_QST] WHERE Id = 1267)
BEGIN
    INSERT INTO [dbo].[Question_QST] ([Id], [Question], [Id_Difficulty])
    VALUES (1267, N'Quel film a popularisé la phrase ''May the Force be with you'' ?', 3);
END
SET IDENTITY_INSERT [dbo].[Question_QST] OFF;

INSERT INTO [dbo].[Answer_ANS] ([Id_Question], [Value], [Valid]) VALUES
    (1267, N'Star Wars', 1),
    (1267, N'Star Trek', 0),
    (1267, N'Guardians of the Galaxy', 0),
    (1267, N'Avatar', 0);

IF NOT EXISTS (SELECT 1 FROM [dbo].[QuestionTheme_QTH] WHERE Id_Question = 1267 AND Id_Theme = @ThemeId)
BEGIN
    INSERT INTO [dbo].[QuestionTheme_QTH] ([Id_Question], [Id_Theme]) VALUES (1267, @ThemeId);
END

-- Question 101
SET IDENTITY_INSERT [dbo].[Question_QST] ON;
IF NOT EXISTS (SELECT 1 FROM [dbo].[Question_QST] WHERE Id = 1268)
BEGIN
    INSERT INTO [dbo].[Question_QST] ([Id], [Question], [Id_Difficulty])
    VALUES (1268, N'Qui a réalisé ''Le Parrain'' ?', 3);
END
SET IDENTITY_INSERT [dbo].[Question_QST] OFF;

INSERT INTO [dbo].[Answer_ANS] ([Id_Question], [Value], [Valid]) VALUES
    (1268, N'Francis Ford Coppola', 1),
    (1268, N'Martin Scorsese', 0),
    (1268, N'Steven Spielberg', 0),
    (1268, N'Quentin Tarantino', 0);

IF NOT EXISTS (SELECT 1 FROM [dbo].[QuestionTheme_QTH] WHERE Id_Question = 1268 AND Id_Theme = @ThemeId)
BEGIN
    INSERT INTO [dbo].[QuestionTheme_QTH] ([Id_Question], [Id_Theme]) VALUES (1268, @ThemeId);
END

-- Question 102
SET IDENTITY_INSERT [dbo].[Question_QST] ON;
IF NOT EXISTS (SELECT 1 FROM [dbo].[Question_QST] WHERE Id = 1269)
BEGIN
    INSERT INTO [dbo].[Question_QST] ([Id], [Question], [Id_Difficulty])
    VALUES (1269, N'Quel film raconte l’histoire d’un jeune hobbit et de l’anneau ?', 3);
END
SET IDENTITY_INSERT [dbo].[Question_QST] OFF;

INSERT INTO [dbo].[Answer_ANS] ([Id_Question], [Value], [Valid]) VALUES
    (1269, N'Le Seigneur des Anneaux', 1),
    (1269, N'Le Hobbit', 0),
    (1269, N'Narnia', 0),
    (1269, N'Harry Potter', 0);

IF NOT EXISTS (SELECT 1 FROM [dbo].[QuestionTheme_QTH] WHERE Id_Question = 1269 AND Id_Theme = @ThemeId)
BEGIN
    INSERT INTO [dbo].[QuestionTheme_QTH] ([Id_Question], [Id_Theme]) VALUES (1269, @ThemeId);
END

-- Question 103
SET IDENTITY_INSERT [dbo].[Question_QST] ON;
IF NOT EXISTS (SELECT 1 FROM [dbo].[Question_QST] WHERE Id = 1270)
BEGIN
    INSERT INTO [dbo].[Question_QST] ([Id], [Question], [Id_Difficulty])
    VALUES (1270, N'Quel film de Christopher Nolan explore les rêves imbriqués ?', 3);
END
SET IDENTITY_INSERT [dbo].[Question_QST] OFF;

INSERT INTO [dbo].[Answer_ANS] ([Id_Question], [Value], [Valid]) VALUES
    (1270, N'Inception', 1),
    (1270, N'Interstellar', 0),
    (1270, N'Tenet', 0),
    (1270, N'Memento', 0);

IF NOT EXISTS (SELECT 1 FROM [dbo].[QuestionTheme_QTH] WHERE Id_Question = 1270 AND Id_Theme = @ThemeId)
BEGIN
    INSERT INTO [dbo].[QuestionTheme_QTH] ([Id_Question], [Id_Theme]) VALUES (1270, @ThemeId);
END

-- Question 104
SET IDENTITY_INSERT [dbo].[Question_QST] ON;
IF NOT EXISTS (SELECT 1 FROM [dbo].[Question_QST] WHERE Id = 1271)
BEGIN
    INSERT INTO [dbo].[Question_QST] ([Id], [Question], [Id_Difficulty])
    VALUES (1271, N'Quel acteur joue Hannibal Lecter dans ''Le Silence des agneaux'' ?', 3);
END
SET IDENTITY_INSERT [dbo].[Question_QST] OFF;

INSERT INTO [dbo].[Answer_ANS] ([Id_Question], [Value], [Valid]) VALUES
    (1271, N'Anthony Hopkins', 1),
    (1271, N'Jodie Foster', 0),
    (1271, N'Ted Levine', 0),
    (1271, N'Scott Glenn', 0);

IF NOT EXISTS (SELECT 1 FROM [dbo].[QuestionTheme_QTH] WHERE Id_Question = 1271 AND Id_Theme = @ThemeId)
BEGIN
    INSERT INTO [dbo].[QuestionTheme_QTH] ([Id_Question], [Id_Theme]) VALUES (1271, @ThemeId);
END

-- Question 105
SET IDENTITY_INSERT [dbo].[Question_QST] ON;
IF NOT EXISTS (SELECT 1 FROM [dbo].[Question_QST] WHERE Id = 1272)
BEGIN
    INSERT INTO [dbo].[Question_QST] ([Id], [Question], [Id_Difficulty])
    VALUES (1272, N'Quel film de Quentin Tarantino se déroule après la Seconde Guerre mondiale ?', 3);
END
SET IDENTITY_INSERT [dbo].[Question_QST] OFF;

INSERT INTO [dbo].[Answer_ANS] ([Id_Question], [Value], [Valid]) VALUES
    (1272, N'Inglourious Basterds', 1),
    (1272, N'Pulp Fiction', 0),
    (1272, N'Django Unchained', 0),
    (1272, N'Kill Bill', 0);

IF NOT EXISTS (SELECT 1 FROM [dbo].[QuestionTheme_QTH] WHERE Id_Question = 1272 AND Id_Theme = @ThemeId)
BEGIN
    INSERT INTO [dbo].[QuestionTheme_QTH] ([Id_Question], [Id_Theme]) VALUES (1272, @ThemeId);
END

-- Question 106
SET IDENTITY_INSERT [dbo].[Question_QST] ON;
IF NOT EXISTS (SELECT 1 FROM [dbo].[Question_QST] WHERE Id = 1273)
BEGIN
    INSERT INTO [dbo].[Question_QST] ([Id], [Question], [Id_Difficulty])
    VALUES (1273, N'Quel film raconte l’histoire de Michael Corleone ?', 3);
END
SET IDENTITY_INSERT [dbo].[Question_QST] OFF;

INSERT INTO [dbo].[Answer_ANS] ([Id_Question], [Value], [Valid]) VALUES
    (1273, N'Le Parrain', 1),
    (1273, N'Scarface', 0),
    (1273, N'Goodfellas', 0),
    (1273, N'Casino', 0);

IF NOT EXISTS (SELECT 1 FROM [dbo].[QuestionTheme_QTH] WHERE Id_Question = 1273 AND Id_Theme = @ThemeId)
BEGIN
    INSERT INTO [dbo].[QuestionTheme_QTH] ([Id_Question], [Id_Theme]) VALUES (1273, @ThemeId);
END

-- Question 107
SET IDENTITY_INSERT [dbo].[Question_QST] ON;
IF NOT EXISTS (SELECT 1 FROM [dbo].[Question_QST] WHERE Id = 1274)
BEGIN
    INSERT INTO [dbo].[Question_QST] ([Id], [Question], [Id_Difficulty])
    VALUES (1274, N'Qui a réalisé ''Apocalypse Now'' ?', 3);
END
SET IDENTITY_INSERT [dbo].[Question_QST] OFF;

INSERT INTO [dbo].[Answer_ANS] ([Id_Question], [Value], [Valid]) VALUES
    (1274, N'Francis Ford Coppola', 1),
    (1274, N'Steven Spielberg', 0),
    (1274, N'Martin Scorsese', 0),
    (1274, N'James Cameron', 0);

IF NOT EXISTS (SELECT 1 FROM [dbo].[QuestionTheme_QTH] WHERE Id_Question = 1274 AND Id_Theme = @ThemeId)
BEGIN
    INSERT INTO [dbo].[QuestionTheme_QTH] ([Id_Question], [Id_Theme]) VALUES (1274, @ThemeId);
END

-- Question 108
SET IDENTITY_INSERT [dbo].[Question_QST] ON;
IF NOT EXISTS (SELECT 1 FROM [dbo].[Question_QST] WHERE Id = 1275)
BEGIN
    INSERT INTO [dbo].[Question_QST] ([Id], [Question], [Id_Difficulty])
    VALUES (1275, N'Quel film raconte l’histoire d’un homme piégé dans un labyrinthe géant ?', 3);
END
SET IDENTITY_INSERT [dbo].[Question_QST] OFF;

INSERT INTO [dbo].[Answer_ANS] ([Id_Question], [Value], [Valid]) VALUES
    (1275, N'Le Labyrinthe', 1),
    (1275, N'Cube', 0),
    (1275, N'Saw', 0),
    (1275, N'Escape Room', 0);

IF NOT EXISTS (SELECT 1 FROM [dbo].[QuestionTheme_QTH] WHERE Id_Question = 1275 AND Id_Theme = @ThemeId)
BEGIN
    INSERT INTO [dbo].[QuestionTheme_QTH] ([Id_Question], [Id_Theme]) VALUES (1275, @ThemeId);
END

-- Question 109
SET IDENTITY_INSERT [dbo].[Question_QST] ON;
IF NOT EXISTS (SELECT 1 FROM [dbo].[Question_QST] WHERE Id = 1276)
BEGIN
    INSERT INTO [dbo].[Question_QST] ([Id], [Question], [Id_Difficulty])
    VALUES (1276, N'Quel acteur joue Neo dans ''Matrix'' ?', 3);
END
SET IDENTITY_INSERT [dbo].[Question_QST] OFF;

INSERT INTO [dbo].[Answer_ANS] ([Id_Question], [Value], [Valid]) VALUES
    (1276, N'Keanu Reeves', 1),
    (1276, N'Laurence Fishburne', 0),
    (1276, N'Hugo Weaving', 0),
    (1276, N'Will Smith', 0);

IF NOT EXISTS (SELECT 1 FROM [dbo].[QuestionTheme_QTH] WHERE Id_Question = 1276 AND Id_Theme = @ThemeId)
BEGIN
    INSERT INTO [dbo].[QuestionTheme_QTH] ([Id_Question], [Id_Theme]) VALUES (1276, @ThemeId);
END

-- Question 110
SET IDENTITY_INSERT [dbo].[Question_QST] ON;
IF NOT EXISTS (SELECT 1 FROM [dbo].[Question_QST] WHERE Id = 1277)
BEGIN
    INSERT INTO [dbo].[Question_QST] ([Id], [Question], [Id_Difficulty])
    VALUES (1277, N'Quel film raconte l’histoire de deux braqueurs portant des masques de clown ?', 3);
END
SET IDENTITY_INSERT [dbo].[Question_QST] OFF;

INSERT INTO [dbo].[Answer_ANS] ([Id_Question], [Value], [Valid]) VALUES
    (1277, N'The Dark Knight', 1),
    (1277, N'Heat', 0),
    (1277, N'Point Break', 0),
    (1277, N'Inside Man', 0);

IF NOT EXISTS (SELECT 1 FROM [dbo].[QuestionTheme_QTH] WHERE Id_Question = 1277 AND Id_Theme = @ThemeId)
BEGIN
    INSERT INTO [dbo].[QuestionTheme_QTH] ([Id_Question], [Id_Theme]) VALUES (1277, @ThemeId);
END

-- Question 111
SET IDENTITY_INSERT [dbo].[Question_QST] ON;
IF NOT EXISTS (SELECT 1 FROM [dbo].[Question_QST] WHERE Id = 1278)
BEGIN
    INSERT INTO [dbo].[Question_QST] ([Id], [Question], [Id_Difficulty])
    VALUES (1278, N'Quel réalisateur a dirigé ''La Liste de Schindler'' ?', 3);
END
SET IDENTITY_INSERT [dbo].[Question_QST] OFF;

INSERT INTO [dbo].[Answer_ANS] ([Id_Question], [Value], [Valid]) VALUES
    (1278, N'Steven Spielberg', 1),
    (1278, N'James Cameron', 0),
    (1278, N'Martin Scorsese', 0),
    (1278, N'Christopher Nolan', 0);

IF NOT EXISTS (SELECT 1 FROM [dbo].[QuestionTheme_QTH] WHERE Id_Question = 1278 AND Id_Theme = @ThemeId)
BEGIN
    INSERT INTO [dbo].[QuestionTheme_QTH] ([Id_Question], [Id_Theme]) VALUES (1278, @ThemeId);
END

-- Question 112
SET IDENTITY_INSERT [dbo].[Question_QST] ON;
IF NOT EXISTS (SELECT 1 FROM [dbo].[Question_QST] WHERE Id = 1279)
BEGIN
    INSERT INTO [dbo].[Question_QST] ([Id], [Question], [Id_Difficulty])
    VALUES (1279, N'Quel film raconte l’histoire d’un réalisateur de cinéma et de son double ?', 3);
END
SET IDENTITY_INSERT [dbo].[Question_QST] OFF;

INSERT INTO [dbo].[Answer_ANS] ([Id_Question], [Value], [Valid]) VALUES
    (1279, N'8½', 1),
    (1279, N'Citizen Kane', 0),
    (1279, N'Vertigo', 0),
    (1279, N'Sunset Boulevard', 0);

IF NOT EXISTS (SELECT 1 FROM [dbo].[QuestionTheme_QTH] WHERE Id_Question = 1279 AND Id_Theme = @ThemeId)
BEGIN
    INSERT INTO [dbo].[QuestionTheme_QTH] ([Id_Question], [Id_Theme]) VALUES (1279, @ThemeId);
END

-- Question 113
SET IDENTITY_INSERT [dbo].[Question_QST] ON;
IF NOT EXISTS (SELECT 1 FROM [dbo].[Question_QST] WHERE Id = 1280)
BEGIN
    INSERT INTO [dbo].[Question_QST] ([Id], [Question], [Id_Difficulty])
    VALUES (1280, N'Quel film de Stanley Kubrick se déroule dans une prison pour mineurs ?', 3);
END
SET IDENTITY_INSERT [dbo].[Question_QST] OFF;

INSERT INTO [dbo].[Answer_ANS] ([Id_Question], [Value], [Valid]) VALUES
    (1280, N'Orange mécanique', 1),
    (1280, N'Shining', 0),
    (1280, N'Full Metal Jacket', 0),
    (1280, N'Barry Lyndon', 0);

IF NOT EXISTS (SELECT 1 FROM [dbo].[QuestionTheme_QTH] WHERE Id_Question = 1280 AND Id_Theme = @ThemeId)
BEGIN
    INSERT INTO [dbo].[QuestionTheme_QTH] ([Id_Question], [Id_Theme]) VALUES (1280, @ThemeId);
END

-- Question 114
SET IDENTITY_INSERT [dbo].[Question_QST] ON;
IF NOT EXISTS (SELECT 1 FROM [dbo].[Question_QST] WHERE Id = 1281)
BEGIN
    INSERT INTO [dbo].[Question_QST] ([Id], [Question], [Id_Difficulty])
    VALUES (1281, N'Quel acteur joue Andy Dufresne dans ''Les Évadés'' ?', 3);
END
SET IDENTITY_INSERT [dbo].[Question_QST] OFF;

INSERT INTO [dbo].[Answer_ANS] ([Id_Question], [Value], [Valid]) VALUES
    (1281, N'Tim Robbins', 1),
    (1281, N'Morgan Freeman', 0),
    (1281, N'Tom Hanks', 0),
    (1281, N'Kevin Spacey', 0);

IF NOT EXISTS (SELECT 1 FROM [dbo].[QuestionTheme_QTH] WHERE Id_Question = 1281 AND Id_Theme = @ThemeId)
BEGIN
    INSERT INTO [dbo].[QuestionTheme_QTH] ([Id_Question], [Id_Theme]) VALUES (1281, @ThemeId);
END

-- Question 115
SET IDENTITY_INSERT [dbo].[Question_QST] ON;
IF NOT EXISTS (SELECT 1 FROM [dbo].[Question_QST] WHERE Id = 1282)
BEGIN
    INSERT INTO [dbo].[Question_QST] ([Id], [Question], [Id_Difficulty])
    VALUES (1282, N'Quel film raconte l’histoire d’un animateur radio nommé Carl ?', 3);
END
SET IDENTITY_INSERT [dbo].[Question_QST] OFF;

INSERT INTO [dbo].[Answer_ANS] ([Id_Question], [Value], [Valid]) VALUES
    (1282, N'Up', 1),
    (1282, N'Inside Out', 0),
    (1282, N'Ratatouille', 0),
    (1282, N'Wall-E', 0);

IF NOT EXISTS (SELECT 1 FROM [dbo].[QuestionTheme_QTH] WHERE Id_Question = 1282 AND Id_Theme = @ThemeId)
BEGIN
    INSERT INTO [dbo].[QuestionTheme_QTH] ([Id_Question], [Id_Theme]) VALUES (1282, @ThemeId);
END

-- Question 116
SET IDENTITY_INSERT [dbo].[Question_QST] ON;
IF NOT EXISTS (SELECT 1 FROM [dbo].[Question_QST] WHERE Id = 1283)
BEGIN
    INSERT INTO [dbo].[Question_QST] ([Id], [Question], [Id_Difficulty])
    VALUES (1283, N'Quel film raconte l’histoire d’un policier infiltré dans la mafia ?', 3);
END
SET IDENTITY_INSERT [dbo].[Question_QST] OFF;

INSERT INTO [dbo].[Answer_ANS] ([Id_Question], [Value], [Valid]) VALUES
    (1283, N'Donnie Brasco', 1),
    (1283, N'The Departed', 0),
    (1283, N'Infernal Affairs', 0),
    (1283, N'Heat', 0);

IF NOT EXISTS (SELECT 1 FROM [dbo].[QuestionTheme_QTH] WHERE Id_Question = 1283 AND Id_Theme = @ThemeId)
BEGIN
    INSERT INTO [dbo].[QuestionTheme_QTH] ([Id_Question], [Id_Theme]) VALUES (1283, @ThemeId);
END

-- Question 117
SET IDENTITY_INSERT [dbo].[Question_QST] ON;
IF NOT EXISTS (SELECT 1 FROM [dbo].[Question_QST] WHERE Id = 1284)
BEGIN
    INSERT INTO [dbo].[Question_QST] ([Id], [Question], [Id_Difficulty])
    VALUES (1284, N'Qui a réalisé ''Shining'' ?', 3);
END
SET IDENTITY_INSERT [dbo].[Question_QST] OFF;

INSERT INTO [dbo].[Answer_ANS] ([Id_Question], [Value], [Valid]) VALUES
    (1284, N'Stanley Kubrick', 1),
    (1284, N'Steven Spielberg', 0),
    (1284, N'Martin Scorsese', 0),
    (1284, N'James Cameron', 0);

IF NOT EXISTS (SELECT 1 FROM [dbo].[QuestionTheme_QTH] WHERE Id_Question = 1284 AND Id_Theme = @ThemeId)
BEGIN
    INSERT INTO [dbo].[QuestionTheme_QTH] ([Id_Question], [Id_Theme]) VALUES (1284, @ThemeId);
END

-- Question 118
SET IDENTITY_INSERT [dbo].[Question_QST] ON;
IF NOT EXISTS (SELECT 1 FROM [dbo].[Question_QST] WHERE Id = 1285)
BEGIN
    INSERT INTO [dbo].[Question_QST] ([Id], [Question], [Id_Difficulty])
    VALUES (1285, N'Quel film de Christopher Nolan explore la relativité du temps lors d’un voyage spatial ?', 3);
END
SET IDENTITY_INSERT [dbo].[Question_QST] OFF;

INSERT INTO [dbo].[Answer_ANS] ([Id_Question], [Value], [Valid]) VALUES
    (1285, N'Interstellar', 1),
    (1285, N'Inception', 0),
    (1285, N'Tenet', 0),
    (1285, N'Dunkirk', 0);

IF NOT EXISTS (SELECT 1 FROM [dbo].[QuestionTheme_QTH] WHERE Id_Question = 1285 AND Id_Theme = @ThemeId)
BEGIN
    INSERT INTO [dbo].[QuestionTheme_QTH] ([Id_Question], [Id_Theme]) VALUES (1285, @ThemeId);
END

-- Question 119
SET IDENTITY_INSERT [dbo].[Question_QST] ON;
IF NOT EXISTS (SELECT 1 FROM [dbo].[Question_QST] WHERE Id = 1286)
BEGIN
    INSERT INTO [dbo].[Question_QST] ([Id], [Question], [Id_Difficulty])
    VALUES (1286, N'Quel acteur joue le rôle de Tony Montana dans ''Scarface'' ?', 3);
END
SET IDENTITY_INSERT [dbo].[Question_QST] OFF;

INSERT INTO [dbo].[Answer_ANS] ([Id_Question], [Value], [Valid]) VALUES
    (1286, N'Al Pacino', 1),
    (1286, N'Robert De Niro', 0),
    (1286, N'Marlon Brando', 0),
    (1286, N'Jack Nicholson', 0);

IF NOT EXISTS (SELECT 1 FROM [dbo].[QuestionTheme_QTH] WHERE Id_Question = 1286 AND Id_Theme = @ThemeId)
BEGIN
    INSERT INTO [dbo].[QuestionTheme_QTH] ([Id_Question], [Id_Theme]) VALUES (1286, @ThemeId);
END

-- Question 120
SET IDENTITY_INSERT [dbo].[Question_QST] ON;
IF NOT EXISTS (SELECT 1 FROM [dbo].[Question_QST] WHERE Id = 1287)
BEGIN
    INSERT INTO [dbo].[Question_QST] ([Id], [Question], [Id_Difficulty])
    VALUES (1287, N'Quel film raconte l’histoire d’un voyageur solitaire dans un monde post-apocalyptique ?', 3);
END
SET IDENTITY_INSERT [dbo].[Question_QST] OFF;

INSERT INTO [dbo].[Answer_ANS] ([Id_Question], [Value], [Valid]) VALUES
    (1287, N'Mad Max: Fury Road', 1),
    (1287, N'The Road', 0),
    (1287, N'Waterworld', 0),
    (1287, N'I Am Legend', 0);

IF NOT EXISTS (SELECT 1 FROM [dbo].[QuestionTheme_QTH] WHERE Id_Question = 1287 AND Id_Theme = @ThemeId)
BEGIN
    INSERT INTO [dbo].[QuestionTheme_QTH] ([Id_Question], [Id_Theme]) VALUES (1287, @ThemeId);
END

-- Question 121
SET IDENTITY_INSERT [dbo].[Question_QST] ON;
IF NOT EXISTS (SELECT 1 FROM [dbo].[Question_QST] WHERE Id = 1288)
BEGIN
    INSERT INTO [dbo].[Question_QST] ([Id], [Question], [Id_Difficulty])
    VALUES (1288, N'Quel film met en scène le personnage de Maximus ?', 3);
END
SET IDENTITY_INSERT [dbo].[Question_QST] OFF;

INSERT INTO [dbo].[Answer_ANS] ([Id_Question], [Value], [Valid]) VALUES
    (1288, N'Gladiator', 1),
    (1288, N'Spartacus', 0),
    (1288, N'300', 0),
    (1288, N'Troy', 0);

IF NOT EXISTS (SELECT 1 FROM [dbo].[QuestionTheme_QTH] WHERE Id_Question = 1288 AND Id_Theme = @ThemeId)
BEGIN
    INSERT INTO [dbo].[QuestionTheme_QTH] ([Id_Question], [Id_Theme]) VALUES (1288, @ThemeId);
END

-- Question 122
SET IDENTITY_INSERT [dbo].[Question_QST] ON;
IF NOT EXISTS (SELECT 1 FROM [dbo].[Question_QST] WHERE Id = 1289)
BEGIN
    INSERT INTO [dbo].[Question_QST] ([Id], [Question], [Id_Difficulty])
    VALUES (1289, N'Qui a réalisé ''Blade Runner'' (1982) ?', 3);
END
SET IDENTITY_INSERT [dbo].[Question_QST] OFF;

INSERT INTO [dbo].[Answer_ANS] ([Id_Question], [Value], [Valid]) VALUES
    (1289, N'Ridley Scott', 1),
    (1289, N'James Cameron', 0),
    (1289, N'Steven Spielberg', 0),
    (1289, N'Christopher Nolan', 0);

IF NOT EXISTS (SELECT 1 FROM [dbo].[QuestionTheme_QTH] WHERE Id_Question = 1289 AND Id_Theme = @ThemeId)
BEGIN
    INSERT INTO [dbo].[QuestionTheme_QTH] ([Id_Question], [Id_Theme]) VALUES (1289, @ThemeId);
END

-- Question 123
SET IDENTITY_INSERT [dbo].[Question_QST] ON;
IF NOT EXISTS (SELECT 1 FROM [dbo].[Question_QST] WHERE Id = 1290)
BEGIN
    INSERT INTO [dbo].[Question_QST] ([Id], [Question], [Id_Difficulty])
    VALUES (1290, N'Quel film raconte l’histoire d’un naufragé sur une île déserte ?', 3);
END
SET IDENTITY_INSERT [dbo].[Question_QST] OFF;

INSERT INTO [dbo].[Answer_ANS] ([Id_Question], [Value], [Valid]) VALUES
    (1290, N'Seul au monde', 0),
    (1290, N'Cast Away', 1),
    (1290, N'Life of Pi', 0),
    (1290, N'Robinson Crusoé', 0);

IF NOT EXISTS (SELECT 1 FROM [dbo].[QuestionTheme_QTH] WHERE Id_Question = 1290 AND Id_Theme = @ThemeId)
BEGIN
    INSERT INTO [dbo].[QuestionTheme_QTH] ([Id_Question], [Id_Theme]) VALUES (1290, @ThemeId);
END

-- Question 124
SET IDENTITY_INSERT [dbo].[Question_QST] ON;
IF NOT EXISTS (SELECT 1 FROM [dbo].[Question_QST] WHERE Id = 1291)
BEGIN
    INSERT INTO [dbo].[Question_QST] ([Id], [Question], [Id_Difficulty])
    VALUES (1291, N'Quel film raconte l’histoire de Jordan Belfort ?', 3);
END
SET IDENTITY_INSERT [dbo].[Question_QST] OFF;

INSERT INTO [dbo].[Answer_ANS] ([Id_Question], [Value], [Valid]) VALUES
    (1291, N'Le Loup de Wall Street', 1),
    (1291, N'Wall Street', 0),
    (1291, N'The Big Short', 0),
    (1291, N'Boiler Room', 0);

IF NOT EXISTS (SELECT 1 FROM [dbo].[QuestionTheme_QTH] WHERE Id_Question = 1291 AND Id_Theme = @ThemeId)
BEGIN
    INSERT INTO [dbo].[QuestionTheme_QTH] ([Id_Question], [Id_Theme]) VALUES (1291, @ThemeId);
END

-- Question 125
SET IDENTITY_INSERT [dbo].[Question_QST] ON;
IF NOT EXISTS (SELECT 1 FROM [dbo].[Question_QST] WHERE Id = 1292)
BEGIN
    INSERT INTO [dbo].[Question_QST] ([Id], [Question], [Id_Difficulty])
    VALUES (1292, N'Quel acteur joue le rôle principal dans ''Gladiator'' ?', 3);
END
SET IDENTITY_INSERT [dbo].[Question_QST] OFF;

INSERT INTO [dbo].[Answer_ANS] ([Id_Question], [Value], [Valid]) VALUES
    (1292, N'Russell Crowe', 1),
    (1292, N'Joaquin Phoenix', 0),
    (1292, N'Tom Hanks', 0),
    (1292, N'Leonardo DiCaprio', 0);

IF NOT EXISTS (SELECT 1 FROM [dbo].[QuestionTheme_QTH] WHERE Id_Question = 1292 AND Id_Theme = @ThemeId)
BEGIN
    INSERT INTO [dbo].[QuestionTheme_QTH] ([Id_Question], [Id_Theme]) VALUES (1292, @ThemeId);
END

-- Question 126
SET IDENTITY_INSERT [dbo].[Question_QST] ON;
IF NOT EXISTS (SELECT 1 FROM [dbo].[Question_QST] WHERE Id = 1293)
BEGIN
    INSERT INTO [dbo].[Question_QST] ([Id], [Question], [Id_Difficulty])
    VALUES (1293, N'Quel film raconte l’histoire d’un scientifique fou transformé en monstre ?', 3);
END
SET IDENTITY_INSERT [dbo].[Question_QST] OFF;

INSERT INTO [dbo].[Answer_ANS] ([Id_Question], [Value], [Valid]) VALUES
    (1293, N'Frankenstein', 1),
    (1293, N'Dr Jekyll et Mr Hyde', 0),
    (1293, N'Godzilla', 0),
    (1293, N'The Fly', 0);

IF NOT EXISTS (SELECT 1 FROM [dbo].[QuestionTheme_QTH] WHERE Id_Question = 1293 AND Id_Theme = @ThemeId)
BEGIN
    INSERT INTO [dbo].[QuestionTheme_QTH] ([Id_Question], [Id_Theme]) VALUES (1293, @ThemeId);
END

-- Question 127
SET IDENTITY_INSERT [dbo].[Question_QST] ON;
IF NOT EXISTS (SELECT 1 FROM [dbo].[Question_QST] WHERE Id = 1294)
BEGIN
    INSERT INTO [dbo].[Question_QST] ([Id], [Question], [Id_Difficulty])
    VALUES (1294, N'Qui a réalisé ''Taxi Driver'' ?', 3);
END
SET IDENTITY_INSERT [dbo].[Question_QST] OFF;

INSERT INTO [dbo].[Answer_ANS] ([Id_Question], [Value], [Valid]) VALUES
    (1294, N'Martin Scorsese', 1),
    (1294, N'Francis Ford Coppola', 0),
    (1294, N'Steven Spielberg', 0),
    (1294, N'Ridley Scott', 0);

IF NOT EXISTS (SELECT 1 FROM [dbo].[QuestionTheme_QTH] WHERE Id_Question = 1294 AND Id_Theme = @ThemeId)
BEGIN
    INSERT INTO [dbo].[QuestionTheme_QTH] ([Id_Question], [Id_Theme]) VALUES (1294, @ThemeId);
END

-- Question 128
SET IDENTITY_INSERT [dbo].[Question_QST] ON;
IF NOT EXISTS (SELECT 1 FROM [dbo].[Question_QST] WHERE Id = 1295)
BEGIN
    INSERT INTO [dbo].[Question_QST] ([Id], [Question], [Id_Difficulty])
    VALUES (1295, N'Quel film raconte l’histoire d’un père et son fils sur une île déserte après un naufrage ?', 3);
END
SET IDENTITY_INSERT [dbo].[Question_QST] OFF;

INSERT INTO [dbo].[Answer_ANS] ([Id_Question], [Value], [Valid]) VALUES
    (1295, N'Cast Away', 1),
    (1295, N'Life of Pi', 0),
    (1295, N'Seul au monde', 0),
    (1295, N'Robinson Crusoé', 0);

IF NOT EXISTS (SELECT 1 FROM [dbo].[QuestionTheme_QTH] WHERE Id_Question = 1295 AND Id_Theme = @ThemeId)
BEGIN
    INSERT INTO [dbo].[QuestionTheme_QTH] ([Id_Question], [Id_Theme]) VALUES (1295, @ThemeId);
END

-- Question 129
SET IDENTITY_INSERT [dbo].[Question_QST] ON;
IF NOT EXISTS (SELECT 1 FROM [dbo].[Question_QST] WHERE Id = 1296)
BEGIN
    INSERT INTO [dbo].[Question_QST] ([Id], [Question], [Id_Difficulty])
    VALUES (1296, N'Quel film met en scène le personnage de Vito Corleone ?', 3);
END
SET IDENTITY_INSERT [dbo].[Question_QST] OFF;

INSERT INTO [dbo].[Answer_ANS] ([Id_Question], [Value], [Valid]) VALUES
    (1296, N'Le Parrain', 1),
    (1296, N'Scarface', 0),
    (1296, N'Goodfellas', 0),
    (1296, N'Casino', 0);

IF NOT EXISTS (SELECT 1 FROM [dbo].[QuestionTheme_QTH] WHERE Id_Question = 1296 AND Id_Theme = @ThemeId)
BEGIN
    INSERT INTO [dbo].[QuestionTheme_QTH] ([Id_Question], [Id_Theme]) VALUES (1296, @ThemeId);
END

-- Question 130
SET IDENTITY_INSERT [dbo].[Question_QST] ON;
IF NOT EXISTS (SELECT 1 FROM [dbo].[Question_QST] WHERE Id = 1297)
BEGIN
    INSERT INTO [dbo].[Question_QST] ([Id], [Question], [Id_Difficulty])
    VALUES (1297, N'Qui a réalisé ''Birdman'' ?', 3);
END
SET IDENTITY_INSERT [dbo].[Question_QST] OFF;

INSERT INTO [dbo].[Answer_ANS] ([Id_Question], [Value], [Valid]) VALUES
    (1297, N'Alejandro González Iñárritu', 1),
    (1297, N'Martin Scorsese', 0),
    (1297, N'Christopher Nolan', 0),
    (1297, N'Steven Spielberg', 0);

IF NOT EXISTS (SELECT 1 FROM [dbo].[QuestionTheme_QTH] WHERE Id_Question = 1297 AND Id_Theme = @ThemeId)
BEGIN
    INSERT INTO [dbo].[QuestionTheme_QTH] ([Id_Question], [Id_Theme]) VALUES (1297, @ThemeId);
END

-- Question 131
SET IDENTITY_INSERT [dbo].[Question_QST] ON;
IF NOT EXISTS (SELECT 1 FROM [dbo].[Question_QST] WHERE Id = 1298)
BEGIN
    INSERT INTO [dbo].[Question_QST] ([Id], [Question], [Id_Difficulty])
    VALUES (1298, N'Quel film raconte l’histoire d’un roi lion nommé Simba ?', 3);
END
SET IDENTITY_INSERT [dbo].[Question_QST] OFF;

INSERT INTO [dbo].[Answer_ANS] ([Id_Question], [Value], [Valid]) VALUES
    (1298, N'Le Roi Lion', 1),
    (1298, N'Tarzan', 0),
    (1298, N'Aladdin', 0),
    (1298, N'Mulan', 0);

IF NOT EXISTS (SELECT 1 FROM [dbo].[QuestionTheme_QTH] WHERE Id_Question = 1298 AND Id_Theme = @ThemeId)
BEGIN
    INSERT INTO [dbo].[QuestionTheme_QTH] ([Id_Question], [Id_Theme]) VALUES (1298, @ThemeId);
END

-- Question 132
SET IDENTITY_INSERT [dbo].[Question_QST] ON;
IF NOT EXISTS (SELECT 1 FROM [dbo].[Question_QST] WHERE Id = 1299)
BEGIN
    INSERT INTO [dbo].[Question_QST] ([Id], [Question], [Id_Difficulty])
    VALUES (1299, N'Quel film de Tim Burton met en scène une ville peuplée de squelettes ?', 3);
END
SET IDENTITY_INSERT [dbo].[Question_QST] OFF;

INSERT INTO [dbo].[Answer_ANS] ([Id_Question], [Value], [Valid]) VALUES
    (1299, N'L''Étrange Noël de Monsieur Jack', 1),
    (1299, N'Les Noces funèbres', 0),
    (1299, N'Alice au pays des merveilles', 0),
    (1299, N'Charlie et la Chocolaterie', 0);

IF NOT EXISTS (SELECT 1 FROM [dbo].[QuestionTheme_QTH] WHERE Id_Question = 1299 AND Id_Theme = @ThemeId)
BEGIN
    INSERT INTO [dbo].[QuestionTheme_QTH] ([Id_Question], [Id_Theme]) VALUES (1299, @ThemeId);
END

-- Question 133
SET IDENTITY_INSERT [dbo].[Question_QST] ON;
IF NOT EXISTS (SELECT 1 FROM [dbo].[Question_QST] WHERE Id = 1300)
BEGIN
    INSERT INTO [dbo].[Question_QST] ([Id], [Question], [Id_Difficulty])
    VALUES (1300, N'Quel acteur joue le rôle principal dans ''The Revenant'' ?', 3);
END
SET IDENTITY_INSERT [dbo].[Question_QST] OFF;

INSERT INTO [dbo].[Answer_ANS] ([Id_Question], [Value], [Valid]) VALUES
    (1300, N'Leonardo DiCaprio', 1),
    (1300, N'Tom Hardy', 0),
    (1300, N'Brad Pitt', 0),
    (1300, N'Matt Damon', 0);

IF NOT EXISTS (SELECT 1 FROM [dbo].[QuestionTheme_QTH] WHERE Id_Question = 1300 AND Id_Theme = @ThemeId)
BEGIN
    INSERT INTO [dbo].[QuestionTheme_QTH] ([Id_Question], [Id_Theme]) VALUES (1300, @ThemeId);
END

-- Question 134
SET IDENTITY_INSERT [dbo].[Question_QST] ON;
IF NOT EXISTS (SELECT 1 FROM [dbo].[Question_QST] WHERE Id = 1301)
BEGIN
    INSERT INTO [dbo].[Question_QST] ([Id], [Question], [Id_Difficulty])
    VALUES (1301, N'Quel film raconte l’histoire d’un détective nommé Edward aux mains d’argent ?', 3);
END
SET IDENTITY_INSERT [dbo].[Question_QST] OFF;

INSERT INTO [dbo].[Answer_ANS] ([Id_Question], [Value], [Valid]) VALUES
    (1301, N'Edward aux mains d’argent', 1),
    (1301, N'Sleepy Hollow', 0),
    (1301, N'Charlie et la Chocolaterie', 0),
    (1301, N'Big Fish', 0);

IF NOT EXISTS (SELECT 1 FROM [dbo].[QuestionTheme_QTH] WHERE Id_Question = 1301 AND Id_Theme = @ThemeId)
BEGIN
    INSERT INTO [dbo].[QuestionTheme_QTH] ([Id_Question], [Id_Theme]) VALUES (1301, @ThemeId);
END

-- Question 135
SET IDENTITY_INSERT [dbo].[Question_QST] ON;
IF NOT EXISTS (SELECT 1 FROM [dbo].[Question_QST] WHERE Id = 1302)
BEGIN
    INSERT INTO [dbo].[Question_QST] ([Id], [Question], [Id_Difficulty])
    VALUES (1302, N'Quel film de science-fiction met en scène la Matrice ?', 3);
END
SET IDENTITY_INSERT [dbo].[Question_QST] OFF;

INSERT INTO [dbo].[Answer_ANS] ([Id_Question], [Value], [Valid]) VALUES
    (1302, N'Matrix', 1),
    (1302, N'Inception', 0),
    (1302, N'Tron', 0),
    (1302, N'Avatar', 0);

IF NOT EXISTS (SELECT 1 FROM [dbo].[QuestionTheme_QTH] WHERE Id_Question = 1302 AND Id_Theme = @ThemeId)
BEGIN
    INSERT INTO [dbo].[QuestionTheme_QTH] ([Id_Question], [Id_Theme]) VALUES (1302, @ThemeId);
END

-- Question 136
SET IDENTITY_INSERT [dbo].[Question_QST] ON;
IF NOT EXISTS (SELECT 1 FROM [dbo].[Question_QST] WHERE Id = 1303)
BEGIN
    INSERT INTO [dbo].[Question_QST] ([Id], [Question], [Id_Difficulty])
    VALUES (1303, N'Qui a réalisé ''Les Sept Samouraïs'' ?', 3);
END
SET IDENTITY_INSERT [dbo].[Question_QST] OFF;

INSERT INTO [dbo].[Answer_ANS] ([Id_Question], [Value], [Valid]) VALUES
    (1303, N'Akira Kurosawa', 1),
    (1303, N'Hayao Miyazaki', 0),
    (1303, N'Yasujiro Ozu', 0),
    (1303, N'Kenji Mizoguchi', 0);

IF NOT EXISTS (SELECT 1 FROM [dbo].[QuestionTheme_QTH] WHERE Id_Question = 1303 AND Id_Theme = @ThemeId)
BEGIN
    INSERT INTO [dbo].[QuestionTheme_QTH] ([Id_Question], [Id_Theme]) VALUES (1303, @ThemeId);
END

-- Question 137
SET IDENTITY_INSERT [dbo].[Question_QST] ON;
IF NOT EXISTS (SELECT 1 FROM [dbo].[Question_QST] WHERE Id = 1304)
BEGIN
    INSERT INTO [dbo].[Question_QST] ([Id], [Question], [Id_Difficulty])
    VALUES (1304, N'Quel film raconte l’histoire d’un roi et d’une reine qui doivent sauver leur royaume d’une malédiction ?', 3);
END
SET IDENTITY_INSERT [dbo].[Question_QST] OFF;

INSERT INTO [dbo].[Answer_ANS] ([Id_Question], [Value], [Valid]) VALUES
    (1304, N'La Reine des Neiges 2', 1),
    (1304, N'Raiponce', 0),
    (1304, N'Cendrillon', 0),
    (1304, N'Blanche-Neige', 0);

IF NOT EXISTS (SELECT 1 FROM [dbo].[QuestionTheme_QTH] WHERE Id_Question = 1304 AND Id_Theme = @ThemeId)
BEGIN
    INSERT INTO [dbo].[QuestionTheme_QTH] ([Id_Question], [Id_Theme]) VALUES (1304, @ThemeId);
END

-- Question 138
SET IDENTITY_INSERT [dbo].[Question_QST] ON;
IF NOT EXISTS (SELECT 1 FROM [dbo].[Question_QST] WHERE Id = 1305)
BEGIN
    INSERT INTO [dbo].[Question_QST] ([Id], [Question], [Id_Difficulty])
    VALUES (1305, N'Quel acteur joue le rôle de Tony Stark dans l’univers Marvel ?', 3);
END
SET IDENTITY_INSERT [dbo].[Question_QST] OFF;

INSERT INTO [dbo].[Answer_ANS] ([Id_Question], [Value], [Valid]) VALUES
    (1305, N'Robert Downey Jr.', 1),
    (1305, N'Chris Evans', 0),
    (1305, N'Chris Hemsworth', 0),
    (1305, N'Mark Ruffalo', 0);

IF NOT EXISTS (SELECT 1 FROM [dbo].[QuestionTheme_QTH] WHERE Id_Question = 1305 AND Id_Theme = @ThemeId)
BEGIN
    INSERT INTO [dbo].[QuestionTheme_QTH] ([Id_Question], [Id_Theme]) VALUES (1305, @ThemeId);
END

-- Question 139
SET IDENTITY_INSERT [dbo].[Question_QST] ON;
IF NOT EXISTS (SELECT 1 FROM [dbo].[Question_QST] WHERE Id = 1306)
BEGIN
    INSERT INTO [dbo].[Question_QST] ([Id], [Question], [Id_Difficulty])
    VALUES (1306, N'Quel film raconte l’histoire d’un détective qui enquête sur un meurtre en chambre close ?', 3);
END
SET IDENTITY_INSERT [dbo].[Question_QST] OFF;

INSERT INTO [dbo].[Answer_ANS] ([Id_Question], [Value], [Valid]) VALUES
    (1306, N'Meurtre mystérieux à Manhattan', 0),
    (1306, N'Knives Out', 1),
    (1306, N'Murder on the Orient Express', 0),
    (1306, N'Gone Girl', 0);

IF NOT EXISTS (SELECT 1 FROM [dbo].[QuestionTheme_QTH] WHERE Id_Question = 1306 AND Id_Theme = @ThemeId)
BEGIN
    INSERT INTO [dbo].[QuestionTheme_QTH] ([Id_Question], [Id_Theme]) VALUES (1306, @ThemeId);
END

-- Question 140
SET IDENTITY_INSERT [dbo].[Question_QST] ON;
IF NOT EXISTS (SELECT 1 FROM [dbo].[Question_QST] WHERE Id = 1307)
BEGIN
    INSERT INTO [dbo].[Question_QST] ([Id], [Question], [Id_Difficulty])
    VALUES (1307, N'Quel film raconte l’histoire de Max Rockatansky ?', 3);
END
SET IDENTITY_INSERT [dbo].[Question_QST] OFF;

INSERT INTO [dbo].[Answer_ANS] ([Id_Question], [Value], [Valid]) VALUES
    (1307, N'Mad Max: Fury Road', 1),
    (1307, N'The Road Warrior', 0),
    (1307, N'Mad Max', 0),
    (1307, N'Waterworld', 0);

IF NOT EXISTS (SELECT 1 FROM [dbo].[QuestionTheme_QTH] WHERE Id_Question = 1307 AND Id_Theme = @ThemeId)
BEGIN
    INSERT INTO [dbo].[QuestionTheme_QTH] ([Id_Question], [Id_Theme]) VALUES (1307, @ThemeId);
END

-- Question 141
SET IDENTITY_INSERT [dbo].[Question_QST] ON;
IF NOT EXISTS (SELECT 1 FROM [dbo].[Question_QST] WHERE Id = 1308)
BEGIN
    INSERT INTO [dbo].[Question_QST] ([Id], [Question], [Id_Difficulty])
    VALUES (1308, N'Quel réalisateur est derrière ''Whiplash'' ?', 3);
END
SET IDENTITY_INSERT [dbo].[Question_QST] OFF;

INSERT INTO [dbo].[Answer_ANS] ([Id_Question], [Value], [Valid]) VALUES
    (1308, N'Damien Chazelle', 1),
    (1308, N'Christopher Nolan', 0),
    (1308, N'Steven Spielberg', 0),
    (1308, N'Martin Scorsese', 0);

IF NOT EXISTS (SELECT 1 FROM [dbo].[QuestionTheme_QTH] WHERE Id_Question = 1308 AND Id_Theme = @ThemeId)
BEGIN
    INSERT INTO [dbo].[QuestionTheme_QTH] ([Id_Question], [Id_Theme]) VALUES (1308, @ThemeId);
END

-- Question 142
SET IDENTITY_INSERT [dbo].[Question_QST] ON;
IF NOT EXISTS (SELECT 1 FROM [dbo].[Question_QST] WHERE Id = 1309)
BEGIN
    INSERT INTO [dbo].[Question_QST] ([Id], [Question], [Id_Difficulty])
    VALUES (1309, N'Quel film raconte l’histoire d’un peintre et de sa muse, inspiré de la Grèce antique ?', 3);
END
SET IDENTITY_INSERT [dbo].[Question_QST] OFF;

INSERT INTO [dbo].[Answer_ANS] ([Id_Question], [Value], [Valid]) VALUES
    (1309, N'Moulin Rouge !', 0),
    (1309, N'Cléopâtre', 1),
    (1309, N'Troie', 0),
    (1309, N'Agora', 0);

IF NOT EXISTS (SELECT 1 FROM [dbo].[QuestionTheme_QTH] WHERE Id_Question = 1309 AND Id_Theme = @ThemeId)
BEGIN
    INSERT INTO [dbo].[QuestionTheme_QTH] ([Id_Question], [Id_Theme]) VALUES (1309, @ThemeId);
END

-- Question 143
SET IDENTITY_INSERT [dbo].[Question_QST] ON;
IF NOT EXISTS (SELECT 1 FROM [dbo].[Question_QST] WHERE Id = 1310)
BEGIN
    INSERT INTO [dbo].[Question_QST] ([Id], [Question], [Id_Difficulty])
    VALUES (1310, N'Qui a réalisé ''The Hateful Eight'' ?', 3);
END
SET IDENTITY_INSERT [dbo].[Question_QST] OFF;

INSERT INTO [dbo].[Answer_ANS] ([Id_Question], [Value], [Valid]) VALUES
    (1310, N'Quentin Tarantino', 1),
    (1310, N'Martin Scorsese', 0),
    (1310, N'Steven Spielberg', 0),
    (1310, N'James Cameron', 0);

IF NOT EXISTS (SELECT 1 FROM [dbo].[QuestionTheme_QTH] WHERE Id_Question = 1310 AND Id_Theme = @ThemeId)
BEGIN
    INSERT INTO [dbo].[QuestionTheme_QTH] ([Id_Question], [Id_Theme]) VALUES (1310, @ThemeId);
END

-- Question 144
SET IDENTITY_INSERT [dbo].[Question_QST] ON;
IF NOT EXISTS (SELECT 1 FROM [dbo].[Question_QST] WHERE Id = 1311)
BEGIN
    INSERT INTO [dbo].[Question_QST] ([Id], [Question], [Id_Difficulty])
    VALUES (1311, N'Quel film raconte l’histoire d’un prisonnier nommé Andy Dufresne ?', 3);
END
SET IDENTITY_INSERT [dbo].[Question_QST] OFF;

INSERT INTO [dbo].[Answer_ANS] ([Id_Question], [Value], [Valid]) VALUES
    (1311, N'Les Évadés', 1),
    (1311, N'Shutter Island', 0),
    (1311, N'The Green Mile', 0),
    (1311, N'Escape Plan', 0);

IF NOT EXISTS (SELECT 1 FROM [dbo].[QuestionTheme_QTH] WHERE Id_Question = 1311 AND Id_Theme = @ThemeId)
BEGIN
    INSERT INTO [dbo].[QuestionTheme_QTH] ([Id_Question], [Id_Theme]) VALUES (1311, @ThemeId);
END

-- Question 145
SET IDENTITY_INSERT [dbo].[Question_QST] ON;
IF NOT EXISTS (SELECT 1 FROM [dbo].[Question_QST] WHERE Id = 1312)
BEGIN
    INSERT INTO [dbo].[Question_QST] ([Id], [Question], [Id_Difficulty])
    VALUES (1312, N'Quel film muet de 1927 est considéré comme le premier film parlant ?', 4);
END
SET IDENTITY_INSERT [dbo].[Question_QST] OFF;

INSERT INTO [dbo].[Answer_ANS] ([Id_Question], [Value], [Valid]) VALUES
    (1312, N'Le Chanteur de jazz', 1),
    (1312, N'Metropolis', 0),
    (1312, N'Nosferatu', 0),
    (1312, N'L''Aurore', 0);

IF NOT EXISTS (SELECT 1 FROM [dbo].[QuestionTheme_QTH] WHERE Id_Question = 1312 AND Id_Theme = @ThemeId)
BEGIN
    INSERT INTO [dbo].[QuestionTheme_QTH] ([Id_Question], [Id_Theme]) VALUES (1312, @ThemeId);
END

-- Question 146
SET IDENTITY_INSERT [dbo].[Question_QST] ON;
IF NOT EXISTS (SELECT 1 FROM [dbo].[Question_QST] WHERE Id = 1313)
BEGIN
    INSERT INTO [dbo].[Question_QST] ([Id], [Question], [Id_Difficulty])
    VALUES (1313, N'Quel réalisateur italien est célèbre pour le néoréalisme et ''Le Voleur de bicyclette'' ?', 4);
END
SET IDENTITY_INSERT [dbo].[Question_QST] OFF;

INSERT INTO [dbo].[Answer_ANS] ([Id_Question], [Value], [Valid]) VALUES
    (1313, N'Vittorio De Sica', 1),
    (1313, N'Federico Fellini', 0),
    (1313, N'Michelangelo Antonioni', 0),
    (1313, N'Luchino Visconti', 0);

IF NOT EXISTS (SELECT 1 FROM [dbo].[QuestionTheme_QTH] WHERE Id_Question = 1313 AND Id_Theme = @ThemeId)
BEGIN
    INSERT INTO [dbo].[QuestionTheme_QTH] ([Id_Question], [Id_Theme]) VALUES (1313, @ThemeId);
END

-- Question 147
SET IDENTITY_INSERT [dbo].[Question_QST] ON;
IF NOT EXISTS (SELECT 1 FROM [dbo].[Question_QST] WHERE Id = 1314)
BEGIN
    INSERT INTO [dbo].[Question_QST] ([Id], [Question], [Id_Difficulty])
    VALUES (1314, N'Quel film d''Andrei Tarkovski explore le temps et la mémoire avec un incendie de forêt ?', 4);
END
SET IDENTITY_INSERT [dbo].[Question_QST] OFF;

INSERT INTO [dbo].[Answer_ANS] ([Id_Question], [Value], [Valid]) VALUES
    (1314, N'Le Miroir', 1),
    (1314, N'Solaris', 0),
    (1314, N'Stalker', 0),
    (1314, N'Andrei Roublev', 0);

IF NOT EXISTS (SELECT 1 FROM [dbo].[QuestionTheme_QTH] WHERE Id_Question = 1314 AND Id_Theme = @ThemeId)
BEGIN
    INSERT INTO [dbo].[QuestionTheme_QTH] ([Id_Question], [Id_Theme]) VALUES (1314, @ThemeId);
END

-- Question 148
SET IDENTITY_INSERT [dbo].[Question_QST] ON;
IF NOT EXISTS (SELECT 1 FROM [dbo].[Question_QST] WHERE Id = 1315)
BEGIN
    INSERT INTO [dbo].[Question_QST] ([Id], [Question], [Id_Difficulty])
    VALUES (1315, N'Quel film de Jean-Luc Godard a révolutionné la Nouvelle Vague française ?', 4);
END
SET IDENTITY_INSERT [dbo].[Question_QST] OFF;

INSERT INTO [dbo].[Answer_ANS] ([Id_Question], [Value], [Valid]) VALUES
    (1315, N'À bout de souffle', 1),
    (1315, N'Pierrot le Fou', 0),
    (1315, N'Le Mépris', 0),
    (1315, N'Vivre sa vie', 0);

IF NOT EXISTS (SELECT 1 FROM [dbo].[QuestionTheme_QTH] WHERE Id_Question = 1315 AND Id_Theme = @ThemeId)
BEGIN
    INSERT INTO [dbo].[QuestionTheme_QTH] ([Id_Question], [Id_Theme]) VALUES (1315, @ThemeId);
END

-- Question 149
SET IDENTITY_INSERT [dbo].[Question_QST] ON;
IF NOT EXISTS (SELECT 1 FROM [dbo].[Question_QST] WHERE Id = 1316)
BEGIN
    INSERT INTO [dbo].[Question_QST] ([Id], [Question], [Id_Difficulty])
    VALUES (1316, N'Quel compositeur a collaboré avec Alfred Hitchcock pour ''Psychose'' ?', 4);
END
SET IDENTITY_INSERT [dbo].[Question_QST] OFF;

INSERT INTO [dbo].[Answer_ANS] ([Id_Question], [Value], [Valid]) VALUES
    (1316, N'Bernard Herrmann', 1),
    (1316, N'John Williams', 0),
    (1316, N'Hans Zimmer', 0),
    (1316, N'Ennio Morricone', 0);

IF NOT EXISTS (SELECT 1 FROM [dbo].[QuestionTheme_QTH] WHERE Id_Question = 1316 AND Id_Theme = @ThemeId)
BEGIN
    INSERT INTO [dbo].[QuestionTheme_QTH] ([Id_Question], [Id_Theme]) VALUES (1316, @ThemeId);
END

-- Question 150
SET IDENTITY_INSERT [dbo].[Question_QST] ON;
IF NOT EXISTS (SELECT 1 FROM [dbo].[Question_QST] WHERE Id = 1317)
BEGIN
    INSERT INTO [dbo].[Question_QST] ([Id], [Question], [Id_Difficulty])
    VALUES (1317, N'Quel réalisateur est derrière ''Persona'', film suédois expérimental de 1966 ?', 4);
END
SET IDENTITY_INSERT [dbo].[Question_QST] OFF;

INSERT INTO [dbo].[Answer_ANS] ([Id_Question], [Value], [Valid]) VALUES
    (1317, N'Ingmar Bergman', 1),
    (1317, N'Lars von Trier', 0),
    (1317, N'Andrei Tarkovski', 0),
    (1317, N'Federico Fellini', 0);

IF NOT EXISTS (SELECT 1 FROM [dbo].[QuestionTheme_QTH] WHERE Id_Question = 1317 AND Id_Theme = @ThemeId)
BEGIN
    INSERT INTO [dbo].[QuestionTheme_QTH] ([Id_Question], [Id_Theme]) VALUES (1317, @ThemeId);
END

-- Question 151
SET IDENTITY_INSERT [dbo].[Question_QST] ON;
IF NOT EXISTS (SELECT 1 FROM [dbo].[Question_QST] WHERE Id = 1318)
BEGIN
    INSERT INTO [dbo].[Question_QST] ([Id], [Question], [Id_Difficulty])
    VALUES (1318, N'Quel film de Luis Buñuel critique la bourgeoisie espagnole avec des rêves surréalistes ?', 4);
END
SET IDENTITY_INSERT [dbo].[Question_QST] OFF;

INSERT INTO [dbo].[Answer_ANS] ([Id_Question], [Value], [Valid]) VALUES
    (1318, N'L''Âge d''or', 1),
    (1318, N'Un chien andalou', 0),
    (1318, N'Viridiana', 0),
    (1318, N'Le Charme discret de la bourgeoisie', 0);

IF NOT EXISTS (SELECT 1 FROM [dbo].[QuestionTheme_QTH] WHERE Id_Question = 1318 AND Id_Theme = @ThemeId)
BEGIN
    INSERT INTO [dbo].[QuestionTheme_QTH] ([Id_Question], [Id_Theme]) VALUES (1318, @ThemeId);
END

-- Question 152
SET IDENTITY_INSERT [dbo].[Question_QST] ON;
IF NOT EXISTS (SELECT 1 FROM [dbo].[Question_QST] WHERE Id = 1319)
BEGIN
    INSERT INTO [dbo].[Question_QST] ([Id], [Question], [Id_Difficulty])
    VALUES (1319, N'Quel film d''Ozu met en scène une famille japonaise et la transition des générations ?', 4);
END
SET IDENTITY_INSERT [dbo].[Question_QST] OFF;

INSERT INTO [dbo].[Answer_ANS] ([Id_Question], [Value], [Valid]) VALUES
    (1319, N'Voyage à Tokyo', 1),
    (1319, N'Printemps précoce', 0),
    (1319, N'Le Goût du saké', 0),
    (1319, N'Le Dernier Été', 0);

IF NOT EXISTS (SELECT 1 FROM [dbo].[QuestionTheme_QTH] WHERE Id_Question = 1319 AND Id_Theme = @ThemeId)
BEGIN
    INSERT INTO [dbo].[QuestionTheme_QTH] ([Id_Question], [Id_Theme]) VALUES (1319, @ThemeId);
END

-- Question 153
SET IDENTITY_INSERT [dbo].[Question_QST] ON;
IF NOT EXISTS (SELECT 1 FROM [dbo].[Question_QST] WHERE Id = 1320)
BEGIN
    INSERT INTO [dbo].[Question_QST] ([Id], [Question], [Id_Difficulty])
    VALUES (1320, N'Quel film de Wong Kar-wai raconte une romance à Hong Kong avec des longs plans de pluie ?', 4);
END
SET IDENTITY_INSERT [dbo].[Question_QST] OFF;

INSERT INTO [dbo].[Answer_ANS] ([Id_Question], [Value], [Valid]) VALUES
    (1320, N'In the Mood for Love', 1),
    (1320, N'Chungking Express', 0),
    (1320, N'2046', 0),
    (1320, N'Happy Together', 0);

IF NOT EXISTS (SELECT 1 FROM [dbo].[QuestionTheme_QTH] WHERE Id_Question = 1320 AND Id_Theme = @ThemeId)
BEGIN
    INSERT INTO [dbo].[QuestionTheme_QTH] ([Id_Question], [Id_Theme]) VALUES (1320, @ThemeId);
END

-- Question 154
SET IDENTITY_INSERT [dbo].[Question_QST] ON;
IF NOT EXISTS (SELECT 1 FROM [dbo].[Question_QST] WHERE Id = 1321)
BEGIN
    INSERT INTO [dbo].[Question_QST] ([Id], [Question], [Id_Difficulty])
    VALUES (1321, N'Quel film expérimental de Maya Deren explore la danse et le rêve dans les années 1940 ?', 4);
END
SET IDENTITY_INSERT [dbo].[Question_QST] OFF;

INSERT INTO [dbo].[Answer_ANS] ([Id_Question], [Value], [Valid]) VALUES
    (1321, N'Meshes of the Afternoon', 1),
    (1321, N'At Land', 0),
    (1321, N'Ritual in Transfigured Time', 0),
    (1321, N'A Study in Choreography', 0);

IF NOT EXISTS (SELECT 1 FROM [dbo].[QuestionTheme_QTH] WHERE Id_Question = 1321 AND Id_Theme = @ThemeId)
BEGIN
    INSERT INTO [dbo].[QuestionTheme_QTH] ([Id_Question], [Id_Theme]) VALUES (1321, @ThemeId);
END

-- Question 155
SET IDENTITY_INSERT [dbo].[Question_QST] ON;
IF NOT EXISTS (SELECT 1 FROM [dbo].[Question_QST] WHERE Id = 1322)
BEGIN
    INSERT INTO [dbo].[Question_QST] ([Id], [Question], [Id_Difficulty])
    VALUES (1322, N'Quel film de Chris Marker utilise des images d’archives pour parler du temps et de la mémoire ?', 4);
END
SET IDENTITY_INSERT [dbo].[Question_QST] OFF;

INSERT INTO [dbo].[Answer_ANS] ([Id_Question], [Value], [Valid]) VALUES
    (1322, N'La Jetée', 0),
    (1322, N'Sans Soleil', 1),
    (1322, N'Le Joli Mai', 0),
    (1322, N'Level Five', 0);

IF NOT EXISTS (SELECT 1 FROM [dbo].[QuestionTheme_QTH] WHERE Id_Question = 1322 AND Id_Theme = @ThemeId)
BEGIN
    INSERT INTO [dbo].[QuestionTheme_QTH] ([Id_Question], [Id_Theme]) VALUES (1322, @ThemeId);
END

-- Question 156
SET IDENTITY_INSERT [dbo].[Question_QST] ON;
IF NOT EXISTS (SELECT 1 FROM [dbo].[Question_QST] WHERE Id = 1323)
BEGIN
    INSERT INTO [dbo].[Question_QST] ([Id], [Question], [Id_Difficulty])
    VALUES (1323, N'Quel film de Robert Bresson est connu pour son minimalisme et son acteur non-professionnel ?', 4);
END
SET IDENTITY_INSERT [dbo].[Question_QST] OFF;

INSERT INTO [dbo].[Answer_ANS] ([Id_Question], [Value], [Valid]) VALUES
    (1323, N'Pickpocket', 1),
    (1323, N'Au hasard Balthazar', 0),
    (1323, N'Mouchette', 0),
    (1323, N'Lancelot du Lac', 0);

IF NOT EXISTS (SELECT 1 FROM [dbo].[QuestionTheme_QTH] WHERE Id_Question = 1323 AND Id_Theme = @ThemeId)
BEGIN
    INSERT INTO [dbo].[QuestionTheme_QTH] ([Id_Question], [Id_Theme]) VALUES (1323, @ThemeId);
END

-- Question 157
SET IDENTITY_INSERT [dbo].[Question_QST] ON;
IF NOT EXISTS (SELECT 1 FROM [dbo].[Question_QST] WHERE Id = 1324)
BEGIN
    INSERT INTO [dbo].[Question_QST] ([Id], [Question], [Id_Difficulty])
    VALUES (1324, N'Quel film de Andrei Tarkovski est un poème visuel sur la station spatiale Solaris ?', 4);
END
SET IDENTITY_INSERT [dbo].[Question_QST] OFF;

INSERT INTO [dbo].[Answer_ANS] ([Id_Question], [Value], [Valid]) VALUES
    (1324, N'Solaris', 1),
    (1324, N'Stalker', 0),
    (1324, N'Le Miroir', 0),
    (1324, N'Andrei Roublev', 0);

IF NOT EXISTS (SELECT 1 FROM [dbo].[QuestionTheme_QTH] WHERE Id_Question = 1324 AND Id_Theme = @ThemeId)
BEGIN
    INSERT INTO [dbo].[QuestionTheme_QTH] ([Id_Question], [Id_Theme]) VALUES (1324, @ThemeId);
END

-- Question 158
SET IDENTITY_INSERT [dbo].[Question_QST] ON;
IF NOT EXISTS (SELECT 1 FROM [dbo].[Question_QST] WHERE Id = 1325)
BEGIN
    INSERT INTO [dbo].[Question_QST] ([Id], [Question], [Id_Difficulty])
    VALUES (1325, N'Quel film de Federico Fellini mélange rêve et réalité à Rome dans les années 60 ?', 4);
END
SET IDENTITY_INSERT [dbo].[Question_QST] OFF;

INSERT INTO [dbo].[Answer_ANS] ([Id_Question], [Value], [Valid]) VALUES
    (1325, N'La Dolce Vita', 1),
    (1325, N'8½', 0),
    (1325, N'Amarcord', 0),
    (1325, N'I Vitelloni', 0);

IF NOT EXISTS (SELECT 1 FROM [dbo].[QuestionTheme_QTH] WHERE Id_Question = 1325 AND Id_Theme = @ThemeId)
BEGIN
    INSERT INTO [dbo].[QuestionTheme_QTH] ([Id_Question], [Id_Theme]) VALUES (1325, @ThemeId);
END

-- Question 159
SET IDENTITY_INSERT [dbo].[Question_QST] ON;
IF NOT EXISTS (SELECT 1 FROM [dbo].[Question_QST] WHERE Id = 1326)
BEGIN
    INSERT INTO [dbo].[Question_QST] ([Id], [Question], [Id_Difficulty])
    VALUES (1326, N'Quel film de Carl Theodor Dreyer est célèbre pour ses gros plans intenses et son éclairage minimaliste ?', 4);
END
SET IDENTITY_INSERT [dbo].[Question_QST] OFF;

INSERT INTO [dbo].[Answer_ANS] ([Id_Question], [Value], [Valid]) VALUES
    (1326, N'La Passion de Jeanne d''Arc', 1),
    (1326, N'Vampyr', 0),
    (1326, N'Day of Wrath', 0),
    (1326, N'Ordet', 0);

IF NOT EXISTS (SELECT 1 FROM [dbo].[QuestionTheme_QTH] WHERE Id_Question = 1326 AND Id_Theme = @ThemeId)
BEGIN
    INSERT INTO [dbo].[QuestionTheme_QTH] ([Id_Question], [Id_Theme]) VALUES (1326, @ThemeId);
END

-- Question 160
SET IDENTITY_INSERT [dbo].[Question_QST] ON;
IF NOT EXISTS (SELECT 1 FROM [dbo].[Question_QST] WHERE Id = 1327)
BEGIN
    INSERT INTO [dbo].[Question_QST] ([Id], [Question], [Id_Difficulty])
    VALUES (1327, N'Quel film de Akira Kurosawa raconte la vie d’un rônin et influence le western spaghetti ?', 4);
END
SET IDENTITY_INSERT [dbo].[Question_QST] OFF;

INSERT INTO [dbo].[Answer_ANS] ([Id_Question], [Value], [Valid]) VALUES
    (1327, N'Les Sept Samouraïs', 1),
    (1327, N'Rashomon', 0),
    (1327, N'Yojimbo', 0),
    (1327, N'Kagemusha', 0);

IF NOT EXISTS (SELECT 1 FROM [dbo].[QuestionTheme_QTH] WHERE Id_Question = 1327 AND Id_Theme = @ThemeId)
BEGIN
    INSERT INTO [dbo].[QuestionTheme_QTH] ([Id_Question], [Id_Theme]) VALUES (1327, @ThemeId);
END

-- Question 161
SET IDENTITY_INSERT [dbo].[Question_QST] ON;
IF NOT EXISTS (SELECT 1 FROM [dbo].[Question_QST] WHERE Id = 1328)
BEGIN
    INSERT INTO [dbo].[Question_QST] ([Id], [Question], [Id_Difficulty])
    VALUES (1328, N'Quel film expérimental de Stan Brakhage explore la perception visuelle abstraite ?', 4);
END
SET IDENTITY_INSERT [dbo].[Question_QST] OFF;

INSERT INTO [dbo].[Answer_ANS] ([Id_Question], [Value], [Valid]) VALUES
    (1328, N'Dog Star Man', 1),
    (1328, N'Mothlight', 0),
    (1328, N'Anticipation of the Night', 0),
    (1328, N'The Act of Seeing With One’s Own Eyes', 0);

IF NOT EXISTS (SELECT 1 FROM [dbo].[QuestionTheme_QTH] WHERE Id_Question = 1328 AND Id_Theme = @ThemeId)
BEGIN
    INSERT INTO [dbo].[QuestionTheme_QTH] ([Id_Question], [Id_Theme]) VALUES (1328, @ThemeId);
END

-- Question 162
SET IDENTITY_INSERT [dbo].[Question_QST] ON;
IF NOT EXISTS (SELECT 1 FROM [dbo].[Question_QST] WHERE Id = 1329)
BEGIN
    INSERT INTO [dbo].[Question_QST] ([Id], [Question], [Id_Difficulty])
    VALUES (1329, N'Quel film de Chantal Akerman examine l’isolement et la routine à travers la vie d’une femme ?', 4);
END
SET IDENTITY_INSERT [dbo].[Question_QST] OFF;

INSERT INTO [dbo].[Answer_ANS] ([Id_Question], [Value], [Valid]) VALUES
    (1329, N'Jeanne Dielman, 23 quai du Commerce, 1080 Bruxelles', 1),
    (1329, N'Les Rendez-vous d’Anna', 0),
    (1329, N'Toute une nuit', 0),
    (1329, N'Hotel Monterey', 0);

IF NOT EXISTS (SELECT 1 FROM [dbo].[QuestionTheme_QTH] WHERE Id_Question = 1329 AND Id_Theme = @ThemeId)
BEGIN
    INSERT INTO [dbo].[QuestionTheme_QTH] ([Id_Question], [Id_Theme]) VALUES (1329, @ThemeId);
END

-- Question 163
SET IDENTITY_INSERT [dbo].[Question_QST] ON;
IF NOT EXISTS (SELECT 1 FROM [dbo].[Question_QST] WHERE Id = 1330)
BEGIN
    INSERT INTO [dbo].[Question_QST] ([Id], [Question], [Id_Difficulty])
    VALUES (1330, N'Quel film de Andrei Tarkovski utilise un long plan pour représenter le voyage dans une zone interdite ?', 4);
END
SET IDENTITY_INSERT [dbo].[Question_QST] OFF;

INSERT INTO [dbo].[Answer_ANS] ([Id_Question], [Value], [Valid]) VALUES
    (1330, N'Stalker', 1),
    (1330, N'Solaris', 0),
    (1330, N'Le Miroir', 0),
    (1330, N'Nostalghia', 0);

IF NOT EXISTS (SELECT 1 FROM [dbo].[QuestionTheme_QTH] WHERE Id_Question = 1330 AND Id_Theme = @ThemeId)
BEGIN
    INSERT INTO [dbo].[QuestionTheme_QTH] ([Id_Question], [Id_Theme]) VALUES (1330, @ThemeId);
END

-- Question 164
SET IDENTITY_INSERT [dbo].[Question_QST] ON;
IF NOT EXISTS (SELECT 1 FROM [dbo].[Question_QST] WHERE Id = 1331)
BEGIN
    INSERT INTO [dbo].[Question_QST] ([Id], [Question], [Id_Difficulty])
    VALUES (1331, N'Quel film d’Otar Iosseliani est un conte satirique sur la bureaucratie géorgienne ?', 4);
END
SET IDENTITY_INSERT [dbo].[Question_QST] OFF;

INSERT INTO [dbo].[Answer_ANS] ([Id_Question], [Value], [Valid]) VALUES
    (1331, N'Et la lumière fut', 1),
    (1331, N'Fleurs d’automne', 0),
    (1331, N'Brigands, chapitre VII', 0),
    (1331, N'Chantrapas', 0);

IF NOT EXISTS (SELECT 1 FROM [dbo].[QuestionTheme_QTH] WHERE Id_Question = 1331 AND Id_Theme = @ThemeId)
BEGIN
    INSERT INTO [dbo].[QuestionTheme_QTH] ([Id_Question], [Id_Theme]) VALUES (1331, @ThemeId);
END

-- Question 165
SET IDENTITY_INSERT [dbo].[Question_QST] ON;
IF NOT EXISTS (SELECT 1 FROM [dbo].[Question_QST] WHERE Id = 1332)
BEGIN
    INSERT INTO [dbo].[Question_QST] ([Id], [Question], [Id_Difficulty])
    VALUES (1332, N'Quel film expérimental de Kenneth Anger combine cinéma underground et occultisme ?', 4);
END
SET IDENTITY_INSERT [dbo].[Question_QST] OFF;

INSERT INTO [dbo].[Answer_ANS] ([Id_Question], [Value], [Valid]) VALUES
    (1332, N'Scorpio Rising', 1),
    (1332, N'Invocation of My Demon Brother', 0),
    (1332, N'Fireworks', 0),
    (1332, N'Kustom Kar Kommandos', 0);

IF NOT EXISTS (SELECT 1 FROM [dbo].[QuestionTheme_QTH] WHERE Id_Question = 1332 AND Id_Theme = @ThemeId)
BEGIN
    INSERT INTO [dbo].[QuestionTheme_QTH] ([Id_Question], [Id_Theme]) VALUES (1332, @ThemeId);
END

-- Question 166
SET IDENTITY_INSERT [dbo].[Question_QST] ON;
IF NOT EXISTS (SELECT 1 FROM [dbo].[Question_QST] WHERE Id = 1333)
BEGIN
    INSERT INTO [dbo].[Question_QST] ([Id], [Question], [Id_Difficulty])
    VALUES (1333, N'Quel film de Andrei Tarkovski explore la mémoire personnelle et la guerre ?', 4);
END
SET IDENTITY_INSERT [dbo].[Question_QST] OFF;

INSERT INTO [dbo].[Answer_ANS] ([Id_Question], [Value], [Valid]) VALUES
    (1333, N'Le Miroir', 1),
    (1333, N'Solaris', 0),
    (1333, N'Stalker', 0),
    (1333, N'Ivan le Terrible', 0);

IF NOT EXISTS (SELECT 1 FROM [dbo].[QuestionTheme_QTH] WHERE Id_Question = 1333 AND Id_Theme = @ThemeId)
BEGIN
    INSERT INTO [dbo].[QuestionTheme_QTH] ([Id_Question], [Id_Theme]) VALUES (1333, @ThemeId);
END

-- Question 167
SET IDENTITY_INSERT [dbo].[Question_QST] ON;
IF NOT EXISTS (SELECT 1 FROM [dbo].[Question_QST] WHERE Id = 1334)
BEGIN
    INSERT INTO [dbo].[Question_QST] ([Id], [Question], [Id_Difficulty])
    VALUES (1334, N'Quel film de Jean Epstein est connu pour ses effets de ralenti et sa poésie visuelle ?', 4);
END
SET IDENTITY_INSERT [dbo].[Question_QST] OFF;

INSERT INTO [dbo].[Answer_ANS] ([Id_Question], [Value], [Valid]) VALUES
    (1334, N'La Chute de la maison Usher', 1),
    (1334, N'Six et demi onze', 0),
    (1334, N'Cœur fidèle', 0),
    (1334, N'Coeur d’enfant', 0);

IF NOT EXISTS (SELECT 1 FROM [dbo].[QuestionTheme_QTH] WHERE Id_Question = 1334 AND Id_Theme = @ThemeId)
BEGIN
    INSERT INTO [dbo].[QuestionTheme_QTH] ([Id_Question], [Id_Theme]) VALUES (1334, @ThemeId);
END

-- Question 168
SET IDENTITY_INSERT [dbo].[Question_QST] ON;
IF NOT EXISTS (SELECT 1 FROM [dbo].[Question_QST] WHERE Id = 1335)
BEGIN
    INSERT INTO [dbo].[Question_QST] ([Id], [Question], [Id_Difficulty])
    VALUES (1335, N'Quel film de Manoel de Oliveira retrace un duel philosophique sur la vie et la mort ?', 4);
END
SET IDENTITY_INSERT [dbo].[Question_QST] OFF;

INSERT INTO [dbo].[Answer_ANS] ([Id_Question], [Value], [Valid]) VALUES
    (1335, N'Le Soulier de satin', 1),
    (1335, N'Non ou la Vraie Vie', 0),
    (1335, N'Amor de Perdição', 0),
    (1335, N'Vale Abraão', 0);

IF NOT EXISTS (SELECT 1 FROM [dbo].[QuestionTheme_QTH] WHERE Id_Question = 1335 AND Id_Theme = @ThemeId)
BEGIN
    INSERT INTO [dbo].[QuestionTheme_QTH] ([Id_Question], [Id_Theme]) VALUES (1335, @ThemeId);
END

-- Question 169
SET IDENTITY_INSERT [dbo].[Question_QST] ON;
IF NOT EXISTS (SELECT 1 FROM [dbo].[Question_QST] WHERE Id = 1336)
BEGIN
    INSERT INTO [dbo].[Question_QST] ([Id], [Question], [Id_Difficulty])
    VALUES (1336, N'Quel film expérimental de Maya Deren explore la subjectivité et les mouvements corporels ?', 4);
END
SET IDENTITY_INSERT [dbo].[Question_QST] OFF;

INSERT INTO [dbo].[Answer_ANS] ([Id_Question], [Value], [Valid]) VALUES
    (1336, N'Meshes of the Afternoon', 1),
    (1336, N'At Land', 0),
    (1336, N'Ritual in Transfigured Time', 0),
    (1336, N'Meditation on Violence', 0);

IF NOT EXISTS (SELECT 1 FROM [dbo].[QuestionTheme_QTH] WHERE Id_Question = 1336 AND Id_Theme = @ThemeId)
BEGIN
    INSERT INTO [dbo].[QuestionTheme_QTH] ([Id_Question], [Id_Theme]) VALUES (1336, @ThemeId);
END

-- Question 170
SET IDENTITY_INSERT [dbo].[Question_QST] ON;
IF NOT EXISTS (SELECT 1 FROM [dbo].[Question_QST] WHERE Id = 1337)
BEGIN
    INSERT INTO [dbo].[Question_QST] ([Id], [Question], [Id_Difficulty])
    VALUES (1337, N'Quel film de Chris Marker utilise le procédé de photo fixe pour raconter une histoire post-apocalyptique ?', 4);
END
SET IDENTITY_INSERT [dbo].[Question_QST] OFF;

INSERT INTO [dbo].[Answer_ANS] ([Id_Question], [Value], [Valid]) VALUES
    (1337, N'La Jetée', 1),
    (1337, N'Sans Soleil', 0),
    (1337, N'Level Five', 0),
    (1337, N'Le Joli Mai', 0);

IF NOT EXISTS (SELECT 1 FROM [dbo].[QuestionTheme_QTH] WHERE Id_Question = 1337 AND Id_Theme = @ThemeId)
BEGIN
    INSERT INTO [dbo].[QuestionTheme_QTH] ([Id_Question], [Id_Theme]) VALUES (1337, @ThemeId);
END

-- Question 171
SET IDENTITY_INSERT [dbo].[Question_QST] ON;
IF NOT EXISTS (SELECT 1 FROM [dbo].[Question_QST] WHERE Id = 1338)
BEGIN
    INSERT INTO [dbo].[Question_QST] ([Id], [Question], [Id_Difficulty])
    VALUES (1338, N'Quel film de Robert Bresson se concentre sur un pickpocket et ses choix moraux ?', 4);
END
SET IDENTITY_INSERT [dbo].[Question_QST] OFF;

INSERT INTO [dbo].[Answer_ANS] ([Id_Question], [Value], [Valid]) VALUES
    (1338, N'Pickpocket', 1),
    (1338, N'Au hasard Balthazar', 0),
    (1338, N'Mouchette', 0),
    (1338, N'Lancelot du Lac', 0);

IF NOT EXISTS (SELECT 1 FROM [dbo].[QuestionTheme_QTH] WHERE Id_Question = 1338 AND Id_Theme = @ThemeId)
BEGIN
    INSERT INTO [dbo].[QuestionTheme_QTH] ([Id_Question], [Id_Theme]) VALUES (1338, @ThemeId);
END

-- Question 172
SET IDENTITY_INSERT [dbo].[Question_QST] ON;
IF NOT EXISTS (SELECT 1 FROM [dbo].[Question_QST] WHERE Id = 1339)
BEGIN
    INSERT INTO [dbo].[Question_QST] ([Id], [Question], [Id_Difficulty])
    VALUES (1339, N'Quel film de Andrei Tarkovski met en scène un village médiéval russe ?', 4);
END
SET IDENTITY_INSERT [dbo].[Question_QST] OFF;

INSERT INTO [dbo].[Answer_ANS] ([Id_Question], [Value], [Valid]) VALUES
    (1339, N'Andrei Roublev', 1),
    (1339, N'Solaris', 0),
    (1339, N'Stalker', 0),
    (1339, N'Le Miroir', 0);

IF NOT EXISTS (SELECT 1 FROM [dbo].[QuestionTheme_QTH] WHERE Id_Question = 1339 AND Id_Theme = @ThemeId)
BEGIN
    INSERT INTO [dbo].[QuestionTheme_QTH] ([Id_Question], [Id_Theme]) VALUES (1339, @ThemeId);
END

-- Question 173
SET IDENTITY_INSERT [dbo].[Question_QST] ON;
IF NOT EXISTS (SELECT 1 FROM [dbo].[Question_QST] WHERE Id = 1340)
BEGIN
    INSERT INTO [dbo].[Question_QST] ([Id], [Question], [Id_Difficulty])
    VALUES (1340, N'Quel film de Federico Fellini raconte l’enfance et les souvenirs de Rimini ?', 4);
END
SET IDENTITY_INSERT [dbo].[Question_QST] OFF;

INSERT INTO [dbo].[Answer_ANS] ([Id_Question], [Value], [Valid]) VALUES
    (1340, N'Amarcord', 1),
    (1340, N'La Dolce Vita', 0),
    (1340, N'8½', 0),
    (1340, N'I Vitelloni', 0);

IF NOT EXISTS (SELECT 1 FROM [dbo].[QuestionTheme_QTH] WHERE Id_Question = 1340 AND Id_Theme = @ThemeId)
BEGIN
    INSERT INTO [dbo].[QuestionTheme_QTH] ([Id_Question], [Id_Theme]) VALUES (1340, @ThemeId);
END

-- Question 174
SET IDENTITY_INSERT [dbo].[Question_QST] ON;
IF NOT EXISTS (SELECT 1 FROM [dbo].[Question_QST] WHERE Id = 1341)
BEGIN
    INSERT INTO [dbo].[Question_QST] ([Id], [Question], [Id_Difficulty])
    VALUES (1341, N'Quel film de Carl Theodor Dreyer explore la foi et le martyr d’une sainte ?', 4);
END
SET IDENTITY_INSERT [dbo].[Question_QST] OFF;

INSERT INTO [dbo].[Answer_ANS] ([Id_Question], [Value], [Valid]) VALUES
    (1341, N'La Passion de Jeanne d''Arc', 1),
    (1341, N'Day of Wrath', 0),
    (1341, N'Ordet', 0),
    (1341, N'Vampyr', 0);

IF NOT EXISTS (SELECT 1 FROM [dbo].[QuestionTheme_QTH] WHERE Id_Question = 1341 AND Id_Theme = @ThemeId)
BEGIN
    INSERT INTO [dbo].[QuestionTheme_QTH] ([Id_Question], [Id_Theme]) VALUES (1341, @ThemeId);
END

-- Question 175
SET IDENTITY_INSERT [dbo].[Question_QST] ON;
IF NOT EXISTS (SELECT 1 FROM [dbo].[Question_QST] WHERE Id = 1342)
BEGIN
    INSERT INTO [dbo].[Question_QST] ([Id], [Question], [Id_Difficulty])
    VALUES (1342, N'Quel film d’Akira Kurosawa a inspiré ''Le Bon, la Brute et le Truand'' ?', 4);
END
SET IDENTITY_INSERT [dbo].[Question_QST] OFF;

INSERT INTO [dbo].[Answer_ANS] ([Id_Question], [Value], [Valid]) VALUES
    (1342, N'Yojimbo', 1),
    (1342, N'Rashomon', 0),
    (1342, N'Les Sept Samouraïs', 0),
    (1342, N'Kagemusha', 0);

IF NOT EXISTS (SELECT 1 FROM [dbo].[QuestionTheme_QTH] WHERE Id_Question = 1342 AND Id_Theme = @ThemeId)
BEGIN
    INSERT INTO [dbo].[QuestionTheme_QTH] ([Id_Question], [Id_Theme]) VALUES (1342, @ThemeId);
END

-- Question 176
SET IDENTITY_INSERT [dbo].[Question_QST] ON;
IF NOT EXISTS (SELECT 1 FROM [dbo].[Question_QST] WHERE Id = 1343)
BEGIN
    INSERT INTO [dbo].[Question_QST] ([Id], [Question], [Id_Difficulty])
    VALUES (1343, N'Quel film expérimental de Stan Brakhage est entièrement composé d’images peintes sur pellicule ?', 4);
END
SET IDENTITY_INSERT [dbo].[Question_QST] OFF;

INSERT INTO [dbo].[Answer_ANS] ([Id_Question], [Value], [Valid]) VALUES
    (1343, N'Mothlight', 1),
    (1343, N'Dog Star Man', 0),
    (1343, N'Anticipation of the Night', 0),
    (1343, N'The Act of Seeing With One’s Own Eyes', 0);

IF NOT EXISTS (SELECT 1 FROM [dbo].[QuestionTheme_QTH] WHERE Id_Question = 1343 AND Id_Theme = @ThemeId)
BEGIN
    INSERT INTO [dbo].[QuestionTheme_QTH] ([Id_Question], [Id_Theme]) VALUES (1343, @ThemeId);
END

-- Question 177
SET IDENTITY_INSERT [dbo].[Question_QST] ON;
IF NOT EXISTS (SELECT 1 FROM [dbo].[Question_QST] WHERE Id = 1344)
BEGIN
    INSERT INTO [dbo].[Question_QST] ([Id], [Question], [Id_Difficulty])
    VALUES (1344, N'Quel film de Chantal Akerman dure plus de trois heures et explore le quotidien minutieux ?', 4);
END
SET IDENTITY_INSERT [dbo].[Question_QST] OFF;

INSERT INTO [dbo].[Answer_ANS] ([Id_Question], [Value], [Valid]) VALUES
    (1344, N'Jeanne Dielman, 23 quai du Commerce, 1080 Bruxelles', 1),
    (1344, N'Les Rendez-vous d’Anna', 0),
    (1344, N'Toute une nuit', 0),
    (1344, N'Hotel Monterey', 0);

IF NOT EXISTS (SELECT 1 FROM [dbo].[QuestionTheme_QTH] WHERE Id_Question = 1344 AND Id_Theme = @ThemeId)
BEGIN
    INSERT INTO [dbo].[QuestionTheme_QTH] ([Id_Question], [Id_Theme]) VALUES (1344, @ThemeId);
END

-- Question 178
SET IDENTITY_INSERT [dbo].[Question_QST] ON;
IF NOT EXISTS (SELECT 1 FROM [dbo].[Question_QST] WHERE Id = 1345)
BEGIN
    INSERT INTO [dbo].[Question_QST] ([Id], [Question], [Id_Difficulty])
    VALUES (1345, N'Quel film de Andrei Tarkovski traite de la nostalgie et de l’exil italien ?', 4);
END
SET IDENTITY_INSERT [dbo].[Question_QST] OFF;

INSERT INTO [dbo].[Answer_ANS] ([Id_Question], [Value], [Valid]) VALUES
    (1345, N'Nostalghia', 1),
    (1345, N'Solaris', 0),
    (1345, N'Stalker', 0),
    (1345, N'Le Miroir', 0);

IF NOT EXISTS (SELECT 1 FROM [dbo].[QuestionTheme_QTH] WHERE Id_Question = 1345 AND Id_Theme = @ThemeId)
BEGIN
    INSERT INTO [dbo].[QuestionTheme_QTH] ([Id_Question], [Id_Theme]) VALUES (1345, @ThemeId);
END

-- Question 179
SET IDENTITY_INSERT [dbo].[Question_QST] ON;
IF NOT EXISTS (SELECT 1 FROM [dbo].[Question_QST] WHERE Id = 1346)
BEGIN
    INSERT INTO [dbo].[Question_QST] ([Id], [Question], [Id_Difficulty])
    VALUES (1346, N'Quel film d’Otar Iosseliani critique la société à travers des portraits comiques ?', 4);
END
SET IDENTITY_INSERT [dbo].[Question_QST] OFF;

INSERT INTO [dbo].[Answer_ANS] ([Id_Question], [Value], [Valid]) VALUES
    (1346, N'Et la lumière fut', 1),
    (1346, N'Fleurs d’automne', 0),
    (1346, N'Brigands, chapitre VII', 0),
    (1346, N'Chantrapas', 0);

IF NOT EXISTS (SELECT 1 FROM [dbo].[QuestionTheme_QTH] WHERE Id_Question = 1346 AND Id_Theme = @ThemeId)
BEGIN
    INSERT INTO [dbo].[QuestionTheme_QTH] ([Id_Question], [Id_Theme]) VALUES (1346, @ThemeId);
END

-- Question 180
SET IDENTITY_INSERT [dbo].[Question_QST] ON;
IF NOT EXISTS (SELECT 1 FROM [dbo].[Question_QST] WHERE Id = 1347)
BEGIN
    INSERT INTO [dbo].[Question_QST] ([Id], [Question], [Id_Difficulty])
    VALUES (1347, N'Quel film expérimental de Kenneth Anger explore l’homosexualité et le contrôle social ?', 4);
END
SET IDENTITY_INSERT [dbo].[Question_QST] OFF;

INSERT INTO [dbo].[Answer_ANS] ([Id_Question], [Value], [Valid]) VALUES
    (1347, N'Scorpio Rising', 1),
    (1347, N'Invocation of My Demon Brother', 0),
    (1347, N'Fireworks', 0),
    (1347, N'Kustom Kar Kommandos', 0);

IF NOT EXISTS (SELECT 1 FROM [dbo].[QuestionTheme_QTH] WHERE Id_Question = 1347 AND Id_Theme = @ThemeId)
BEGIN
    INSERT INTO [dbo].[QuestionTheme_QTH] ([Id_Question], [Id_Theme]) VALUES (1347, @ThemeId);
END

-- Question 181
SET IDENTITY_INSERT [dbo].[Question_QST] ON;
IF NOT EXISTS (SELECT 1 FROM [dbo].[Question_QST] WHERE Id = 1348)
BEGIN
    INSERT INTO [dbo].[Question_QST] ([Id], [Question], [Id_Difficulty])
    VALUES (1348, N'Quel film de Andrei Tarkovski questionne la mémoire et le temps dans un village soviétique ?', 4);
END
SET IDENTITY_INSERT [dbo].[Question_QST] OFF;

INSERT INTO [dbo].[Answer_ANS] ([Id_Question], [Value], [Valid]) VALUES
    (1348, N'Le Miroir', 1),
    (1348, N'Solaris', 0),
    (1348, N'Stalker', 0),
    (1348, N'Nostalghia', 0);

IF NOT EXISTS (SELECT 1 FROM [dbo].[QuestionTheme_QTH] WHERE Id_Question = 1348 AND Id_Theme = @ThemeId)
BEGIN
    INSERT INTO [dbo].[QuestionTheme_QTH] ([Id_Question], [Id_Theme]) VALUES (1348, @ThemeId);
END

-- Question 182
SET IDENTITY_INSERT [dbo].[Question_QST] ON;
IF NOT EXISTS (SELECT 1 FROM [dbo].[Question_QST] WHERE Id = 1349)
BEGIN
    INSERT INTO [dbo].[Question_QST] ([Id], [Question], [Id_Difficulty])
    VALUES (1349, N'Quel film de Jean Epstein est un chef-d’œuvre du cinéma poétique français ?', 4);
END
SET IDENTITY_INSERT [dbo].[Question_QST] OFF;

INSERT INTO [dbo].[Answer_ANS] ([Id_Question], [Value], [Valid]) VALUES
    (1349, N'La Chute de la maison Usher', 1),
    (1349, N'Six et demi onze', 0),
    (1349, N'Cœur fidèle', 0),
    (1349, N'Coeur d’enfant', 0);

IF NOT EXISTS (SELECT 1 FROM [dbo].[QuestionTheme_QTH] WHERE Id_Question = 1349 AND Id_Theme = @ThemeId)
BEGIN
    INSERT INTO [dbo].[QuestionTheme_QTH] ([Id_Question], [Id_Theme]) VALUES (1349, @ThemeId);
END

-- Question 183
SET IDENTITY_INSERT [dbo].[Question_QST] ON;
IF NOT EXISTS (SELECT 1 FROM [dbo].[Question_QST] WHERE Id = 1350)
BEGIN
    INSERT INTO [dbo].[Question_QST] ([Id], [Question], [Id_Difficulty])
    VALUES (1350, N'Quel film de Manoel de Oliveira raconte l’histoire d’un duel philosophique sur l’existence ?', 4);
END
SET IDENTITY_INSERT [dbo].[Question_QST] OFF;

INSERT INTO [dbo].[Answer_ANS] ([Id_Question], [Value], [Valid]) VALUES
    (1350, N'Le Soulier de satin', 1),
    (1350, N'Non ou la Vraie Vie', 0),
    (1350, N'Amor de Perdição', 0),
    (1350, N'Vale Abraão', 0);

IF NOT EXISTS (SELECT 1 FROM [dbo].[QuestionTheme_QTH] WHERE Id_Question = 1350 AND Id_Theme = @ThemeId)
BEGIN
    INSERT INTO [dbo].[QuestionTheme_QTH] ([Id_Question], [Id_Theme]) VALUES (1350, @ThemeId);
END

-- Question 184
SET IDENTITY_INSERT [dbo].[Question_QST] ON;
IF NOT EXISTS (SELECT 1 FROM [dbo].[Question_QST] WHERE Id = 1351)
BEGIN
    INSERT INTO [dbo].[Question_QST] ([Id], [Question], [Id_Difficulty])
    VALUES (1351, N'Quel film expérimental de Maya Deren combine danse et rêve dans un cadre domestique ?', 4);
END
SET IDENTITY_INSERT [dbo].[Question_QST] OFF;

INSERT INTO [dbo].[Answer_ANS] ([Id_Question], [Value], [Valid]) VALUES
    (1351, N'Meshes of the Afternoon', 1),
    (1351, N'At Land', 0),
    (1351, N'Ritual in Transfigured Time', 0),
    (1351, N'Meditation on Violence', 0);

IF NOT EXISTS (SELECT 1 FROM [dbo].[QuestionTheme_QTH] WHERE Id_Question = 1351 AND Id_Theme = @ThemeId)
BEGIN
    INSERT INTO [dbo].[QuestionTheme_QTH] ([Id_Question], [Id_Theme]) VALUES (1351, @ThemeId);
END

-- Question 185
SET IDENTITY_INSERT [dbo].[Question_QST] ON;
IF NOT EXISTS (SELECT 1 FROM [dbo].[Question_QST] WHERE Id = 1352)
BEGIN
    INSERT INTO [dbo].[Question_QST] ([Id], [Question], [Id_Difficulty])
    VALUES (1352, N'Quel film de Chris Marker raconte une histoire de science-fiction à partir de photos fixes ?', 4);
END
SET IDENTITY_INSERT [dbo].[Question_QST] OFF;

INSERT INTO [dbo].[Answer_ANS] ([Id_Question], [Value], [Valid]) VALUES
    (1352, N'La Jetée', 1),
    (1352, N'Sans Soleil', 0),
    (1352, N'Level Five', 0),
    (1352, N'Le Joli Mai', 0);

IF NOT EXISTS (SELECT 1 FROM [dbo].[QuestionTheme_QTH] WHERE Id_Question = 1352 AND Id_Theme = @ThemeId)
BEGIN
    INSERT INTO [dbo].[QuestionTheme_QTH] ([Id_Question], [Id_Theme]) VALUES (1352, @ThemeId);
END

-- Question 186
SET IDENTITY_INSERT [dbo].[Question_QST] ON;
IF NOT EXISTS (SELECT 1 FROM [dbo].[Question_QST] WHERE Id = 1353)
BEGIN
    INSERT INTO [dbo].[Question_QST] ([Id], [Question], [Id_Difficulty])
    VALUES (1353, N'Quel film de Robert Bresson examine la morale et la culpabilité d’un jeune homme ?', 4);
END
SET IDENTITY_INSERT [dbo].[Question_QST] OFF;

INSERT INTO [dbo].[Answer_ANS] ([Id_Question], [Value], [Valid]) VALUES
    (1353, N'Pickpocket', 1),
    (1353, N'Au hasard Balthazar', 0),
    (1353, N'Mouchette', 0),
    (1353, N'Lancelot du Lac', 0);

IF NOT EXISTS (SELECT 1 FROM [dbo].[QuestionTheme_QTH] WHERE Id_Question = 1353 AND Id_Theme = @ThemeId)
BEGIN
    INSERT INTO [dbo].[QuestionTheme_QTH] ([Id_Question], [Id_Theme]) VALUES (1353, @ThemeId);
END

-- Question 187
SET IDENTITY_INSERT [dbo].[Question_QST] ON;
IF NOT EXISTS (SELECT 1 FROM [dbo].[Question_QST] WHERE Id = 1354)
BEGIN
    INSERT INTO [dbo].[Question_QST] ([Id], [Question], [Id_Difficulty])
    VALUES (1354, N'Quel film de Andrei Tarkovski explore la création artistique et l’histoire de la Russie médiévale ?', 4);
END
SET IDENTITY_INSERT [dbo].[Question_QST] OFF;

INSERT INTO [dbo].[Answer_ANS] ([Id_Question], [Value], [Valid]) VALUES
    (1354, N'Andrei Roublev', 1),
    (1354, N'Solaris', 0),
    (1354, N'Stalker', 0),
    (1354, N'Le Miroir', 0);

IF NOT EXISTS (SELECT 1 FROM [dbo].[QuestionTheme_QTH] WHERE Id_Question = 1354 AND Id_Theme = @ThemeId)
BEGIN
    INSERT INTO [dbo].[QuestionTheme_QTH] ([Id_Question], [Id_Theme]) VALUES (1354, @ThemeId);
END

-- Question 188
SET IDENTITY_INSERT [dbo].[Question_QST] ON;
IF NOT EXISTS (SELECT 1 FROM [dbo].[Question_QST] WHERE Id = 1355)
BEGIN
    INSERT INTO [dbo].[Question_QST] ([Id], [Question], [Id_Difficulty])
    VALUES (1355, N'Quel film de Federico Fellini mélange comédie et souvenirs d’enfance dans Rimini ?', 4);
END
SET IDENTITY_INSERT [dbo].[Question_QST] OFF;

INSERT INTO [dbo].[Answer_ANS] ([Id_Question], [Value], [Valid]) VALUES
    (1355, N'Amarcord', 1),
    (1355, N'La Dolce Vita', 0),
    (1355, N'8½', 0),
    (1355, N'I Vitelloni', 0);

IF NOT EXISTS (SELECT 1 FROM [dbo].[QuestionTheme_QTH] WHERE Id_Question = 1355 AND Id_Theme = @ThemeId)
BEGIN
    INSERT INTO [dbo].[QuestionTheme_QTH] ([Id_Question], [Id_Theme]) VALUES (1355, @ThemeId);
END

-- Question 189
SET IDENTITY_INSERT [dbo].[Question_QST] ON;
IF NOT EXISTS (SELECT 1 FROM [dbo].[Question_QST] WHERE Id = 1356)
BEGIN
    INSERT INTO [dbo].[Question_QST] ([Id], [Question], [Id_Difficulty])
    VALUES (1356, N'Quel film de Carl Theodor Dreyer se concentre sur le visage et les émotions d’une sainte ?', 4);
END
SET IDENTITY_INSERT [dbo].[Question_QST] OFF;

INSERT INTO [dbo].[Answer_ANS] ([Id_Question], [Value], [Valid]) VALUES
    (1356, N'La Passion de Jeanne d''Arc', 1),
    (1356, N'Day of Wrath', 0),
    (1356, N'Ordet', 0),
    (1356, N'Vampyr', 0);

IF NOT EXISTS (SELECT 1 FROM [dbo].[QuestionTheme_QTH] WHERE Id_Question = 1356 AND Id_Theme = @ThemeId)
BEGIN
    INSERT INTO [dbo].[QuestionTheme_QTH] ([Id_Question], [Id_Theme]) VALUES (1356, @ThemeId);
END

-- Question 190
SET IDENTITY_INSERT [dbo].[Question_QST] ON;
IF NOT EXISTS (SELECT 1 FROM [dbo].[Question_QST] WHERE Id = 1357)
BEGIN
    INSERT INTO [dbo].[Question_QST] ([Id], [Question], [Id_Difficulty])
    VALUES (1357, N'Quel film d’Akira Kurosawa a pour héros un samouraï solitaire influençant le western spaghetti ?', 4);
END
SET IDENTITY_INSERT [dbo].[Question_QST] OFF;

INSERT INTO [dbo].[Answer_ANS] ([Id_Question], [Value], [Valid]) VALUES
    (1357, N'Yojimbo', 1),
    (1357, N'Rashomon', 0),
    (1357, N'Les Sept Samouraïs', 0),
    (1357, N'Kagemusha', 0);

IF NOT EXISTS (SELECT 1 FROM [dbo].[QuestionTheme_QTH] WHERE Id_Question = 1357 AND Id_Theme = @ThemeId)
BEGIN
    INSERT INTO [dbo].[QuestionTheme_QTH] ([Id_Question], [Id_Theme]) VALUES (1357, @ThemeId);
END

-- ======================
-- Questions / Réponses - Thème : Art (189 questions)
-- ======================
SET @ThemeId = (SELECT Id FROM [dbo].[Theme_THM] WHERE Label = N'Art');

-- Question 1
SET IDENTITY_INSERT [dbo].[Question_QST] ON;
IF NOT EXISTS (SELECT 1 FROM [dbo].[Question_QST] WHERE Id = 1358)
BEGIN
    INSERT INTO [dbo].[Question_QST] ([Id], [Question], [Id_Difficulty])
    VALUES (1358, N'Qui a peint la ''Mona Lisa'' ?', 1);
END
SET IDENTITY_INSERT [dbo].[Question_QST] OFF;

INSERT INTO [dbo].[Answer_ANS] ([Id_Question], [Value], [Valid]) VALUES
    (1358, N'Leonardo da Vinci', 1),
    (1358, N'Michel-Ange', 0),
    (1358, N'Raphaël', 0),
    (1358, N'Vincent van Gogh', 0);

IF NOT EXISTS (SELECT 1 FROM [dbo].[QuestionTheme_QTH] WHERE Id_Question = 1358 AND Id_Theme = @ThemeId)
BEGIN
    INSERT INTO [dbo].[QuestionTheme_QTH] ([Id_Question], [Id_Theme]) VALUES (1358, @ThemeId);
END

-- Question 2
SET IDENTITY_INSERT [dbo].[Question_QST] ON;
IF NOT EXISTS (SELECT 1 FROM [dbo].[Question_QST] WHERE Id = 1359)
BEGIN
    INSERT INTO [dbo].[Question_QST] ([Id], [Question], [Id_Difficulty])
    VALUES (1359, N'Quel peintre est célèbre pour ses tournesols ?', 1);
END
SET IDENTITY_INSERT [dbo].[Question_QST] OFF;

INSERT INTO [dbo].[Answer_ANS] ([Id_Question], [Value], [Valid]) VALUES
    (1359, N'Vincent van Gogh', 1),
    (1359, N'Claude Monet', 0),
    (1359, N'Paul Cézanne', 0),
    (1359, N'Pablo Picasso', 0);

IF NOT EXISTS (SELECT 1 FROM [dbo].[QuestionTheme_QTH] WHERE Id_Question = 1359 AND Id_Theme = @ThemeId)
BEGIN
    INSERT INTO [dbo].[QuestionTheme_QTH] ([Id_Question], [Id_Theme]) VALUES (1359, @ThemeId);
END

-- Question 3
SET IDENTITY_INSERT [dbo].[Question_QST] ON;
IF NOT EXISTS (SELECT 1 FROM [dbo].[Question_QST] WHERE Id = 1360)
BEGIN
    INSERT INTO [dbo].[Question_QST] ([Id], [Question], [Id_Difficulty])
    VALUES (1360, N'Quel artiste a créé ''Guernica'' ?', 1);
END
SET IDENTITY_INSERT [dbo].[Question_QST] OFF;

INSERT INTO [dbo].[Answer_ANS] ([Id_Question], [Value], [Valid]) VALUES
    (1360, N'Pablo Picasso', 1),
    (1360, N'Salvador Dalí', 0),
    (1360, N'Henri Matisse', 0),
    (1360, N'Joan Miró', 0);

IF NOT EXISTS (SELECT 1 FROM [dbo].[QuestionTheme_QTH] WHERE Id_Question = 1360 AND Id_Theme = @ThemeId)
BEGIN
    INSERT INTO [dbo].[QuestionTheme_QTH] ([Id_Question], [Id_Theme]) VALUES (1360, @ThemeId);
END

-- Question 4
SET IDENTITY_INSERT [dbo].[Question_QST] ON;
IF NOT EXISTS (SELECT 1 FROM [dbo].[Question_QST] WHERE Id = 1361)
BEGIN
    INSERT INTO [dbo].[Question_QST] ([Id], [Question], [Id_Difficulty])
    VALUES (1361, N'Quel mouvement artistique est associé à Monet et Renoir ?', 1);
END
SET IDENTITY_INSERT [dbo].[Question_QST] OFF;

INSERT INTO [dbo].[Answer_ANS] ([Id_Question], [Value], [Valid]) VALUES
    (1361, N'Impressionnisme', 1),
    (1361, N'Cubisme', 0),
    (1361, N'Surréalisme', 0),
    (1361, N'Fauvisme', 0);

IF NOT EXISTS (SELECT 1 FROM [dbo].[QuestionTheme_QTH] WHERE Id_Question = 1361 AND Id_Theme = @ThemeId)
BEGIN
    INSERT INTO [dbo].[QuestionTheme_QTH] ([Id_Question], [Id_Theme]) VALUES (1361, @ThemeId);
END

-- Question 5
SET IDENTITY_INSERT [dbo].[Question_QST] ON;
IF NOT EXISTS (SELECT 1 FROM [dbo].[Question_QST] WHERE Id = 1362)
BEGIN
    INSERT INTO [dbo].[Question_QST] ([Id], [Question], [Id_Difficulty])
    VALUES (1362, N'Quel artiste est connu pour ses montres molles ?', 1);
END
SET IDENTITY_INSERT [dbo].[Question_QST] OFF;

INSERT INTO [dbo].[Answer_ANS] ([Id_Question], [Value], [Valid]) VALUES
    (1362, N'Salvador Dalí', 1),
    (1362, N'Pablo Picasso', 0),
    (1362, N'Joan Miró', 0),
    (1362, N'René Magritte', 0);

IF NOT EXISTS (SELECT 1 FROM [dbo].[QuestionTheme_QTH] WHERE Id_Question = 1362 AND Id_Theme = @ThemeId)
BEGIN
    INSERT INTO [dbo].[QuestionTheme_QTH] ([Id_Question], [Id_Theme]) VALUES (1362, @ThemeId);
END

-- Question 6
SET IDENTITY_INSERT [dbo].[Question_QST] ON;
IF NOT EXISTS (SELECT 1 FROM [dbo].[Question_QST] WHERE Id = 1363)
BEGIN
    INSERT INTO [dbo].[Question_QST] ([Id], [Question], [Id_Difficulty])
    VALUES (1363, N'Qui a sculpté ''Le Penseur'' ?', 1);
END
SET IDENTITY_INSERT [dbo].[Question_QST] OFF;

INSERT INTO [dbo].[Answer_ANS] ([Id_Question], [Value], [Valid]) VALUES
    (1363, N'Auguste Rodin', 1),
    (1363, N'Michel-Ange', 0),
    (1363, N'Donatello', 0),
    (1363, N'Henry Moore', 0);

IF NOT EXISTS (SELECT 1 FROM [dbo].[QuestionTheme_QTH] WHERE Id_Question = 1363 AND Id_Theme = @ThemeId)
BEGIN
    INSERT INTO [dbo].[QuestionTheme_QTH] ([Id_Question], [Id_Theme]) VALUES (1363, @ThemeId);
END

-- Question 7
SET IDENTITY_INSERT [dbo].[Question_QST] ON;
IF NOT EXISTS (SELECT 1 FROM [dbo].[Question_QST] WHERE Id = 1364)
BEGIN
    INSERT INTO [dbo].[Question_QST] ([Id], [Question], [Id_Difficulty])
    VALUES (1364, N'Quel peintre hollandais a créé ''La Nuit étoilée'' ?', 1);
END
SET IDENTITY_INSERT [dbo].[Question_QST] OFF;

INSERT INTO [dbo].[Answer_ANS] ([Id_Question], [Value], [Valid]) VALUES
    (1364, N'Vincent van Gogh', 1),
    (1364, N'Rembrandt', 0),
    (1364, N'Vermeer', 0),
    (1364, N'Hals', 0);

IF NOT EXISTS (SELECT 1 FROM [dbo].[QuestionTheme_QTH] WHERE Id_Question = 1364 AND Id_Theme = @ThemeId)
BEGIN
    INSERT INTO [dbo].[QuestionTheme_QTH] ([Id_Question], [Id_Theme]) VALUES (1364, @ThemeId);
END

-- Question 8
SET IDENTITY_INSERT [dbo].[Question_QST] ON;
IF NOT EXISTS (SELECT 1 FROM [dbo].[Question_QST] WHERE Id = 1365)
BEGIN
    INSERT INTO [dbo].[Question_QST] ([Id], [Question], [Id_Difficulty])
    VALUES (1365, N'Quel mouvement artistique est connu pour ses formes géométriques et couleurs vives ?', 1);
END
SET IDENTITY_INSERT [dbo].[Question_QST] OFF;

INSERT INTO [dbo].[Answer_ANS] ([Id_Question], [Value], [Valid]) VALUES
    (1365, N'Cubisme', 1),
    (1365, N'Impressionnisme', 0),
    (1365, N'Surréalisme', 0),
    (1365, N'Baroque', 0);

IF NOT EXISTS (SELECT 1 FROM [dbo].[QuestionTheme_QTH] WHERE Id_Question = 1365 AND Id_Theme = @ThemeId)
BEGIN
    INSERT INTO [dbo].[QuestionTheme_QTH] ([Id_Question], [Id_Theme]) VALUES (1365, @ThemeId);
END

-- Question 9
SET IDENTITY_INSERT [dbo].[Question_QST] ON;
IF NOT EXISTS (SELECT 1 FROM [dbo].[Question_QST] WHERE Id = 1366)
BEGIN
    INSERT INTO [dbo].[Question_QST] ([Id], [Question], [Id_Difficulty])
    VALUES (1366, N'Quel artiste a peint ''La Nuit'' et ''La Ronde de nuit'' ?', 1);
END
SET IDENTITY_INSERT [dbo].[Question_QST] OFF;

INSERT INTO [dbo].[Answer_ANS] ([Id_Question], [Value], [Valid]) VALUES
    (1366, N'Rembrandt', 1),
    (1366, N'Vermeer', 0),
    (1366, N'Van Gogh', 0),
    (1366, N'Goya', 0);

IF NOT EXISTS (SELECT 1 FROM [dbo].[QuestionTheme_QTH] WHERE Id_Question = 1366 AND Id_Theme = @ThemeId)
BEGIN
    INSERT INTO [dbo].[QuestionTheme_QTH] ([Id_Question], [Id_Theme]) VALUES (1366, @ThemeId);
END

-- Question 10
SET IDENTITY_INSERT [dbo].[Question_QST] ON;
IF NOT EXISTS (SELECT 1 FROM [dbo].[Question_QST] WHERE Id = 1367)
BEGIN
    INSERT INTO [dbo].[Question_QST] ([Id], [Question], [Id_Difficulty])
    VALUES (1367, N'Quel sculpteur italien a réalisé le ''David'' en marbre ?', 1);
END
SET IDENTITY_INSERT [dbo].[Question_QST] OFF;

INSERT INTO [dbo].[Answer_ANS] ([Id_Question], [Value], [Valid]) VALUES
    (1367, N'Michel-Ange', 1),
    (1367, N'Donatello', 0),
    (1367, N'Bernin', 0),
    (1367, N'Canova', 0);

IF NOT EXISTS (SELECT 1 FROM [dbo].[QuestionTheme_QTH] WHERE Id_Question = 1367 AND Id_Theme = @ThemeId)
BEGIN
    INSERT INTO [dbo].[QuestionTheme_QTH] ([Id_Question], [Id_Theme]) VALUES (1367, @ThemeId);
END

-- Question 11
SET IDENTITY_INSERT [dbo].[Question_QST] ON;
IF NOT EXISTS (SELECT 1 FROM [dbo].[Question_QST] WHERE Id = 1368)
BEGIN
    INSERT INTO [dbo].[Question_QST] ([Id], [Question], [Id_Difficulty])
    VALUES (1368, N'Quel peintre espagnol est célèbre pour ses portraits royaux ?', 1);
END
SET IDENTITY_INSERT [dbo].[Question_QST] OFF;

INSERT INTO [dbo].[Answer_ANS] ([Id_Question], [Value], [Valid]) VALUES
    (1368, N'Diego Velázquez', 1),
    (1368, N'Francisco Goya', 0),
    (1368, N'El Greco', 0),
    (1368, N'Juan Gris', 0);

IF NOT EXISTS (SELECT 1 FROM [dbo].[QuestionTheme_QTH] WHERE Id_Question = 1368 AND Id_Theme = @ThemeId)
BEGIN
    INSERT INTO [dbo].[QuestionTheme_QTH] ([Id_Question], [Id_Theme]) VALUES (1368, @ThemeId);
END

-- Question 12
SET IDENTITY_INSERT [dbo].[Question_QST] ON;
IF NOT EXISTS (SELECT 1 FROM [dbo].[Question_QST] WHERE Id = 1369)
BEGIN
    INSERT INTO [dbo].[Question_QST] ([Id], [Question], [Id_Difficulty])
    VALUES (1369, N'Quel mouvement artistique utilise des formes irrationnelles et rêves ?', 1);
END
SET IDENTITY_INSERT [dbo].[Question_QST] OFF;

INSERT INTO [dbo].[Answer_ANS] ([Id_Question], [Value], [Valid]) VALUES
    (1369, N'Surréalisme', 1),
    (1369, N'Cubisme', 0),
    (1369, N'Fauvisme', 0),
    (1369, N'Renaissance', 0);

IF NOT EXISTS (SELECT 1 FROM [dbo].[QuestionTheme_QTH] WHERE Id_Question = 1369 AND Id_Theme = @ThemeId)
BEGIN
    INSERT INTO [dbo].[QuestionTheme_QTH] ([Id_Question], [Id_Theme]) VALUES (1369, @ThemeId);
END

-- Question 13
SET IDENTITY_INSERT [dbo].[Question_QST] ON;
IF NOT EXISTS (SELECT 1 FROM [dbo].[Question_QST] WHERE Id = 1370)
BEGIN
    INSERT INTO [dbo].[Question_QST] ([Id], [Question], [Id_Difficulty])
    VALUES (1370, N'Quel peintre a créé ''Le Déjeuner sur l’herbe'' ?', 1);
END
SET IDENTITY_INSERT [dbo].[Question_QST] OFF;

INSERT INTO [dbo].[Answer_ANS] ([Id_Question], [Value], [Valid]) VALUES
    (1370, N'Édouard Manet', 1),
    (1370, N'Claude Monet', 0),
    (1370, N'Pierre-Auguste Renoir', 0),
    (1370, N'Gustave Courbet', 0);

IF NOT EXISTS (SELECT 1 FROM [dbo].[QuestionTheme_QTH] WHERE Id_Question = 1370 AND Id_Theme = @ThemeId)
BEGIN
    INSERT INTO [dbo].[QuestionTheme_QTH] ([Id_Question], [Id_Theme]) VALUES (1370, @ThemeId);
END

-- Question 14
SET IDENTITY_INSERT [dbo].[Question_QST] ON;
IF NOT EXISTS (SELECT 1 FROM [dbo].[Question_QST] WHERE Id = 1371)
BEGIN
    INSERT INTO [dbo].[Question_QST] ([Id], [Question], [Id_Difficulty])
    VALUES (1371, N'Quel peintre est célèbre pour ''Les Nymphéas'' ?', 1);
END
SET IDENTITY_INSERT [dbo].[Question_QST] OFF;

INSERT INTO [dbo].[Answer_ANS] ([Id_Question], [Value], [Valid]) VALUES
    (1371, N'Claude Monet', 1),
    (1371, N'Edgar Degas', 0),
    (1371, N'Pierre-Auguste Renoir', 0),
    (1371, N'Paul Cézanne', 0);

IF NOT EXISTS (SELECT 1 FROM [dbo].[QuestionTheme_QTH] WHERE Id_Question = 1371 AND Id_Theme = @ThemeId)
BEGIN
    INSERT INTO [dbo].[QuestionTheme_QTH] ([Id_Question], [Id_Theme]) VALUES (1371, @ThemeId);
END

-- Question 15
SET IDENTITY_INSERT [dbo].[Question_QST] ON;
IF NOT EXISTS (SELECT 1 FROM [dbo].[Question_QST] WHERE Id = 1372)
BEGIN
    INSERT INTO [dbo].[Question_QST] ([Id], [Question], [Id_Difficulty])
    VALUES (1372, N'Qui a sculpté ''Le Baiser'' ?', 1);
END
SET IDENTITY_INSERT [dbo].[Question_QST] OFF;

INSERT INTO [dbo].[Answer_ANS] ([Id_Question], [Value], [Valid]) VALUES
    (1372, N'Auguste Rodin', 1),
    (1372, N'Donatello', 0),
    (1372, N'Michel-Ange', 0),
    (1372, N'Henry Moore', 0);

IF NOT EXISTS (SELECT 1 FROM [dbo].[QuestionTheme_QTH] WHERE Id_Question = 1372 AND Id_Theme = @ThemeId)
BEGIN
    INSERT INTO [dbo].[QuestionTheme_QTH] ([Id_Question], [Id_Theme]) VALUES (1372, @ThemeId);
END

-- Question 16
SET IDENTITY_INSERT [dbo].[Question_QST] ON;
IF NOT EXISTS (SELECT 1 FROM [dbo].[Question_QST] WHERE Id = 1373)
BEGIN
    INSERT INTO [dbo].[Question_QST] ([Id], [Question], [Id_Difficulty])
    VALUES (1373, N'Quel artiste est associé au pop art ?', 1);
END
SET IDENTITY_INSERT [dbo].[Question_QST] OFF;

INSERT INTO [dbo].[Answer_ANS] ([Id_Question], [Value], [Valid]) VALUES
    (1373, N'Andy Warhol', 1),
    (1373, N'Roy Lichtenstein', 0),
    (1373, N'Jean-Michel Basquiat', 0),
    (1373, N'Keith Haring', 0);

IF NOT EXISTS (SELECT 1 FROM [dbo].[QuestionTheme_QTH] WHERE Id_Question = 1373 AND Id_Theme = @ThemeId)
BEGIN
    INSERT INTO [dbo].[QuestionTheme_QTH] ([Id_Question], [Id_Theme]) VALUES (1373, @ThemeId);
END

-- Question 17
SET IDENTITY_INSERT [dbo].[Question_QST] ON;
IF NOT EXISTS (SELECT 1 FROM [dbo].[Question_QST] WHERE Id = 1374)
BEGIN
    INSERT INTO [dbo].[Question_QST] ([Id], [Question], [Id_Difficulty])
    VALUES (1374, N'Quel peintre est célèbre pour ses autoportraits et son oreille coupée ?', 1);
END
SET IDENTITY_INSERT [dbo].[Question_QST] OFF;

INSERT INTO [dbo].[Answer_ANS] ([Id_Question], [Value], [Valid]) VALUES
    (1374, N'Vincent van Gogh', 1),
    (1374, N'Rembrandt', 0),
    (1374, N'Paul Cézanne', 0),
    (1374, N'Édouard Manet', 0);

IF NOT EXISTS (SELECT 1 FROM [dbo].[QuestionTheme_QTH] WHERE Id_Question = 1374 AND Id_Theme = @ThemeId)
BEGIN
    INSERT INTO [dbo].[QuestionTheme_QTH] ([Id_Question], [Id_Theme]) VALUES (1374, @ThemeId);
END

-- Question 18
SET IDENTITY_INSERT [dbo].[Question_QST] ON;
IF NOT EXISTS (SELECT 1 FROM [dbo].[Question_QST] WHERE Id = 1375)
BEGIN
    INSERT INTO [dbo].[Question_QST] ([Id], [Question], [Id_Difficulty])
    VALUES (1375, N'Quel mouvement artistique a influencé Picasso et Braque ?', 1);
END
SET IDENTITY_INSERT [dbo].[Question_QST] OFF;

INSERT INTO [dbo].[Answer_ANS] ([Id_Question], [Value], [Valid]) VALUES
    (1375, N'Cubisme', 1),
    (1375, N'Impressionnisme', 0),
    (1375, N'Surréalisme', 0),
    (1375, N'Fauvisme', 0);

IF NOT EXISTS (SELECT 1 FROM [dbo].[QuestionTheme_QTH] WHERE Id_Question = 1375 AND Id_Theme = @ThemeId)
BEGIN
    INSERT INTO [dbo].[QuestionTheme_QTH] ([Id_Question], [Id_Theme]) VALUES (1375, @ThemeId);
END

-- Question 19
SET IDENTITY_INSERT [dbo].[Question_QST] ON;
IF NOT EXISTS (SELECT 1 FROM [dbo].[Question_QST] WHERE Id = 1376)
BEGIN
    INSERT INTO [dbo].[Question_QST] ([Id], [Question], [Id_Difficulty])
    VALUES (1376, N'Quel peintre est connu pour ses œuvres surréalistes avec des éléphants et horloges ?', 1);
END
SET IDENTITY_INSERT [dbo].[Question_QST] OFF;

INSERT INTO [dbo].[Answer_ANS] ([Id_Question], [Value], [Valid]) VALUES
    (1376, N'Salvador Dalí', 1),
    (1376, N'Joan Miró', 0),
    (1376, N'René Magritte', 0),
    (1376, N'Max Ernst', 0);

IF NOT EXISTS (SELECT 1 FROM [dbo].[QuestionTheme_QTH] WHERE Id_Question = 1376 AND Id_Theme = @ThemeId)
BEGIN
    INSERT INTO [dbo].[QuestionTheme_QTH] ([Id_Question], [Id_Theme]) VALUES (1376, @ThemeId);
END

-- Question 20
SET IDENTITY_INSERT [dbo].[Question_QST] ON;
IF NOT EXISTS (SELECT 1 FROM [dbo].[Question_QST] WHERE Id = 1377)
BEGIN
    INSERT INTO [dbo].[Question_QST] ([Id], [Question], [Id_Difficulty])
    VALUES (1377, N'Quel sculpteur italien a créé ''La Pietà'' ?', 1);
END
SET IDENTITY_INSERT [dbo].[Question_QST] OFF;

INSERT INTO [dbo].[Answer_ANS] ([Id_Question], [Value], [Valid]) VALUES
    (1377, N'Michel-Ange', 1),
    (1377, N'Donatello', 0),
    (1377, N'Bernin', 0),
    (1377, N'Canova', 0);

IF NOT EXISTS (SELECT 1 FROM [dbo].[QuestionTheme_QTH] WHERE Id_Question = 1377 AND Id_Theme = @ThemeId)
BEGIN
    INSERT INTO [dbo].[QuestionTheme_QTH] ([Id_Question], [Id_Theme]) VALUES (1377, @ThemeId);
END

-- Question 21
SET IDENTITY_INSERT [dbo].[Question_QST] ON;
IF NOT EXISTS (SELECT 1 FROM [dbo].[Question_QST] WHERE Id = 1378)
BEGIN
    INSERT INTO [dbo].[Question_QST] ([Id], [Question], [Id_Difficulty])
    VALUES (1378, N'Quel peintre a réalisé ''La Jeune Fille à la perle'' ?', 1);
END
SET IDENTITY_INSERT [dbo].[Question_QST] OFF;

INSERT INTO [dbo].[Answer_ANS] ([Id_Question], [Value], [Valid]) VALUES
    (1378, N'Johannes Vermeer', 1),
    (1378, N'Rembrandt', 0),
    (1378, N'Van Gogh', 0),
    (1378, N'Hals', 0);

IF NOT EXISTS (SELECT 1 FROM [dbo].[QuestionTheme_QTH] WHERE Id_Question = 1378 AND Id_Theme = @ThemeId)
BEGIN
    INSERT INTO [dbo].[QuestionTheme_QTH] ([Id_Question], [Id_Theme]) VALUES (1378, @ThemeId);
END

-- Question 22
SET IDENTITY_INSERT [dbo].[Question_QST] ON;
IF NOT EXISTS (SELECT 1 FROM [dbo].[Question_QST] WHERE Id = 1379)
BEGIN
    INSERT INTO [dbo].[Question_QST] ([Id], [Question], [Id_Difficulty])
    VALUES (1379, N'Quel mouvement artistique est né au XIXe siècle en France ?', 1);
END
SET IDENTITY_INSERT [dbo].[Question_QST] OFF;

INSERT INTO [dbo].[Answer_ANS] ([Id_Question], [Value], [Valid]) VALUES
    (1379, N'Impressionnisme', 1),
    (1379, N'Cubisme', 0),
    (1379, N'Surréalisme', 0),
    (1379, N'Fauvisme', 0);

IF NOT EXISTS (SELECT 1 FROM [dbo].[QuestionTheme_QTH] WHERE Id_Question = 1379 AND Id_Theme = @ThemeId)
BEGIN
    INSERT INTO [dbo].[QuestionTheme_QTH] ([Id_Question], [Id_Theme]) VALUES (1379, @ThemeId);
END

-- Question 23
SET IDENTITY_INSERT [dbo].[Question_QST] ON;
IF NOT EXISTS (SELECT 1 FROM [dbo].[Question_QST] WHERE Id = 1380)
BEGIN
    INSERT INTO [dbo].[Question_QST] ([Id], [Question], [Id_Difficulty])
    VALUES (1380, N'Quel peintre espagnol a créé ''La Persistance de la mémoire'' ?', 1);
END
SET IDENTITY_INSERT [dbo].[Question_QST] OFF;

INSERT INTO [dbo].[Answer_ANS] ([Id_Question], [Value], [Valid]) VALUES
    (1380, N'Salvador Dalí', 1),
    (1380, N'Pablo Picasso', 0),
    (1380, N'Joan Miró', 0),
    (1380, N'Francisco Goya', 0);

IF NOT EXISTS (SELECT 1 FROM [dbo].[QuestionTheme_QTH] WHERE Id_Question = 1380 AND Id_Theme = @ThemeId)
BEGIN
    INSERT INTO [dbo].[QuestionTheme_QTH] ([Id_Question], [Id_Theme]) VALUES (1380, @ThemeId);
END

-- Question 24
SET IDENTITY_INSERT [dbo].[Question_QST] ON;
IF NOT EXISTS (SELECT 1 FROM [dbo].[Question_QST] WHERE Id = 1381)
BEGIN
    INSERT INTO [dbo].[Question_QST] ([Id], [Question], [Id_Difficulty])
    VALUES (1381, N'Qui a peint ''Le Cri'' ?', 1);
END
SET IDENTITY_INSERT [dbo].[Question_QST] OFF;

INSERT INTO [dbo].[Answer_ANS] ([Id_Question], [Value], [Valid]) VALUES
    (1381, N'Edvard Munch', 1),
    (1381, N'Vincent van Gogh', 0),
    (1381, N'Paul Cézanne', 0),
    (1381, N'Claude Monet', 0);

IF NOT EXISTS (SELECT 1 FROM [dbo].[QuestionTheme_QTH] WHERE Id_Question = 1381 AND Id_Theme = @ThemeId)
BEGIN
    INSERT INTO [dbo].[QuestionTheme_QTH] ([Id_Question], [Id_Theme]) VALUES (1381, @ThemeId);
END

-- Question 25
SET IDENTITY_INSERT [dbo].[Question_QST] ON;
IF NOT EXISTS (SELECT 1 FROM [dbo].[Question_QST] WHERE Id = 1382)
BEGIN
    INSERT INTO [dbo].[Question_QST] ([Id], [Question], [Id_Difficulty])
    VALUES (1382, N'Quel artiste a peint ''Les Demoiselles d’Avignon'' ?', 1);
END
SET IDENTITY_INSERT [dbo].[Question_QST] OFF;

INSERT INTO [dbo].[Answer_ANS] ([Id_Question], [Value], [Valid]) VALUES
    (1382, N'Pablo Picasso', 1),
    (1382, N'Henri Matisse', 0),
    (1382, N'Georges Braque', 0),
    (1382, N'Juan Gris', 0);

IF NOT EXISTS (SELECT 1 FROM [dbo].[QuestionTheme_QTH] WHERE Id_Question = 1382 AND Id_Theme = @ThemeId)
BEGIN
    INSERT INTO [dbo].[QuestionTheme_QTH] ([Id_Question], [Id_Theme]) VALUES (1382, @ThemeId);
END

-- Question 26
SET IDENTITY_INSERT [dbo].[Question_QST] ON;
IF NOT EXISTS (SELECT 1 FROM [dbo].[Question_QST] WHERE Id = 1383)
BEGIN
    INSERT INTO [dbo].[Question_QST] ([Id], [Question], [Id_Difficulty])
    VALUES (1383, N'Quel peintre impressionniste a peint ''Bal du moulin de la Galette'' ?', 1);
END
SET IDENTITY_INSERT [dbo].[Question_QST] OFF;

INSERT INTO [dbo].[Answer_ANS] ([Id_Question], [Value], [Valid]) VALUES
    (1383, N'Pierre-Auguste Renoir', 1),
    (1383, N'Claude Monet', 0),
    (1383, N'Edgar Degas', 0),
    (1383, N'Camille Pissarro', 0);

IF NOT EXISTS (SELECT 1 FROM [dbo].[QuestionTheme_QTH] WHERE Id_Question = 1383 AND Id_Theme = @ThemeId)
BEGIN
    INSERT INTO [dbo].[QuestionTheme_QTH] ([Id_Question], [Id_Theme]) VALUES (1383, @ThemeId);
END

-- Question 27
SET IDENTITY_INSERT [dbo].[Question_QST] ON;
IF NOT EXISTS (SELECT 1 FROM [dbo].[Question_QST] WHERE Id = 1384)
BEGIN
    INSERT INTO [dbo].[Question_QST] ([Id], [Question], [Id_Difficulty])
    VALUES (1384, N'Quel sculpteur français a créé ''Les Bourgeois de Calais'' ?', 1);
END
SET IDENTITY_INSERT [dbo].[Question_QST] OFF;

INSERT INTO [dbo].[Answer_ANS] ([Id_Question], [Value], [Valid]) VALUES
    (1384, N'Auguste Rodin', 1),
    (1384, N'Jean-Baptiste Carpeaux', 0),
    (1384, N'Antoine Bourdelle', 0),
    (1384, N'François Pompon', 0);

IF NOT EXISTS (SELECT 1 FROM [dbo].[QuestionTheme_QTH] WHERE Id_Question = 1384 AND Id_Theme = @ThemeId)
BEGIN
    INSERT INTO [dbo].[QuestionTheme_QTH] ([Id_Question], [Id_Theme]) VALUES (1384, @ThemeId);
END

-- Question 28
SET IDENTITY_INSERT [dbo].[Question_QST] ON;
IF NOT EXISTS (SELECT 1 FROM [dbo].[Question_QST] WHERE Id = 1385)
BEGIN
    INSERT INTO [dbo].[Question_QST] ([Id], [Question], [Id_Difficulty])
    VALUES (1385, N'Quel mouvement artistique est associé à Kandinsky ?', 1);
END
SET IDENTITY_INSERT [dbo].[Question_QST] OFF;

INSERT INTO [dbo].[Answer_ANS] ([Id_Question], [Value], [Valid]) VALUES
    (1385, N'Abstraction', 1),
    (1385, N'Impressionnisme', 0),
    (1385, N'Cubisme', 0),
    (1385, N'Surréalisme', 0);

IF NOT EXISTS (SELECT 1 FROM [dbo].[QuestionTheme_QTH] WHERE Id_Question = 1385 AND Id_Theme = @ThemeId)
BEGIN
    INSERT INTO [dbo].[QuestionTheme_QTH] ([Id_Question], [Id_Theme]) VALUES (1385, @ThemeId);
END

-- Question 29
SET IDENTITY_INSERT [dbo].[Question_QST] ON;
IF NOT EXISTS (SELECT 1 FROM [dbo].[Question_QST] WHERE Id = 1386)
BEGIN
    INSERT INTO [dbo].[Question_QST] ([Id], [Question], [Id_Difficulty])
    VALUES (1386, N'Quel peintre est célèbre pour ses danseuses et scènes de ballet ?', 1);
END
SET IDENTITY_INSERT [dbo].[Question_QST] OFF;

INSERT INTO [dbo].[Answer_ANS] ([Id_Question], [Value], [Valid]) VALUES
    (1386, N'Edgar Degas', 1),
    (1386, N'Claude Monet', 0),
    (1386, N'Pierre-Auguste Renoir', 0),
    (1386, N'Gustave Courbet', 0);

IF NOT EXISTS (SELECT 1 FROM [dbo].[QuestionTheme_QTH] WHERE Id_Question = 1386 AND Id_Theme = @ThemeId)
BEGIN
    INSERT INTO [dbo].[QuestionTheme_QTH] ([Id_Question], [Id_Theme]) VALUES (1386, @ThemeId);
END

-- Question 30
SET IDENTITY_INSERT [dbo].[Question_QST] ON;
IF NOT EXISTS (SELECT 1 FROM [dbo].[Question_QST] WHERE Id = 1387)
BEGIN
    INSERT INTO [dbo].[Question_QST] ([Id], [Question], [Id_Difficulty])
    VALUES (1387, N'Qui a peint ''Le Jardin des délices'' ?', 1);
END
SET IDENTITY_INSERT [dbo].[Question_QST] OFF;

INSERT INTO [dbo].[Answer_ANS] ([Id_Question], [Value], [Valid]) VALUES
    (1387, N'Hieronymus Bosch', 1),
    (1387, N'Pieter Bruegel', 0),
    (1387, N'Albrecht Dürer', 0),
    (1387, N'Jan van Eyck', 0);

IF NOT EXISTS (SELECT 1 FROM [dbo].[QuestionTheme_QTH] WHERE Id_Question = 1387 AND Id_Theme = @ThemeId)
BEGIN
    INSERT INTO [dbo].[QuestionTheme_QTH] ([Id_Question], [Id_Theme]) VALUES (1387, @ThemeId);
END

-- Question 31
SET IDENTITY_INSERT [dbo].[Question_QST] ON;
IF NOT EXISTS (SELECT 1 FROM [dbo].[Question_QST] WHERE Id = 1388)
BEGIN
    INSERT INTO [dbo].[Question_QST] ([Id], [Question], [Id_Difficulty])
    VALUES (1388, N'Quel artiste est connu pour ses collages et graffiti ?', 1);
END
SET IDENTITY_INSERT [dbo].[Question_QST] OFF;

INSERT INTO [dbo].[Answer_ANS] ([Id_Question], [Value], [Valid]) VALUES
    (1388, N'Jean-Michel Basquiat', 1),
    (1388, N'Andy Warhol', 0),
    (1388, N'Keith Haring', 0),
    (1388, N'Roy Lichtenstein', 0);

IF NOT EXISTS (SELECT 1 FROM [dbo].[QuestionTheme_QTH] WHERE Id_Question = 1388 AND Id_Theme = @ThemeId)
BEGIN
    INSERT INTO [dbo].[QuestionTheme_QTH] ([Id_Question], [Id_Theme]) VALUES (1388, @ThemeId);
END

-- Question 32
SET IDENTITY_INSERT [dbo].[Question_QST] ON;
IF NOT EXISTS (SELECT 1 FROM [dbo].[Question_QST] WHERE Id = 1389)
BEGIN
    INSERT INTO [dbo].[Question_QST] ([Id], [Question], [Id_Difficulty])
    VALUES (1389, N'Quel mouvement artistique a été créé par Marcel Duchamp avec les objets trouvés ?', 1);
END
SET IDENTITY_INSERT [dbo].[Question_QST] OFF;

INSERT INTO [dbo].[Answer_ANS] ([Id_Question], [Value], [Valid]) VALUES
    (1389, N'Dadaïsme', 1),
    (1389, N'Surréalisme', 0),
    (1389, N'Cubisme', 0),
    (1389, N'Fauvisme', 0);

IF NOT EXISTS (SELECT 1 FROM [dbo].[QuestionTheme_QTH] WHERE Id_Question = 1389 AND Id_Theme = @ThemeId)
BEGIN
    INSERT INTO [dbo].[QuestionTheme_QTH] ([Id_Question], [Id_Theme]) VALUES (1389, @ThemeId);
END

-- Question 33
SET IDENTITY_INSERT [dbo].[Question_QST] ON;
IF NOT EXISTS (SELECT 1 FROM [dbo].[Question_QST] WHERE Id = 1390)
BEGIN
    INSERT INTO [dbo].[Question_QST] ([Id], [Question], [Id_Difficulty])
    VALUES (1390, N'Quel peintre italien a réalisé ''La Naissance de Vénus'' ?', 1);
END
SET IDENTITY_INSERT [dbo].[Question_QST] OFF;

INSERT INTO [dbo].[Answer_ANS] ([Id_Question], [Value], [Valid]) VALUES
    (1390, N'Sandro Botticelli', 1),
    (1390, N'Leonardo da Vinci', 0),
    (1390, N'Michel-Ange', 0),
    (1390, N'Raphaël', 0);

IF NOT EXISTS (SELECT 1 FROM [dbo].[QuestionTheme_QTH] WHERE Id_Question = 1390 AND Id_Theme = @ThemeId)
BEGIN
    INSERT INTO [dbo].[QuestionTheme_QTH] ([Id_Question], [Id_Theme]) VALUES (1390, @ThemeId);
END

-- Question 34
SET IDENTITY_INSERT [dbo].[Question_QST] ON;
IF NOT EXISTS (SELECT 1 FROM [dbo].[Question_QST] WHERE Id = 1391)
BEGIN
    INSERT INTO [dbo].[Question_QST] ([Id], [Question], [Id_Difficulty])
    VALUES (1391, N'Quel peintre a réalisé ''Le Radeau de la Méduse'' ?', 1);
END
SET IDENTITY_INSERT [dbo].[Question_QST] OFF;

INSERT INTO [dbo].[Answer_ANS] ([Id_Question], [Value], [Valid]) VALUES
    (1391, N'Théodore Géricault', 1),
    (1391, N'Eugène Delacroix', 0),
    (1391, N'Jean-Auguste-Dominique Ingres', 0),
    (1391, N'Jacques-Louis David', 0);

IF NOT EXISTS (SELECT 1 FROM [dbo].[QuestionTheme_QTH] WHERE Id_Question = 1391 AND Id_Theme = @ThemeId)
BEGIN
    INSERT INTO [dbo].[QuestionTheme_QTH] ([Id_Question], [Id_Theme]) VALUES (1391, @ThemeId);
END

-- Question 35
SET IDENTITY_INSERT [dbo].[Question_QST] ON;
IF NOT EXISTS (SELECT 1 FROM [dbo].[Question_QST] WHERE Id = 1392)
BEGIN
    INSERT INTO [dbo].[Question_QST] ([Id], [Question], [Id_Difficulty])
    VALUES (1392, N'Qui a peint ''Les Glaneuses'' ?', 1);
END
SET IDENTITY_INSERT [dbo].[Question_QST] OFF;

INSERT INTO [dbo].[Answer_ANS] ([Id_Question], [Value], [Valid]) VALUES
    (1392, N'Jean-François Millet', 1),
    (1392, N'Gustave Courbet', 0),
    (1392, N'Camille Pissarro', 0),
    (1392, N'Edgar Degas', 0);

IF NOT EXISTS (SELECT 1 FROM [dbo].[QuestionTheme_QTH] WHERE Id_Question = 1392 AND Id_Theme = @ThemeId)
BEGIN
    INSERT INTO [dbo].[QuestionTheme_QTH] ([Id_Question], [Id_Theme]) VALUES (1392, @ThemeId);
END

-- Question 36
SET IDENTITY_INSERT [dbo].[Question_QST] ON;
IF NOT EXISTS (SELECT 1 FROM [dbo].[Question_QST] WHERE Id = 1393)
BEGIN
    INSERT INTO [dbo].[Question_QST] ([Id], [Question], [Id_Difficulty])
    VALUES (1393, N'Quel mouvement artistique est caractérisé par des couleurs vives et des formes simplifiées ?', 1);
END
SET IDENTITY_INSERT [dbo].[Question_QST] OFF;

INSERT INTO [dbo].[Answer_ANS] ([Id_Question], [Value], [Valid]) VALUES
    (1393, N'Fauvisme', 1),
    (1393, N'Impressionnisme', 0),
    (1393, N'Cubisme', 0),
    (1393, N'Surréalisme', 0);

IF NOT EXISTS (SELECT 1 FROM [dbo].[QuestionTheme_QTH] WHERE Id_Question = 1393 AND Id_Theme = @ThemeId)
BEGIN
    INSERT INTO [dbo].[QuestionTheme_QTH] ([Id_Question], [Id_Theme]) VALUES (1393, @ThemeId);
END

-- Question 37
SET IDENTITY_INSERT [dbo].[Question_QST] ON;
IF NOT EXISTS (SELECT 1 FROM [dbo].[Question_QST] WHERE Id = 1394)
BEGIN
    INSERT INTO [dbo].[Question_QST] ([Id], [Question], [Id_Difficulty])
    VALUES (1394, N'Quel peintre est célèbre pour ses peintures murales mexicaines ?', 1);
END
SET IDENTITY_INSERT [dbo].[Question_QST] OFF;

INSERT INTO [dbo].[Answer_ANS] ([Id_Question], [Value], [Valid]) VALUES
    (1394, N'Diego Rivera', 1),
    (1394, N'Frida Kahlo', 0),
    (1394, N'José Clemente Orozco', 0),
    (1394, N'David Alfaro Siqueiros', 0);

IF NOT EXISTS (SELECT 1 FROM [dbo].[QuestionTheme_QTH] WHERE Id_Question = 1394 AND Id_Theme = @ThemeId)
BEGIN
    INSERT INTO [dbo].[QuestionTheme_QTH] ([Id_Question], [Id_Theme]) VALUES (1394, @ThemeId);
END

-- Question 38
SET IDENTITY_INSERT [dbo].[Question_QST] ON;
IF NOT EXISTS (SELECT 1 FROM [dbo].[Question_QST] WHERE Id = 1395)
BEGIN
    INSERT INTO [dbo].[Question_QST] ([Id], [Question], [Id_Difficulty])
    VALUES (1395, N'Quel sculpteur italien a réalisé la ''Fontaine de Trevi'' ?', 1);
END
SET IDENTITY_INSERT [dbo].[Question_QST] OFF;

INSERT INTO [dbo].[Answer_ANS] ([Id_Question], [Value], [Valid]) VALUES
    (1395, N'Nicola Salvi', 1),
    (1395, N'Bernin', 0),
    (1395, N'Donatello', 0),
    (1395, N'Michel-Ange', 0);

IF NOT EXISTS (SELECT 1 FROM [dbo].[QuestionTheme_QTH] WHERE Id_Question = 1395 AND Id_Theme = @ThemeId)
BEGIN
    INSERT INTO [dbo].[QuestionTheme_QTH] ([Id_Question], [Id_Theme]) VALUES (1395, @ThemeId);
END

-- Question 39
SET IDENTITY_INSERT [dbo].[Question_QST] ON;
IF NOT EXISTS (SELECT 1 FROM [dbo].[Question_QST] WHERE Id = 1396)
BEGIN
    INSERT INTO [dbo].[Question_QST] ([Id], [Question], [Id_Difficulty])
    VALUES (1396, N'Quel artiste est célèbre pour ses sculptures de ballons géants ?', 1);
END
SET IDENTITY_INSERT [dbo].[Question_QST] OFF;

INSERT INTO [dbo].[Answer_ANS] ([Id_Question], [Value], [Valid]) VALUES
    (1396, N'Jeff Koons', 1),
    (1396, N'Damien Hirst', 0),
    (1396, N'Yayoi Kusama', 0),
    (1396, N'Takashi Murakami', 0);

IF NOT EXISTS (SELECT 1 FROM [dbo].[QuestionTheme_QTH] WHERE Id_Question = 1396 AND Id_Theme = @ThemeId)
BEGIN
    INSERT INTO [dbo].[QuestionTheme_QTH] ([Id_Question], [Id_Theme]) VALUES (1396, @ThemeId);
END

-- Question 40
SET IDENTITY_INSERT [dbo].[Question_QST] ON;
IF NOT EXISTS (SELECT 1 FROM [dbo].[Question_QST] WHERE Id = 1397)
BEGIN
    INSERT INTO [dbo].[Question_QST] ([Id], [Question], [Id_Difficulty])
    VALUES (1397, N'Quel peintre a réalisé ''La Liberté guidant le peuple'' ?', 1);
END
SET IDENTITY_INSERT [dbo].[Question_QST] OFF;

INSERT INTO [dbo].[Answer_ANS] ([Id_Question], [Value], [Valid]) VALUES
    (1397, N'Eugène Delacroix', 1),
    (1397, N'Jean-François Millet', 0),
    (1397, N'Jacques-Louis David', 0),
    (1397, N'Gustave Courbet', 0);

IF NOT EXISTS (SELECT 1 FROM [dbo].[QuestionTheme_QTH] WHERE Id_Question = 1397 AND Id_Theme = @ThemeId)
BEGIN
    INSERT INTO [dbo].[QuestionTheme_QTH] ([Id_Question], [Id_Theme]) VALUES (1397, @ThemeId);
END

-- Question 41
SET IDENTITY_INSERT [dbo].[Question_QST] ON;
IF NOT EXISTS (SELECT 1 FROM [dbo].[Question_QST] WHERE Id = 1398)
BEGIN
    INSERT INTO [dbo].[Question_QST] ([Id], [Question], [Id_Difficulty])
    VALUES (1398, N'Qui a peint ''Impression, soleil levant'' ?', 1);
END
SET IDENTITY_INSERT [dbo].[Question_QST] OFF;

INSERT INTO [dbo].[Answer_ANS] ([Id_Question], [Value], [Valid]) VALUES
    (1398, N'Claude Monet', 1),
    (1398, N'Pierre-Auguste Renoir', 0),
    (1398, N'Camille Pissarro', 0),
    (1398, N'Edgar Degas', 0);

IF NOT EXISTS (SELECT 1 FROM [dbo].[QuestionTheme_QTH] WHERE Id_Question = 1398 AND Id_Theme = @ThemeId)
BEGIN
    INSERT INTO [dbo].[QuestionTheme_QTH] ([Id_Question], [Id_Theme]) VALUES (1398, @ThemeId);
END

-- Question 42
SET IDENTITY_INSERT [dbo].[Question_QST] ON;
IF NOT EXISTS (SELECT 1 FROM [dbo].[Question_QST] WHERE Id = 1399)
BEGIN
    INSERT INTO [dbo].[Question_QST] ([Id], [Question], [Id_Difficulty])
    VALUES (1399, N'Quel peintre est célèbre pour ses autoportraits et surréalistes mexicains ?', 1);
END
SET IDENTITY_INSERT [dbo].[Question_QST] OFF;

INSERT INTO [dbo].[Answer_ANS] ([Id_Question], [Value], [Valid]) VALUES
    (1399, N'Frida Kahlo', 1),
    (1399, N'Diego Rivera', 0),
    (1399, N'José Clemente Orozco', 0),
    (1399, N'David Alfaro Siqueiros', 0);

IF NOT EXISTS (SELECT 1 FROM [dbo].[QuestionTheme_QTH] WHERE Id_Question = 1399 AND Id_Theme = @ThemeId)
BEGIN
    INSERT INTO [dbo].[QuestionTheme_QTH] ([Id_Question], [Id_Theme]) VALUES (1399, @ThemeId);
END

-- Question 43
SET IDENTITY_INSERT [dbo].[Question_QST] ON;
IF NOT EXISTS (SELECT 1 FROM [dbo].[Question_QST] WHERE Id = 1400)
BEGIN
    INSERT INTO [dbo].[Question_QST] ([Id], [Question], [Id_Difficulty])
    VALUES (1400, N'Quel mouvement artistique est connu pour son rejet de la logique et de la rationalité ?', 1);
END
SET IDENTITY_INSERT [dbo].[Question_QST] OFF;

INSERT INTO [dbo].[Answer_ANS] ([Id_Question], [Value], [Valid]) VALUES
    (1400, N'Surréalisme', 1),
    (1400, N'Cubisme', 0),
    (1400, N'Fauvisme', 0),
    (1400, N'Impressionnisme', 0);

IF NOT EXISTS (SELECT 1 FROM [dbo].[QuestionTheme_QTH] WHERE Id_Question = 1400 AND Id_Theme = @ThemeId)
BEGIN
    INSERT INTO [dbo].[QuestionTheme_QTH] ([Id_Question], [Id_Theme]) VALUES (1400, @ThemeId);
END

-- Question 44
SET IDENTITY_INSERT [dbo].[Question_QST] ON;
IF NOT EXISTS (SELECT 1 FROM [dbo].[Question_QST] WHERE Id = 1401)
BEGIN
    INSERT INTO [dbo].[Question_QST] ([Id], [Question], [Id_Difficulty])
    VALUES (1401, N'Quel peintre a peint ''Le Déjeuner sur l’herbe'' ?', 1);
END
SET IDENTITY_INSERT [dbo].[Question_QST] OFF;

INSERT INTO [dbo].[Answer_ANS] ([Id_Question], [Value], [Valid]) VALUES
    (1401, N'Édouard Manet', 1),
    (1401, N'Claude Monet', 0),
    (1401, N'Pierre-Auguste Renoir', 0),
    (1401, N'Gustave Courbet', 0);

IF NOT EXISTS (SELECT 1 FROM [dbo].[QuestionTheme_QTH] WHERE Id_Question = 1401 AND Id_Theme = @ThemeId)
BEGIN
    INSERT INTO [dbo].[QuestionTheme_QTH] ([Id_Question], [Id_Theme]) VALUES (1401, @ThemeId);
END

-- Question 45
SET IDENTITY_INSERT [dbo].[Question_QST] ON;
IF NOT EXISTS (SELECT 1 FROM [dbo].[Question_QST] WHERE Id = 1402)
BEGIN
    INSERT INTO [dbo].[Question_QST] ([Id], [Question], [Id_Difficulty])
    VALUES (1402, N'Quel sculpteur français a créé ''Le Penseur'' ?', 1);
END
SET IDENTITY_INSERT [dbo].[Question_QST] OFF;

INSERT INTO [dbo].[Answer_ANS] ([Id_Question], [Value], [Valid]) VALUES
    (1402, N'Auguste Rodin', 1),
    (1402, N'Michel-Ange', 0),
    (1402, N'Donatello', 0),
    (1402, N'Henry Moore', 0);

IF NOT EXISTS (SELECT 1 FROM [dbo].[QuestionTheme_QTH] WHERE Id_Question = 1402 AND Id_Theme = @ThemeId)
BEGIN
    INSERT INTO [dbo].[QuestionTheme_QTH] ([Id_Question], [Id_Theme]) VALUES (1402, @ThemeId);
END

-- Question 46
SET IDENTITY_INSERT [dbo].[Question_QST] ON;
IF NOT EXISTS (SELECT 1 FROM [dbo].[Question_QST] WHERE Id = 1403)
BEGIN
    INSERT INTO [dbo].[Question_QST] ([Id], [Question], [Id_Difficulty])
    VALUES (1403, N'Quel artiste espagnol est connu pour son surréalisme et ''La Persistance de la mémoire'' ?', 1);
END
SET IDENTITY_INSERT [dbo].[Question_QST] OFF;

INSERT INTO [dbo].[Answer_ANS] ([Id_Question], [Value], [Valid]) VALUES
    (1403, N'Salvador Dalí', 1),
    (1403, N'Pablo Picasso', 0),
    (1403, N'Joan Miró', 0),
    (1403, N'Juan Gris', 0);

IF NOT EXISTS (SELECT 1 FROM [dbo].[QuestionTheme_QTH] WHERE Id_Question = 1403 AND Id_Theme = @ThemeId)
BEGIN
    INSERT INTO [dbo].[QuestionTheme_QTH] ([Id_Question], [Id_Theme]) VALUES (1403, @ThemeId);
END

-- Question 47
SET IDENTITY_INSERT [dbo].[Question_QST] ON;
IF NOT EXISTS (SELECT 1 FROM [dbo].[Question_QST] WHERE Id = 1404)
BEGIN
    INSERT INTO [dbo].[Question_QST] ([Id], [Question], [Id_Difficulty])
    VALUES (1404, N'Quel mouvement artistique a été popularisé par Cézanne, Gauguin et Van Gogh ?', 1);
END
SET IDENTITY_INSERT [dbo].[Question_QST] OFF;

INSERT INTO [dbo].[Answer_ANS] ([Id_Question], [Value], [Valid]) VALUES
    (1404, N'Post-impressionnisme', 1),
    (1404, N'Impressionnisme', 0),
    (1404, N'Cubisme', 0),
    (1404, N'Surréalisme', 0);

IF NOT EXISTS (SELECT 1 FROM [dbo].[QuestionTheme_QTH] WHERE Id_Question = 1404 AND Id_Theme = @ThemeId)
BEGIN
    INSERT INTO [dbo].[QuestionTheme_QTH] ([Id_Question], [Id_Theme]) VALUES (1404, @ThemeId);
END

-- Question 48
SET IDENTITY_INSERT [dbo].[Question_QST] ON;
IF NOT EXISTS (SELECT 1 FROM [dbo].[Question_QST] WHERE Id = 1405)
BEGIN
    INSERT INTO [dbo].[Question_QST] ([Id], [Question], [Id_Difficulty])
    VALUES (1405, N'Quel peintre hollandais a réalisé ''La Laitière'' ?', 1);
END
SET IDENTITY_INSERT [dbo].[Question_QST] OFF;

INSERT INTO [dbo].[Answer_ANS] ([Id_Question], [Value], [Valid]) VALUES
    (1405, N'Johannes Vermeer', 1),
    (1405, N'Rembrandt', 0),
    (1405, N'Vincent van Gogh', 0),
    (1405, N'Hals', 0);

IF NOT EXISTS (SELECT 1 FROM [dbo].[QuestionTheme_QTH] WHERE Id_Question = 1405 AND Id_Theme = @ThemeId)
BEGIN
    INSERT INTO [dbo].[QuestionTheme_QTH] ([Id_Question], [Id_Theme]) VALUES (1405, @ThemeId);
END

-- Question 49
SET IDENTITY_INSERT [dbo].[Question_QST] ON;
IF NOT EXISTS (SELECT 1 FROM [dbo].[Question_QST] WHERE Id = 1406)
BEGIN
    INSERT INTO [dbo].[Question_QST] ([Id], [Question], [Id_Difficulty])
    VALUES (1406, N'Quel artiste est associé au pop art américain ?', 1);
END
SET IDENTITY_INSERT [dbo].[Question_QST] OFF;

INSERT INTO [dbo].[Answer_ANS] ([Id_Question], [Value], [Valid]) VALUES
    (1406, N'Andy Warhol', 1),
    (1406, N'Roy Lichtenstein', 0),
    (1406, N'Jean-Michel Basquiat', 0),
    (1406, N'Keith Haring', 0);

IF NOT EXISTS (SELECT 1 FROM [dbo].[QuestionTheme_QTH] WHERE Id_Question = 1406 AND Id_Theme = @ThemeId)
BEGIN
    INSERT INTO [dbo].[QuestionTheme_QTH] ([Id_Question], [Id_Theme]) VALUES (1406, @ThemeId);
END

-- Question 50
SET IDENTITY_INSERT [dbo].[Question_QST] ON;
IF NOT EXISTS (SELECT 1 FROM [dbo].[Question_QST] WHERE Id = 1407)
BEGIN
    INSERT INTO [dbo].[Question_QST] ([Id], [Question], [Id_Difficulty])
    VALUES (1407, N'Quel peintre espagnol est connu pour ses peintures noires et dramatiques ?', 2);
END
SET IDENTITY_INSERT [dbo].[Question_QST] OFF;

INSERT INTO [dbo].[Answer_ANS] ([Id_Question], [Value], [Valid]) VALUES
    (1407, N'Francisco Goya', 1),
    (1407, N'Diego Velázquez', 0),
    (1407, N'El Greco', 0),
    (1407, N'Joan Miró', 0);

IF NOT EXISTS (SELECT 1 FROM [dbo].[QuestionTheme_QTH] WHERE Id_Question = 1407 AND Id_Theme = @ThemeId)
BEGIN
    INSERT INTO [dbo].[QuestionTheme_QTH] ([Id_Question], [Id_Theme]) VALUES (1407, @ThemeId);
END

-- Question 51
SET IDENTITY_INSERT [dbo].[Question_QST] ON;
IF NOT EXISTS (SELECT 1 FROM [dbo].[Question_QST] WHERE Id = 1408)
BEGIN
    INSERT INTO [dbo].[Question_QST] ([Id], [Question], [Id_Difficulty])
    VALUES (1408, N'Quel mouvement artistique est associé à Mondrian et ses compositions géométriques ?', 2);
END
SET IDENTITY_INSERT [dbo].[Question_QST] OFF;

INSERT INTO [dbo].[Answer_ANS] ([Id_Question], [Value], [Valid]) VALUES
    (1408, N'De Stijl', 1),
    (1408, N'Cubisme', 0),
    (1408, N'Fauvisme', 0),
    (1408, N'Surréalisme', 0);

IF NOT EXISTS (SELECT 1 FROM [dbo].[QuestionTheme_QTH] WHERE Id_Question = 1408 AND Id_Theme = @ThemeId)
BEGIN
    INSERT INTO [dbo].[QuestionTheme_QTH] ([Id_Question], [Id_Theme]) VALUES (1408, @ThemeId);
END

-- Question 52
SET IDENTITY_INSERT [dbo].[Question_QST] ON;
IF NOT EXISTS (SELECT 1 FROM [dbo].[Question_QST] WHERE Id = 1409)
BEGIN
    INSERT INTO [dbo].[Question_QST] ([Id], [Question], [Id_Difficulty])
    VALUES (1409, N'Quel sculpteur baroque italien est célèbre pour ''L''Extase de Sainte Thérèse'' ?', 2);
END
SET IDENTITY_INSERT [dbo].[Question_QST] OFF;

INSERT INTO [dbo].[Answer_ANS] ([Id_Question], [Value], [Valid]) VALUES
    (1409, N'Gian Lorenzo Bernin', 1),
    (1409, N'Michel-Ange', 0),
    (1409, N'Donatello', 0),
    (1409, N'Canova', 0);

IF NOT EXISTS (SELECT 1 FROM [dbo].[QuestionTheme_QTH] WHERE Id_Question = 1409 AND Id_Theme = @ThemeId)
BEGIN
    INSERT INTO [dbo].[QuestionTheme_QTH] ([Id_Question], [Id_Theme]) VALUES (1409, @ThemeId);
END

-- Question 53
SET IDENTITY_INSERT [dbo].[Question_QST] ON;
IF NOT EXISTS (SELECT 1 FROM [dbo].[Question_QST] WHERE Id = 1410)
BEGIN
    INSERT INTO [dbo].[Question_QST] ([Id], [Question], [Id_Difficulty])
    VALUES (1410, N'Quel peintre impressionniste est connu pour ses séries sur la cathédrale de Rouen ?', 2);
END
SET IDENTITY_INSERT [dbo].[Question_QST] OFF;

INSERT INTO [dbo].[Answer_ANS] ([Id_Question], [Value], [Valid]) VALUES
    (1410, N'Claude Monet', 1),
    (1410, N'Edgar Degas', 0),
    (1410, N'Pierre-Auguste Renoir', 0),
    (1410, N'Camille Pissarro', 0);

IF NOT EXISTS (SELECT 1 FROM [dbo].[QuestionTheme_QTH] WHERE Id_Question = 1410 AND Id_Theme = @ThemeId)
BEGIN
    INSERT INTO [dbo].[QuestionTheme_QTH] ([Id_Question], [Id_Theme]) VALUES (1410, @ThemeId);
END

-- Question 54
SET IDENTITY_INSERT [dbo].[Question_QST] ON;
IF NOT EXISTS (SELECT 1 FROM [dbo].[Question_QST] WHERE Id = 1411)
BEGIN
    INSERT INTO [dbo].[Question_QST] ([Id], [Question], [Id_Difficulty])
    VALUES (1411, N'Quel artiste surréaliste a peint ''Le Fils de l''homme'' ?', 2);
END
SET IDENTITY_INSERT [dbo].[Question_QST] OFF;

INSERT INTO [dbo].[Answer_ANS] ([Id_Question], [Value], [Valid]) VALUES
    (1411, N'René Magritte', 1),
    (1411, N'Salvador Dalí', 0),
    (1411, N'Max Ernst', 0),
    (1411, N'Joan Miró', 0);

IF NOT EXISTS (SELECT 1 FROM [dbo].[QuestionTheme_QTH] WHERE Id_Question = 1411 AND Id_Theme = @ThemeId)
BEGIN
    INSERT INTO [dbo].[QuestionTheme_QTH] ([Id_Question], [Id_Theme]) VALUES (1411, @ThemeId);
END

-- Question 55
SET IDENTITY_INSERT [dbo].[Question_QST] ON;
IF NOT EXISTS (SELECT 1 FROM [dbo].[Question_QST] WHERE Id = 1412)
BEGIN
    INSERT INTO [dbo].[Question_QST] ([Id], [Question], [Id_Difficulty])
    VALUES (1412, N'Quel peintre français a créé ''Les Raboteurs de parquet'' ?', 2);
END
SET IDENTITY_INSERT [dbo].[Question_QST] OFF;

INSERT INTO [dbo].[Answer_ANS] ([Id_Question], [Value], [Valid]) VALUES
    (1412, N'Gustave Caillebotte', 1),
    (1412, N'Claude Monet', 0),
    (1412, N'Édouard Manet', 0),
    (1412, N'Camille Pissarro', 0);

IF NOT EXISTS (SELECT 1 FROM [dbo].[QuestionTheme_QTH] WHERE Id_Question = 1412 AND Id_Theme = @ThemeId)
BEGIN
    INSERT INTO [dbo].[QuestionTheme_QTH] ([Id_Question], [Id_Theme]) VALUES (1412, @ThemeId);
END

-- Question 56
SET IDENTITY_INSERT [dbo].[Question_QST] ON;
IF NOT EXISTS (SELECT 1 FROM [dbo].[Question_QST] WHERE Id = 1413)
BEGIN
    INSERT INTO [dbo].[Question_QST] ([Id], [Question], [Id_Difficulty])
    VALUES (1413, N'Quel artiste est connu pour ses collages dadaïstes ?', 2);
END
SET IDENTITY_INSERT [dbo].[Question_QST] OFF;

INSERT INTO [dbo].[Answer_ANS] ([Id_Question], [Value], [Valid]) VALUES
    (1413, N'Hannah Höch', 1),
    (1413, N'Marcel Duchamp', 0),
    (1413, N'Man Ray', 0),
    (1413, N'Kurt Schwitters', 0);

IF NOT EXISTS (SELECT 1 FROM [dbo].[QuestionTheme_QTH] WHERE Id_Question = 1413 AND Id_Theme = @ThemeId)
BEGIN
    INSERT INTO [dbo].[QuestionTheme_QTH] ([Id_Question], [Id_Theme]) VALUES (1413, @ThemeId);
END

-- Question 57
SET IDENTITY_INSERT [dbo].[Question_QST] ON;
IF NOT EXISTS (SELECT 1 FROM [dbo].[Question_QST] WHERE Id = 1414)
BEGIN
    INSERT INTO [dbo].[Question_QST] ([Id], [Question], [Id_Difficulty])
    VALUES (1414, N'Quel peintre a développé la technique du pointillisme ?', 2);
END
SET IDENTITY_INSERT [dbo].[Question_QST] OFF;

INSERT INTO [dbo].[Answer_ANS] ([Id_Question], [Value], [Valid]) VALUES
    (1414, N'Georges Seurat', 1),
    (1414, N'Paul Signac', 0),
    (1414, N'Vincent van Gogh', 0),
    (1414, N'Claude Monet', 0);

IF NOT EXISTS (SELECT 1 FROM [dbo].[QuestionTheme_QTH] WHERE Id_Question = 1414 AND Id_Theme = @ThemeId)
BEGIN
    INSERT INTO [dbo].[QuestionTheme_QTH] ([Id_Question], [Id_Theme]) VALUES (1414, @ThemeId);
END

-- Question 58
SET IDENTITY_INSERT [dbo].[Question_QST] ON;
IF NOT EXISTS (SELECT 1 FROM [dbo].[Question_QST] WHERE Id = 1415)
BEGIN
    INSERT INTO [dbo].[Question_QST] ([Id], [Question], [Id_Difficulty])
    VALUES (1415, N'Quel peintre espagnol baroque a peint ''L’Innocence suspendue'' ?', 2);
END
SET IDENTITY_INSERT [dbo].[Question_QST] OFF;

INSERT INTO [dbo].[Answer_ANS] ([Id_Question], [Value], [Valid]) VALUES
    (1415, N'Diego Velázquez', 0),
    (1415, N'Francisco Goya', 0),
    (1415, N'El Greco', 0),
    (1415, N'Bartolomé Esteban Murillo', 1);

IF NOT EXISTS (SELECT 1 FROM [dbo].[QuestionTheme_QTH] WHERE Id_Question = 1415 AND Id_Theme = @ThemeId)
BEGIN
    INSERT INTO [dbo].[QuestionTheme_QTH] ([Id_Question], [Id_Theme]) VALUES (1415, @ThemeId);
END

-- Question 59
SET IDENTITY_INSERT [dbo].[Question_QST] ON;
IF NOT EXISTS (SELECT 1 FROM [dbo].[Question_QST] WHERE Id = 1416)
BEGIN
    INSERT INTO [dbo].[Question_QST] ([Id], [Question], [Id_Difficulty])
    VALUES (1416, N'Quel mouvement artistique est né en Italie au XVe siècle et met l''accent sur la perspective ?', 2);
END
SET IDENTITY_INSERT [dbo].[Question_QST] OFF;

INSERT INTO [dbo].[Answer_ANS] ([Id_Question], [Value], [Valid]) VALUES
    (1416, N'Renaissance', 1),
    (1416, N'Baroque', 0),
    (1416, N'Romantisme', 0),
    (1416, N'Néoclassicisme', 0);

IF NOT EXISTS (SELECT 1 FROM [dbo].[QuestionTheme_QTH] WHERE Id_Question = 1416 AND Id_Theme = @ThemeId)
BEGIN
    INSERT INTO [dbo].[QuestionTheme_QTH] ([Id_Question], [Id_Theme]) VALUES (1416, @ThemeId);
END

-- Question 60
SET IDENTITY_INSERT [dbo].[Question_QST] ON;
IF NOT EXISTS (SELECT 1 FROM [dbo].[Question_QST] WHERE Id = 1417)
BEGIN
    INSERT INTO [dbo].[Question_QST] ([Id], [Question], [Id_Difficulty])
    VALUES (1417, N'Quel peintre américain est connu pour ses grandes toiles d’action painting ?', 2);
END
SET IDENTITY_INSERT [dbo].[Question_QST] OFF;

INSERT INTO [dbo].[Answer_ANS] ([Id_Question], [Value], [Valid]) VALUES
    (1417, N'Jackson Pollock', 1),
    (1417, N'Mark Rothko', 0),
    (1417, N'Andy Warhol', 0),
    (1417, N'Willem de Kooning', 0);

IF NOT EXISTS (SELECT 1 FROM [dbo].[QuestionTheme_QTH] WHERE Id_Question = 1417 AND Id_Theme = @ThemeId)
BEGIN
    INSERT INTO [dbo].[QuestionTheme_QTH] ([Id_Question], [Id_Theme]) VALUES (1417, @ThemeId);
END

-- Question 61
SET IDENTITY_INSERT [dbo].[Question_QST] ON;
IF NOT EXISTS (SELECT 1 FROM [dbo].[Question_QST] WHERE Id = 1418)
BEGIN
    INSERT INTO [dbo].[Question_QST] ([Id], [Question], [Id_Difficulty])
    VALUES (1418, N'Quel sculpteur a réalisé ''Apollo et Daphne'' ?', 2);
END
SET IDENTITY_INSERT [dbo].[Question_QST] OFF;

INSERT INTO [dbo].[Answer_ANS] ([Id_Question], [Value], [Valid]) VALUES
    (1418, N'Bernin', 1),
    (1418, N'Michel-Ange', 0),
    (1418, N'Canova', 0),
    (1418, N'Rodin', 0);

IF NOT EXISTS (SELECT 1 FROM [dbo].[QuestionTheme_QTH] WHERE Id_Question = 1418 AND Id_Theme = @ThemeId)
BEGIN
    INSERT INTO [dbo].[QuestionTheme_QTH] ([Id_Question], [Id_Theme]) VALUES (1418, @ThemeId);
END

-- Question 62
SET IDENTITY_INSERT [dbo].[Question_QST] ON;
IF NOT EXISTS (SELECT 1 FROM [dbo].[Question_QST] WHERE Id = 1419)
BEGIN
    INSERT INTO [dbo].[Question_QST] ([Id], [Question], [Id_Difficulty])
    VALUES (1419, N'Quel peintre hollandais est célèbre pour ses natures mortes et scènes domestiques ?', 2);
END
SET IDENTITY_INSERT [dbo].[Question_QST] OFF;

INSERT INTO [dbo].[Answer_ANS] ([Id_Question], [Value], [Valid]) VALUES
    (1419, N'Jan Vermeer', 1),
    (1419, N'Rembrandt', 0),
    (1419, N'Hals', 0),
    (1419, N'Frans Hals', 0);

IF NOT EXISTS (SELECT 1 FROM [dbo].[QuestionTheme_QTH] WHERE Id_Question = 1419 AND Id_Theme = @ThemeId)
BEGIN
    INSERT INTO [dbo].[QuestionTheme_QTH] ([Id_Question], [Id_Theme]) VALUES (1419, @ThemeId);
END

-- Question 63
SET IDENTITY_INSERT [dbo].[Question_QST] ON;
IF NOT EXISTS (SELECT 1 FROM [dbo].[Question_QST] WHERE Id = 1420)
BEGIN
    INSERT INTO [dbo].[Question_QST] ([Id], [Question], [Id_Difficulty])
    VALUES (1420, N'Quel peintre est célèbre pour ses compositions abstraites avec cercles colorés ?', 2);
END
SET IDENTITY_INSERT [dbo].[Question_QST] OFF;

INSERT INTO [dbo].[Answer_ANS] ([Id_Question], [Value], [Valid]) VALUES
    (1420, N'Wassily Kandinsky', 1),
    (1420, N'Piet Mondrian', 0),
    (1420, N'Paul Klee', 0),
    (1420, N'Kazimir Malevich', 0);

IF NOT EXISTS (SELECT 1 FROM [dbo].[QuestionTheme_QTH] WHERE Id_Question = 1420 AND Id_Theme = @ThemeId)
BEGIN
    INSERT INTO [dbo].[QuestionTheme_QTH] ([Id_Question], [Id_Theme]) VALUES (1420, @ThemeId);
END

-- Question 64
SET IDENTITY_INSERT [dbo].[Question_QST] ON;
IF NOT EXISTS (SELECT 1 FROM [dbo].[Question_QST] WHERE Id = 1421)
BEGIN
    INSERT INTO [dbo].[Question_QST] ([Id], [Question], [Id_Difficulty])
    VALUES (1421, N'Quel mouvement artistique a influencé Picasso et Braque au début du XXe siècle ?', 2);
END
SET IDENTITY_INSERT [dbo].[Question_QST] OFF;

INSERT INTO [dbo].[Answer_ANS] ([Id_Question], [Value], [Valid]) VALUES
    (1421, N'Cubisme', 1),
    (1421, N'Impressionnisme', 0),
    (1421, N'Fauvisme', 0),
    (1421, N'Surréalisme', 0);

IF NOT EXISTS (SELECT 1 FROM [dbo].[QuestionTheme_QTH] WHERE Id_Question = 1421 AND Id_Theme = @ThemeId)
BEGIN
    INSERT INTO [dbo].[QuestionTheme_QTH] ([Id_Question], [Id_Theme]) VALUES (1421, @ThemeId);
END

-- Question 65
SET IDENTITY_INSERT [dbo].[Question_QST] ON;
IF NOT EXISTS (SELECT 1 FROM [dbo].[Question_QST] WHERE Id = 1422)
BEGIN
    INSERT INTO [dbo].[Question_QST] ([Id], [Question], [Id_Difficulty])
    VALUES (1422, N'Quel peintre romantique a créé ''Le Radeau de la Méduse'' ?', 2);
END
SET IDENTITY_INSERT [dbo].[Question_QST] OFF;

INSERT INTO [dbo].[Answer_ANS] ([Id_Question], [Value], [Valid]) VALUES
    (1422, N'Théodore Géricault', 1),
    (1422, N'Eugène Delacroix', 0),
    (1422, N'Jean-Auguste-Dominique Ingres', 0),
    (1422, N'Jacques-Louis David', 0);

IF NOT EXISTS (SELECT 1 FROM [dbo].[QuestionTheme_QTH] WHERE Id_Question = 1422 AND Id_Theme = @ThemeId)
BEGIN
    INSERT INTO [dbo].[QuestionTheme_QTH] ([Id_Question], [Id_Theme]) VALUES (1422, @ThemeId);
END

-- Question 66
SET IDENTITY_INSERT [dbo].[Question_QST] ON;
IF NOT EXISTS (SELECT 1 FROM [dbo].[Question_QST] WHERE Id = 1423)
BEGIN
    INSERT INTO [dbo].[Question_QST] ([Id], [Question], [Id_Difficulty])
    VALUES (1423, N'Quel artiste est connu pour ses peintures murales à Mexico ?', 2);
END
SET IDENTITY_INSERT [dbo].[Question_QST] OFF;

INSERT INTO [dbo].[Answer_ANS] ([Id_Question], [Value], [Valid]) VALUES
    (1423, N'Diego Rivera', 1),
    (1423, N'José Clemente Orozco', 0),
    (1423, N'David Alfaro Siqueiros', 0),
    (1423, N'Frida Kahlo', 0);

IF NOT EXISTS (SELECT 1 FROM [dbo].[QuestionTheme_QTH] WHERE Id_Question = 1423 AND Id_Theme = @ThemeId)
BEGIN
    INSERT INTO [dbo].[QuestionTheme_QTH] ([Id_Question], [Id_Theme]) VALUES (1423, @ThemeId);
END

-- Question 67
SET IDENTITY_INSERT [dbo].[Question_QST] ON;
IF NOT EXISTS (SELECT 1 FROM [dbo].[Question_QST] WHERE Id = 1424)
BEGIN
    INSERT INTO [dbo].[Question_QST] ([Id], [Question], [Id_Difficulty])
    VALUES (1424, N'Quel peintre impressionniste a beaucoup travaillé sur les danseuses ?', 2);
END
SET IDENTITY_INSERT [dbo].[Question_QST] OFF;

INSERT INTO [dbo].[Answer_ANS] ([Id_Question], [Value], [Valid]) VALUES
    (1424, N'Edgar Degas', 1),
    (1424, N'Claude Monet', 0),
    (1424, N'Pierre-Auguste Renoir', 0),
    (1424, N'Camille Pissarro', 0);

IF NOT EXISTS (SELECT 1 FROM [dbo].[QuestionTheme_QTH] WHERE Id_Question = 1424 AND Id_Theme = @ThemeId)
BEGIN
    INSERT INTO [dbo].[QuestionTheme_QTH] ([Id_Question], [Id_Theme]) VALUES (1424, @ThemeId);
END

-- Question 68
SET IDENTITY_INSERT [dbo].[Question_QST] ON;
IF NOT EXISTS (SELECT 1 FROM [dbo].[Question_QST] WHERE Id = 1425)
BEGIN
    INSERT INTO [dbo].[Question_QST] ([Id], [Question], [Id_Difficulty])
    VALUES (1425, N'Quel sculpteur français du XXe siècle est célèbre pour ses formes abstraites géométriques ?', 2);
END
SET IDENTITY_INSERT [dbo].[Question_QST] OFF;

INSERT INTO [dbo].[Answer_ANS] ([Id_Question], [Value], [Valid]) VALUES
    (1425, N'Henry Moore', 1),
    (1425, N'Auguste Rodin', 0),
    (1425, N'Jean Arp', 0),
    (1425, N'Alberto Giacometti', 0);

IF NOT EXISTS (SELECT 1 FROM [dbo].[QuestionTheme_QTH] WHERE Id_Question = 1425 AND Id_Theme = @ThemeId)
BEGIN
    INSERT INTO [dbo].[QuestionTheme_QTH] ([Id_Question], [Id_Theme]) VALUES (1425, @ThemeId);
END

-- Question 69
SET IDENTITY_INSERT [dbo].[Question_QST] ON;
IF NOT EXISTS (SELECT 1 FROM [dbo].[Question_QST] WHERE Id = 1426)
BEGIN
    INSERT INTO [dbo].[Question_QST] ([Id], [Question], [Id_Difficulty])
    VALUES (1426, N'Quel peintre espagnol a influencé le cubisme et l’art moderne ?', 2);
END
SET IDENTITY_INSERT [dbo].[Question_QST] OFF;

INSERT INTO [dbo].[Answer_ANS] ([Id_Question], [Value], [Valid]) VALUES
    (1426, N'Pablo Picasso', 1),
    (1426, N'Joan Miró', 0),
    (1426, N'Salvador Dalí', 0),
    (1426, N'Juan Gris', 0);

IF NOT EXISTS (SELECT 1 FROM [dbo].[QuestionTheme_QTH] WHERE Id_Question = 1426 AND Id_Theme = @ThemeId)
BEGIN
    INSERT INTO [dbo].[QuestionTheme_QTH] ([Id_Question], [Id_Theme]) VALUES (1426, @ThemeId);
END

-- Question 70
SET IDENTITY_INSERT [dbo].[Question_QST] ON;
IF NOT EXISTS (SELECT 1 FROM [dbo].[Question_QST] WHERE Id = 1427)
BEGIN
    INSERT INTO [dbo].[Question_QST] ([Id], [Question], [Id_Difficulty])
    VALUES (1427, N'Quel mouvement artistique rejette la logique et célèbre l’absurde et le hasard ?', 2);
END
SET IDENTITY_INSERT [dbo].[Question_QST] OFF;

INSERT INTO [dbo].[Answer_ANS] ([Id_Question], [Value], [Valid]) VALUES
    (1427, N'Dadaïsme', 1),
    (1427, N'Cubisme', 0),
    (1427, N'Fauvisme', 0),
    (1427, N'Surréalisme', 0);

IF NOT EXISTS (SELECT 1 FROM [dbo].[QuestionTheme_QTH] WHERE Id_Question = 1427 AND Id_Theme = @ThemeId)
BEGIN
    INSERT INTO [dbo].[QuestionTheme_QTH] ([Id_Question], [Id_Theme]) VALUES (1427, @ThemeId);
END

-- Question 71
SET IDENTITY_INSERT [dbo].[Question_QST] ON;
IF NOT EXISTS (SELECT 1 FROM [dbo].[Question_QST] WHERE Id = 1428)
BEGIN
    INSERT INTO [dbo].[Question_QST] ([Id], [Question], [Id_Difficulty])
    VALUES (1428, N'Quel peintre impressionniste a peint ''Le Déjeuner des canotiers'' ?', 2);
END
SET IDENTITY_INSERT [dbo].[Question_QST] OFF;

INSERT INTO [dbo].[Answer_ANS] ([Id_Question], [Value], [Valid]) VALUES
    (1428, N'Pierre-Auguste Renoir', 1),
    (1428, N'Claude Monet', 0),
    (1428, N'Edgar Degas', 0),
    (1428, N'Camille Pissarro', 0);

IF NOT EXISTS (SELECT 1 FROM [dbo].[QuestionTheme_QTH] WHERE Id_Question = 1428 AND Id_Theme = @ThemeId)
BEGIN
    INSERT INTO [dbo].[QuestionTheme_QTH] ([Id_Question], [Id_Theme]) VALUES (1428, @ThemeId);
END

-- Question 72
SET IDENTITY_INSERT [dbo].[Question_QST] ON;
IF NOT EXISTS (SELECT 1 FROM [dbo].[Question_QST] WHERE Id = 1429)
BEGIN
    INSERT INTO [dbo].[Question_QST] ([Id], [Question], [Id_Difficulty])
    VALUES (1429, N'Quel sculpteur italien a travaillé sur la basilique Saint-Pierre à Rome ?', 2);
END
SET IDENTITY_INSERT [dbo].[Question_QST] OFF;

INSERT INTO [dbo].[Answer_ANS] ([Id_Question], [Value], [Valid]) VALUES
    (1429, N'Gian Lorenzo Bernin', 1),
    (1429, N'Michel-Ange', 0),
    (1429, N'Canova', 0),
    (1429, N'Donatello', 0);

IF NOT EXISTS (SELECT 1 FROM [dbo].[QuestionTheme_QTH] WHERE Id_Question = 1429 AND Id_Theme = @ThemeId)
BEGIN
    INSERT INTO [dbo].[QuestionTheme_QTH] ([Id_Question], [Id_Theme]) VALUES (1429, @ThemeId);
END

-- Question 73
SET IDENTITY_INSERT [dbo].[Question_QST] ON;
IF NOT EXISTS (SELECT 1 FROM [dbo].[Question_QST] WHERE Id = 1430)
BEGIN
    INSERT INTO [dbo].[Question_QST] ([Id], [Question], [Id_Difficulty])
    VALUES (1430, N'Quel peintre français du XIXe siècle a peint ''L’Origine du monde'' ?', 2);
END
SET IDENTITY_INSERT [dbo].[Question_QST] OFF;

INSERT INTO [dbo].[Answer_ANS] ([Id_Question], [Value], [Valid]) VALUES
    (1430, N'Gustave Courbet', 1),
    (1430, N'Édouard Manet', 0),
    (1430, N'Jean-François Millet', 0),
    (1430, N'Camille Pissarro', 0);

IF NOT EXISTS (SELECT 1 FROM [dbo].[QuestionTheme_QTH] WHERE Id_Question = 1430 AND Id_Theme = @ThemeId)
BEGIN
    INSERT INTO [dbo].[QuestionTheme_QTH] ([Id_Question], [Id_Theme]) VALUES (1430, @ThemeId);
END

-- Question 74
SET IDENTITY_INSERT [dbo].[Question_QST] ON;
IF NOT EXISTS (SELECT 1 FROM [dbo].[Question_QST] WHERE Id = 1431)
BEGIN
    INSERT INTO [dbo].[Question_QST] ([Id], [Question], [Id_Difficulty])
    VALUES (1431, N'Quel peintre mexicain a fusionné folklore et surréalisme dans ses autoportraits ?', 2);
END
SET IDENTITY_INSERT [dbo].[Question_QST] OFF;

INSERT INTO [dbo].[Answer_ANS] ([Id_Question], [Value], [Valid]) VALUES
    (1431, N'Frida Kahlo', 1),
    (1431, N'Diego Rivera', 0),
    (1431, N'José Clemente Orozco', 0),
    (1431, N'David Alfaro Siqueiros', 0);

IF NOT EXISTS (SELECT 1 FROM [dbo].[QuestionTheme_QTH] WHERE Id_Question = 1431 AND Id_Theme = @ThemeId)
BEGIN
    INSERT INTO [dbo].[QuestionTheme_QTH] ([Id_Question], [Id_Theme]) VALUES (1431, @ThemeId);
END

-- Question 75
SET IDENTITY_INSERT [dbo].[Question_QST] ON;
IF NOT EXISTS (SELECT 1 FROM [dbo].[Question_QST] WHERE Id = 1432)
BEGIN
    INSERT INTO [dbo].[Question_QST] ([Id], [Question], [Id_Difficulty])
    VALUES (1432, N'Quel mouvement artistique est caractérisé par l’exagération des couleurs et formes ?', 2);
END
SET IDENTITY_INSERT [dbo].[Question_QST] OFF;

INSERT INTO [dbo].[Answer_ANS] ([Id_Question], [Value], [Valid]) VALUES
    (1432, N'Fauvisme', 1),
    (1432, N'Impressionnisme', 0),
    (1432, N'Cubisme', 0),
    (1432, N'Surréalisme', 0);

IF NOT EXISTS (SELECT 1 FROM [dbo].[QuestionTheme_QTH] WHERE Id_Question = 1432 AND Id_Theme = @ThemeId)
BEGIN
    INSERT INTO [dbo].[QuestionTheme_QTH] ([Id_Question], [Id_Theme]) VALUES (1432, @ThemeId);
END

-- Question 76
SET IDENTITY_INSERT [dbo].[Question_QST] ON;
IF NOT EXISTS (SELECT 1 FROM [dbo].[Question_QST] WHERE Id = 1433)
BEGIN
    INSERT INTO [dbo].[Question_QST] ([Id], [Question], [Id_Difficulty])
    VALUES (1433, N'Quel peintre hollandais a réalisé ''La Laitière'' ?', 2);
END
SET IDENTITY_INSERT [dbo].[Question_QST] OFF;

INSERT INTO [dbo].[Answer_ANS] ([Id_Question], [Value], [Valid]) VALUES
    (1433, N'Johannes Vermeer', 1),
    (1433, N'Rembrandt', 0),
    (1433, N'Vincent van Gogh', 0),
    (1433, N'Hals', 0);

IF NOT EXISTS (SELECT 1 FROM [dbo].[QuestionTheme_QTH] WHERE Id_Question = 1433 AND Id_Theme = @ThemeId)
BEGIN
    INSERT INTO [dbo].[QuestionTheme_QTH] ([Id_Question], [Id_Theme]) VALUES (1433, @ThemeId);
END

-- Question 77
SET IDENTITY_INSERT [dbo].[Question_QST] ON;
IF NOT EXISTS (SELECT 1 FROM [dbo].[Question_QST] WHERE Id = 1434)
BEGIN
    INSERT INTO [dbo].[Question_QST] ([Id], [Question], [Id_Difficulty])
    VALUES (1434, N'Quel sculpteur a créé ''Les Bourgeois de Calais'' ?', 2);
END
SET IDENTITY_INSERT [dbo].[Question_QST] OFF;

INSERT INTO [dbo].[Answer_ANS] ([Id_Question], [Value], [Valid]) VALUES
    (1434, N'Auguste Rodin', 1),
    (1434, N'Jean-Baptiste Carpeaux', 0),
    (1434, N'François Pompon', 0),
    (1434, N'Antoine Bourdelle', 0);

IF NOT EXISTS (SELECT 1 FROM [dbo].[QuestionTheme_QTH] WHERE Id_Question = 1434 AND Id_Theme = @ThemeId)
BEGIN
    INSERT INTO [dbo].[QuestionTheme_QTH] ([Id_Question], [Id_Theme]) VALUES (1434, @ThemeId);
END

-- Question 78
SET IDENTITY_INSERT [dbo].[Question_QST] ON;
IF NOT EXISTS (SELECT 1 FROM [dbo].[Question_QST] WHERE Id = 1435)
BEGIN
    INSERT INTO [dbo].[Question_QST] ([Id], [Question], [Id_Difficulty])
    VALUES (1435, N'Quel artiste américain est associé au pop art et aux boîtes de soupe ?', 2);
END
SET IDENTITY_INSERT [dbo].[Question_QST] OFF;

INSERT INTO [dbo].[Answer_ANS] ([Id_Question], [Value], [Valid]) VALUES
    (1435, N'Andy Warhol', 1),
    (1435, N'Roy Lichtenstein', 0),
    (1435, N'Keith Haring', 0),
    (1435, N'Jean-Michel Basquiat', 0);

IF NOT EXISTS (SELECT 1 FROM [dbo].[QuestionTheme_QTH] WHERE Id_Question = 1435 AND Id_Theme = @ThemeId)
BEGIN
    INSERT INTO [dbo].[QuestionTheme_QTH] ([Id_Question], [Id_Theme]) VALUES (1435, @ThemeId);
END

-- Question 79
SET IDENTITY_INSERT [dbo].[Question_QST] ON;
IF NOT EXISTS (SELECT 1 FROM [dbo].[Question_QST] WHERE Id = 1436)
BEGIN
    INSERT INTO [dbo].[Question_QST] ([Id], [Question], [Id_Difficulty])
    VALUES (1436, N'Quel peintre a réalisé ''Les Glaneuses'' ?', 2);
END
SET IDENTITY_INSERT [dbo].[Question_QST] OFF;

INSERT INTO [dbo].[Answer_ANS] ([Id_Question], [Value], [Valid]) VALUES
    (1436, N'Jean-François Millet', 1),
    (1436, N'Gustave Courbet', 0),
    (1436, N'Camille Pissarro', 0),
    (1436, N'Édouard Manet', 0);

IF NOT EXISTS (SELECT 1 FROM [dbo].[QuestionTheme_QTH] WHERE Id_Question = 1436 AND Id_Theme = @ThemeId)
BEGIN
    INSERT INTO [dbo].[QuestionTheme_QTH] ([Id_Question], [Id_Theme]) VALUES (1436, @ThemeId);
END

-- Question 80
SET IDENTITY_INSERT [dbo].[Question_QST] ON;
IF NOT EXISTS (SELECT 1 FROM [dbo].[Question_QST] WHERE Id = 1437)
BEGIN
    INSERT INTO [dbo].[Question_QST] ([Id], [Question], [Id_Difficulty])
    VALUES (1437, N'Quel mouvement artistique privilégie la lumière et la couleur sur les contours ?', 2);
END
SET IDENTITY_INSERT [dbo].[Question_QST] OFF;

INSERT INTO [dbo].[Answer_ANS] ([Id_Question], [Value], [Valid]) VALUES
    (1437, N'Impressionnisme', 1),
    (1437, N'Cubisme', 0),
    (1437, N'Fauvisme', 0),
    (1437, N'Surréalisme', 0);

IF NOT EXISTS (SELECT 1 FROM [dbo].[QuestionTheme_QTH] WHERE Id_Question = 1437 AND Id_Theme = @ThemeId)
BEGIN
    INSERT INTO [dbo].[QuestionTheme_QTH] ([Id_Question], [Id_Theme]) VALUES (1437, @ThemeId);
END

-- Question 81
SET IDENTITY_INSERT [dbo].[Question_QST] ON;
IF NOT EXISTS (SELECT 1 FROM [dbo].[Question_QST] WHERE Id = 1438)
BEGIN
    INSERT INTO [dbo].[Question_QST] ([Id], [Question], [Id_Difficulty])
    VALUES (1438, N'Quel peintre italien de la Renaissance a réalisé ''La Cène'' ?', 2);
END
SET IDENTITY_INSERT [dbo].[Question_QST] OFF;

INSERT INTO [dbo].[Answer_ANS] ([Id_Question], [Value], [Valid]) VALUES
    (1438, N'Leonardo da Vinci', 1),
    (1438, N'Michel-Ange', 0),
    (1438, N'Raphaël', 0),
    (1438, N'Titien', 0);

IF NOT EXISTS (SELECT 1 FROM [dbo].[QuestionTheme_QTH] WHERE Id_Question = 1438 AND Id_Theme = @ThemeId)
BEGIN
    INSERT INTO [dbo].[QuestionTheme_QTH] ([Id_Question], [Id_Theme]) VALUES (1438, @ThemeId);
END

-- Question 82
SET IDENTITY_INSERT [dbo].[Question_QST] ON;
IF NOT EXISTS (SELECT 1 FROM [dbo].[Question_QST] WHERE Id = 1439)
BEGIN
    INSERT INTO [dbo].[Question_QST] ([Id], [Question], [Id_Difficulty])
    VALUES (1439, N'Quel sculpteur italien a créé la statue de David en marbre ?', 2);
END
SET IDENTITY_INSERT [dbo].[Question_QST] OFF;

INSERT INTO [dbo].[Answer_ANS] ([Id_Question], [Value], [Valid]) VALUES
    (1439, N'Michel-Ange', 1),
    (1439, N'Donatello', 0),
    (1439, N'Bernin', 0),
    (1439, N'Canova', 0);

IF NOT EXISTS (SELECT 1 FROM [dbo].[QuestionTheme_QTH] WHERE Id_Question = 1439 AND Id_Theme = @ThemeId)
BEGIN
    INSERT INTO [dbo].[QuestionTheme_QTH] ([Id_Question], [Id_Theme]) VALUES (1439, @ThemeId);
END

-- Question 83
SET IDENTITY_INSERT [dbo].[Question_QST] ON;
IF NOT EXISTS (SELECT 1 FROM [dbo].[Question_QST] WHERE Id = 1440)
BEGIN
    INSERT INTO [dbo].[Question_QST] ([Id], [Question], [Id_Difficulty])
    VALUES (1440, N'Quel peintre espagnol du XVIIe siècle a réalisé ''Les Ménines'' ?', 2);
END
SET IDENTITY_INSERT [dbo].[Question_QST] OFF;

INSERT INTO [dbo].[Answer_ANS] ([Id_Question], [Value], [Valid]) VALUES
    (1440, N'Diego Velázquez', 1),
    (1440, N'Francisco Goya', 0),
    (1440, N'El Greco', 0),
    (1440, N'Bartolomé Esteban Murillo', 0);

IF NOT EXISTS (SELECT 1 FROM [dbo].[QuestionTheme_QTH] WHERE Id_Question = 1440 AND Id_Theme = @ThemeId)
BEGIN
    INSERT INTO [dbo].[QuestionTheme_QTH] ([Id_Question], [Id_Theme]) VALUES (1440, @ThemeId);
END

-- Question 84
SET IDENTITY_INSERT [dbo].[Question_QST] ON;
IF NOT EXISTS (SELECT 1 FROM [dbo].[Question_QST] WHERE Id = 1441)
BEGIN
    INSERT INTO [dbo].[Question_QST] ([Id], [Question], [Id_Difficulty])
    VALUES (1441, N'Quel artiste est associé au mouvement De Stijl ?', 2);
END
SET IDENTITY_INSERT [dbo].[Question_QST] OFF;

INSERT INTO [dbo].[Answer_ANS] ([Id_Question], [Value], [Valid]) VALUES
    (1441, N'Piet Mondrian', 1),
    (1441, N'Wassily Kandinsky', 0),
    (1441, N'Paul Klee', 0),
    (1441, N'Kazimir Malevich', 0);

IF NOT EXISTS (SELECT 1 FROM [dbo].[QuestionTheme_QTH] WHERE Id_Question = 1441 AND Id_Theme = @ThemeId)
BEGIN
    INSERT INTO [dbo].[QuestionTheme_QTH] ([Id_Question], [Id_Theme]) VALUES (1441, @ThemeId);
END

-- Question 85
SET IDENTITY_INSERT [dbo].[Question_QST] ON;
IF NOT EXISTS (SELECT 1 FROM [dbo].[Question_QST] WHERE Id = 1442)
BEGIN
    INSERT INTO [dbo].[Question_QST] ([Id], [Question], [Id_Difficulty])
    VALUES (1442, N'Quel peintre expressionniste norvégien a peint ''Le Cri'' ?', 2);
END
SET IDENTITY_INSERT [dbo].[Question_QST] OFF;

INSERT INTO [dbo].[Answer_ANS] ([Id_Question], [Value], [Valid]) VALUES
    (1442, N'Edvard Munch', 1),
    (1442, N'Vincent van Gogh', 0),
    (1442, N'Paul Cézanne', 0),
    (1442, N'Claude Monet', 0);

IF NOT EXISTS (SELECT 1 FROM [dbo].[QuestionTheme_QTH] WHERE Id_Question = 1442 AND Id_Theme = @ThemeId)
BEGIN
    INSERT INTO [dbo].[QuestionTheme_QTH] ([Id_Question], [Id_Theme]) VALUES (1442, @ThemeId);
END

-- Question 86
SET IDENTITY_INSERT [dbo].[Question_QST] ON;
IF NOT EXISTS (SELECT 1 FROM [dbo].[Question_QST] WHERE Id = 1443)
BEGIN
    INSERT INTO [dbo].[Question_QST] ([Id], [Question], [Id_Difficulty])
    VALUES (1443, N'Quel peintre cubiste a réalisé ''Les Demoiselles d’Avignon'' ?', 2);
END
SET IDENTITY_INSERT [dbo].[Question_QST] OFF;

INSERT INTO [dbo].[Answer_ANS] ([Id_Question], [Value], [Valid]) VALUES
    (1443, N'Pablo Picasso', 1),
    (1443, N'Georges Braque', 0),
    (1443, N'Juan Gris', 0),
    (1443, N'Fernand Léger', 0);

IF NOT EXISTS (SELECT 1 FROM [dbo].[QuestionTheme_QTH] WHERE Id_Question = 1443 AND Id_Theme = @ThemeId)
BEGIN
    INSERT INTO [dbo].[QuestionTheme_QTH] ([Id_Question], [Id_Theme]) VALUES (1443, @ThemeId);
END

-- Question 87
SET IDENTITY_INSERT [dbo].[Question_QST] ON;
IF NOT EXISTS (SELECT 1 FROM [dbo].[Question_QST] WHERE Id = 1444)
BEGIN
    INSERT INTO [dbo].[Question_QST] ([Id], [Question], [Id_Difficulty])
    VALUES (1444, N'Quel peintre impressionniste a peint des scènes de danse et de théâtre ?', 2);
END
SET IDENTITY_INSERT [dbo].[Question_QST] OFF;

INSERT INTO [dbo].[Answer_ANS] ([Id_Question], [Value], [Valid]) VALUES
    (1444, N'Edgar Degas', 1),
    (1444, N'Claude Monet', 0),
    (1444, N'Pierre-Auguste Renoir', 0),
    (1444, N'Camille Pissarro', 0);

IF NOT EXISTS (SELECT 1 FROM [dbo].[QuestionTheme_QTH] WHERE Id_Question = 1444 AND Id_Theme = @ThemeId)
BEGIN
    INSERT INTO [dbo].[QuestionTheme_QTH] ([Id_Question], [Id_Theme]) VALUES (1444, @ThemeId);
END

-- Question 88
SET IDENTITY_INSERT [dbo].[Question_QST] ON;
IF NOT EXISTS (SELECT 1 FROM [dbo].[Question_QST] WHERE Id = 1445)
BEGIN
    INSERT INTO [dbo].[Question_QST] ([Id], [Question], [Id_Difficulty])
    VALUES (1445, N'Quel sculpteur français a créé ''Le Baiser'' ?', 2);
END
SET IDENTITY_INSERT [dbo].[Question_QST] OFF;

INSERT INTO [dbo].[Answer_ANS] ([Id_Question], [Value], [Valid]) VALUES
    (1445, N'Auguste Rodin', 1),
    (1445, N'Jean-Baptiste Carpeaux', 0),
    (1445, N'François Pompon', 0),
    (1445, N'Antoine Bourdelle', 0);

IF NOT EXISTS (SELECT 1 FROM [dbo].[QuestionTheme_QTH] WHERE Id_Question = 1445 AND Id_Theme = @ThemeId)
BEGIN
    INSERT INTO [dbo].[QuestionTheme_QTH] ([Id_Question], [Id_Theme]) VALUES (1445, @ThemeId);
END

-- Question 89
SET IDENTITY_INSERT [dbo].[Question_QST] ON;
IF NOT EXISTS (SELECT 1 FROM [dbo].[Question_QST] WHERE Id = 1446)
BEGIN
    INSERT INTO [dbo].[Question_QST] ([Id], [Question], [Id_Difficulty])
    VALUES (1446, N'Quel peintre mexicain a peint ''Les Deux Fridas'' ?', 2);
END
SET IDENTITY_INSERT [dbo].[Question_QST] OFF;

INSERT INTO [dbo].[Answer_ANS] ([Id_Question], [Value], [Valid]) VALUES
    (1446, N'Frida Kahlo', 1),
    (1446, N'Diego Rivera', 0),
    (1446, N'José Clemente Orozco', 0),
    (1446, N'David Alfaro Siqueiros', 0);

IF NOT EXISTS (SELECT 1 FROM [dbo].[QuestionTheme_QTH] WHERE Id_Question = 1446 AND Id_Theme = @ThemeId)
BEGIN
    INSERT INTO [dbo].[QuestionTheme_QTH] ([Id_Question], [Id_Theme]) VALUES (1446, @ThemeId);
END

-- Question 90
SET IDENTITY_INSERT [dbo].[Question_QST] ON;
IF NOT EXISTS (SELECT 1 FROM [dbo].[Question_QST] WHERE Id = 1447)
BEGIN
    INSERT INTO [dbo].[Question_QST] ([Id], [Question], [Id_Difficulty])
    VALUES (1447, N'Quel mouvement artistique a été initié par Marcel Duchamp ?', 2);
END
SET IDENTITY_INSERT [dbo].[Question_QST] OFF;

INSERT INTO [dbo].[Answer_ANS] ([Id_Question], [Value], [Valid]) VALUES
    (1447, N'Dadaïsme', 1),
    (1447, N'Cubisme', 0),
    (1447, N'Surréalisme', 0),
    (1447, N'Fauvisme', 0);

IF NOT EXISTS (SELECT 1 FROM [dbo].[QuestionTheme_QTH] WHERE Id_Question = 1447 AND Id_Theme = @ThemeId)
BEGIN
    INSERT INTO [dbo].[QuestionTheme_QTH] ([Id_Question], [Id_Theme]) VALUES (1447, @ThemeId);
END

-- Question 91
SET IDENTITY_INSERT [dbo].[Question_QST] ON;
IF NOT EXISTS (SELECT 1 FROM [dbo].[Question_QST] WHERE Id = 1448)
BEGIN
    INSERT INTO [dbo].[Question_QST] ([Id], [Question], [Id_Difficulty])
    VALUES (1448, N'Quel peintre impressionniste a peint la cathédrale de Rouen à différentes heures de la journée ?', 2);
END
SET IDENTITY_INSERT [dbo].[Question_QST] OFF;

INSERT INTO [dbo].[Answer_ANS] ([Id_Question], [Value], [Valid]) VALUES
    (1448, N'Claude Monet', 1),
    (1448, N'Edgar Degas', 0),
    (1448, N'Pierre-Auguste Renoir', 0),
    (1448, N'Camille Pissarro', 0);

IF NOT EXISTS (SELECT 1 FROM [dbo].[QuestionTheme_QTH] WHERE Id_Question = 1448 AND Id_Theme = @ThemeId)
BEGIN
    INSERT INTO [dbo].[QuestionTheme_QTH] ([Id_Question], [Id_Theme]) VALUES (1448, @ThemeId);
END

-- Question 92
SET IDENTITY_INSERT [dbo].[Question_QST] ON;
IF NOT EXISTS (SELECT 1 FROM [dbo].[Question_QST] WHERE Id = 1449)
BEGIN
    INSERT INTO [dbo].[Question_QST] ([Id], [Question], [Id_Difficulty])
    VALUES (1449, N'Quel sculpteur italien baroque a réalisé ''Apollon et Daphné'' ?', 2);
END
SET IDENTITY_INSERT [dbo].[Question_QST] OFF;

INSERT INTO [dbo].[Answer_ANS] ([Id_Question], [Value], [Valid]) VALUES
    (1449, N'Bernin', 1),
    (1449, N'Michel-Ange', 0),
    (1449, N'Canova', 0),
    (1449, N'Donatello', 0);

IF NOT EXISTS (SELECT 1 FROM [dbo].[QuestionTheme_QTH] WHERE Id_Question = 1449 AND Id_Theme = @ThemeId)
BEGIN
    INSERT INTO [dbo].[QuestionTheme_QTH] ([Id_Question], [Id_Theme]) VALUES (1449, @ThemeId);
END

-- Question 93
SET IDENTITY_INSERT [dbo].[Question_QST] ON;
IF NOT EXISTS (SELECT 1 FROM [dbo].[Question_QST] WHERE Id = 1450)
BEGIN
    INSERT INTO [dbo].[Question_QST] ([Id], [Question], [Id_Difficulty])
    VALUES (1450, N'Quel peintre hollandais a peint des scènes domestiques et des intérieurs lumineux ?', 2);
END
SET IDENTITY_INSERT [dbo].[Question_QST] OFF;

INSERT INTO [dbo].[Answer_ANS] ([Id_Question], [Value], [Valid]) VALUES
    (1450, N'Jan Vermeer', 1),
    (1450, N'Rembrandt', 0),
    (1450, N'Hals', 0),
    (1450, N'Frans Hals', 0);

IF NOT EXISTS (SELECT 1 FROM [dbo].[QuestionTheme_QTH] WHERE Id_Question = 1450 AND Id_Theme = @ThemeId)
BEGIN
    INSERT INTO [dbo].[QuestionTheme_QTH] ([Id_Question], [Id_Theme]) VALUES (1450, @ThemeId);
END

-- Question 94
SET IDENTITY_INSERT [dbo].[Question_QST] ON;
IF NOT EXISTS (SELECT 1 FROM [dbo].[Question_QST] WHERE Id = 1451)
BEGIN
    INSERT INTO [dbo].[Question_QST] ([Id], [Question], [Id_Difficulty])
    VALUES (1451, N'Quel peintre abstrait a utilisé des cercles et couleurs vives pour exprimer des émotions ?', 2);
END
SET IDENTITY_INSERT [dbo].[Question_QST] OFF;

INSERT INTO [dbo].[Answer_ANS] ([Id_Question], [Value], [Valid]) VALUES
    (1451, N'Wassily Kandinsky', 1),
    (1451, N'Piet Mondrian', 0),
    (1451, N'Paul Klee', 0),
    (1451, N'Kazimir Malevich', 0);

IF NOT EXISTS (SELECT 1 FROM [dbo].[QuestionTheme_QTH] WHERE Id_Question = 1451 AND Id_Theme = @ThemeId)
BEGIN
    INSERT INTO [dbo].[QuestionTheme_QTH] ([Id_Question], [Id_Theme]) VALUES (1451, @ThemeId);
END

-- Question 95
SET IDENTITY_INSERT [dbo].[Question_QST] ON;
IF NOT EXISTS (SELECT 1 FROM [dbo].[Question_QST] WHERE Id = 1452)
BEGIN
    INSERT INTO [dbo].[Question_QST] ([Id], [Question], [Id_Difficulty])
    VALUES (1452, N'Quel mouvement artistique a été influencé par Cézanne au début du XXe siècle ?', 2);
END
SET IDENTITY_INSERT [dbo].[Question_QST] OFF;

INSERT INTO [dbo].[Answer_ANS] ([Id_Question], [Value], [Valid]) VALUES
    (1452, N'Cubisme', 1),
    (1452, N'Impressionnisme', 0),
    (1452, N'Fauvisme', 0),
    (1452, N'Surréalisme', 0);

IF NOT EXISTS (SELECT 1 FROM [dbo].[QuestionTheme_QTH] WHERE Id_Question = 1452 AND Id_Theme = @ThemeId)
BEGIN
    INSERT INTO [dbo].[QuestionTheme_QTH] ([Id_Question], [Id_Theme]) VALUES (1452, @ThemeId);
END

-- Question 96
SET IDENTITY_INSERT [dbo].[Question_QST] ON;
IF NOT EXISTS (SELECT 1 FROM [dbo].[Question_QST] WHERE Id = 1453)
BEGIN
    INSERT INTO [dbo].[Question_QST] ([Id], [Question], [Id_Difficulty])
    VALUES (1453, N'Quel peintre romantique a peint ''La Liberté guidant le peuple'' ?', 2);
END
SET IDENTITY_INSERT [dbo].[Question_QST] OFF;

INSERT INTO [dbo].[Answer_ANS] ([Id_Question], [Value], [Valid]) VALUES
    (1453, N'Eugène Delacroix', 1),
    (1453, N'Théodore Géricault', 0),
    (1453, N'Jean-Auguste-Dominique Ingres', 0),
    (1453, N'Jacques-Louis David', 0);

IF NOT EXISTS (SELECT 1 FROM [dbo].[QuestionTheme_QTH] WHERE Id_Question = 1453 AND Id_Theme = @ThemeId)
BEGIN
    INSERT INTO [dbo].[QuestionTheme_QTH] ([Id_Question], [Id_Theme]) VALUES (1453, @ThemeId);
END

-- Question 97
SET IDENTITY_INSERT [dbo].[Question_QST] ON;
IF NOT EXISTS (SELECT 1 FROM [dbo].[Question_QST] WHERE Id = 1454)
BEGIN
    INSERT INTO [dbo].[Question_QST] ([Id], [Question], [Id_Difficulty])
    VALUES (1454, N'Quel peintre flamand du XVIIe siècle est célèbre pour ses compositions florales détaillées ?', 3);
END
SET IDENTITY_INSERT [dbo].[Question_QST] OFF;

INSERT INTO [dbo].[Answer_ANS] ([Id_Question], [Value], [Valid]) VALUES
    (1454, N'Jan Brueghel l''Ancien', 1),
    (1454, N'Peter Paul Rubens', 0),
    (1454, N'Anthony van Dyck', 0),
    (1454, N'Frans Hals', 0);

IF NOT EXISTS (SELECT 1 FROM [dbo].[QuestionTheme_QTH] WHERE Id_Question = 1454 AND Id_Theme = @ThemeId)
BEGIN
    INSERT INTO [dbo].[QuestionTheme_QTH] ([Id_Question], [Id_Theme]) VALUES (1454, @ThemeId);
END

-- Question 98
SET IDENTITY_INSERT [dbo].[Question_QST] ON;
IF NOT EXISTS (SELECT 1 FROM [dbo].[Question_QST] WHERE Id = 1455)
BEGIN
    INSERT INTO [dbo].[Question_QST] ([Id], [Question], [Id_Difficulty])
    VALUES (1455, N'Quel artiste italien est considéré comme le père du réalisme architectural et a peint le ''Retable d’Assise'' ?', 3);
END
SET IDENTITY_INSERT [dbo].[Question_QST] OFF;

INSERT INTO [dbo].[Answer_ANS] ([Id_Question], [Value], [Valid]) VALUES
    (1455, N'Giotto', 1),
    (1455, N'Masaccio', 0),
    (1455, N'Fra Angelico', 0),
    (1455, N'Piero della Francesca', 0);

IF NOT EXISTS (SELECT 1 FROM [dbo].[QuestionTheme_QTH] WHERE Id_Question = 1455 AND Id_Theme = @ThemeId)
BEGIN
    INSERT INTO [dbo].[QuestionTheme_QTH] ([Id_Question], [Id_Theme]) VALUES (1455, @ThemeId);
END

-- Question 99
SET IDENTITY_INSERT [dbo].[Question_QST] ON;
IF NOT EXISTS (SELECT 1 FROM [dbo].[Question_QST] WHERE Id = 1456)
BEGIN
    INSERT INTO [dbo].[Question_QST] ([Id], [Question], [Id_Difficulty])
    VALUES (1456, N'Quel peintre espagnol du XVIIIe siècle a réalisé la série des ''Caprices'' ?', 3);
END
SET IDENTITY_INSERT [dbo].[Question_QST] OFF;

INSERT INTO [dbo].[Answer_ANS] ([Id_Question], [Value], [Valid]) VALUES
    (1456, N'Francisco Goya', 1),
    (1456, N'Diego Velázquez', 0),
    (1456, N'El Greco', 0),
    (1456, N'Bartolomé Murillo', 0);

IF NOT EXISTS (SELECT 1 FROM [dbo].[QuestionTheme_QTH] WHERE Id_Question = 1456 AND Id_Theme = @ThemeId)
BEGIN
    INSERT INTO [dbo].[QuestionTheme_QTH] ([Id_Question], [Id_Theme]) VALUES (1456, @ThemeId);
END

-- Question 100
SET IDENTITY_INSERT [dbo].[Question_QST] ON;
IF NOT EXISTS (SELECT 1 FROM [dbo].[Question_QST] WHERE Id = 1457)
BEGIN
    INSERT INTO [dbo].[Question_QST] ([Id], [Question], [Id_Difficulty])
    VALUES (1457, N'Quel sculpteur français du XIXe siècle est connu pour ses bronzes animaliers ?', 3);
END
SET IDENTITY_INSERT [dbo].[Question_QST] OFF;

INSERT INTO [dbo].[Answer_ANS] ([Id_Question], [Value], [Valid]) VALUES
    (1457, N'Antoine-Louis Barye', 1),
    (1457, N'Auguste Rodin', 0),
    (1457, N'Jean-Baptiste Carpeaux', 0),
    (1457, N'François Pompon', 0);

IF NOT EXISTS (SELECT 1 FROM [dbo].[QuestionTheme_QTH] WHERE Id_Question = 1457 AND Id_Theme = @ThemeId)
BEGIN
    INSERT INTO [dbo].[QuestionTheme_QTH] ([Id_Question], [Id_Theme]) VALUES (1457, @ThemeId);
END

-- Question 101
SET IDENTITY_INSERT [dbo].[Question_QST] ON;
IF NOT EXISTS (SELECT 1 FROM [dbo].[Question_QST] WHERE Id = 1458)
BEGIN
    INSERT INTO [dbo].[Question_QST] ([Id], [Question], [Id_Difficulty])
    VALUES (1458, N'Quel peintre symboliste belge est célèbre pour ''Le Jardin de l’âme'' ?', 3);
END
SET IDENTITY_INSERT [dbo].[Question_QST] OFF;

INSERT INTO [dbo].[Answer_ANS] ([Id_Question], [Value], [Valid]) VALUES
    (1458, N'Fernand Khnopff', 1),
    (1458, N'James Ensor', 0),
    (1458, N'Paul Delvaux', 0),
    (1458, N'René Magritte', 0);

IF NOT EXISTS (SELECT 1 FROM [dbo].[QuestionTheme_QTH] WHERE Id_Question = 1458 AND Id_Theme = @ThemeId)
BEGIN
    INSERT INTO [dbo].[QuestionTheme_QTH] ([Id_Question], [Id_Theme]) VALUES (1458, @ThemeId);
END

-- Question 102
SET IDENTITY_INSERT [dbo].[Question_QST] ON;
IF NOT EXISTS (SELECT 1 FROM [dbo].[Question_QST] WHERE Id = 1459)
BEGIN
    INSERT INTO [dbo].[Question_QST] ([Id], [Question], [Id_Difficulty])
    VALUES (1459, N'Quel artiste est connu pour avoir inventé le ready-made ?', 3);
END
SET IDENTITY_INSERT [dbo].[Question_QST] OFF;

INSERT INTO [dbo].[Answer_ANS] ([Id_Question], [Value], [Valid]) VALUES
    (1459, N'Marcel Duchamp', 1),
    (1459, N'Man Ray', 0),
    (1459, N'Max Ernst', 0),
    (1459, N'Hans Arp', 0);

IF NOT EXISTS (SELECT 1 FROM [dbo].[QuestionTheme_QTH] WHERE Id_Question = 1459 AND Id_Theme = @ThemeId)
BEGIN
    INSERT INTO [dbo].[QuestionTheme_QTH] ([Id_Question], [Id_Theme]) VALUES (1459, @ThemeId);
END

-- Question 103
SET IDENTITY_INSERT [dbo].[Question_QST] ON;
IF NOT EXISTS (SELECT 1 FROM [dbo].[Question_QST] WHERE Id = 1460)
BEGIN
    INSERT INTO [dbo].[Question_QST] ([Id], [Question], [Id_Difficulty])
    VALUES (1460, N'Quel peintre américain de l’expressionnisme abstrait a développé la technique du dripping ?', 3);
END
SET IDENTITY_INSERT [dbo].[Question_QST] OFF;

INSERT INTO [dbo].[Answer_ANS] ([Id_Question], [Value], [Valid]) VALUES
    (1460, N'Jackson Pollock', 1),
    (1460, N'Mark Rothko', 0),
    (1460, N'Willem de Kooning', 0),
    (1460, N'Barnett Newman', 0);

IF NOT EXISTS (SELECT 1 FROM [dbo].[QuestionTheme_QTH] WHERE Id_Question = 1460 AND Id_Theme = @ThemeId)
BEGIN
    INSERT INTO [dbo].[QuestionTheme_QTH] ([Id_Question], [Id_Theme]) VALUES (1460, @ThemeId);
END

-- Question 104
SET IDENTITY_INSERT [dbo].[Question_QST] ON;
IF NOT EXISTS (SELECT 1 FROM [dbo].[Question_QST] WHERE Id = 1461)
BEGIN
    INSERT INTO [dbo].[Question_QST] ([Id], [Question], [Id_Difficulty])
    VALUES (1461, N'Quel sculpteur italien a travaillé sur la Basilique Saint-Pierre et sculpté le ''Baldaquin'' ?', 3);
END
SET IDENTITY_INSERT [dbo].[Question_QST] OFF;

INSERT INTO [dbo].[Answer_ANS] ([Id_Question], [Value], [Valid]) VALUES
    (1461, N'Gian Lorenzo Bernin', 1),
    (1461, N'Michel-Ange', 0),
    (1461, N'Canova', 0),
    (1461, N'Donatello', 0);

IF NOT EXISTS (SELECT 1 FROM [dbo].[QuestionTheme_QTH] WHERE Id_Question = 1461 AND Id_Theme = @ThemeId)
BEGIN
    INSERT INTO [dbo].[QuestionTheme_QTH] ([Id_Question], [Id_Theme]) VALUES (1461, @ThemeId);
END

-- Question 105
SET IDENTITY_INSERT [dbo].[Question_QST] ON;
IF NOT EXISTS (SELECT 1 FROM [dbo].[Question_QST] WHERE Id = 1462)
BEGIN
    INSERT INTO [dbo].[Question_QST] ([Id], [Question], [Id_Difficulty])
    VALUES (1462, N'Quel peintre français du XVIIe siècle a peint ''Les Noces de Cana'' ?', 3);
END
SET IDENTITY_INSERT [dbo].[Question_QST] OFF;

INSERT INTO [dbo].[Answer_ANS] ([Id_Question], [Value], [Valid]) VALUES
    (1462, N'Paolo Veronese', 1),
    (1462, N'Nicolas Poussin', 0),
    (1462, N'Claude Lorrain', 0),
    (1462, N'Jean-Baptiste-Siméon Chardin', 0);

IF NOT EXISTS (SELECT 1 FROM [dbo].[QuestionTheme_QTH] WHERE Id_Question = 1462 AND Id_Theme = @ThemeId)
BEGIN
    INSERT INTO [dbo].[QuestionTheme_QTH] ([Id_Question], [Id_Theme]) VALUES (1462, @ThemeId);
END

-- Question 106
SET IDENTITY_INSERT [dbo].[Question_QST] ON;
IF NOT EXISTS (SELECT 1 FROM [dbo].[Question_QST] WHERE Id = 1463)
BEGIN
    INSERT INTO [dbo].[Question_QST] ([Id], [Question], [Id_Difficulty])
    VALUES (1463, N'Quel peintre néerlandais est célèbre pour ses portraits intimes et lumineux de la bourgeoisie ?', 3);
END
SET IDENTITY_INSERT [dbo].[Question_QST] OFF;

INSERT INTO [dbo].[Answer_ANS] ([Id_Question], [Value], [Valid]) VALUES
    (1463, N'Johannes Vermeer', 1),
    (1463, N'Rembrandt', 0),
    (1463, N'Frans Hals', 0),
    (1463, N'Jan Steen', 0);

IF NOT EXISTS (SELECT 1 FROM [dbo].[QuestionTheme_QTH] WHERE Id_Question = 1463 AND Id_Theme = @ThemeId)
BEGIN
    INSERT INTO [dbo].[QuestionTheme_QTH] ([Id_Question], [Id_Theme]) VALUES (1463, @ThemeId);
END

-- Question 107
SET IDENTITY_INSERT [dbo].[Question_QST] ON;
IF NOT EXISTS (SELECT 1 FROM [dbo].[Question_QST] WHERE Id = 1464)
BEGIN
    INSERT INTO [dbo].[Question_QST] ([Id], [Question], [Id_Difficulty])
    VALUES (1464, N'Quel mouvement artistique a été fondé par Kasimir Malevitch et met l’accent sur la géométrie pure ?', 3);
END
SET IDENTITY_INSERT [dbo].[Question_QST] OFF;

INSERT INTO [dbo].[Answer_ANS] ([Id_Question], [Value], [Valid]) VALUES
    (1464, N'Suprématisme', 1),
    (1464, N'Cubisme', 0),
    (1464, N'Futurisme', 0),
    (1464, N'Constructivisme', 0);

IF NOT EXISTS (SELECT 1 FROM [dbo].[QuestionTheme_QTH] WHERE Id_Question = 1464 AND Id_Theme = @ThemeId)
BEGIN
    INSERT INTO [dbo].[QuestionTheme_QTH] ([Id_Question], [Id_Theme]) VALUES (1464, @ThemeId);
END

-- Question 108
SET IDENTITY_INSERT [dbo].[Question_QST] ON;
IF NOT EXISTS (SELECT 1 FROM [dbo].[Question_QST] WHERE Id = 1465)
BEGIN
    INSERT INTO [dbo].[Question_QST] ([Id], [Question], [Id_Difficulty])
    VALUES (1465, N'Quel peintre allemand du XIXe siècle a fondé le mouvement romantique à travers ses paysages dramatiques ?', 3);
END
SET IDENTITY_INSERT [dbo].[Question_QST] OFF;

INSERT INTO [dbo].[Answer_ANS] ([Id_Question], [Value], [Valid]) VALUES
    (1465, N'Caspar David Friedrich', 1),
    (1465, N'Adolph Menzel', 0),
    (1465, N'Max Klinger', 0),
    (1465, N'Arnold Böcklin', 0);

IF NOT EXISTS (SELECT 1 FROM [dbo].[QuestionTheme_QTH] WHERE Id_Question = 1465 AND Id_Theme = @ThemeId)
BEGIN
    INSERT INTO [dbo].[QuestionTheme_QTH] ([Id_Question], [Id_Theme]) VALUES (1465, @ThemeId);
END

-- Question 109
SET IDENTITY_INSERT [dbo].[Question_QST] ON;
IF NOT EXISTS (SELECT 1 FROM [dbo].[Question_QST] WHERE Id = 1466)
BEGIN
    INSERT INTO [dbo].[Question_QST] ([Id], [Question], [Id_Difficulty])
    VALUES (1466, N'Quel artiste espagnol est connu pour son surréalisme mystique et ''Le Spectre du sex-appeal'' ?', 3);
END
SET IDENTITY_INSERT [dbo].[Question_QST] OFF;

INSERT INTO [dbo].[Answer_ANS] ([Id_Question], [Value], [Valid]) VALUES
    (1466, N'Remedios Varo', 1),
    (1466, N'Salvador Dalí', 0),
    (1466, N'Joan Miró', 0),
    (1466, N'Francisco Goya', 0);

IF NOT EXISTS (SELECT 1 FROM [dbo].[QuestionTheme_QTH] WHERE Id_Question = 1466 AND Id_Theme = @ThemeId)
BEGIN
    INSERT INTO [dbo].[QuestionTheme_QTH] ([Id_Question], [Id_Theme]) VALUES (1466, @ThemeId);
END

-- Question 110
SET IDENTITY_INSERT [dbo].[Question_QST] ON;
IF NOT EXISTS (SELECT 1 FROM [dbo].[Question_QST] WHERE Id = 1467)
BEGIN
    INSERT INTO [dbo].[Question_QST] ([Id], [Question], [Id_Difficulty])
    VALUES (1467, N'Quel peintre français a créé ''L’Enterrement à Ornans'' et est un précurseur du réalisme ?', 3);
END
SET IDENTITY_INSERT [dbo].[Question_QST] OFF;

INSERT INTO [dbo].[Answer_ANS] ([Id_Question], [Value], [Valid]) VALUES
    (1467, N'Gustave Courbet', 1),
    (1467, N'Jean-François Millet', 0),
    (1467, N'Édouard Manet', 0),
    (1467, N'Camille Pissarro', 0);

IF NOT EXISTS (SELECT 1 FROM [dbo].[QuestionTheme_QTH] WHERE Id_Question = 1467 AND Id_Theme = @ThemeId)
BEGIN
    INSERT INTO [dbo].[QuestionTheme_QTH] ([Id_Question], [Id_Theme]) VALUES (1467, @ThemeId);
END

-- Question 111
SET IDENTITY_INSERT [dbo].[Question_QST] ON;
IF NOT EXISTS (SELECT 1 FROM [dbo].[Question_QST] WHERE Id = 1468)
BEGIN
    INSERT INTO [dbo].[Question_QST] ([Id], [Question], [Id_Difficulty])
    VALUES (1468, N'Quel peintre mexicain a peint ''L’Homme au croissant de lune'' et ''La création'' ?', 3);
END
SET IDENTITY_INSERT [dbo].[Question_QST] OFF;

INSERT INTO [dbo].[Answer_ANS] ([Id_Question], [Value], [Valid]) VALUES
    (1468, N'Diego Rivera', 1),
    (1468, N'Frida Kahlo', 0),
    (1468, N'José Clemente Orozco', 0),
    (1468, N'David Alfaro Siqueiros', 0);

IF NOT EXISTS (SELECT 1 FROM [dbo].[QuestionTheme_QTH] WHERE Id_Question = 1468 AND Id_Theme = @ThemeId)
BEGIN
    INSERT INTO [dbo].[QuestionTheme_QTH] ([Id_Question], [Id_Theme]) VALUES (1468, @ThemeId);
END

-- Question 112
SET IDENTITY_INSERT [dbo].[Question_QST] ON;
IF NOT EXISTS (SELECT 1 FROM [dbo].[Question_QST] WHERE Id = 1469)
BEGIN
    INSERT INTO [dbo].[Question_QST] ([Id], [Question], [Id_Difficulty])
    VALUES (1469, N'Quel sculpteur suisse est connu pour ses figures élancées et filiformes ?', 3);
END
SET IDENTITY_INSERT [dbo].[Question_QST] OFF;

INSERT INTO [dbo].[Answer_ANS] ([Id_Question], [Value], [Valid]) VALUES
    (1469, N'Alberto Giacometti', 1),
    (1469, N'Henry Moore', 0),
    (1469, N'Jean Arp', 0),
    (1469, N'Constantin Brâncuși', 0);

IF NOT EXISTS (SELECT 1 FROM [dbo].[QuestionTheme_QTH] WHERE Id_Question = 1469 AND Id_Theme = @ThemeId)
BEGIN
    INSERT INTO [dbo].[QuestionTheme_QTH] ([Id_Question], [Id_Theme]) VALUES (1469, @ThemeId);
END

-- Question 113
SET IDENTITY_INSERT [dbo].[Question_QST] ON;
IF NOT EXISTS (SELECT 1 FROM [dbo].[Question_QST] WHERE Id = 1470)
BEGIN
    INSERT INTO [dbo].[Question_QST] ([Id], [Question], [Id_Difficulty])
    VALUES (1470, N'Quel peintre italien de la Renaissance a peint la chapelle Sixtine ?', 3);
END
SET IDENTITY_INSERT [dbo].[Question_QST] OFF;

INSERT INTO [dbo].[Answer_ANS] ([Id_Question], [Value], [Valid]) VALUES
    (1470, N'Michel-Ange', 1),
    (1470, N'Raphaël', 0),
    (1470, N'Leonardo da Vinci', 0),
    (1470, N'Titien', 0);

IF NOT EXISTS (SELECT 1 FROM [dbo].[QuestionTheme_QTH] WHERE Id_Question = 1470 AND Id_Theme = @ThemeId)
BEGIN
    INSERT INTO [dbo].[QuestionTheme_QTH] ([Id_Question], [Id_Theme]) VALUES (1470, @ThemeId);
END

-- Question 114
SET IDENTITY_INSERT [dbo].[Question_QST] ON;
IF NOT EXISTS (SELECT 1 FROM [dbo].[Question_QST] WHERE Id = 1471)
BEGIN
    INSERT INTO [dbo].[Question_QST] ([Id], [Question], [Id_Difficulty])
    VALUES (1471, N'Quel artiste est célèbre pour ses sculptures de fil de fer et ses figures géométriques mobiles ?', 3);
END
SET IDENTITY_INSERT [dbo].[Question_QST] OFF;

INSERT INTO [dbo].[Answer_ANS] ([Id_Question], [Value], [Valid]) VALUES
    (1471, N'Alexander Calder', 1),
    (1471, N'Henry Moore', 0),
    (1471, N'Jean Arp', 0),
    (1471, N'Constantin Brâncuși', 0);

IF NOT EXISTS (SELECT 1 FROM [dbo].[QuestionTheme_QTH] WHERE Id_Question = 1471 AND Id_Theme = @ThemeId)
BEGIN
    INSERT INTO [dbo].[QuestionTheme_QTH] ([Id_Question], [Id_Theme]) VALUES (1471, @ThemeId);
END

-- Question 115
SET IDENTITY_INSERT [dbo].[Question_QST] ON;
IF NOT EXISTS (SELECT 1 FROM [dbo].[Question_QST] WHERE Id = 1472)
BEGIN
    INSERT INTO [dbo].[Question_QST] ([Id], [Question], [Id_Difficulty])
    VALUES (1472, N'Quel peintre français a peint ''L’Atelier du peintre'' ?', 3);
END
SET IDENTITY_INSERT [dbo].[Question_QST] OFF;

INSERT INTO [dbo].[Answer_ANS] ([Id_Question], [Value], [Valid]) VALUES
    (1472, N'Gustave Courbet', 1),
    (1472, N'Jean-Baptiste-Camille Corot', 0),
    (1472, N'Édouard Manet', 0),
    (1472, N'Paul Cézanne', 0);

IF NOT EXISTS (SELECT 1 FROM [dbo].[QuestionTheme_QTH] WHERE Id_Question = 1472 AND Id_Theme = @ThemeId)
BEGIN
    INSERT INTO [dbo].[QuestionTheme_QTH] ([Id_Question], [Id_Theme]) VALUES (1472, @ThemeId);
END

-- Question 116
SET IDENTITY_INSERT [dbo].[Question_QST] ON;
IF NOT EXISTS (SELECT 1 FROM [dbo].[Question_QST] WHERE Id = 1473)
BEGIN
    INSERT INTO [dbo].[Question_QST] ([Id], [Question], [Id_Difficulty])
    VALUES (1473, N'Quel peintre symboliste a réalisé ''Le Cri de la Nature'' ?', 3);
END
SET IDENTITY_INSERT [dbo].[Question_QST] OFF;

INSERT INTO [dbo].[Answer_ANS] ([Id_Question], [Value], [Valid]) VALUES
    (1473, N'Arnold Böcklin', 1),
    (1473, N'Gustave Moreau', 0),
    (1473, N'Odilon Redon', 0),
    (1473, N'Franz von Stuck', 0);

IF NOT EXISTS (SELECT 1 FROM [dbo].[QuestionTheme_QTH] WHERE Id_Question = 1473 AND Id_Theme = @ThemeId)
BEGIN
    INSERT INTO [dbo].[QuestionTheme_QTH] ([Id_Question], [Id_Theme]) VALUES (1473, @ThemeId);
END

-- Question 117
SET IDENTITY_INSERT [dbo].[Question_QST] ON;
IF NOT EXISTS (SELECT 1 FROM [dbo].[Question_QST] WHERE Id = 1474)
BEGIN
    INSERT INTO [dbo].[Question_QST] ([Id], [Question], [Id_Difficulty])
    VALUES (1474, N'Quel sculpteur italien a réalisé ''Le Serment des Horaces'' ?', 3);
END
SET IDENTITY_INSERT [dbo].[Question_QST] OFF;

INSERT INTO [dbo].[Answer_ANS] ([Id_Question], [Value], [Valid]) VALUES
    (1474, N'Antonio Canova', 1),
    (1474, N'Michel-Ange', 0),
    (1474, N'Bernin', 0),
    (1474, N'Donatello', 0);

IF NOT EXISTS (SELECT 1 FROM [dbo].[QuestionTheme_QTH] WHERE Id_Question = 1474 AND Id_Theme = @ThemeId)
BEGIN
    INSERT INTO [dbo].[QuestionTheme_QTH] ([Id_Question], [Id_Theme]) VALUES (1474, @ThemeId);
END

-- Question 118
SET IDENTITY_INSERT [dbo].[Question_QST] ON;
IF NOT EXISTS (SELECT 1 FROM [dbo].[Question_QST] WHERE Id = 1475)
BEGIN
    INSERT INTO [dbo].[Question_QST] ([Id], [Question], [Id_Difficulty])
    VALUES (1475, N'Quel peintre russe a fondé le mouvement des icônes modernes avec ''Coin de Paris'' ?', 3);
END
SET IDENTITY_INSERT [dbo].[Question_QST] OFF;

INSERT INTO [dbo].[Answer_ANS] ([Id_Question], [Value], [Valid]) VALUES
    (1475, N'Kazimir Malevitch', 0),
    (1475, N'Vasily Kandinsky', 0),
    (1475, N'Marc Chagall', 1),
    (1475, N'El Lissitzky', 0);

IF NOT EXISTS (SELECT 1 FROM [dbo].[QuestionTheme_QTH] WHERE Id_Question = 1475 AND Id_Theme = @ThemeId)
BEGIN
    INSERT INTO [dbo].[QuestionTheme_QTH] ([Id_Question], [Id_Theme]) VALUES (1475, @ThemeId);
END

-- Question 119
SET IDENTITY_INSERT [dbo].[Question_QST] ON;
IF NOT EXISTS (SELECT 1 FROM [dbo].[Question_QST] WHERE Id = 1476)
BEGIN
    INSERT INTO [dbo].[Question_QST] ([Id], [Question], [Id_Difficulty])
    VALUES (1476, N'Quel peintre italien baroque a peint ''La Ronde de Bacchus'' ?', 3);
END
SET IDENTITY_INSERT [dbo].[Question_QST] OFF;

INSERT INTO [dbo].[Answer_ANS] ([Id_Question], [Value], [Valid]) VALUES
    (1476, N'Annibale Carracci', 1),
    (1476, N'Caravaggio', 0),
    (1476, N'Guido Reni', 0),
    (1476, N'Artemisia Gentileschi', 0);

IF NOT EXISTS (SELECT 1 FROM [dbo].[QuestionTheme_QTH] WHERE Id_Question = 1476 AND Id_Theme = @ThemeId)
BEGIN
    INSERT INTO [dbo].[QuestionTheme_QTH] ([Id_Question], [Id_Theme]) VALUES (1476, @ThemeId);
END

-- Question 120
SET IDENTITY_INSERT [dbo].[Question_QST] ON;
IF NOT EXISTS (SELECT 1 FROM [dbo].[Question_QST] WHERE Id = 1477)
BEGIN
    INSERT INTO [dbo].[Question_QST] ([Id], [Question], [Id_Difficulty])
    VALUES (1477, N'Quel peintre expressionniste allemand a créé ''Portrait de l’artiste en moine'' ?', 3);
END
SET IDENTITY_INSERT [dbo].[Question_QST] OFF;

INSERT INTO [dbo].[Answer_ANS] ([Id_Question], [Value], [Valid]) VALUES
    (1477, N'Ernst Ludwig Kirchner', 0),
    (1477, N'Emil Nolde', 0),
    (1477, N'Max Beckmann', 1),
    (1477, N'Otto Dix', 0);

IF NOT EXISTS (SELECT 1 FROM [dbo].[QuestionTheme_QTH] WHERE Id_Question = 1477 AND Id_Theme = @ThemeId)
BEGIN
    INSERT INTO [dbo].[QuestionTheme_QTH] ([Id_Question], [Id_Theme]) VALUES (1477, @ThemeId);
END

-- Question 121
SET IDENTITY_INSERT [dbo].[Question_QST] ON;
IF NOT EXISTS (SELECT 1 FROM [dbo].[Question_QST] WHERE Id = 1478)
BEGIN
    INSERT INTO [dbo].[Question_QST] ([Id], [Question], [Id_Difficulty])
    VALUES (1478, N'Quel artiste est associé au mouvement CoBrA ?', 3);
END
SET IDENTITY_INSERT [dbo].[Question_QST] OFF;

INSERT INTO [dbo].[Answer_ANS] ([Id_Question], [Value], [Valid]) VALUES
    (1478, N'Asger Jorn', 0),
    (1478, N'Karel Appel', 0),
    (1478, N'Carl-Henning Pedersen', 0),
    (1478, N'Tous', 1);

IF NOT EXISTS (SELECT 1 FROM [dbo].[QuestionTheme_QTH] WHERE Id_Question = 1478 AND Id_Theme = @ThemeId)
BEGIN
    INSERT INTO [dbo].[QuestionTheme_QTH] ([Id_Question], [Id_Theme]) VALUES (1478, @ThemeId);
END

-- Question 122
SET IDENTITY_INSERT [dbo].[Question_QST] ON;
IF NOT EXISTS (SELECT 1 FROM [dbo].[Question_QST] WHERE Id = 1479)
BEGIN
    INSERT INTO [dbo].[Question_QST] ([Id], [Question], [Id_Difficulty])
    VALUES (1479, N'Quel peintre du XIXe siècle a peint ''L’Origine du monde'' ?', 3);
END
SET IDENTITY_INSERT [dbo].[Question_QST] OFF;

INSERT INTO [dbo].[Answer_ANS] ([Id_Question], [Value], [Valid]) VALUES
    (1479, N'Gustave Courbet', 1),
    (1479, N'Édouard Manet', 0),
    (1479, N'Jean-Auguste-Dominique Ingres', 0),
    (1479, N'Théodore Géricault', 0);

IF NOT EXISTS (SELECT 1 FROM [dbo].[QuestionTheme_QTH] WHERE Id_Question = 1479 AND Id_Theme = @ThemeId)
BEGIN
    INSERT INTO [dbo].[QuestionTheme_QTH] ([Id_Question], [Id_Theme]) VALUES (1479, @ThemeId);
END

-- Question 123
SET IDENTITY_INSERT [dbo].[Question_QST] ON;
IF NOT EXISTS (SELECT 1 FROM [dbo].[Question_QST] WHERE Id = 1480)
BEGIN
    INSERT INTO [dbo].[Question_QST] ([Id], [Question], [Id_Difficulty])
    VALUES (1480, N'Quel sculpteur français a réalisé le groupe ''La Défense de Paris'' ?', 3);
END
SET IDENTITY_INSERT [dbo].[Question_QST] OFF;

INSERT INTO [dbo].[Answer_ANS] ([Id_Question], [Value], [Valid]) VALUES
    (1480, N'Louis-Ernest Barrias', 1),
    (1480, N'Auguste Rodin', 0),
    (1480, N'Jean-Baptiste Carpeaux', 0),
    (1480, N'François Pompon', 0);

IF NOT EXISTS (SELECT 1 FROM [dbo].[QuestionTheme_QTH] WHERE Id_Question = 1480 AND Id_Theme = @ThemeId)
BEGIN
    INSERT INTO [dbo].[QuestionTheme_QTH] ([Id_Question], [Id_Theme]) VALUES (1480, @ThemeId);
END

-- Question 124
SET IDENTITY_INSERT [dbo].[Question_QST] ON;
IF NOT EXISTS (SELECT 1 FROM [dbo].[Question_QST] WHERE Id = 1481)
BEGIN
    INSERT INTO [dbo].[Question_QST] ([Id], [Question], [Id_Difficulty])
    VALUES (1481, N'Quel peintre hollandais du XVIIe siècle a peint des scènes de marchés et tavernes ?', 3);
END
SET IDENTITY_INSERT [dbo].[Question_QST] OFF;

INSERT INTO [dbo].[Answer_ANS] ([Id_Question], [Value], [Valid]) VALUES
    (1481, N'Jan Steen', 1),
    (1481, N'Rembrandt', 0),
    (1481, N'Vermeer', 0),
    (1481, N'Hals', 0);

IF NOT EXISTS (SELECT 1 FROM [dbo].[QuestionTheme_QTH] WHERE Id_Question = 1481 AND Id_Theme = @ThemeId)
BEGIN
    INSERT INTO [dbo].[QuestionTheme_QTH] ([Id_Question], [Id_Theme]) VALUES (1481, @ThemeId);
END

-- Question 125
SET IDENTITY_INSERT [dbo].[Question_QST] ON;
IF NOT EXISTS (SELECT 1 FROM [dbo].[Question_QST] WHERE Id = 1482)
BEGIN
    INSERT INTO [dbo].[Question_QST] ([Id], [Question], [Id_Difficulty])
    VALUES (1482, N'Quel artiste est connu pour ses installations immersives avec des pois ?', 3);
END
SET IDENTITY_INSERT [dbo].[Question_QST] OFF;

INSERT INTO [dbo].[Answer_ANS] ([Id_Question], [Value], [Valid]) VALUES
    (1482, N'Yayoi Kusama', 1),
    (1482, N'Jeff Koons', 0),
    (1482, N'Damien Hirst', 0),
    (1482, N'Takashi Murakami', 0);

IF NOT EXISTS (SELECT 1 FROM [dbo].[QuestionTheme_QTH] WHERE Id_Question = 1482 AND Id_Theme = @ThemeId)
BEGIN
    INSERT INTO [dbo].[QuestionTheme_QTH] ([Id_Question], [Id_Theme]) VALUES (1482, @ThemeId);
END

-- Question 126
SET IDENTITY_INSERT [dbo].[Question_QST] ON;
IF NOT EXISTS (SELECT 1 FROM [dbo].[Question_QST] WHERE Id = 1483)
BEGIN
    INSERT INTO [dbo].[Question_QST] ([Id], [Question], [Id_Difficulty])
    VALUES (1483, N'Quel peintre symboliste a peint ''La Vision après le sermon'' ?', 3);
END
SET IDENTITY_INSERT [dbo].[Question_QST] OFF;

INSERT INTO [dbo].[Answer_ANS] ([Id_Question], [Value], [Valid]) VALUES
    (1483, N'Paul Gauguin', 1),
    (1483, N'Odilon Redon', 0),
    (1483, N'Gustave Moreau', 0),
    (1483, N'Pierre Puvis de Chavannes', 0);

IF NOT EXISTS (SELECT 1 FROM [dbo].[QuestionTheme_QTH] WHERE Id_Question = 1483 AND Id_Theme = @ThemeId)
BEGIN
    INSERT INTO [dbo].[QuestionTheme_QTH] ([Id_Question], [Id_Theme]) VALUES (1483, @ThemeId);
END

-- Question 127
SET IDENTITY_INSERT [dbo].[Question_QST] ON;
IF NOT EXISTS (SELECT 1 FROM [dbo].[Question_QST] WHERE Id = 1484)
BEGIN
    INSERT INTO [dbo].[Question_QST] ([Id], [Question], [Id_Difficulty])
    VALUES (1484, N'Quel sculpteur roumain a créé ''Colonne sans fin'' ?', 3);
END
SET IDENTITY_INSERT [dbo].[Question_QST] OFF;

INSERT INTO [dbo].[Answer_ANS] ([Id_Question], [Value], [Valid]) VALUES
    (1484, N'Constantin Brâncuși', 1),
    (1484, N'Henry Moore', 0),
    (1484, N'Jean Arp', 0),
    (1484, N'Alberto Giacometti', 0);

IF NOT EXISTS (SELECT 1 FROM [dbo].[QuestionTheme_QTH] WHERE Id_Question = 1484 AND Id_Theme = @ThemeId)
BEGIN
    INSERT INTO [dbo].[QuestionTheme_QTH] ([Id_Question], [Id_Theme]) VALUES (1484, @ThemeId);
END

-- Question 128
SET IDENTITY_INSERT [dbo].[Question_QST] ON;
IF NOT EXISTS (SELECT 1 FROM [dbo].[Question_QST] WHERE Id = 1485)
BEGIN
    INSERT INTO [dbo].[Question_QST] ([Id], [Question], [Id_Difficulty])
    VALUES (1485, N'Quel peintre du XXe siècle a créé ''La Femme qui pleure'' ?', 3);
END
SET IDENTITY_INSERT [dbo].[Question_QST] OFF;

INSERT INTO [dbo].[Answer_ANS] ([Id_Question], [Value], [Valid]) VALUES
    (1485, N'Pablo Picasso', 1),
    (1485, N'Georges Braque', 0),
    (1485, N'Juan Gris', 0),
    (1485, N'Fernand Léger', 0);

IF NOT EXISTS (SELECT 1 FROM [dbo].[QuestionTheme_QTH] WHERE Id_Question = 1485 AND Id_Theme = @ThemeId)
BEGIN
    INSERT INTO [dbo].[QuestionTheme_QTH] ([Id_Question], [Id_Theme]) VALUES (1485, @ThemeId);
END

-- Question 129
SET IDENTITY_INSERT [dbo].[Question_QST] ON;
IF NOT EXISTS (SELECT 1 FROM [dbo].[Question_QST] WHERE Id = 1486)
BEGIN
    INSERT INTO [dbo].[Question_QST] ([Id], [Question], [Id_Difficulty])
    VALUES (1486, N'Quel peintre impressionniste a peint ''Le Bassin aux nymphéas'' ?', 3);
END
SET IDENTITY_INSERT [dbo].[Question_QST] OFF;

INSERT INTO [dbo].[Answer_ANS] ([Id_Question], [Value], [Valid]) VALUES
    (1486, N'Claude Monet', 1),
    (1486, N'Pierre-Auguste Renoir', 0),
    (1486, N'Edgar Degas', 0),
    (1486, N'Camille Pissarro', 0);

IF NOT EXISTS (SELECT 1 FROM [dbo].[QuestionTheme_QTH] WHERE Id_Question = 1486 AND Id_Theme = @ThemeId)
BEGIN
    INSERT INTO [dbo].[QuestionTheme_QTH] ([Id_Question], [Id_Theme]) VALUES (1486, @ThemeId);
END

-- Question 130
SET IDENTITY_INSERT [dbo].[Question_QST] ON;
IF NOT EXISTS (SELECT 1 FROM [dbo].[Question_QST] WHERE Id = 1487)
BEGIN
    INSERT INTO [dbo].[Question_QST] ([Id], [Question], [Id_Difficulty])
    VALUES (1487, N'Quel peintre italien du XVe siècle est célèbre pour ses fresques dans l’église Santa Maria Novella ?', 3);
END
SET IDENTITY_INSERT [dbo].[Question_QST] OFF;

INSERT INTO [dbo].[Answer_ANS] ([Id_Question], [Value], [Valid]) VALUES
    (1487, N'Masaccio', 1),
    (1487, N'Giotto', 0),
    (1487, N'Fra Angelico', 0),
    (1487, N'Piero della Francesca', 0);

IF NOT EXISTS (SELECT 1 FROM [dbo].[QuestionTheme_QTH] WHERE Id_Question = 1487 AND Id_Theme = @ThemeId)
BEGIN
    INSERT INTO [dbo].[QuestionTheme_QTH] ([Id_Question], [Id_Theme]) VALUES (1487, @ThemeId);
END

-- Question 131
SET IDENTITY_INSERT [dbo].[Question_QST] ON;
IF NOT EXISTS (SELECT 1 FROM [dbo].[Question_QST] WHERE Id = 1488)
BEGIN
    INSERT INTO [dbo].[Question_QST] ([Id], [Question], [Id_Difficulty])
    VALUES (1488, N'Quel artiste est associé au constructivisme russe ?', 3);
END
SET IDENTITY_INSERT [dbo].[Question_QST] OFF;

INSERT INTO [dbo].[Answer_ANS] ([Id_Question], [Value], [Valid]) VALUES
    (1488, N'Vladimir Tatline', 1),
    (1488, N'Kazimir Malevitch', 0),
    (1488, N'El Lissitzky', 0),
    (1488, N'Alexandra Exter', 0);

IF NOT EXISTS (SELECT 1 FROM [dbo].[QuestionTheme_QTH] WHERE Id_Question = 1488 AND Id_Theme = @ThemeId)
BEGIN
    INSERT INTO [dbo].[QuestionTheme_QTH] ([Id_Question], [Id_Theme]) VALUES (1488, @ThemeId);
END

-- Question 132
SET IDENTITY_INSERT [dbo].[Question_QST] ON;
IF NOT EXISTS (SELECT 1 FROM [dbo].[Question_QST] WHERE Id = 1489)
BEGIN
    INSERT INTO [dbo].[Question_QST] ([Id], [Question], [Id_Difficulty])
    VALUES (1489, N'Quel peintre espagnol a réalisé ''Le Triomphe de Bacchus'' ?', 3);
END
SET IDENTITY_INSERT [dbo].[Question_QST] OFF;

INSERT INTO [dbo].[Answer_ANS] ([Id_Question], [Value], [Valid]) VALUES
    (1489, N'Diego Velázquez', 1),
    (1489, N'Francisco Goya', 0),
    (1489, N'El Greco', 0),
    (1489, N'Juan Gris', 0);

IF NOT EXISTS (SELECT 1 FROM [dbo].[QuestionTheme_QTH] WHERE Id_Question = 1489 AND Id_Theme = @ThemeId)
BEGIN
    INSERT INTO [dbo].[QuestionTheme_QTH] ([Id_Question], [Id_Theme]) VALUES (1489, @ThemeId);
END

-- Question 133
SET IDENTITY_INSERT [dbo].[Question_QST] ON;
IF NOT EXISTS (SELECT 1 FROM [dbo].[Question_QST] WHERE Id = 1490)
BEGIN
    INSERT INTO [dbo].[Question_QST] ([Id], [Question], [Id_Difficulty])
    VALUES (1490, N'Quel sculpteur italien a réalisé le tombeau de Jules II ?', 3);
END
SET IDENTITY_INSERT [dbo].[Question_QST] OFF;

INSERT INTO [dbo].[Answer_ANS] ([Id_Question], [Value], [Valid]) VALUES
    (1490, N'Michel-Ange', 1),
    (1490, N'Bernin', 0),
    (1490, N'Canova', 0),
    (1490, N'Donatello', 0);

IF NOT EXISTS (SELECT 1 FROM [dbo].[QuestionTheme_QTH] WHERE Id_Question = 1490 AND Id_Theme = @ThemeId)
BEGIN
    INSERT INTO [dbo].[QuestionTheme_QTH] ([Id_Question], [Id_Theme]) VALUES (1490, @ThemeId);
END

-- Question 134
SET IDENTITY_INSERT [dbo].[Question_QST] ON;
IF NOT EXISTS (SELECT 1 FROM [dbo].[Question_QST] WHERE Id = 1491)
BEGIN
    INSERT INTO [dbo].[Question_QST] ([Id], [Question], [Id_Difficulty])
    VALUES (1491, N'Quel peintre expressionniste français a peint ''Le Rêve'' ?', 3);
END
SET IDENTITY_INSERT [dbo].[Question_QST] OFF;

INSERT INTO [dbo].[Answer_ANS] ([Id_Question], [Value], [Valid]) VALUES
    (1491, N'Henri Matisse', 1),
    (1491, N'Paul Cézanne', 0),
    (1491, N'Georges Rouault', 0),
    (1491, N'André Derain', 0);

IF NOT EXISTS (SELECT 1 FROM [dbo].[QuestionTheme_QTH] WHERE Id_Question = 1491 AND Id_Theme = @ThemeId)
BEGIN
    INSERT INTO [dbo].[QuestionTheme_QTH] ([Id_Question], [Id_Theme]) VALUES (1491, @ThemeId);
END

-- Question 135
SET IDENTITY_INSERT [dbo].[Question_QST] ON;
IF NOT EXISTS (SELECT 1 FROM [dbo].[Question_QST] WHERE Id = 1492)
BEGIN
    INSERT INTO [dbo].[Question_QST] ([Id], [Question], [Id_Difficulty])
    VALUES (1492, N'Quel peintre cubiste a travaillé avec Georges Braque et Juan Gris ?', 3);
END
SET IDENTITY_INSERT [dbo].[Question_QST] OFF;

INSERT INTO [dbo].[Answer_ANS] ([Id_Question], [Value], [Valid]) VALUES
    (1492, N'Pablo Picasso', 1),
    (1492, N'Fernand Léger', 0),
    (1492, N'Albert Gleizes', 0),
    (1492, N'Jean Metzinger', 0);

IF NOT EXISTS (SELECT 1 FROM [dbo].[QuestionTheme_QTH] WHERE Id_Question = 1492 AND Id_Theme = @ThemeId)
BEGIN
    INSERT INTO [dbo].[QuestionTheme_QTH] ([Id_Question], [Id_Theme]) VALUES (1492, @ThemeId);
END

-- Question 136
SET IDENTITY_INSERT [dbo].[Question_QST] ON;
IF NOT EXISTS (SELECT 1 FROM [dbo].[Question_QST] WHERE Id = 1493)
BEGIN
    INSERT INTO [dbo].[Question_QST] ([Id], [Question], [Id_Difficulty])
    VALUES (1493, N'Quel peintre américain du XXe siècle est associé au mouvement color field painting ?', 3);
END
SET IDENTITY_INSERT [dbo].[Question_QST] OFF;

INSERT INTO [dbo].[Answer_ANS] ([Id_Question], [Value], [Valid]) VALUES
    (1493, N'Mark Rothko', 1),
    (1493, N'Jackson Pollock', 0),
    (1493, N'Barnett Newman', 0),
    (1493, N'Clyfford Still', 0);

IF NOT EXISTS (SELECT 1 FROM [dbo].[QuestionTheme_QTH] WHERE Id_Question = 1493 AND Id_Theme = @ThemeId)
BEGIN
    INSERT INTO [dbo].[QuestionTheme_QTH] ([Id_Question], [Id_Theme]) VALUES (1493, @ThemeId);
END

-- Question 137
SET IDENTITY_INSERT [dbo].[Question_QST] ON;
IF NOT EXISTS (SELECT 1 FROM [dbo].[Question_QST] WHERE Id = 1494)
BEGIN
    INSERT INTO [dbo].[Question_QST] ([Id], [Question], [Id_Difficulty])
    VALUES (1494, N'Quel sculpteur français a réalisé la statue de ''La France victorieuse'' à Paris ?', 3);
END
SET IDENTITY_INSERT [dbo].[Question_QST] OFF;

INSERT INTO [dbo].[Answer_ANS] ([Id_Question], [Value], [Valid]) VALUES
    (1494, N'Louis-Ernest Barrias', 1),
    (1494, N'Auguste Rodin', 0),
    (1494, N'Jean-Baptiste Carpeaux', 0),
    (1494, N'François Pompon', 0);

IF NOT EXISTS (SELECT 1 FROM [dbo].[QuestionTheme_QTH] WHERE Id_Question = 1494 AND Id_Theme = @ThemeId)
BEGIN
    INSERT INTO [dbo].[QuestionTheme_QTH] ([Id_Question], [Id_Theme]) VALUES (1494, @ThemeId);
END

-- Question 138
SET IDENTITY_INSERT [dbo].[Question_QST] ON;
IF NOT EXISTS (SELECT 1 FROM [dbo].[Question_QST] WHERE Id = 1495)
BEGIN
    INSERT INTO [dbo].[Question_QST] ([Id], [Question], [Id_Difficulty])
    VALUES (1495, N'Quel peintre russe a réalisé ''La Ville rouge'' ?', 3);
END
SET IDENTITY_INSERT [dbo].[Question_QST] OFF;

INSERT INTO [dbo].[Answer_ANS] ([Id_Question], [Value], [Valid]) VALUES
    (1495, N'Kazimir Malevitch', 1),
    (1495, N'Vasily Kandinsky', 0),
    (1495, N'Marc Chagall', 0),
    (1495, N'El Lissitzky', 0);

IF NOT EXISTS (SELECT 1 FROM [dbo].[QuestionTheme_QTH] WHERE Id_Question = 1495 AND Id_Theme = @ThemeId)
BEGIN
    INSERT INTO [dbo].[QuestionTheme_QTH] ([Id_Question], [Id_Theme]) VALUES (1495, @ThemeId);
END

-- Question 139
SET IDENTITY_INSERT [dbo].[Question_QST] ON;
IF NOT EXISTS (SELECT 1 FROM [dbo].[Question_QST] WHERE Id = 1496)
BEGIN
    INSERT INTO [dbo].[Question_QST] ([Id], [Question], [Id_Difficulty])
    VALUES (1496, N'Quel peintre américain pop art est connu pour ses portraits de célébrités ?', 3);
END
SET IDENTITY_INSERT [dbo].[Question_QST] OFF;

INSERT INTO [dbo].[Answer_ANS] ([Id_Question], [Value], [Valid]) VALUES
    (1496, N'Andy Warhol', 1),
    (1496, N'Roy Lichtenstein', 0),
    (1496, N'Jean-Michel Basquiat', 0),
    (1496, N'Keith Haring', 0);

IF NOT EXISTS (SELECT 1 FROM [dbo].[QuestionTheme_QTH] WHERE Id_Question = 1496 AND Id_Theme = @ThemeId)
BEGIN
    INSERT INTO [dbo].[QuestionTheme_QTH] ([Id_Question], [Id_Theme]) VALUES (1496, @ThemeId);
END

-- Question 140
SET IDENTITY_INSERT [dbo].[Question_QST] ON;
IF NOT EXISTS (SELECT 1 FROM [dbo].[Question_QST] WHERE Id = 1497)
BEGIN
    INSERT INTO [dbo].[Question_QST] ([Id], [Question], [Id_Difficulty])
    VALUES (1497, N'Quel peintre symboliste a créé ''Le Rêve du poète'' ?', 3);
END
SET IDENTITY_INSERT [dbo].[Question_QST] OFF;

INSERT INTO [dbo].[Answer_ANS] ([Id_Question], [Value], [Valid]) VALUES
    (1497, N'Odilon Redon', 1),
    (1497, N'Gustave Moreau', 0),
    (1497, N'Arnold Böcklin', 0),
    (1497, N'Franz von Stuck', 0);

IF NOT EXISTS (SELECT 1 FROM [dbo].[QuestionTheme_QTH] WHERE Id_Question = 1497 AND Id_Theme = @ThemeId)
BEGIN
    INSERT INTO [dbo].[QuestionTheme_QTH] ([Id_Question], [Id_Theme]) VALUES (1497, @ThemeId);
END

-- Question 141
SET IDENTITY_INSERT [dbo].[Question_QST] ON;
IF NOT EXISTS (SELECT 1 FROM [dbo].[Question_QST] WHERE Id = 1498)
BEGIN
    INSERT INTO [dbo].[Question_QST] ([Id], [Question], [Id_Difficulty])
    VALUES (1498, N'Quel sculpteur italien du XXe siècle est célèbre pour ses figures minimalistes et stylisées ?', 3);
END
SET IDENTITY_INSERT [dbo].[Question_QST] OFF;

INSERT INTO [dbo].[Answer_ANS] ([Id_Question], [Value], [Valid]) VALUES
    (1498, N'Constantin Brâncuși', 1),
    (1498, N'Alberto Giacometti', 0),
    (1498, N'Jean Arp', 0),
    (1498, N'Henry Moore', 0);

IF NOT EXISTS (SELECT 1 FROM [dbo].[QuestionTheme_QTH] WHERE Id_Question = 1498 AND Id_Theme = @ThemeId)
BEGIN
    INSERT INTO [dbo].[QuestionTheme_QTH] ([Id_Question], [Id_Theme]) VALUES (1498, @ThemeId);
END

-- Question 142
SET IDENTITY_INSERT [dbo].[Question_QST] ON;
IF NOT EXISTS (SELECT 1 FROM [dbo].[Question_QST] WHERE Id = 1499)
BEGIN
    INSERT INTO [dbo].[Question_QST] ([Id], [Question], [Id_Difficulty])
    VALUES (1499, N'Quel peintre italien du XVe siècle a peint la chapelle Brancacci ?', 3);
END
SET IDENTITY_INSERT [dbo].[Question_QST] OFF;

INSERT INTO [dbo].[Answer_ANS] ([Id_Question], [Value], [Valid]) VALUES
    (1499, N'Masaccio', 1),
    (1499, N'Giotto', 0),
    (1499, N'Fra Angelico', 0),
    (1499, N'Piero della Francesca', 0);

IF NOT EXISTS (SELECT 1 FROM [dbo].[QuestionTheme_QTH] WHERE Id_Question = 1499 AND Id_Theme = @ThemeId)
BEGIN
    INSERT INTO [dbo].[QuestionTheme_QTH] ([Id_Question], [Id_Theme]) VALUES (1499, @ThemeId);
END

-- Question 143
SET IDENTITY_INSERT [dbo].[Question_QST] ON;
IF NOT EXISTS (SELECT 1 FROM [dbo].[Question_QST] WHERE Id = 1500)
BEGIN
    INSERT INTO [dbo].[Question_QST] ([Id], [Question], [Id_Difficulty])
    VALUES (1500, N'Quel artiste italien du XVe siècle est considéré comme le précurseur de la perspective linéaire en peinture ?', 4);
END
SET IDENTITY_INSERT [dbo].[Question_QST] OFF;

INSERT INTO [dbo].[Answer_ANS] ([Id_Question], [Value], [Valid]) VALUES
    (1500, N'Filippo Brunelleschi', 1),
    (1500, N'Masaccio', 0),
    (1500, N'Leonardo da Vinci', 0),
    (1500, N'Piero della Francesca', 0);

IF NOT EXISTS (SELECT 1 FROM [dbo].[QuestionTheme_QTH] WHERE Id_Question = 1500 AND Id_Theme = @ThemeId)
BEGIN
    INSERT INTO [dbo].[QuestionTheme_QTH] ([Id_Question], [Id_Theme]) VALUES (1500, @ThemeId);
END

-- Question 144
SET IDENTITY_INSERT [dbo].[Question_QST] ON;
IF NOT EXISTS (SELECT 1 FROM [dbo].[Question_QST] WHERE Id = 1501)
BEGIN
    INSERT INTO [dbo].[Question_QST] ([Id], [Question], [Id_Difficulty])
    VALUES (1501, N'Quel peintre flamand du XVIIe siècle est célèbre pour ses vanités et natures mortes symboliques ?', 4);
END
SET IDENTITY_INSERT [dbo].[Question_QST] OFF;

INSERT INTO [dbo].[Answer_ANS] ([Id_Question], [Value], [Valid]) VALUES
    (1501, N'Pieter Claesz', 1),
    (1501, N'Jan Brueghel l''Ancien', 0),
    (1501, N'Frans Hals', 0),
    (1501, N'Anthony van Dyck', 0);

IF NOT EXISTS (SELECT 1 FROM [dbo].[QuestionTheme_QTH] WHERE Id_Question = 1501 AND Id_Theme = @ThemeId)
BEGIN
    INSERT INTO [dbo].[QuestionTheme_QTH] ([Id_Question], [Id_Theme]) VALUES (1501, @ThemeId);
END

-- Question 145
SET IDENTITY_INSERT [dbo].[Question_QST] ON;
IF NOT EXISTS (SELECT 1 FROM [dbo].[Question_QST] WHERE Id = 1502)
BEGIN
    INSERT INTO [dbo].[Question_QST] ([Id], [Question], [Id_Difficulty])
    VALUES (1502, N'Quel sculpteur baroque italien a réalisé la ''Fontaine des Quatre-Fleuves'' à Rome ?', 4);
END
SET IDENTITY_INSERT [dbo].[Question_QST] OFF;

INSERT INTO [dbo].[Answer_ANS] ([Id_Question], [Value], [Valid]) VALUES
    (1502, N'Gian Lorenzo Bernin', 1),
    (1502, N'Michel-Ange', 0),
    (1502, N'Canova', 0),
    (1502, N'Borromini', 0);

IF NOT EXISTS (SELECT 1 FROM [dbo].[QuestionTheme_QTH] WHERE Id_Question = 1502 AND Id_Theme = @ThemeId)
BEGIN
    INSERT INTO [dbo].[QuestionTheme_QTH] ([Id_Question], [Id_Theme]) VALUES (1502, @ThemeId);
END

-- Question 146
SET IDENTITY_INSERT [dbo].[Question_QST] ON;
IF NOT EXISTS (SELECT 1 FROM [dbo].[Question_QST] WHERE Id = 1503)
BEGIN
    INSERT INTO [dbo].[Question_QST] ([Id], [Question], [Id_Difficulty])
    VALUES (1503, N'Quel peintre symboliste belge est célèbre pour ses portraits mélancoliques et ses paysages oniriques ?', 4);
END
SET IDENTITY_INSERT [dbo].[Question_QST] OFF;

INSERT INTO [dbo].[Answer_ANS] ([Id_Question], [Value], [Valid]) VALUES
    (1503, N'Fernand Khnopff', 1),
    (1503, N'James Ensor', 0),
    (1503, N'Paul Delvaux', 0),
    (1503, N'René Magritte', 0);

IF NOT EXISTS (SELECT 1 FROM [dbo].[QuestionTheme_QTH] WHERE Id_Question = 1503 AND Id_Theme = @ThemeId)
BEGIN
    INSERT INTO [dbo].[QuestionTheme_QTH] ([Id_Question], [Id_Theme]) VALUES (1503, @ThemeId);
END

-- Question 147
SET IDENTITY_INSERT [dbo].[Question_QST] ON;
IF NOT EXISTS (SELECT 1 FROM [dbo].[Question_QST] WHERE Id = 1504)
BEGIN
    INSERT INTO [dbo].[Question_QST] ([Id], [Question], [Id_Difficulty])
    VALUES (1504, N'Quel artiste suisse a été un pionnier du mouvement dada avec ses collages et photomontages ?', 4);
END
SET IDENTITY_INSERT [dbo].[Question_QST] OFF;

INSERT INTO [dbo].[Answer_ANS] ([Id_Question], [Value], [Valid]) VALUES
    (1504, N'Hannah Höch', 1),
    (1504, N'Marcel Duchamp', 0),
    (1504, N'Man Ray', 0),
    (1504, N'Kurt Schwitters', 0);

IF NOT EXISTS (SELECT 1 FROM [dbo].[QuestionTheme_QTH] WHERE Id_Question = 1504 AND Id_Theme = @ThemeId)
BEGIN
    INSERT INTO [dbo].[QuestionTheme_QTH] ([Id_Question], [Id_Theme]) VALUES (1504, @ThemeId);
END

-- Question 148
SET IDENTITY_INSERT [dbo].[Question_QST] ON;
IF NOT EXISTS (SELECT 1 FROM [dbo].[Question_QST] WHERE Id = 1505)
BEGIN
    INSERT INTO [dbo].[Question_QST] ([Id], [Question], [Id_Difficulty])
    VALUES (1505, N'Quel peintre russe a fondé le mouvement suprematiste avec des compositions géométriques abstraites ?', 4);
END
SET IDENTITY_INSERT [dbo].[Question_QST] OFF;

INSERT INTO [dbo].[Answer_ANS] ([Id_Question], [Value], [Valid]) VALUES
    (1505, N'Kazimir Malevitch', 1),
    (1505, N'Vasily Kandinsky', 0),
    (1505, N'El Lissitzky', 0),
    (1505, N'Alexander Rodchenko', 0);

IF NOT EXISTS (SELECT 1 FROM [dbo].[QuestionTheme_QTH] WHERE Id_Question = 1505 AND Id_Theme = @ThemeId)
BEGIN
    INSERT INTO [dbo].[QuestionTheme_QTH] ([Id_Question], [Id_Theme]) VALUES (1505, @ThemeId);
END

-- Question 149
SET IDENTITY_INSERT [dbo].[Question_QST] ON;
IF NOT EXISTS (SELECT 1 FROM [dbo].[Question_QST] WHERE Id = 1506)
BEGIN
    INSERT INTO [dbo].[Question_QST] ([Id], [Question], [Id_Difficulty])
    VALUES (1506, N'Quel peintre mexicain du XXe siècle a réalisé des fresques murales à la Cité universitaire de Mexico ?', 4);
END
SET IDENTITY_INSERT [dbo].[Question_QST] OFF;

INSERT INTO [dbo].[Answer_ANS] ([Id_Question], [Value], [Valid]) VALUES
    (1506, N'Diego Rivera', 1),
    (1506, N'José Clemente Orozco', 0),
    (1506, N'David Alfaro Siqueiros', 0),
    (1506, N'Frida Kahlo', 0);

IF NOT EXISTS (SELECT 1 FROM [dbo].[QuestionTheme_QTH] WHERE Id_Question = 1506 AND Id_Theme = @ThemeId)
BEGIN
    INSERT INTO [dbo].[QuestionTheme_QTH] ([Id_Question], [Id_Theme]) VALUES (1506, @ThemeId);
END

-- Question 150
SET IDENTITY_INSERT [dbo].[Question_QST] ON;
IF NOT EXISTS (SELECT 1 FROM [dbo].[Question_QST] WHERE Id = 1507)
BEGIN
    INSERT INTO [dbo].[Question_QST] ([Id], [Question], [Id_Difficulty])
    VALUES (1507, N'Quel sculpteur français a réalisé la série des ''Monuments aux morts'' après la Première Guerre mondiale ?', 4);
END
SET IDENTITY_INSERT [dbo].[Question_QST] OFF;

INSERT INTO [dbo].[Answer_ANS] ([Id_Question], [Value], [Valid]) VALUES
    (1507, N'Louis-Ernest Barrias', 1),
    (1507, N'Auguste Rodin', 0),
    (1507, N'Jean-Baptiste Carpeaux', 0),
    (1507, N'François Pompon', 0);

IF NOT EXISTS (SELECT 1 FROM [dbo].[QuestionTheme_QTH] WHERE Id_Question = 1507 AND Id_Theme = @ThemeId)
BEGIN
    INSERT INTO [dbo].[QuestionTheme_QTH] ([Id_Question], [Id_Theme]) VALUES (1507, @ThemeId);
END

-- Question 151
SET IDENTITY_INSERT [dbo].[Question_QST] ON;
IF NOT EXISTS (SELECT 1 FROM [dbo].[Question_QST] WHERE Id = 1508)
BEGIN
    INSERT INTO [dbo].[Question_QST] ([Id], [Question], [Id_Difficulty])
    VALUES (1508, N'Quel peintre expressionniste allemand a peint ''Autoportrait avec pull-over rayé'' ?', 4);
END
SET IDENTITY_INSERT [dbo].[Question_QST] OFF;

INSERT INTO [dbo].[Answer_ANS] ([Id_Question], [Value], [Valid]) VALUES
    (1508, N'Ernst Ludwig Kirchner', 1),
    (1508, N'Emil Nolde', 0),
    (1508, N'Max Beckmann', 0),
    (1508, N'Otto Dix', 0);

IF NOT EXISTS (SELECT 1 FROM [dbo].[QuestionTheme_QTH] WHERE Id_Question = 1508 AND Id_Theme = @ThemeId)
BEGIN
    INSERT INTO [dbo].[QuestionTheme_QTH] ([Id_Question], [Id_Theme]) VALUES (1508, @ThemeId);
END

-- Question 152
SET IDENTITY_INSERT [dbo].[Question_QST] ON;
IF NOT EXISTS (SELECT 1 FROM [dbo].[Question_QST] WHERE Id = 1509)
BEGIN
    INSERT INTO [dbo].[Question_QST] ([Id], [Question], [Id_Difficulty])
    VALUES (1509, N'Quel peintre italien de la Renaissance a utilisé la technique du sfumato dans ''La Joconde'' ?', 4);
END
SET IDENTITY_INSERT [dbo].[Question_QST] OFF;

INSERT INTO [dbo].[Answer_ANS] ([Id_Question], [Value], [Valid]) VALUES
    (1509, N'Leonardo da Vinci', 1),
    (1509, N'Michel-Ange', 0),
    (1509, N'Raphaël', 0),
    (1509, N'Sandro Botticelli', 0);

IF NOT EXISTS (SELECT 1 FROM [dbo].[QuestionTheme_QTH] WHERE Id_Question = 1509 AND Id_Theme = @ThemeId)
BEGIN
    INSERT INTO [dbo].[QuestionTheme_QTH] ([Id_Question], [Id_Theme]) VALUES (1509, @ThemeId);
END

-- Question 153
SET IDENTITY_INSERT [dbo].[Question_QST] ON;
IF NOT EXISTS (SELECT 1 FROM [dbo].[Question_QST] WHERE Id = 1510)
BEGIN
    INSERT INTO [dbo].[Question_QST] ([Id], [Question], [Id_Difficulty])
    VALUES (1510, N'Quel sculpteur roumain est célèbre pour sa ''Colonne sans fin'' ?', 4);
END
SET IDENTITY_INSERT [dbo].[Question_QST] OFF;

INSERT INTO [dbo].[Answer_ANS] ([Id_Question], [Value], [Valid]) VALUES
    (1510, N'Constantin Brâncuși', 1),
    (1510, N'Alberto Giacometti', 0),
    (1510, N'Jean Arp', 0),
    (1510, N'Henry Moore', 0);

IF NOT EXISTS (SELECT 1 FROM [dbo].[QuestionTheme_QTH] WHERE Id_Question = 1510 AND Id_Theme = @ThemeId)
BEGIN
    INSERT INTO [dbo].[QuestionTheme_QTH] ([Id_Question], [Id_Theme]) VALUES (1510, @ThemeId);
END

-- Question 154
SET IDENTITY_INSERT [dbo].[Question_QST] ON;
IF NOT EXISTS (SELECT 1 FROM [dbo].[Question_QST] WHERE Id = 1511)
BEGIN
    INSERT INTO [dbo].[Question_QST] ([Id], [Question], [Id_Difficulty])
    VALUES (1511, N'Quel peintre symboliste a créé ''La Naissance de Vénus'' revisité par le symbolisme ?', 4);
END
SET IDENTITY_INSERT [dbo].[Question_QST] OFF;

INSERT INTO [dbo].[Answer_ANS] ([Id_Question], [Value], [Valid]) VALUES
    (1511, N'Gustave Moreau', 1),
    (1511, N'Odilon Redon', 0),
    (1511, N'Arnold Böcklin', 0),
    (1511, N'Franz von Stuck', 0);

IF NOT EXISTS (SELECT 1 FROM [dbo].[QuestionTheme_QTH] WHERE Id_Question = 1511 AND Id_Theme = @ThemeId)
BEGIN
    INSERT INTO [dbo].[QuestionTheme_QTH] ([Id_Question], [Id_Theme]) VALUES (1511, @ThemeId);
END

-- Question 155
SET IDENTITY_INSERT [dbo].[Question_QST] ON;
IF NOT EXISTS (SELECT 1 FROM [dbo].[Question_QST] WHERE Id = 1512)
BEGIN
    INSERT INTO [dbo].[Question_QST] ([Id], [Question], [Id_Difficulty])
    VALUES (1512, N'Quel artiste cubiste a collaboré avec Pablo Picasso sur le ''Portrait de Daniel-Henry Kahnweiler'' ?', 4);
END
SET IDENTITY_INSERT [dbo].[Question_QST] OFF;

INSERT INTO [dbo].[Answer_ANS] ([Id_Question], [Value], [Valid]) VALUES
    (1512, N'Georges Braque', 1),
    (1512, N'Juan Gris', 0),
    (1512, N'Fernand Léger', 0),
    (1512, N'Albert Gleizes', 0);

IF NOT EXISTS (SELECT 1 FROM [dbo].[QuestionTheme_QTH] WHERE Id_Question = 1512 AND Id_Theme = @ThemeId)
BEGIN
    INSERT INTO [dbo].[QuestionTheme_QTH] ([Id_Question], [Id_Theme]) VALUES (1512, @ThemeId);
END

-- Question 156
SET IDENTITY_INSERT [dbo].[Question_QST] ON;
IF NOT EXISTS (SELECT 1 FROM [dbo].[Question_QST] WHERE Id = 1513)
BEGIN
    INSERT INTO [dbo].[Question_QST] ([Id], [Question], [Id_Difficulty])
    VALUES (1513, N'Quel peintre impressionniste a réalisé des séries sur les meules de foin et les peupliers ?', 4);
END
SET IDENTITY_INSERT [dbo].[Question_QST] OFF;

INSERT INTO [dbo].[Answer_ANS] ([Id_Question], [Value], [Valid]) VALUES
    (1513, N'Claude Monet', 1),
    (1513, N'Edgar Degas', 0),
    (1513, N'Pierre-Auguste Renoir', 0),
    (1513, N'Camille Pissarro', 0);

IF NOT EXISTS (SELECT 1 FROM [dbo].[QuestionTheme_QTH] WHERE Id_Question = 1513 AND Id_Theme = @ThemeId)
BEGIN
    INSERT INTO [dbo].[QuestionTheme_QTH] ([Id_Question], [Id_Theme]) VALUES (1513, @ThemeId);
END

-- Question 157
SET IDENTITY_INSERT [dbo].[Question_QST] ON;
IF NOT EXISTS (SELECT 1 FROM [dbo].[Question_QST] WHERE Id = 1514)
BEGIN
    INSERT INTO [dbo].[Question_QST] ([Id], [Question], [Id_Difficulty])
    VALUES (1514, N'Quel sculpteur italien a conçu la tombe de Jules II avec le ''Mois de David'' et autres statues ?', 4);
END
SET IDENTITY_INSERT [dbo].[Question_QST] OFF;

INSERT INTO [dbo].[Answer_ANS] ([Id_Question], [Value], [Valid]) VALUES
    (1514, N'Michel-Ange', 1),
    (1514, N'Bernin', 0),
    (1514, N'Canova', 0),
    (1514, N'Donatello', 0);

IF NOT EXISTS (SELECT 1 FROM [dbo].[QuestionTheme_QTH] WHERE Id_Question = 1514 AND Id_Theme = @ThemeId)
BEGIN
    INSERT INTO [dbo].[QuestionTheme_QTH] ([Id_Question], [Id_Theme]) VALUES (1514, @ThemeId);
END

-- Question 158
SET IDENTITY_INSERT [dbo].[Question_QST] ON;
IF NOT EXISTS (SELECT 1 FROM [dbo].[Question_QST] WHERE Id = 1515)
BEGIN
    INSERT INTO [dbo].[Question_QST] ([Id], [Question], [Id_Difficulty])
    VALUES (1515, N'Quel peintre russe constructiviste a créé la ''Proun Room'' ?', 4);
END
SET IDENTITY_INSERT [dbo].[Question_QST] OFF;

INSERT INTO [dbo].[Answer_ANS] ([Id_Question], [Value], [Valid]) VALUES
    (1515, N'El Lissitzky', 1),
    (1515, N'Kazimir Malevitch', 0),
    (1515, N'Vladimir Tatline', 0),
    (1515, N'Alexander Rodchenko', 0);

IF NOT EXISTS (SELECT 1 FROM [dbo].[QuestionTheme_QTH] WHERE Id_Question = 1515 AND Id_Theme = @ThemeId)
BEGIN
    INSERT INTO [dbo].[QuestionTheme_QTH] ([Id_Question], [Id_Theme]) VALUES (1515, @ThemeId);
END

-- Question 159
SET IDENTITY_INSERT [dbo].[Question_QST] ON;
IF NOT EXISTS (SELECT 1 FROM [dbo].[Question_QST] WHERE Id = 1516)
BEGIN
    INSERT INTO [dbo].[Question_QST] ([Id], [Question], [Id_Difficulty])
    VALUES (1516, N'Quel peintre hollandais du XVIIe siècle est célèbre pour ses scènes de la vie domestique et ses intérieurs lumineux ?', 4);
END
SET IDENTITY_INSERT [dbo].[Question_QST] OFF;

INSERT INTO [dbo].[Answer_ANS] ([Id_Question], [Value], [Valid]) VALUES
    (1516, N'Johannes Vermeer', 1),
    (1516, N'Rembrandt', 0),
    (1516, N'Frans Hals', 0),
    (1516, N'Jan Steen', 0);

IF NOT EXISTS (SELECT 1 FROM [dbo].[QuestionTheme_QTH] WHERE Id_Question = 1516 AND Id_Theme = @ThemeId)
BEGIN
    INSERT INTO [dbo].[QuestionTheme_QTH] ([Id_Question], [Id_Theme]) VALUES (1516, @ThemeId);
END

-- Question 160
SET IDENTITY_INSERT [dbo].[Question_QST] ON;
IF NOT EXISTS (SELECT 1 FROM [dbo].[Question_QST] WHERE Id = 1517)
BEGIN
    INSERT INTO [dbo].[Question_QST] ([Id], [Question], [Id_Difficulty])
    VALUES (1517, N'Quel artiste contemporain japonais est célèbre pour ses installations immersives avec pois et miroirs ?', 4);
END
SET IDENTITY_INSERT [dbo].[Question_QST] OFF;

INSERT INTO [dbo].[Answer_ANS] ([Id_Question], [Value], [Valid]) VALUES
    (1517, N'Yayoi Kusama', 1),
    (1517, N'Takashi Murakami', 0),
    (1517, N'Jeff Koons', 0),
    (1517, N'Damien Hirst', 0);

IF NOT EXISTS (SELECT 1 FROM [dbo].[QuestionTheme_QTH] WHERE Id_Question = 1517 AND Id_Theme = @ThemeId)
BEGIN
    INSERT INTO [dbo].[QuestionTheme_QTH] ([Id_Question], [Id_Theme]) VALUES (1517, @ThemeId);
END

-- Question 161
SET IDENTITY_INSERT [dbo].[Question_QST] ON;
IF NOT EXISTS (SELECT 1 FROM [dbo].[Question_QST] WHERE Id = 1518)
BEGIN
    INSERT INTO [dbo].[Question_QST] ([Id], [Question], [Id_Difficulty])
    VALUES (1518, N'Quel peintre symboliste français a illustré des œuvres littéraires avec des couleurs et formes fantasmagoriques ?', 4);
END
SET IDENTITY_INSERT [dbo].[Question_QST] OFF;

INSERT INTO [dbo].[Answer_ANS] ([Id_Question], [Value], [Valid]) VALUES
    (1518, N'Odilon Redon', 1),
    (1518, N'Gustave Moreau', 0),
    (1518, N'Arnold Böcklin', 0),
    (1518, N'Pierre Puvis de Chavannes', 0);

IF NOT EXISTS (SELECT 1 FROM [dbo].[QuestionTheme_QTH] WHERE Id_Question = 1518 AND Id_Theme = @ThemeId)
BEGIN
    INSERT INTO [dbo].[QuestionTheme_QTH] ([Id_Question], [Id_Theme]) VALUES (1518, @ThemeId);
END

-- Question 162
SET IDENTITY_INSERT [dbo].[Question_QST] ON;
IF NOT EXISTS (SELECT 1 FROM [dbo].[Question_QST] WHERE Id = 1519)
BEGIN
    INSERT INTO [dbo].[Question_QST] ([Id], [Question], [Id_Difficulty])
    VALUES (1519, N'Quel sculpteur italien du XXe siècle est célèbre pour ses figures filiformes et allongées ?', 4);
END
SET IDENTITY_INSERT [dbo].[Question_QST] OFF;

INSERT INTO [dbo].[Answer_ANS] ([Id_Question], [Value], [Valid]) VALUES
    (1519, N'Alberto Giacometti', 1),
    (1519, N'Constantin Brâncuși', 0),
    (1519, N'Jean Arp', 0),
    (1519, N'Henry Moore', 0);

IF NOT EXISTS (SELECT 1 FROM [dbo].[QuestionTheme_QTH] WHERE Id_Question = 1519 AND Id_Theme = @ThemeId)
BEGIN
    INSERT INTO [dbo].[QuestionTheme_QTH] ([Id_Question], [Id_Theme]) VALUES (1519, @ThemeId);
END

-- Question 163
SET IDENTITY_INSERT [dbo].[Question_QST] ON;
IF NOT EXISTS (SELECT 1 FROM [dbo].[Question_QST] WHERE Id = 1520)
BEGIN
    INSERT INTO [dbo].[Question_QST] ([Id], [Question], [Id_Difficulty])
    VALUES (1520, N'Quel peintre italien de la Renaissance a réalisé la chapelle Brancacci à Florence ?', 4);
END
SET IDENTITY_INSERT [dbo].[Question_QST] OFF;

INSERT INTO [dbo].[Answer_ANS] ([Id_Question], [Value], [Valid]) VALUES
    (1520, N'Masaccio', 1),
    (1520, N'Giotto', 0),
    (1520, N'Fra Angelico', 0),
    (1520, N'Piero della Francesca', 0);

IF NOT EXISTS (SELECT 1 FROM [dbo].[QuestionTheme_QTH] WHERE Id_Question = 1520 AND Id_Theme = @ThemeId)
BEGIN
    INSERT INTO [dbo].[QuestionTheme_QTH] ([Id_Question], [Id_Theme]) VALUES (1520, @ThemeId);
END

-- Question 164
SET IDENTITY_INSERT [dbo].[Question_QST] ON;
IF NOT EXISTS (SELECT 1 FROM [dbo].[Question_QST] WHERE Id = 1521)
BEGIN
    INSERT INTO [dbo].[Question_QST] ([Id], [Question], [Id_Difficulty])
    VALUES (1521, N'Quel sculpteur français du XXe siècle est célèbre pour ses figures abstraites et géométriques ?', 4);
END
SET IDENTITY_INSERT [dbo].[Question_QST] OFF;

INSERT INTO [dbo].[Answer_ANS] ([Id_Question], [Value], [Valid]) VALUES
    (1521, N'Jean Arp', 1),
    (1521, N'Henry Moore', 0),
    (1521, N'Alberto Giacometti', 0),
    (1521, N'Constantin Brâncuși', 0);

IF NOT EXISTS (SELECT 1 FROM [dbo].[QuestionTheme_QTH] WHERE Id_Question = 1521 AND Id_Theme = @ThemeId)
BEGIN
    INSERT INTO [dbo].[QuestionTheme_QTH] ([Id_Question], [Id_Theme]) VALUES (1521, @ThemeId);
END

-- Question 165
SET IDENTITY_INSERT [dbo].[Question_QST] ON;
IF NOT EXISTS (SELECT 1 FROM [dbo].[Question_QST] WHERE Id = 1522)
BEGIN
    INSERT INTO [dbo].[Question_QST] ([Id], [Question], [Id_Difficulty])
    VALUES (1522, N'Quel peintre espagnol baroque a réalisé ''La Reddition de Breda'' ?', 4);
END
SET IDENTITY_INSERT [dbo].[Question_QST] OFF;

INSERT INTO [dbo].[Answer_ANS] ([Id_Question], [Value], [Valid]) VALUES
    (1522, N'Diego Velázquez', 1),
    (1522, N'Francisco Goya', 0),
    (1522, N'El Greco', 0),
    (1522, N'Juan Gris', 0);

IF NOT EXISTS (SELECT 1 FROM [dbo].[QuestionTheme_QTH] WHERE Id_Question = 1522 AND Id_Theme = @ThemeId)
BEGIN
    INSERT INTO [dbo].[QuestionTheme_QTH] ([Id_Question], [Id_Theme]) VALUES (1522, @ThemeId);
END

-- Question 166
SET IDENTITY_INSERT [dbo].[Question_QST] ON;
IF NOT EXISTS (SELECT 1 FROM [dbo].[Question_QST] WHERE Id = 1523)
BEGIN
    INSERT INTO [dbo].[Question_QST] ([Id], [Question], [Id_Difficulty])
    VALUES (1523, N'Quel peintre américain pop art est célèbre pour ses portraits de Marilyn Monroe ?', 4);
END
SET IDENTITY_INSERT [dbo].[Question_QST] OFF;

INSERT INTO [dbo].[Answer_ANS] ([Id_Question], [Value], [Valid]) VALUES
    (1523, N'Andy Warhol', 1),
    (1523, N'Roy Lichtenstein', 0),
    (1523, N'Jean-Michel Basquiat', 0),
    (1523, N'Keith Haring', 0);

IF NOT EXISTS (SELECT 1 FROM [dbo].[QuestionTheme_QTH] WHERE Id_Question = 1523 AND Id_Theme = @ThemeId)
BEGIN
    INSERT INTO [dbo].[QuestionTheme_QTH] ([Id_Question], [Id_Theme]) VALUES (1523, @ThemeId);
END

-- Question 167
SET IDENTITY_INSERT [dbo].[Question_QST] ON;
IF NOT EXISTS (SELECT 1 FROM [dbo].[Question_QST] WHERE Id = 1524)
BEGIN
    INSERT INTO [dbo].[Question_QST] ([Id], [Question], [Id_Difficulty])
    VALUES (1524, N'Quel peintre expressionniste a peint ''La Femme au chapeau'' et fondé le mouvement Fauve ?', 4);
END
SET IDENTITY_INSERT [dbo].[Question_QST] OFF;

INSERT INTO [dbo].[Answer_ANS] ([Id_Question], [Value], [Valid]) VALUES
    (1524, N'Henri Matisse', 1),
    (1524, N'André Derain', 0),
    (1524, N'Maurice de Vlaminck', 0),
    (1524, N'Kees van Dongen', 0);

IF NOT EXISTS (SELECT 1 FROM [dbo].[QuestionTheme_QTH] WHERE Id_Question = 1524 AND Id_Theme = @ThemeId)
BEGIN
    INSERT INTO [dbo].[QuestionTheme_QTH] ([Id_Question], [Id_Theme]) VALUES (1524, @ThemeId);
END

-- Question 168
SET IDENTITY_INSERT [dbo].[Question_QST] ON;
IF NOT EXISTS (SELECT 1 FROM [dbo].[Question_QST] WHERE Id = 1525)
BEGIN
    INSERT INTO [dbo].[Question_QST] ([Id], [Question], [Id_Difficulty])
    VALUES (1525, N'Quel sculpteur italien baroque a conçu le baldaquin de Saint-Pierre et la place du Vatican ?', 4);
END
SET IDENTITY_INSERT [dbo].[Question_QST] OFF;

INSERT INTO [dbo].[Answer_ANS] ([Id_Question], [Value], [Valid]) VALUES
    (1525, N'Gian Lorenzo Bernin', 1),
    (1525, N'Michel-Ange', 0),
    (1525, N'Canova', 0),
    (1525, N'Borromini', 0);

IF NOT EXISTS (SELECT 1 FROM [dbo].[QuestionTheme_QTH] WHERE Id_Question = 1525 AND Id_Theme = @ThemeId)
BEGIN
    INSERT INTO [dbo].[QuestionTheme_QTH] ([Id_Question], [Id_Theme]) VALUES (1525, @ThemeId);
END

-- Question 169
SET IDENTITY_INSERT [dbo].[Question_QST] ON;
IF NOT EXISTS (SELECT 1 FROM [dbo].[Question_QST] WHERE Id = 1526)
BEGIN
    INSERT INTO [dbo].[Question_QST] ([Id], [Question], [Id_Difficulty])
    VALUES (1526, N'Quel peintre symboliste belge est célèbre pour ''Les Caresses'' et ''Portrait de Marguerite'' ?', 4);
END
SET IDENTITY_INSERT [dbo].[Question_QST] OFF;

INSERT INTO [dbo].[Answer_ANS] ([Id_Question], [Value], [Valid]) VALUES
    (1526, N'Fernand Khnopff', 1),
    (1526, N'James Ensor', 0),
    (1526, N'Paul Delvaux', 0),
    (1526, N'René Magritte', 0);

IF NOT EXISTS (SELECT 1 FROM [dbo].[QuestionTheme_QTH] WHERE Id_Question = 1526 AND Id_Theme = @ThemeId)
BEGIN
    INSERT INTO [dbo].[QuestionTheme_QTH] ([Id_Question], [Id_Theme]) VALUES (1526, @ThemeId);
END

-- Question 170
SET IDENTITY_INSERT [dbo].[Question_QST] ON;
IF NOT EXISTS (SELECT 1 FROM [dbo].[Question_QST] WHERE Id = 1527)
BEGIN
    INSERT INTO [dbo].[Question_QST] ([Id], [Question], [Id_Difficulty])
    VALUES (1527, N'Quel artiste dadaïste a créé le célèbre ''Fontaine'' signé R. Mutt ?', 4);
END
SET IDENTITY_INSERT [dbo].[Question_QST] OFF;

INSERT INTO [dbo].[Answer_ANS] ([Id_Question], [Value], [Valid]) VALUES
    (1527, N'Marcel Duchamp', 1),
    (1527, N'Hannah Höch', 0),
    (1527, N'Man Ray', 0),
    (1527, N'Kurt Schwitters', 0);

IF NOT EXISTS (SELECT 1 FROM [dbo].[QuestionTheme_QTH] WHERE Id_Question = 1527 AND Id_Theme = @ThemeId)
BEGIN
    INSERT INTO [dbo].[QuestionTheme_QTH] ([Id_Question], [Id_Theme]) VALUES (1527, @ThemeId);
END

-- Question 171
SET IDENTITY_INSERT [dbo].[Question_QST] ON;
IF NOT EXISTS (SELECT 1 FROM [dbo].[Question_QST] WHERE Id = 1528)
BEGIN
    INSERT INTO [dbo].[Question_QST] ([Id], [Question], [Id_Difficulty])
    VALUES (1528, N'Quel peintre abstrait américain a utilisé de grands champs de couleur pour exprimer l’émotion ?', 4);
END
SET IDENTITY_INSERT [dbo].[Question_QST] OFF;

INSERT INTO [dbo].[Answer_ANS] ([Id_Question], [Value], [Valid]) VALUES
    (1528, N'Mark Rothko', 1),
    (1528, N'Barnett Newman', 0),
    (1528, N'Clyfford Still', 0),
    (1528, N'Ad Reinhardt', 0);

IF NOT EXISTS (SELECT 1 FROM [dbo].[QuestionTheme_QTH] WHERE Id_Question = 1528 AND Id_Theme = @ThemeId)
BEGIN
    INSERT INTO [dbo].[QuestionTheme_QTH] ([Id_Question], [Id_Theme]) VALUES (1528, @ThemeId);
END

-- Question 172
SET IDENTITY_INSERT [dbo].[Question_QST] ON;
IF NOT EXISTS (SELECT 1 FROM [dbo].[Question_QST] WHERE Id = 1529)
BEGIN
    INSERT INTO [dbo].[Question_QST] ([Id], [Question], [Id_Difficulty])
    VALUES (1529, N'Quel peintre italien de la Renaissance a peint ''L’Adoration des Mages'' pour les Médicis ?', 4);
END
SET IDENTITY_INSERT [dbo].[Question_QST] OFF;

INSERT INTO [dbo].[Answer_ANS] ([Id_Question], [Value], [Valid]) VALUES
    (1529, N'Leonardo da Vinci', 1),
    (1529, N'Michel-Ange', 0),
    (1529, N'Raphaël', 0),
    (1529, N'Sandro Botticelli', 0);

IF NOT EXISTS (SELECT 1 FROM [dbo].[QuestionTheme_QTH] WHERE Id_Question = 1529 AND Id_Theme = @ThemeId)
BEGIN
    INSERT INTO [dbo].[QuestionTheme_QTH] ([Id_Question], [Id_Theme]) VALUES (1529, @ThemeId);
END

-- Question 173
SET IDENTITY_INSERT [dbo].[Question_QST] ON;
IF NOT EXISTS (SELECT 1 FROM [dbo].[Question_QST] WHERE Id = 1530)
BEGIN
    INSERT INTO [dbo].[Question_QST] ([Id], [Question], [Id_Difficulty])
    VALUES (1530, N'Quel sculpteur français a réalisé ''La Marseillaise'' sur l’Arc de Triomphe à Paris ?', 4);
END
SET IDENTITY_INSERT [dbo].[Question_QST] OFF;

INSERT INTO [dbo].[Answer_ANS] ([Id_Question], [Value], [Valid]) VALUES
    (1530, N'François Rude', 1),
    (1530, N'Auguste Rodin', 0),
    (1530, N'Jean-Baptiste Carpeaux', 0),
    (1530, N'Louis-Ernest Barrias', 0);

IF NOT EXISTS (SELECT 1 FROM [dbo].[QuestionTheme_QTH] WHERE Id_Question = 1530 AND Id_Theme = @ThemeId)
BEGIN
    INSERT INTO [dbo].[QuestionTheme_QTH] ([Id_Question], [Id_Theme]) VALUES (1530, @ThemeId);
END

-- Question 174
SET IDENTITY_INSERT [dbo].[Question_QST] ON;
IF NOT EXISTS (SELECT 1 FROM [dbo].[Question_QST] WHERE Id = 1531)
BEGIN
    INSERT INTO [dbo].[Question_QST] ([Id], [Question], [Id_Difficulty])
    VALUES (1531, N'Quel peintre russe constructiviste a réalisé la ''Tour Tatline'' ?', 4);
END
SET IDENTITY_INSERT [dbo].[Question_QST] OFF;

INSERT INTO [dbo].[Answer_ANS] ([Id_Question], [Value], [Valid]) VALUES
    (1531, N'Vladimir Tatline', 1),
    (1531, N'El Lissitzky', 0),
    (1531, N'Kazimir Malevitch', 0),
    (1531, N'Alexander Rodchenko', 0);

IF NOT EXISTS (SELECT 1 FROM [dbo].[QuestionTheme_QTH] WHERE Id_Question = 1531 AND Id_Theme = @ThemeId)
BEGIN
    INSERT INTO [dbo].[QuestionTheme_QTH] ([Id_Question], [Id_Theme]) VALUES (1531, @ThemeId);
END

-- Question 175
SET IDENTITY_INSERT [dbo].[Question_QST] ON;
IF NOT EXISTS (SELECT 1 FROM [dbo].[Question_QST] WHERE Id = 1532)
BEGIN
    INSERT INTO [dbo].[Question_QST] ([Id], [Question], [Id_Difficulty])
    VALUES (1532, N'Quel peintre symboliste allemand a peint ''L’Île des Morts'' ?', 4);
END
SET IDENTITY_INSERT [dbo].[Question_QST] OFF;

INSERT INTO [dbo].[Answer_ANS] ([Id_Question], [Value], [Valid]) VALUES
    (1532, N'Arnold Böcklin', 1),
    (1532, N'Franz von Stuck', 0),
    (1532, N'Max Klinger', 0),
    (1532, N'Hans Thoma', 0);

IF NOT EXISTS (SELECT 1 FROM [dbo].[QuestionTheme_QTH] WHERE Id_Question = 1532 AND Id_Theme = @ThemeId)
BEGIN
    INSERT INTO [dbo].[QuestionTheme_QTH] ([Id_Question], [Id_Theme]) VALUES (1532, @ThemeId);
END

-- Question 176
SET IDENTITY_INSERT [dbo].[Question_QST] ON;
IF NOT EXISTS (SELECT 1 FROM [dbo].[Question_QST] WHERE Id = 1533)
BEGIN
    INSERT INTO [dbo].[Question_QST] ([Id], [Question], [Id_Difficulty])
    VALUES (1533, N'Quel peintre mexicain est célèbre pour son autoportrait et son style surréaliste mexicain ?', 4);
END
SET IDENTITY_INSERT [dbo].[Question_QST] OFF;

INSERT INTO [dbo].[Answer_ANS] ([Id_Question], [Value], [Valid]) VALUES
    (1533, N'Frida Kahlo', 1),
    (1533, N'Diego Rivera', 0),
    (1533, N'José Clemente Orozco', 0),
    (1533, N'David Alfaro Siqueiros', 0);

IF NOT EXISTS (SELECT 1 FROM [dbo].[QuestionTheme_QTH] WHERE Id_Question = 1533 AND Id_Theme = @ThemeId)
BEGIN
    INSERT INTO [dbo].[QuestionTheme_QTH] ([Id_Question], [Id_Theme]) VALUES (1533, @ThemeId);
END

-- Question 177
SET IDENTITY_INSERT [dbo].[Question_QST] ON;
IF NOT EXISTS (SELECT 1 FROM [dbo].[Question_QST] WHERE Id = 1534)
BEGIN
    INSERT INTO [dbo].[Question_QST] ([Id], [Question], [Id_Difficulty])
    VALUES (1534, N'Quel sculpteur italien a réalisé la statue de ''David'' en marbre et la ''Pietà'' ?', 4);
END
SET IDENTITY_INSERT [dbo].[Question_QST] OFF;

INSERT INTO [dbo].[Answer_ANS] ([Id_Question], [Value], [Valid]) VALUES
    (1534, N'Michel-Ange', 1),
    (1534, N'Donatello', 0),
    (1534, N'Bernin', 0),
    (1534, N'Canova', 0);

IF NOT EXISTS (SELECT 1 FROM [dbo].[QuestionTheme_QTH] WHERE Id_Question = 1534 AND Id_Theme = @ThemeId)
BEGIN
    INSERT INTO [dbo].[QuestionTheme_QTH] ([Id_Question], [Id_Theme]) VALUES (1534, @ThemeId);
END

-- Question 178
SET IDENTITY_INSERT [dbo].[Question_QST] ON;
IF NOT EXISTS (SELECT 1 FROM [dbo].[Question_QST] WHERE Id = 1535)
BEGIN
    INSERT INTO [dbo].[Question_QST] ([Id], [Question], [Id_Difficulty])
    VALUES (1535, N'Quel peintre cubiste a produit ''Violon et Raisins'' et influencé le développement du cubisme analytique ?', 4);
END
SET IDENTITY_INSERT [dbo].[Question_QST] OFF;

INSERT INTO [dbo].[Answer_ANS] ([Id_Question], [Value], [Valid]) VALUES
    (1535, N'Georges Braque', 1),
    (1535, N'Pablo Picasso', 0),
    (1535, N'Juan Gris', 0),
    (1535, N'Fernand Léger', 0);

IF NOT EXISTS (SELECT 1 FROM [dbo].[QuestionTheme_QTH] WHERE Id_Question = 1535 AND Id_Theme = @ThemeId)
BEGIN
    INSERT INTO [dbo].[QuestionTheme_QTH] ([Id_Question], [Id_Theme]) VALUES (1535, @ThemeId);
END

-- Question 179
SET IDENTITY_INSERT [dbo].[Question_QST] ON;
IF NOT EXISTS (SELECT 1 FROM [dbo].[Question_QST] WHERE Id = 1536)
BEGIN
    INSERT INTO [dbo].[Question_QST] ([Id], [Question], [Id_Difficulty])
    VALUES (1536, N'Quel sculpteur suisse a créé ''L’Homme qui marche'' ?', 4);
END
SET IDENTITY_INSERT [dbo].[Question_QST] OFF;

INSERT INTO [dbo].[Answer_ANS] ([Id_Question], [Value], [Valid]) VALUES
    (1536, N'Alberto Giacometti', 1),
    (1536, N'Henry Moore', 0),
    (1536, N'Jean Arp', 0),
    (1536, N'Constantin Brâncuși', 0);

IF NOT EXISTS (SELECT 1 FROM [dbo].[QuestionTheme_QTH] WHERE Id_Question = 1536 AND Id_Theme = @ThemeId)
BEGIN
    INSERT INTO [dbo].[QuestionTheme_QTH] ([Id_Question], [Id_Theme]) VALUES (1536, @ThemeId);
END

-- Question 180
SET IDENTITY_INSERT [dbo].[Question_QST] ON;
IF NOT EXISTS (SELECT 1 FROM [dbo].[Question_QST] WHERE Id = 1537)
BEGIN
    INSERT INTO [dbo].[Question_QST] ([Id], [Question], [Id_Difficulty])
    VALUES (1537, N'Quel peintre hollandais du XVIIe siècle est connu pour ses paysages et marines détaillées ?', 4);
END
SET IDENTITY_INSERT [dbo].[Question_QST] OFF;

INSERT INTO [dbo].[Answer_ANS] ([Id_Question], [Value], [Valid]) VALUES
    (1537, N'Jacob van Ruisdael', 1),
    (1537, N'Jan Vermeer', 0),
    (1537, N'Rembrandt', 0),
    (1537, N'Frans Hals', 0);

IF NOT EXISTS (SELECT 1 FROM [dbo].[QuestionTheme_QTH] WHERE Id_Question = 1537 AND Id_Theme = @ThemeId)
BEGIN
    INSERT INTO [dbo].[QuestionTheme_QTH] ([Id_Question], [Id_Theme]) VALUES (1537, @ThemeId);
END

-- Question 181
SET IDENTITY_INSERT [dbo].[Question_QST] ON;
IF NOT EXISTS (SELECT 1 FROM [dbo].[Question_QST] WHERE Id = 1538)
BEGIN
    INSERT INTO [dbo].[Question_QST] ([Id], [Question], [Id_Difficulty])
    VALUES (1538, N'Quel artiste contemporain américain est célèbre pour ses installations avec animaux suspendus ?', 4);
END
SET IDENTITY_INSERT [dbo].[Question_QST] OFF;

INSERT INTO [dbo].[Answer_ANS] ([Id_Question], [Value], [Valid]) VALUES
    (1538, N'Damien Hirst', 1),
    (1538, N'Jeff Koons', 0),
    (1538, N'Takashi Murakami', 0),
    (1538, N'Yayoi Kusama', 0);

IF NOT EXISTS (SELECT 1 FROM [dbo].[QuestionTheme_QTH] WHERE Id_Question = 1538 AND Id_Theme = @ThemeId)
BEGIN
    INSERT INTO [dbo].[QuestionTheme_QTH] ([Id_Question], [Id_Theme]) VALUES (1538, @ThemeId);
END

-- Question 182
SET IDENTITY_INSERT [dbo].[Question_QST] ON;
IF NOT EXISTS (SELECT 1 FROM [dbo].[Question_QST] WHERE Id = 1539)
BEGIN
    INSERT INTO [dbo].[Question_QST] ([Id], [Question], [Id_Difficulty])
    VALUES (1539, N'Quel peintre symboliste a réalisé ''Le Rêve d’un poète'' et des lithographies mystérieuses ?', 4);
END
SET IDENTITY_INSERT [dbo].[Question_QST] OFF;

INSERT INTO [dbo].[Answer_ANS] ([Id_Question], [Value], [Valid]) VALUES
    (1539, N'Odilon Redon', 1),
    (1539, N'Gustave Moreau', 0),
    (1539, N'Arnold Böcklin', 0),
    (1539, N'Pierre Puvis de Chavannes', 0);

IF NOT EXISTS (SELECT 1 FROM [dbo].[QuestionTheme_QTH] WHERE Id_Question = 1539 AND Id_Theme = @ThemeId)
BEGIN
    INSERT INTO [dbo].[QuestionTheme_QTH] ([Id_Question], [Id_Theme]) VALUES (1539, @ThemeId);
END

-- Question 183
SET IDENTITY_INSERT [dbo].[Question_QST] ON;
IF NOT EXISTS (SELECT 1 FROM [dbo].[Question_QST] WHERE Id = 1540)
BEGIN
    INSERT INTO [dbo].[Question_QST] ([Id], [Question], [Id_Difficulty])
    VALUES (1540, N'Quel sculpteur italien du XXe siècle est célèbre pour ses figures stylisées et simplifiées en pierre et bronze ?', 4);
END
SET IDENTITY_INSERT [dbo].[Question_QST] OFF;

INSERT INTO [dbo].[Answer_ANS] ([Id_Question], [Value], [Valid]) VALUES
    (1540, N'Constantin Brâncuși', 1),
    (1540, N'Alberto Giacometti', 0),
    (1540, N'Jean Arp', 0),
    (1540, N'Henry Moore', 0);

IF NOT EXISTS (SELECT 1 FROM [dbo].[QuestionTheme_QTH] WHERE Id_Question = 1540 AND Id_Theme = @ThemeId)
BEGIN
    INSERT INTO [dbo].[QuestionTheme_QTH] ([Id_Question], [Id_Theme]) VALUES (1540, @ThemeId);
END

-- Question 184
SET IDENTITY_INSERT [dbo].[Question_QST] ON;
IF NOT EXISTS (SELECT 1 FROM [dbo].[Question_QST] WHERE Id = 1541)
BEGIN
    INSERT INTO [dbo].[Question_QST] ([Id], [Question], [Id_Difficulty])
    VALUES (1541, N'Quel peintre italien a conçu les fresques de la chapelle Brancacci et influencé la Renaissance ?', 4);
END
SET IDENTITY_INSERT [dbo].[Question_QST] OFF;

INSERT INTO [dbo].[Answer_ANS] ([Id_Question], [Value], [Valid]) VALUES
    (1541, N'Masaccio', 1),
    (1541, N'Giotto', 0),
    (1541, N'Fra Angelico', 0),
    (1541, N'Piero della Francesca', 0);

IF NOT EXISTS (SELECT 1 FROM [dbo].[QuestionTheme_QTH] WHERE Id_Question = 1541 AND Id_Theme = @ThemeId)
BEGIN
    INSERT INTO [dbo].[QuestionTheme_QTH] ([Id_Question], [Id_Theme]) VALUES (1541, @ThemeId);
END

-- Question 185
SET IDENTITY_INSERT [dbo].[Question_QST] ON;
IF NOT EXISTS (SELECT 1 FROM [dbo].[Question_QST] WHERE Id = 1542)
BEGIN
    INSERT INTO [dbo].[Question_QST] ([Id], [Question], [Id_Difficulty])
    VALUES (1542, N'Quel peintre espagnol baroque a peint ''Saint Philippe Néri en extase'' ?', 4);
END
SET IDENTITY_INSERT [dbo].[Question_QST] OFF;

INSERT INTO [dbo].[Answer_ANS] ([Id_Question], [Value], [Valid]) VALUES
    (1542, N'José de Ribera', 1),
    (1542, N'Diego Velázquez', 0),
    (1542, N'Francisco Goya', 0),
    (1542, N'El Greco', 0);

IF NOT EXISTS (SELECT 1 FROM [dbo].[QuestionTheme_QTH] WHERE Id_Question = 1542 AND Id_Theme = @ThemeId)
BEGIN
    INSERT INTO [dbo].[QuestionTheme_QTH] ([Id_Question], [Id_Theme]) VALUES (1542, @ThemeId);
END

-- Question 186
SET IDENTITY_INSERT [dbo].[Question_QST] ON;
IF NOT EXISTS (SELECT 1 FROM [dbo].[Question_QST] WHERE Id = 1543)
BEGIN
    INSERT INTO [dbo].[Question_QST] ([Id], [Question], [Id_Difficulty])
    VALUES (1543, N'Quel peintre américain pop art est célèbre pour ses boîtes de soupe Campbell et portraits de célébrités ?', 4);
END
SET IDENTITY_INSERT [dbo].[Question_QST] OFF;

INSERT INTO [dbo].[Answer_ANS] ([Id_Question], [Value], [Valid]) VALUES
    (1543, N'Andy Warhol', 1),
    (1543, N'Roy Lichtenstein', 0),
    (1543, N'Jean-Michel Basquiat', 0),
    (1543, N'Keith Haring', 0);

IF NOT EXISTS (SELECT 1 FROM [dbo].[QuestionTheme_QTH] WHERE Id_Question = 1543 AND Id_Theme = @ThemeId)
BEGIN
    INSERT INTO [dbo].[QuestionTheme_QTH] ([Id_Question], [Id_Theme]) VALUES (1543, @ThemeId);
END

-- Question 187
SET IDENTITY_INSERT [dbo].[Question_QST] ON;
IF NOT EXISTS (SELECT 1 FROM [dbo].[Question_QST] WHERE Id = 1544)
BEGIN
    INSERT INTO [dbo].[Question_QST] ([Id], [Question], [Id_Difficulty])
    VALUES (1544, N'Quel peintre expressionniste allemand a peint ''Autoportrait au casque de soldat'' ?', 4);
END
SET IDENTITY_INSERT [dbo].[Question_QST] OFF;

INSERT INTO [dbo].[Answer_ANS] ([Id_Question], [Value], [Valid]) VALUES
    (1544, N'Ernst Ludwig Kirchner', 1),
    (1544, N'Emil Nolde', 0),
    (1544, N'Max Beckmann', 0),
    (1544, N'Otto Dix', 0);

IF NOT EXISTS (SELECT 1 FROM [dbo].[QuestionTheme_QTH] WHERE Id_Question = 1544 AND Id_Theme = @ThemeId)
BEGIN
    INSERT INTO [dbo].[QuestionTheme_QTH] ([Id_Question], [Id_Theme]) VALUES (1544, @ThemeId);
END

-- Question 188
SET IDENTITY_INSERT [dbo].[Question_QST] ON;
IF NOT EXISTS (SELECT 1 FROM [dbo].[Question_QST] WHERE Id = 1545)
BEGIN
    INSERT INTO [dbo].[Question_QST] ([Id], [Question], [Id_Difficulty])
    VALUES (1545, N'Quel sculpteur français a réalisé la statue de Jeanne d’Arc à Paris sur la place des Pyramides ?', 4);
END
SET IDENTITY_INSERT [dbo].[Question_QST] OFF;

INSERT INTO [dbo].[Answer_ANS] ([Id_Question], [Value], [Valid]) VALUES
    (1545, N'Frémiet', 1),
    (1545, N'Auguste Rodin', 0),
    (1545, N'Jean-Baptiste Carpeaux', 0),
    (1545, N'Louis-Ernest Barrias', 0);

IF NOT EXISTS (SELECT 1 FROM [dbo].[QuestionTheme_QTH] WHERE Id_Question = 1545 AND Id_Theme = @ThemeId)
BEGIN
    INSERT INTO [dbo].[QuestionTheme_QTH] ([Id_Question], [Id_Theme]) VALUES (1545, @ThemeId);
END

-- Question 189
SET IDENTITY_INSERT [dbo].[Question_QST] ON;
IF NOT EXISTS (SELECT 1 FROM [dbo].[Question_QST] WHERE Id = 1546)
BEGIN
    INSERT INTO [dbo].[Question_QST] ([Id], [Question], [Id_Difficulty])
    VALUES (1546, N'Quel peintre russe constructiviste a réalisé ''Coup de poing sur l’œil'' ?', 4);
END
SET IDENTITY_INSERT [dbo].[Question_QST] OFF;

INSERT INTO [dbo].[Answer_ANS] ([Id_Question], [Value], [Valid]) VALUES
    (1546, N'El Lissitzky', 1),
    (1546, N'Vladimir Tatline', 0),
    (1546, N'Kazimir Malevitch', 0),
    (1546, N'Alexander Rodchenko', 0);

IF NOT EXISTS (SELECT 1 FROM [dbo].[QuestionTheme_QTH] WHERE Id_Question = 1546 AND Id_Theme = @ThemeId)
BEGIN
    INSERT INTO [dbo].[QuestionTheme_QTH] ([Id_Question], [Id_Theme]) VALUES (1546, @ThemeId);
END

-- ======================
-- Questions / Réponses - Thème : Géographie (203 questions)
-- ======================
SET @ThemeId = (SELECT Id FROM [dbo].[Theme_THM] WHERE Label = N'Géographie');

-- Question 1
SET IDENTITY_INSERT [dbo].[Question_QST] ON;
IF NOT EXISTS (SELECT 1 FROM [dbo].[Question_QST] WHERE Id = 1547)
BEGIN
    INSERT INTO [dbo].[Question_QST] ([Id], [Question], [Id_Difficulty])
    VALUES (1547, N'Quelle est la capitale de la France ?', 1);
END
SET IDENTITY_INSERT [dbo].[Question_QST] OFF;

INSERT INTO [dbo].[Answer_ANS] ([Id_Question], [Value], [Valid]) VALUES
    (1547, N'Paris', 1),
    (1547, N'Lyon', 0),
    (1547, N'Marseille', 0),
    (1547, N'Bordeaux', 0);

IF NOT EXISTS (SELECT 1 FROM [dbo].[QuestionTheme_QTH] WHERE Id_Question = 1547 AND Id_Theme = @ThemeId)
BEGIN
    INSERT INTO [dbo].[QuestionTheme_QTH] ([Id_Question], [Id_Theme]) VALUES (1547, @ThemeId);
END

-- Question 2
SET IDENTITY_INSERT [dbo].[Question_QST] ON;
IF NOT EXISTS (SELECT 1 FROM [dbo].[Question_QST] WHERE Id = 1548)
BEGIN
    INSERT INTO [dbo].[Question_QST] ([Id], [Question], [Id_Difficulty])
    VALUES (1548, N'Quel est le plus grand continent ?', 1);
END
SET IDENTITY_INSERT [dbo].[Question_QST] OFF;

INSERT INTO [dbo].[Answer_ANS] ([Id_Question], [Value], [Valid]) VALUES
    (1548, N'Asie', 1),
    (1548, N'Afrique', 0),
    (1548, N'Europe', 0),
    (1548, N'Amérique', 0);

IF NOT EXISTS (SELECT 1 FROM [dbo].[QuestionTheme_QTH] WHERE Id_Question = 1548 AND Id_Theme = @ThemeId)
BEGIN
    INSERT INTO [dbo].[QuestionTheme_QTH] ([Id_Question], [Id_Theme]) VALUES (1548, @ThemeId);
END

-- Question 3
SET IDENTITY_INSERT [dbo].[Question_QST] ON;
IF NOT EXISTS (SELECT 1 FROM [dbo].[Question_QST] WHERE Id = 1549)
BEGIN
    INSERT INTO [dbo].[Question_QST] ([Id], [Question], [Id_Difficulty])
    VALUES (1549, N'Quel est le plus long fleuve du monde ?', 1);
END
SET IDENTITY_INSERT [dbo].[Question_QST] OFF;

INSERT INTO [dbo].[Answer_ANS] ([Id_Question], [Value], [Valid]) VALUES
    (1549, N'Nil', 1),
    (1549, N'Amazon', 0),
    (1549, N'Yangzi', 0),
    (1549, N'Mississippi', 0);

IF NOT EXISTS (SELECT 1 FROM [dbo].[QuestionTheme_QTH] WHERE Id_Question = 1549 AND Id_Theme = @ThemeId)
BEGIN
    INSERT INTO [dbo].[QuestionTheme_QTH] ([Id_Question], [Id_Theme]) VALUES (1549, @ThemeId);
END

-- Question 4
SET IDENTITY_INSERT [dbo].[Question_QST] ON;
IF NOT EXISTS (SELECT 1 FROM [dbo].[Question_QST] WHERE Id = 1550)
BEGIN
    INSERT INTO [dbo].[Question_QST] ([Id], [Question], [Id_Difficulty])
    VALUES (1550, N'Quel océan borde l''Europe à l''ouest ?', 1);
END
SET IDENTITY_INSERT [dbo].[Question_QST] OFF;

INSERT INTO [dbo].[Answer_ANS] ([Id_Question], [Value], [Valid]) VALUES
    (1550, N'Atlantique', 1),
    (1550, N'Pacifique', 0),
    (1550, N'Indien', 0),
    (1550, N'Arctique', 0);

IF NOT EXISTS (SELECT 1 FROM [dbo].[QuestionTheme_QTH] WHERE Id_Question = 1550 AND Id_Theme = @ThemeId)
BEGIN
    INSERT INTO [dbo].[QuestionTheme_QTH] ([Id_Question], [Id_Theme]) VALUES (1550, @ThemeId);
END

-- Question 5
SET IDENTITY_INSERT [dbo].[Question_QST] ON;
IF NOT EXISTS (SELECT 1 FROM [dbo].[Question_QST] WHERE Id = 1551)
BEGIN
    INSERT INTO [dbo].[Question_QST] ([Id], [Question], [Id_Difficulty])
    VALUES (1551, N'Quelle est la capitale de l''Allemagne ?', 1);
END
SET IDENTITY_INSERT [dbo].[Question_QST] OFF;

INSERT INTO [dbo].[Answer_ANS] ([Id_Question], [Value], [Valid]) VALUES
    (1551, N'Berlin', 1),
    (1551, N'Munich', 0),
    (1551, N'Hambourg', 0),
    (1551, N'Francfort', 0);

IF NOT EXISTS (SELECT 1 FROM [dbo].[QuestionTheme_QTH] WHERE Id_Question = 1551 AND Id_Theme = @ThemeId)
BEGIN
    INSERT INTO [dbo].[QuestionTheme_QTH] ([Id_Question], [Id_Theme]) VALUES (1551, @ThemeId);
END

-- Question 6
SET IDENTITY_INSERT [dbo].[Question_QST] ON;
IF NOT EXISTS (SELECT 1 FROM [dbo].[Question_QST] WHERE Id = 1552)
BEGIN
    INSERT INTO [dbo].[Question_QST] ([Id], [Question], [Id_Difficulty])
    VALUES (1552, N'Dans quel pays se trouve la ville de Sydney ?', 1);
END
SET IDENTITY_INSERT [dbo].[Question_QST] OFF;

INSERT INTO [dbo].[Answer_ANS] ([Id_Question], [Value], [Valid]) VALUES
    (1552, N'Australie', 1),
    (1552, N'Canada', 0),
    (1552, N'USA', 0),
    (1552, N'Nouvelle-Zélande', 0);

IF NOT EXISTS (SELECT 1 FROM [dbo].[QuestionTheme_QTH] WHERE Id_Question = 1552 AND Id_Theme = @ThemeId)
BEGIN
    INSERT INTO [dbo].[QuestionTheme_QTH] ([Id_Question], [Id_Theme]) VALUES (1552, @ThemeId);
END

-- Question 7
SET IDENTITY_INSERT [dbo].[Question_QST] ON;
IF NOT EXISTS (SELECT 1 FROM [dbo].[Question_QST] WHERE Id = 1553)
BEGIN
    INSERT INTO [dbo].[Question_QST] ([Id], [Question], [Id_Difficulty])
    VALUES (1553, N'Quelle est la capitale de l''Italie ?', 1);
END
SET IDENTITY_INSERT [dbo].[Question_QST] OFF;

INSERT INTO [dbo].[Answer_ANS] ([Id_Question], [Value], [Valid]) VALUES
    (1553, N'Rome', 1),
    (1553, N'Milan', 0),
    (1553, N'Venise', 0),
    (1553, N'Florence', 0);

IF NOT EXISTS (SELECT 1 FROM [dbo].[QuestionTheme_QTH] WHERE Id_Question = 1553 AND Id_Theme = @ThemeId)
BEGIN
    INSERT INTO [dbo].[QuestionTheme_QTH] ([Id_Question], [Id_Theme]) VALUES (1553, @ThemeId);
END

-- Question 8
SET IDENTITY_INSERT [dbo].[Question_QST] ON;
IF NOT EXISTS (SELECT 1 FROM [dbo].[Question_QST] WHERE Id = 1554)
BEGIN
    INSERT INTO [dbo].[Question_QST] ([Id], [Question], [Id_Difficulty])
    VALUES (1554, N'Quel est le plus grand désert du monde ?', 1);
END
SET IDENTITY_INSERT [dbo].[Question_QST] OFF;

INSERT INTO [dbo].[Answer_ANS] ([Id_Question], [Value], [Valid]) VALUES
    (1554, N'Sahara', 1),
    (1554, N'Gobi', 0),
    (1554, N'Kalahari', 0),
    (1554, N'Atacama', 0);

IF NOT EXISTS (SELECT 1 FROM [dbo].[QuestionTheme_QTH] WHERE Id_Question = 1554 AND Id_Theme = @ThemeId)
BEGIN
    INSERT INTO [dbo].[QuestionTheme_QTH] ([Id_Question], [Id_Theme]) VALUES (1554, @ThemeId);
END

-- Question 9
SET IDENTITY_INSERT [dbo].[Question_QST] ON;
IF NOT EXISTS (SELECT 1 FROM [dbo].[Question_QST] WHERE Id = 1555)
BEGIN
    INSERT INTO [dbo].[Question_QST] ([Id], [Question], [Id_Difficulty])
    VALUES (1555, N'Quel est le plus haut sommet du monde ?', 1);
END
SET IDENTITY_INSERT [dbo].[Question_QST] OFF;

INSERT INTO [dbo].[Answer_ANS] ([Id_Question], [Value], [Valid]) VALUES
    (1555, N'Mont Everest', 1),
    (1555, N'K2', 0),
    (1555, N'Kangchenjunga', 0),
    (1555, N'Lhotse', 0);

IF NOT EXISTS (SELECT 1 FROM [dbo].[QuestionTheme_QTH] WHERE Id_Question = 1555 AND Id_Theme = @ThemeId)
BEGIN
    INSERT INTO [dbo].[QuestionTheme_QTH] ([Id_Question], [Id_Theme]) VALUES (1555, @ThemeId);
END

-- Question 10
SET IDENTITY_INSERT [dbo].[Question_QST] ON;
IF NOT EXISTS (SELECT 1 FROM [dbo].[Question_QST] WHERE Id = 1556)
BEGIN
    INSERT INTO [dbo].[Question_QST] ([Id], [Question], [Id_Difficulty])
    VALUES (1556, N'Quelle est la capitale de l''Espagne ?', 1);
END
SET IDENTITY_INSERT [dbo].[Question_QST] OFF;

INSERT INTO [dbo].[Answer_ANS] ([Id_Question], [Value], [Valid]) VALUES
    (1556, N'Madrid', 1),
    (1556, N'Barcelone', 0),
    (1556, N'Séville', 0),
    (1556, N'Valence', 0);

IF NOT EXISTS (SELECT 1 FROM [dbo].[QuestionTheme_QTH] WHERE Id_Question = 1556 AND Id_Theme = @ThemeId)
BEGIN
    INSERT INTO [dbo].[QuestionTheme_QTH] ([Id_Question], [Id_Theme]) VALUES (1556, @ThemeId);
END

-- Question 11
SET IDENTITY_INSERT [dbo].[Question_QST] ON;
IF NOT EXISTS (SELECT 1 FROM [dbo].[Question_QST] WHERE Id = 1557)
BEGIN
    INSERT INTO [dbo].[Question_QST] ([Id], [Question], [Id_Difficulty])
    VALUES (1557, N'Quel pays a la plus grande superficie ?', 1);
END
SET IDENTITY_INSERT [dbo].[Question_QST] OFF;

INSERT INTO [dbo].[Answer_ANS] ([Id_Question], [Value], [Valid]) VALUES
    (1557, N'Russie', 1),
    (1557, N'Canada', 0),
    (1557, N'Chine', 0),
    (1557, N'USA', 0);

IF NOT EXISTS (SELECT 1 FROM [dbo].[QuestionTheme_QTH] WHERE Id_Question = 1557 AND Id_Theme = @ThemeId)
BEGIN
    INSERT INTO [dbo].[QuestionTheme_QTH] ([Id_Question], [Id_Theme]) VALUES (1557, @ThemeId);
END

-- Question 12
SET IDENTITY_INSERT [dbo].[Question_QST] ON;
IF NOT EXISTS (SELECT 1 FROM [dbo].[Question_QST] WHERE Id = 1558)
BEGIN
    INSERT INTO [dbo].[Question_QST] ([Id], [Question], [Id_Difficulty])
    VALUES (1558, N'Quel est le plus long fleuve d''Afrique ?', 1);
END
SET IDENTITY_INSERT [dbo].[Question_QST] OFF;

INSERT INTO [dbo].[Answer_ANS] ([Id_Question], [Value], [Valid]) VALUES
    (1558, N'Nil', 1),
    (1558, N'Congo', 0),
    (1558, N'Niger', 0),
    (1558, N'Zambèze', 0);

IF NOT EXISTS (SELECT 1 FROM [dbo].[QuestionTheme_QTH] WHERE Id_Question = 1558 AND Id_Theme = @ThemeId)
BEGIN
    INSERT INTO [dbo].[QuestionTheme_QTH] ([Id_Question], [Id_Theme]) VALUES (1558, @ThemeId);
END

-- Question 13
SET IDENTITY_INSERT [dbo].[Question_QST] ON;
IF NOT EXISTS (SELECT 1 FROM [dbo].[Question_QST] WHERE Id = 1559)
BEGIN
    INSERT INTO [dbo].[Question_QST] ([Id], [Question], [Id_Difficulty])
    VALUES (1559, N'Quelle mer sépare l''Europe de l''Afrique ?', 1);
END
SET IDENTITY_INSERT [dbo].[Question_QST] OFF;

INSERT INTO [dbo].[Answer_ANS] ([Id_Question], [Value], [Valid]) VALUES
    (1559, N'Méditerranée', 1),
    (1559, N'Noire', 0),
    (1559, N'Baltique', 0),
    (1559, N'Rouge', 0);

IF NOT EXISTS (SELECT 1 FROM [dbo].[QuestionTheme_QTH] WHERE Id_Question = 1559 AND Id_Theme = @ThemeId)
BEGIN
    INSERT INTO [dbo].[QuestionTheme_QTH] ([Id_Question], [Id_Theme]) VALUES (1559, @ThemeId);
END

-- Question 14
SET IDENTITY_INSERT [dbo].[Question_QST] ON;
IF NOT EXISTS (SELECT 1 FROM [dbo].[Question_QST] WHERE Id = 1560)
BEGIN
    INSERT INTO [dbo].[Question_QST] ([Id], [Question], [Id_Difficulty])
    VALUES (1560, N'Quelle est la capitale du Canada ?', 1);
END
SET IDENTITY_INSERT [dbo].[Question_QST] OFF;

INSERT INTO [dbo].[Answer_ANS] ([Id_Question], [Value], [Valid]) VALUES
    (1560, N'Ottawa', 1),
    (1560, N'Toronto', 0),
    (1560, N'Vancouver', 0),
    (1560, N'Montréal', 0);

IF NOT EXISTS (SELECT 1 FROM [dbo].[QuestionTheme_QTH] WHERE Id_Question = 1560 AND Id_Theme = @ThemeId)
BEGIN
    INSERT INTO [dbo].[QuestionTheme_QTH] ([Id_Question], [Id_Theme]) VALUES (1560, @ThemeId);
END

-- Question 15
SET IDENTITY_INSERT [dbo].[Question_QST] ON;
IF NOT EXISTS (SELECT 1 FROM [dbo].[Question_QST] WHERE Id = 1561)
BEGIN
    INSERT INTO [dbo].[Question_QST] ([Id], [Question], [Id_Difficulty])
    VALUES (1561, N'Quel pays est surnommé le pays du Soleil Levant ?', 1);
END
SET IDENTITY_INSERT [dbo].[Question_QST] OFF;

INSERT INTO [dbo].[Answer_ANS] ([Id_Question], [Value], [Valid]) VALUES
    (1561, N'Japon', 1),
    (1561, N'Chine', 0),
    (1561, N'Corée du Sud', 0),
    (1561, N'Thaïlande', 0);

IF NOT EXISTS (SELECT 1 FROM [dbo].[QuestionTheme_QTH] WHERE Id_Question = 1561 AND Id_Theme = @ThemeId)
BEGIN
    INSERT INTO [dbo].[QuestionTheme_QTH] ([Id_Question], [Id_Theme]) VALUES (1561, @ThemeId);
END

-- Question 16
SET IDENTITY_INSERT [dbo].[Question_QST] ON;
IF NOT EXISTS (SELECT 1 FROM [dbo].[Question_QST] WHERE Id = 1562)
BEGIN
    INSERT INTO [dbo].[Question_QST] ([Id], [Question], [Id_Difficulty])
    VALUES (1562, N'Quelle est la capitale de la Russie ?', 1);
END
SET IDENTITY_INSERT [dbo].[Question_QST] OFF;

INSERT INTO [dbo].[Answer_ANS] ([Id_Question], [Value], [Valid]) VALUES
    (1562, N'Moscou', 1),
    (1562, N'Saint-Pétersbourg', 0),
    (1562, N'Kazan', 0),
    (1562, N'Sotchi', 0);

IF NOT EXISTS (SELECT 1 FROM [dbo].[QuestionTheme_QTH] WHERE Id_Question = 1562 AND Id_Theme = @ThemeId)
BEGIN
    INSERT INTO [dbo].[QuestionTheme_QTH] ([Id_Question], [Id_Theme]) VALUES (1562, @ThemeId);
END

-- Question 17
SET IDENTITY_INSERT [dbo].[Question_QST] ON;
IF NOT EXISTS (SELECT 1 FROM [dbo].[Question_QST] WHERE Id = 1563)
BEGIN
    INSERT INTO [dbo].[Question_QST] ([Id], [Question], [Id_Difficulty])
    VALUES (1563, N'Quel est le plus grand océan ?', 1);
END
SET IDENTITY_INSERT [dbo].[Question_QST] OFF;

INSERT INTO [dbo].[Answer_ANS] ([Id_Question], [Value], [Valid]) VALUES
    (1563, N'Pacifique', 1),
    (1563, N'Atlantique', 0),
    (1563, N'Indien', 0),
    (1563, N'Arctique', 0);

IF NOT EXISTS (SELECT 1 FROM [dbo].[QuestionTheme_QTH] WHERE Id_Question = 1563 AND Id_Theme = @ThemeId)
BEGIN
    INSERT INTO [dbo].[QuestionTheme_QTH] ([Id_Question], [Id_Theme]) VALUES (1563, @ThemeId);
END

-- Question 18
SET IDENTITY_INSERT [dbo].[Question_QST] ON;
IF NOT EXISTS (SELECT 1 FROM [dbo].[Question_QST] WHERE Id = 1564)
BEGIN
    INSERT INTO [dbo].[Question_QST] ([Id], [Question], [Id_Difficulty])
    VALUES (1564, N'Quel pays possède la ville de Rio de Janeiro ?', 1);
END
SET IDENTITY_INSERT [dbo].[Question_QST] OFF;

INSERT INTO [dbo].[Answer_ANS] ([Id_Question], [Value], [Valid]) VALUES
    (1564, N'Brésil', 1),
    (1564, N'Argentine', 0),
    (1564, N'Chili', 0),
    (1564, N'Colombie', 0);

IF NOT EXISTS (SELECT 1 FROM [dbo].[QuestionTheme_QTH] WHERE Id_Question = 1564 AND Id_Theme = @ThemeId)
BEGIN
    INSERT INTO [dbo].[QuestionTheme_QTH] ([Id_Question], [Id_Theme]) VALUES (1564, @ThemeId);
END

-- Question 19
SET IDENTITY_INSERT [dbo].[Question_QST] ON;
IF NOT EXISTS (SELECT 1 FROM [dbo].[Question_QST] WHERE Id = 1565)
BEGIN
    INSERT INTO [dbo].[Question_QST] ([Id], [Question], [Id_Difficulty])
    VALUES (1565, N'Quelle est la capitale de l''Angleterre ?', 1);
END
SET IDENTITY_INSERT [dbo].[Question_QST] OFF;

INSERT INTO [dbo].[Answer_ANS] ([Id_Question], [Value], [Valid]) VALUES
    (1565, N'Londres', 1),
    (1565, N'Manchester', 0),
    (1565, N'Bristol', 0),
    (1565, N'Liverpool', 0);

IF NOT EXISTS (SELECT 1 FROM [dbo].[QuestionTheme_QTH] WHERE Id_Question = 1565 AND Id_Theme = @ThemeId)
BEGIN
    INSERT INTO [dbo].[QuestionTheme_QTH] ([Id_Question], [Id_Theme]) VALUES (1565, @ThemeId);
END

-- Question 20
SET IDENTITY_INSERT [dbo].[Question_QST] ON;
IF NOT EXISTS (SELECT 1 FROM [dbo].[Question_QST] WHERE Id = 1566)
BEGIN
    INSERT INTO [dbo].[Question_QST] ([Id], [Question], [Id_Difficulty])
    VALUES (1566, N'Quelle est la capitale de l''Égypte ?', 1);
END
SET IDENTITY_INSERT [dbo].[Question_QST] OFF;

INSERT INTO [dbo].[Answer_ANS] ([Id_Question], [Value], [Valid]) VALUES
    (1566, N'Le Caire', 1),
    (1566, N'Alexandrie', 0),
    (1566, N'Gizeh', 0),
    (1566, N'Assouan', 0);

IF NOT EXISTS (SELECT 1 FROM [dbo].[QuestionTheme_QTH] WHERE Id_Question = 1566 AND Id_Theme = @ThemeId)
BEGIN
    INSERT INTO [dbo].[QuestionTheme_QTH] ([Id_Question], [Id_Theme]) VALUES (1566, @ThemeId);
END

-- Question 21
SET IDENTITY_INSERT [dbo].[Question_QST] ON;
IF NOT EXISTS (SELECT 1 FROM [dbo].[Question_QST] WHERE Id = 1567)
BEGIN
    INSERT INTO [dbo].[Question_QST] ([Id], [Question], [Id_Difficulty])
    VALUES (1567, N'Quel est le plus grand lac d''Afrique ?', 1);
END
SET IDENTITY_INSERT [dbo].[Question_QST] OFF;

INSERT INTO [dbo].[Answer_ANS] ([Id_Question], [Value], [Valid]) VALUES
    (1567, N'Victoria', 1),
    (1567, N'Tchad', 0),
    (1567, N'Tanganyika', 0),
    (1567, N'Malawi', 0);

IF NOT EXISTS (SELECT 1 FROM [dbo].[QuestionTheme_QTH] WHERE Id_Question = 1567 AND Id_Theme = @ThemeId)
BEGIN
    INSERT INTO [dbo].[QuestionTheme_QTH] ([Id_Question], [Id_Theme]) VALUES (1567, @ThemeId);
END

-- Question 22
SET IDENTITY_INSERT [dbo].[Question_QST] ON;
IF NOT EXISTS (SELECT 1 FROM [dbo].[Question_QST] WHERE Id = 1568)
BEGIN
    INSERT INTO [dbo].[Question_QST] ([Id], [Question], [Id_Difficulty])
    VALUES (1568, N'Quel pays possède la ville de Marrakech ?', 1);
END
SET IDENTITY_INSERT [dbo].[Question_QST] OFF;

INSERT INTO [dbo].[Answer_ANS] ([Id_Question], [Value], [Valid]) VALUES
    (1568, N'Maroc', 1),
    (1568, N'Algérie', 0),
    (1568, N'Tunisie', 0),
    (1568, N'Libye', 0);

IF NOT EXISTS (SELECT 1 FROM [dbo].[QuestionTheme_QTH] WHERE Id_Question = 1568 AND Id_Theme = @ThemeId)
BEGIN
    INSERT INTO [dbo].[QuestionTheme_QTH] ([Id_Question], [Id_Theme]) VALUES (1568, @ThemeId);
END

-- Question 23
SET IDENTITY_INSERT [dbo].[Question_QST] ON;
IF NOT EXISTS (SELECT 1 FROM [dbo].[Question_QST] WHERE Id = 1569)
BEGIN
    INSERT INTO [dbo].[Question_QST] ([Id], [Question], [Id_Difficulty])
    VALUES (1569, N'Quelle est la capitale de la Chine ?', 1);
END
SET IDENTITY_INSERT [dbo].[Question_QST] OFF;

INSERT INTO [dbo].[Answer_ANS] ([Id_Question], [Value], [Valid]) VALUES
    (1569, N'Pékin', 1),
    (1569, N'Shanghai', 0),
    (1569, N'Hong Kong', 0),
    (1569, N'Shenzhen', 0);

IF NOT EXISTS (SELECT 1 FROM [dbo].[QuestionTheme_QTH] WHERE Id_Question = 1569 AND Id_Theme = @ThemeId)
BEGIN
    INSERT INTO [dbo].[QuestionTheme_QTH] ([Id_Question], [Id_Theme]) VALUES (1569, @ThemeId);
END

-- Question 24
SET IDENTITY_INSERT [dbo].[Question_QST] ON;
IF NOT EXISTS (SELECT 1 FROM [dbo].[Question_QST] WHERE Id = 1570)
BEGIN
    INSERT INTO [dbo].[Question_QST] ([Id], [Question], [Id_Difficulty])
    VALUES (1570, N'Quel pays possède la ville de Toronto ?', 1);
END
SET IDENTITY_INSERT [dbo].[Question_QST] OFF;

INSERT INTO [dbo].[Answer_ANS] ([Id_Question], [Value], [Valid]) VALUES
    (1570, N'Canada', 1),
    (1570, N'USA', 0),
    (1570, N'Australie', 0),
    (1570, N'Royaume-Uni', 0);

IF NOT EXISTS (SELECT 1 FROM [dbo].[QuestionTheme_QTH] WHERE Id_Question = 1570 AND Id_Theme = @ThemeId)
BEGIN
    INSERT INTO [dbo].[QuestionTheme_QTH] ([Id_Question], [Id_Theme]) VALUES (1570, @ThemeId);
END

-- Question 25
SET IDENTITY_INSERT [dbo].[Question_QST] ON;
IF NOT EXISTS (SELECT 1 FROM [dbo].[Question_QST] WHERE Id = 1571)
BEGIN
    INSERT INTO [dbo].[Question_QST] ([Id], [Question], [Id_Difficulty])
    VALUES (1571, N'Quel est le plus long fleuve d''Amérique du Sud ?', 1);
END
SET IDENTITY_INSERT [dbo].[Question_QST] OFF;

INSERT INTO [dbo].[Answer_ANS] ([Id_Question], [Value], [Valid]) VALUES
    (1571, N'Amazon', 1),
    (1571, N'Paraná', 0),
    (1571, N'Orénoque', 0),
    (1571, N'São Francisco', 0);

IF NOT EXISTS (SELECT 1 FROM [dbo].[QuestionTheme_QTH] WHERE Id_Question = 1571 AND Id_Theme = @ThemeId)
BEGIN
    INSERT INTO [dbo].[QuestionTheme_QTH] ([Id_Question], [Id_Theme]) VALUES (1571, @ThemeId);
END

-- Question 26
SET IDENTITY_INSERT [dbo].[Question_QST] ON;
IF NOT EXISTS (SELECT 1 FROM [dbo].[Question_QST] WHERE Id = 1572)
BEGIN
    INSERT INTO [dbo].[Question_QST] ([Id], [Question], [Id_Difficulty])
    VALUES (1572, N'Quelle est la capitale de l''Australie ?', 1);
END
SET IDENTITY_INSERT [dbo].[Question_QST] OFF;

INSERT INTO [dbo].[Answer_ANS] ([Id_Question], [Value], [Valid]) VALUES
    (1572, N'Canberra', 1),
    (1572, N'Sydney', 0),
    (1572, N'Melbourne', 0),
    (1572, N'Perth', 0);

IF NOT EXISTS (SELECT 1 FROM [dbo].[QuestionTheme_QTH] WHERE Id_Question = 1572 AND Id_Theme = @ThemeId)
BEGIN
    INSERT INTO [dbo].[QuestionTheme_QTH] ([Id_Question], [Id_Theme]) VALUES (1572, @ThemeId);
END

-- Question 27
SET IDENTITY_INSERT [dbo].[Question_QST] ON;
IF NOT EXISTS (SELECT 1 FROM [dbo].[Question_QST] WHERE Id = 1573)
BEGIN
    INSERT INTO [dbo].[Question_QST] ([Id], [Question], [Id_Difficulty])
    VALUES (1573, N'Quelle mer borde l''Italie à l''ouest ?', 1);
END
SET IDENTITY_INSERT [dbo].[Question_QST] OFF;

INSERT INTO [dbo].[Answer_ANS] ([Id_Question], [Value], [Valid]) VALUES
    (1573, N'Tyrrhénienne', 1),
    (1573, N'Adriatique', 0),
    (1573, N'Ionienne', 0),
    (1573, N'Méditerranée', 0);

IF NOT EXISTS (SELECT 1 FROM [dbo].[QuestionTheme_QTH] WHERE Id_Question = 1573 AND Id_Theme = @ThemeId)
BEGIN
    INSERT INTO [dbo].[QuestionTheme_QTH] ([Id_Question], [Id_Theme]) VALUES (1573, @ThemeId);
END

-- Question 28
SET IDENTITY_INSERT [dbo].[Question_QST] ON;
IF NOT EXISTS (SELECT 1 FROM [dbo].[Question_QST] WHERE Id = 1574)
BEGIN
    INSERT INTO [dbo].[Question_QST] ([Id], [Question], [Id_Difficulty])
    VALUES (1574, N'Quelle est la capitale du Japon ?', 1);
END
SET IDENTITY_INSERT [dbo].[Question_QST] OFF;

INSERT INTO [dbo].[Answer_ANS] ([Id_Question], [Value], [Valid]) VALUES
    (1574, N'Tokyo', 1),
    (1574, N'Osaka', 0),
    (1574, N'Kyoto', 0),
    (1574, N'Hiroshima', 0);

IF NOT EXISTS (SELECT 1 FROM [dbo].[QuestionTheme_QTH] WHERE Id_Question = 1574 AND Id_Theme = @ThemeId)
BEGIN
    INSERT INTO [dbo].[QuestionTheme_QTH] ([Id_Question], [Id_Theme]) VALUES (1574, @ThemeId);
END

-- Question 29
SET IDENTITY_INSERT [dbo].[Question_QST] ON;
IF NOT EXISTS (SELECT 1 FROM [dbo].[Question_QST] WHERE Id = 1575)
BEGIN
    INSERT INTO [dbo].[Question_QST] ([Id], [Question], [Id_Difficulty])
    VALUES (1575, N'Quel pays possède le désert de Gobi ?', 1);
END
SET IDENTITY_INSERT [dbo].[Question_QST] OFF;

INSERT INTO [dbo].[Answer_ANS] ([Id_Question], [Value], [Valid]) VALUES
    (1575, N'Mongolie', 1),
    (1575, N'Chine', 0),
    (1575, N'Inde', 0),
    (1575, N'Kazakhstan', 0);

IF NOT EXISTS (SELECT 1 FROM [dbo].[QuestionTheme_QTH] WHERE Id_Question = 1575 AND Id_Theme = @ThemeId)
BEGIN
    INSERT INTO [dbo].[QuestionTheme_QTH] ([Id_Question], [Id_Theme]) VALUES (1575, @ThemeId);
END

-- Question 30
SET IDENTITY_INSERT [dbo].[Question_QST] ON;
IF NOT EXISTS (SELECT 1 FROM [dbo].[Question_QST] WHERE Id = 1576)
BEGIN
    INSERT INTO [dbo].[Question_QST] ([Id], [Question], [Id_Difficulty])
    VALUES (1576, N'Quelle est la capitale de l''Inde ?', 1);
END
SET IDENTITY_INSERT [dbo].[Question_QST] OFF;

INSERT INTO [dbo].[Answer_ANS] ([Id_Question], [Value], [Valid]) VALUES
    (1576, N'New Delhi', 1),
    (1576, N'Mumbai', 0),
    (1576, N'Bangalore', 0),
    (1576, N'Calcutta', 0);

IF NOT EXISTS (SELECT 1 FROM [dbo].[QuestionTheme_QTH] WHERE Id_Question = 1576 AND Id_Theme = @ThemeId)
BEGIN
    INSERT INTO [dbo].[QuestionTheme_QTH] ([Id_Question], [Id_Theme]) VALUES (1576, @ThemeId);
END

-- Question 31
SET IDENTITY_INSERT [dbo].[Question_QST] ON;
IF NOT EXISTS (SELECT 1 FROM [dbo].[Question_QST] WHERE Id = 1577)
BEGIN
    INSERT INTO [dbo].[Question_QST] ([Id], [Question], [Id_Difficulty])
    VALUES (1577, N'Quel est le plus haut sommet d''Europe ?', 1);
END
SET IDENTITY_INSERT [dbo].[Question_QST] OFF;

INSERT INTO [dbo].[Answer_ANS] ([Id_Question], [Value], [Valid]) VALUES
    (1577, N'Mont Elbrouz', 1),
    (1577, N'Mont Blanc', 0),
    (1577, N'Matterhorn', 0),
    (1577, N'Mont Rose', 0);

IF NOT EXISTS (SELECT 1 FROM [dbo].[QuestionTheme_QTH] WHERE Id_Question = 1577 AND Id_Theme = @ThemeId)
BEGIN
    INSERT INTO [dbo].[QuestionTheme_QTH] ([Id_Question], [Id_Theme]) VALUES (1577, @ThemeId);
END

-- Question 32
SET IDENTITY_INSERT [dbo].[Question_QST] ON;
IF NOT EXISTS (SELECT 1 FROM [dbo].[Question_QST] WHERE Id = 1578)
BEGIN
    INSERT INTO [dbo].[Question_QST] ([Id], [Question], [Id_Difficulty])
    VALUES (1578, N'Quel pays est surnommé le pays des mille lacs ?', 1);
END
SET IDENTITY_INSERT [dbo].[Question_QST] OFF;

INSERT INTO [dbo].[Answer_ANS] ([Id_Question], [Value], [Valid]) VALUES
    (1578, N'Finlande', 1),
    (1578, N'Suède', 0),
    (1578, N'Norvège', 0),
    (1578, N'Canada', 0);

IF NOT EXISTS (SELECT 1 FROM [dbo].[QuestionTheme_QTH] WHERE Id_Question = 1578 AND Id_Theme = @ThemeId)
BEGIN
    INSERT INTO [dbo].[QuestionTheme_QTH] ([Id_Question], [Id_Theme]) VALUES (1578, @ThemeId);
END

-- Question 33
SET IDENTITY_INSERT [dbo].[Question_QST] ON;
IF NOT EXISTS (SELECT 1 FROM [dbo].[Question_QST] WHERE Id = 1579)
BEGIN
    INSERT INTO [dbo].[Question_QST] ([Id], [Question], [Id_Difficulty])
    VALUES (1579, N'Quelle est la capitale de la Grèce ?', 1);
END
SET IDENTITY_INSERT [dbo].[Question_QST] OFF;

INSERT INTO [dbo].[Answer_ANS] ([Id_Question], [Value], [Valid]) VALUES
    (1579, N'Athènes', 1),
    (1579, N'Thessalonique', 0),
    (1579, N'Corfou', 0),
    (1579, N'Patras', 0);

IF NOT EXISTS (SELECT 1 FROM [dbo].[QuestionTheme_QTH] WHERE Id_Question = 1579 AND Id_Theme = @ThemeId)
BEGIN
    INSERT INTO [dbo].[QuestionTheme_QTH] ([Id_Question], [Id_Theme]) VALUES (1579, @ThemeId);
END

-- Question 34
SET IDENTITY_INSERT [dbo].[Question_QST] ON;
IF NOT EXISTS (SELECT 1 FROM [dbo].[Question_QST] WHERE Id = 1580)
BEGIN
    INSERT INTO [dbo].[Question_QST] ([Id], [Question], [Id_Difficulty])
    VALUES (1580, N'Quel pays possède la ville de Vancouver ?', 1);
END
SET IDENTITY_INSERT [dbo].[Question_QST] OFF;

INSERT INTO [dbo].[Answer_ANS] ([Id_Question], [Value], [Valid]) VALUES
    (1580, N'Canada', 1),
    (1580, N'USA', 0),
    (1580, N'Australie', 0),
    (1580, N'Royaume-Uni', 0);

IF NOT EXISTS (SELECT 1 FROM [dbo].[QuestionTheme_QTH] WHERE Id_Question = 1580 AND Id_Theme = @ThemeId)
BEGIN
    INSERT INTO [dbo].[QuestionTheme_QTH] ([Id_Question], [Id_Theme]) VALUES (1580, @ThemeId);
END

-- Question 35
SET IDENTITY_INSERT [dbo].[Question_QST] ON;
IF NOT EXISTS (SELECT 1 FROM [dbo].[Question_QST] WHERE Id = 1581)
BEGIN
    INSERT INTO [dbo].[Question_QST] ([Id], [Question], [Id_Difficulty])
    VALUES (1581, N'Quel fleuve traverse Paris ?', 1);
END
SET IDENTITY_INSERT [dbo].[Question_QST] OFF;

INSERT INTO [dbo].[Answer_ANS] ([Id_Question], [Value], [Valid]) VALUES
    (1581, N'Seine', 1),
    (1581, N'Loire', 0),
    (1581, N'Rhin', 0),
    (1581, N'Garonne', 0);

IF NOT EXISTS (SELECT 1 FROM [dbo].[QuestionTheme_QTH] WHERE Id_Question = 1581 AND Id_Theme = @ThemeId)
BEGIN
    INSERT INTO [dbo].[QuestionTheme_QTH] ([Id_Question], [Id_Theme]) VALUES (1581, @ThemeId);
END

-- Question 36
SET IDENTITY_INSERT [dbo].[Question_QST] ON;
IF NOT EXISTS (SELECT 1 FROM [dbo].[Question_QST] WHERE Id = 1582)
BEGIN
    INSERT INTO [dbo].[Question_QST] ([Id], [Question], [Id_Difficulty])
    VALUES (1582, N'Quelle est la capitale de la Turquie ?', 1);
END
SET IDENTITY_INSERT [dbo].[Question_QST] OFF;

INSERT INTO [dbo].[Answer_ANS] ([Id_Question], [Value], [Valid]) VALUES
    (1582, N'Ankara', 1),
    (1582, N'Istanbul', 0),
    (1582, N'Izmir', 0),
    (1582, N'Bursa', 0);

IF NOT EXISTS (SELECT 1 FROM [dbo].[QuestionTheme_QTH] WHERE Id_Question = 1582 AND Id_Theme = @ThemeId)
BEGIN
    INSERT INTO [dbo].[QuestionTheme_QTH] ([Id_Question], [Id_Theme]) VALUES (1582, @ThemeId);
END

-- Question 37
SET IDENTITY_INSERT [dbo].[Question_QST] ON;
IF NOT EXISTS (SELECT 1 FROM [dbo].[Question_QST] WHERE Id = 1583)
BEGIN
    INSERT INTO [dbo].[Question_QST] ([Id], [Question], [Id_Difficulty])
    VALUES (1583, N'Quel pays possède la Patagonie ?', 1);
END
SET IDENTITY_INSERT [dbo].[Question_QST] OFF;

INSERT INTO [dbo].[Answer_ANS] ([Id_Question], [Value], [Valid]) VALUES
    (1583, N'Argentine', 1),
    (1583, N'Chili', 0),
    (1583, N'Brésil', 0),
    (1583, N'Uruguay', 0);

IF NOT EXISTS (SELECT 1 FROM [dbo].[QuestionTheme_QTH] WHERE Id_Question = 1583 AND Id_Theme = @ThemeId)
BEGIN
    INSERT INTO [dbo].[QuestionTheme_QTH] ([Id_Question], [Id_Theme]) VALUES (1583, @ThemeId);
END

-- Question 38
SET IDENTITY_INSERT [dbo].[Question_QST] ON;
IF NOT EXISTS (SELECT 1 FROM [dbo].[Question_QST] WHERE Id = 1584)
BEGIN
    INSERT INTO [dbo].[Question_QST] ([Id], [Question], [Id_Difficulty])
    VALUES (1584, N'Quelle est la capitale du Mexique ?', 1);
END
SET IDENTITY_INSERT [dbo].[Question_QST] OFF;

INSERT INTO [dbo].[Answer_ANS] ([Id_Question], [Value], [Valid]) VALUES
    (1584, N'Mexico', 1),
    (1584, N'Guadalajara', 0),
    (1584, N'Monterrey', 0),
    (1584, N'Cancún', 0);

IF NOT EXISTS (SELECT 1 FROM [dbo].[QuestionTheme_QTH] WHERE Id_Question = 1584 AND Id_Theme = @ThemeId)
BEGIN
    INSERT INTO [dbo].[QuestionTheme_QTH] ([Id_Question], [Id_Theme]) VALUES (1584, @ThemeId);
END

-- Question 39
SET IDENTITY_INSERT [dbo].[Question_QST] ON;
IF NOT EXISTS (SELECT 1 FROM [dbo].[Question_QST] WHERE Id = 1585)
BEGIN
    INSERT INTO [dbo].[Question_QST] ([Id], [Question], [Id_Difficulty])
    VALUES (1585, N'Quel pays possède les fjords célèbres ?', 1);
END
SET IDENTITY_INSERT [dbo].[Question_QST] OFF;

INSERT INTO [dbo].[Answer_ANS] ([Id_Question], [Value], [Valid]) VALUES
    (1585, N'Norvège', 1),
    (1585, N'Islande', 0),
    (1585, N'Suède', 0),
    (1585, N'Finlande', 0);

IF NOT EXISTS (SELECT 1 FROM [dbo].[QuestionTheme_QTH] WHERE Id_Question = 1585 AND Id_Theme = @ThemeId)
BEGIN
    INSERT INTO [dbo].[QuestionTheme_QTH] ([Id_Question], [Id_Theme]) VALUES (1585, @ThemeId);
END

-- Question 40
SET IDENTITY_INSERT [dbo].[Question_QST] ON;
IF NOT EXISTS (SELECT 1 FROM [dbo].[Question_QST] WHERE Id = 1586)
BEGIN
    INSERT INTO [dbo].[Question_QST] ([Id], [Question], [Id_Difficulty])
    VALUES (1586, N'Quel est le plus long fleuve d''Asie ?', 1);
END
SET IDENTITY_INSERT [dbo].[Question_QST] OFF;

INSERT INTO [dbo].[Answer_ANS] ([Id_Question], [Value], [Valid]) VALUES
    (1586, N'Yangzi', 1),
    (1586, N'Gange', 0),
    (1586, N'Mékong', 0),
    (1586, N'Indus', 0);

IF NOT EXISTS (SELECT 1 FROM [dbo].[QuestionTheme_QTH] WHERE Id_Question = 1586 AND Id_Theme = @ThemeId)
BEGIN
    INSERT INTO [dbo].[QuestionTheme_QTH] ([Id_Question], [Id_Theme]) VALUES (1586, @ThemeId);
END

-- Question 41
SET IDENTITY_INSERT [dbo].[Question_QST] ON;
IF NOT EXISTS (SELECT 1 FROM [dbo].[Question_QST] WHERE Id = 1587)
BEGIN
    INSERT INTO [dbo].[Question_QST] ([Id], [Question], [Id_Difficulty])
    VALUES (1587, N'Quelle mer borde l''Egypte au nord ?', 1);
END
SET IDENTITY_INSERT [dbo].[Question_QST] OFF;

INSERT INTO [dbo].[Answer_ANS] ([Id_Question], [Value], [Valid]) VALUES
    (1587, N'Méditerranée', 1),
    (1587, N'Rouge', 0),
    (1587, N'Noire', 0),
    (1587, N'Adriatique', 0);

IF NOT EXISTS (SELECT 1 FROM [dbo].[QuestionTheme_QTH] WHERE Id_Question = 1587 AND Id_Theme = @ThemeId)
BEGIN
    INSERT INTO [dbo].[QuestionTheme_QTH] ([Id_Question], [Id_Theme]) VALUES (1587, @ThemeId);
END

-- Question 42
SET IDENTITY_INSERT [dbo].[Question_QST] ON;
IF NOT EXISTS (SELECT 1 FROM [dbo].[Question_QST] WHERE Id = 1588)
BEGIN
    INSERT INTO [dbo].[Question_QST] ([Id], [Question], [Id_Difficulty])
    VALUES (1588, N'Quelle est la capitale de l''Argentine ?', 1);
END
SET IDENTITY_INSERT [dbo].[Question_QST] OFF;

INSERT INTO [dbo].[Answer_ANS] ([Id_Question], [Value], [Valid]) VALUES
    (1588, N'Buenos Aires', 1),
    (1588, N'Córdoba', 0),
    (1588, N'Rosario', 0),
    (1588, N'Mendoza', 0);

IF NOT EXISTS (SELECT 1 FROM [dbo].[QuestionTheme_QTH] WHERE Id_Question = 1588 AND Id_Theme = @ThemeId)
BEGIN
    INSERT INTO [dbo].[QuestionTheme_QTH] ([Id_Question], [Id_Theme]) VALUES (1588, @ThemeId);
END

-- Question 43
SET IDENTITY_INSERT [dbo].[Question_QST] ON;
IF NOT EXISTS (SELECT 1 FROM [dbo].[Question_QST] WHERE Id = 1589)
BEGIN
    INSERT INTO [dbo].[Question_QST] ([Id], [Question], [Id_Difficulty])
    VALUES (1589, N'Quel pays possède le Kilimandjaro ?', 1);
END
SET IDENTITY_INSERT [dbo].[Question_QST] OFF;

INSERT INTO [dbo].[Answer_ANS] ([Id_Question], [Value], [Valid]) VALUES
    (1589, N'Tanzanie', 1),
    (1589, N'Kenya', 0),
    (1589, N'Ouganda', 0),
    (1589, N'Éthiopie', 0);

IF NOT EXISTS (SELECT 1 FROM [dbo].[QuestionTheme_QTH] WHERE Id_Question = 1589 AND Id_Theme = @ThemeId)
BEGIN
    INSERT INTO [dbo].[QuestionTheme_QTH] ([Id_Question], [Id_Theme]) VALUES (1589, @ThemeId);
END

-- Question 44
SET IDENTITY_INSERT [dbo].[Question_QST] ON;
IF NOT EXISTS (SELECT 1 FROM [dbo].[Question_QST] WHERE Id = 1590)
BEGIN
    INSERT INTO [dbo].[Question_QST] ([Id], [Question], [Id_Difficulty])
    VALUES (1590, N'Quelle est la capitale de la Suède ?', 1);
END
SET IDENTITY_INSERT [dbo].[Question_QST] OFF;

INSERT INTO [dbo].[Answer_ANS] ([Id_Question], [Value], [Valid]) VALUES
    (1590, N'Stockholm', 1),
    (1590, N'Göteborg', 0),
    (1590, N'Malmö', 0),
    (1590, N'Uppsala', 0);

IF NOT EXISTS (SELECT 1 FROM [dbo].[QuestionTheme_QTH] WHERE Id_Question = 1590 AND Id_Theme = @ThemeId)
BEGIN
    INSERT INTO [dbo].[QuestionTheme_QTH] ([Id_Question], [Id_Theme]) VALUES (1590, @ThemeId);
END

-- Question 45
SET IDENTITY_INSERT [dbo].[Question_QST] ON;
IF NOT EXISTS (SELECT 1 FROM [dbo].[Question_QST] WHERE Id = 1591)
BEGIN
    INSERT INTO [dbo].[Question_QST] ([Id], [Question], [Id_Difficulty])
    VALUES (1591, N'Quel pays possède la ville de Casablanca ?', 1);
END
SET IDENTITY_INSERT [dbo].[Question_QST] OFF;

INSERT INTO [dbo].[Answer_ANS] ([Id_Question], [Value], [Valid]) VALUES
    (1591, N'Maroc', 1),
    (1591, N'Algérie', 0),
    (1591, N'Tunisie', 0),
    (1591, N'Libye', 0);

IF NOT EXISTS (SELECT 1 FROM [dbo].[QuestionTheme_QTH] WHERE Id_Question = 1591 AND Id_Theme = @ThemeId)
BEGIN
    INSERT INTO [dbo].[QuestionTheme_QTH] ([Id_Question], [Id_Theme]) VALUES (1591, @ThemeId);
END

-- Question 46
SET IDENTITY_INSERT [dbo].[Question_QST] ON;
IF NOT EXISTS (SELECT 1 FROM [dbo].[Question_QST] WHERE Id = 1592)
BEGIN
    INSERT INTO [dbo].[Question_QST] ([Id], [Question], [Id_Difficulty])
    VALUES (1592, N'Quel est le plus grand lac d''Amérique du Nord ?', 1);
END
SET IDENTITY_INSERT [dbo].[Question_QST] OFF;

INSERT INTO [dbo].[Answer_ANS] ([Id_Question], [Value], [Valid]) VALUES
    (1592, N'Supérieur', 1),
    (1592, N'Michigan', 0),
    (1592, N'Huron', 0),
    (1592, N'Ontario', 0);

IF NOT EXISTS (SELECT 1 FROM [dbo].[QuestionTheme_QTH] WHERE Id_Question = 1592 AND Id_Theme = @ThemeId)
BEGIN
    INSERT INTO [dbo].[QuestionTheme_QTH] ([Id_Question], [Id_Theme]) VALUES (1592, @ThemeId);
END

-- Question 47
SET IDENTITY_INSERT [dbo].[Question_QST] ON;
IF NOT EXISTS (SELECT 1 FROM [dbo].[Question_QST] WHERE Id = 1593)
BEGIN
    INSERT INTO [dbo].[Question_QST] ([Id], [Question], [Id_Difficulty])
    VALUES (1593, N'Quelle est la capitale de la Norvège ?', 1);
END
SET IDENTITY_INSERT [dbo].[Question_QST] OFF;

INSERT INTO [dbo].[Answer_ANS] ([Id_Question], [Value], [Valid]) VALUES
    (1593, N'Oslo', 1),
    (1593, N'Bergen', 0),
    (1593, N'Trondheim', 0),
    (1593, N'Stavanger', 0);

IF NOT EXISTS (SELECT 1 FROM [dbo].[QuestionTheme_QTH] WHERE Id_Question = 1593 AND Id_Theme = @ThemeId)
BEGIN
    INSERT INTO [dbo].[QuestionTheme_QTH] ([Id_Question], [Id_Theme]) VALUES (1593, @ThemeId);
END

-- Question 48
SET IDENTITY_INSERT [dbo].[Question_QST] ON;
IF NOT EXISTS (SELECT 1 FROM [dbo].[Question_QST] WHERE Id = 1594)
BEGIN
    INSERT INTO [dbo].[Question_QST] ([Id], [Question], [Id_Difficulty])
    VALUES (1594, N'Quel pays possède la ville de Lisbonne ?', 1);
END
SET IDENTITY_INSERT [dbo].[Question_QST] OFF;

INSERT INTO [dbo].[Answer_ANS] ([Id_Question], [Value], [Valid]) VALUES
    (1594, N'Portugal', 1),
    (1594, N'Espagne', 0),
    (1594, N'Italie', 0),
    (1594, N'Grèce', 0);

IF NOT EXISTS (SELECT 1 FROM [dbo].[QuestionTheme_QTH] WHERE Id_Question = 1594 AND Id_Theme = @ThemeId)
BEGIN
    INSERT INTO [dbo].[QuestionTheme_QTH] ([Id_Question], [Id_Theme]) VALUES (1594, @ThemeId);
END

-- Question 49
SET IDENTITY_INSERT [dbo].[Question_QST] ON;
IF NOT EXISTS (SELECT 1 FROM [dbo].[Question_QST] WHERE Id = 1595)
BEGIN
    INSERT INTO [dbo].[Question_QST] ([Id], [Question], [Id_Difficulty])
    VALUES (1595, N'Quel est le plus haut sommet d''Afrique ?', 1);
END
SET IDENTITY_INSERT [dbo].[Question_QST] OFF;

INSERT INTO [dbo].[Answer_ANS] ([Id_Question], [Value], [Valid]) VALUES
    (1595, N'Kilimandjaro', 1),
    (1595, N'Mont Kenya', 0),
    (1595, N'Ras Dashen', 0),
    (1595, N'Mont Elgon', 0);

IF NOT EXISTS (SELECT 1 FROM [dbo].[QuestionTheme_QTH] WHERE Id_Question = 1595 AND Id_Theme = @ThemeId)
BEGIN
    INSERT INTO [dbo].[QuestionTheme_QTH] ([Id_Question], [Id_Theme]) VALUES (1595, @ThemeId);
END

-- Question 50
SET IDENTITY_INSERT [dbo].[Question_QST] ON;
IF NOT EXISTS (SELECT 1 FROM [dbo].[Question_QST] WHERE Id = 1596)
BEGIN
    INSERT INTO [dbo].[Question_QST] ([Id], [Question], [Id_Difficulty])
    VALUES (1596, N'Quelle est la capitale de l''Irlande ?', 1);
END
SET IDENTITY_INSERT [dbo].[Question_QST] OFF;

INSERT INTO [dbo].[Answer_ANS] ([Id_Question], [Value], [Valid]) VALUES
    (1596, N'Dublin', 1),
    (1596, N'Cork', 0),
    (1596, N'Galway', 0),
    (1596, N'Limerick', 0);

IF NOT EXISTS (SELECT 1 FROM [dbo].[QuestionTheme_QTH] WHERE Id_Question = 1596 AND Id_Theme = @ThemeId)
BEGIN
    INSERT INTO [dbo].[QuestionTheme_QTH] ([Id_Question], [Id_Theme]) VALUES (1596, @ThemeId);
END

-- Question 51
SET IDENTITY_INSERT [dbo].[Question_QST] ON;
IF NOT EXISTS (SELECT 1 FROM [dbo].[Question_QST] WHERE Id = 1597)
BEGIN
    INSERT INTO [dbo].[Question_QST] ([Id], [Question], [Id_Difficulty])
    VALUES (1597, N'Quel pays possède la ville de Reykjavik ?', 1);
END
SET IDENTITY_INSERT [dbo].[Question_QST] OFF;

INSERT INTO [dbo].[Answer_ANS] ([Id_Question], [Value], [Valid]) VALUES
    (1597, N'Islande', 1),
    (1597, N'Norvège', 0),
    (1597, N'Finlande', 0),
    (1597, N'Danemark', 0);

IF NOT EXISTS (SELECT 1 FROM [dbo].[QuestionTheme_QTH] WHERE Id_Question = 1597 AND Id_Theme = @ThemeId)
BEGIN
    INSERT INTO [dbo].[QuestionTheme_QTH] ([Id_Question], [Id_Theme]) VALUES (1597, @ThemeId);
END

-- Question 52
SET IDENTITY_INSERT [dbo].[Question_QST] ON;
IF NOT EXISTS (SELECT 1 FROM [dbo].[Question_QST] WHERE Id = 1598)
BEGIN
    INSERT INTO [dbo].[Question_QST] ([Id], [Question], [Id_Difficulty])
    VALUES (1598, N'Quel est le plus long fleuve de France ?', 1);
END
SET IDENTITY_INSERT [dbo].[Question_QST] OFF;

INSERT INTO [dbo].[Answer_ANS] ([Id_Question], [Value], [Valid]) VALUES
    (1598, N'Loire', 1),
    (1598, N'Seine', 0),
    (1598, N'Rhin', 0),
    (1598, N'Garonne', 0);

IF NOT EXISTS (SELECT 1 FROM [dbo].[QuestionTheme_QTH] WHERE Id_Question = 1598 AND Id_Theme = @ThemeId)
BEGIN
    INSERT INTO [dbo].[QuestionTheme_QTH] ([Id_Question], [Id_Theme]) VALUES (1598, @ThemeId);
END

-- Question 53
SET IDENTITY_INSERT [dbo].[Question_QST] ON;
IF NOT EXISTS (SELECT 1 FROM [dbo].[Question_QST] WHERE Id = 1599)
BEGIN
    INSERT INTO [dbo].[Question_QST] ([Id], [Question], [Id_Difficulty])
    VALUES (1599, N'Quel pays possède le plus grand nombre d''îles habitées ?', 2);
END
SET IDENTITY_INSERT [dbo].[Question_QST] OFF;

INSERT INTO [dbo].[Answer_ANS] ([Id_Question], [Value], [Valid]) VALUES
    (1599, N'Indonésie', 1),
    (1599, N'Philippines', 0),
    (1599, N'Japon', 0),
    (1599, N'Norvège', 0);

IF NOT EXISTS (SELECT 1 FROM [dbo].[QuestionTheme_QTH] WHERE Id_Question = 1599 AND Id_Theme = @ThemeId)
BEGIN
    INSERT INTO [dbo].[QuestionTheme_QTH] ([Id_Question], [Id_Theme]) VALUES (1599, @ThemeId);
END

-- Question 54
SET IDENTITY_INSERT [dbo].[Question_QST] ON;
IF NOT EXISTS (SELECT 1 FROM [dbo].[Question_QST] WHERE Id = 1600)
BEGIN
    INSERT INTO [dbo].[Question_QST] ([Id], [Question], [Id_Difficulty])
    VALUES (1600, N'Quelle chaîne de montagnes sépare la France de l''Espagne ?', 2);
END
SET IDENTITY_INSERT [dbo].[Question_QST] OFF;

INSERT INTO [dbo].[Answer_ANS] ([Id_Question], [Value], [Valid]) VALUES
    (1600, N'Pyrénées', 1),
    (1600, N'Alpes', 0),
    (1600, N'Carpates', 0),
    (1600, N'Apennins', 0);

IF NOT EXISTS (SELECT 1 FROM [dbo].[QuestionTheme_QTH] WHERE Id_Question = 1600 AND Id_Theme = @ThemeId)
BEGIN
    INSERT INTO [dbo].[QuestionTheme_QTH] ([Id_Question], [Id_Theme]) VALUES (1600, @ThemeId);
END

-- Question 55
SET IDENTITY_INSERT [dbo].[Question_QST] ON;
IF NOT EXISTS (SELECT 1 FROM [dbo].[Question_QST] WHERE Id = 1601)
BEGIN
    INSERT INTO [dbo].[Question_QST] ([Id], [Question], [Id_Difficulty])
    VALUES (1601, N'Quel pays a le plus de frontières terrestres ?', 2);
END
SET IDENTITY_INSERT [dbo].[Question_QST] OFF;

INSERT INTO [dbo].[Answer_ANS] ([Id_Question], [Value], [Valid]) VALUES
    (1601, N'Chine', 1),
    (1601, N'Russie', 0),
    (1601, N'Brésil', 0),
    (1601, N'Inde', 0);

IF NOT EXISTS (SELECT 1 FROM [dbo].[QuestionTheme_QTH] WHERE Id_Question = 1601 AND Id_Theme = @ThemeId)
BEGIN
    INSERT INTO [dbo].[QuestionTheme_QTH] ([Id_Question], [Id_Theme]) VALUES (1601, @ThemeId);
END

-- Question 56
SET IDENTITY_INSERT [dbo].[Question_QST] ON;
IF NOT EXISTS (SELECT 1 FROM [dbo].[Question_QST] WHERE Id = 1602)
BEGIN
    INSERT INTO [dbo].[Question_QST] ([Id], [Question], [Id_Difficulty])
    VALUES (1602, N'Quel fleuve traverse la ville de Budapest ?', 2);
END
SET IDENTITY_INSERT [dbo].[Question_QST] OFF;

INSERT INTO [dbo].[Answer_ANS] ([Id_Question], [Value], [Valid]) VALUES
    (1602, N'Danube', 1),
    (1602, N'Rhin', 0),
    (1602, N'Volga', 0),
    (1602, N'Seine', 0);

IF NOT EXISTS (SELECT 1 FROM [dbo].[QuestionTheme_QTH] WHERE Id_Question = 1602 AND Id_Theme = @ThemeId)
BEGIN
    INSERT INTO [dbo].[QuestionTheme_QTH] ([Id_Question], [Id_Theme]) VALUES (1602, @ThemeId);
END

-- Question 57
SET IDENTITY_INSERT [dbo].[Question_QST] ON;
IF NOT EXISTS (SELECT 1 FROM [dbo].[Question_QST] WHERE Id = 1603)
BEGIN
    INSERT INTO [dbo].[Question_QST] ([Id], [Question], [Id_Difficulty])
    VALUES (1603, N'Quelle est la capitale de la Thaïlande ?', 2);
END
SET IDENTITY_INSERT [dbo].[Question_QST] OFF;

INSERT INTO [dbo].[Answer_ANS] ([Id_Question], [Value], [Valid]) VALUES
    (1603, N'Bangkok', 1),
    (1603, N'Chiang Mai', 0),
    (1603, N'Phuket', 0),
    (1603, N'Pattaya', 0);

IF NOT EXISTS (SELECT 1 FROM [dbo].[QuestionTheme_QTH] WHERE Id_Question = 1603 AND Id_Theme = @ThemeId)
BEGIN
    INSERT INTO [dbo].[QuestionTheme_QTH] ([Id_Question], [Id_Theme]) VALUES (1603, @ThemeId);
END

-- Question 58
SET IDENTITY_INSERT [dbo].[Question_QST] ON;
IF NOT EXISTS (SELECT 1 FROM [dbo].[Question_QST] WHERE Id = 1604)
BEGIN
    INSERT INTO [dbo].[Question_QST] ([Id], [Question], [Id_Difficulty])
    VALUES (1604, N'Quel désert se situe au nord de la Chine et en Mongolie ?', 2);
END
SET IDENTITY_INSERT [dbo].[Question_QST] OFF;

INSERT INTO [dbo].[Answer_ANS] ([Id_Question], [Value], [Valid]) VALUES
    (1604, N'Gobi', 1),
    (1604, N'Taklamakan', 0),
    (1604, N'Karakum', 0),
    (1604, N'Thar', 0);

IF NOT EXISTS (SELECT 1 FROM [dbo].[QuestionTheme_QTH] WHERE Id_Question = 1604 AND Id_Theme = @ThemeId)
BEGIN
    INSERT INTO [dbo].[QuestionTheme_QTH] ([Id_Question], [Id_Theme]) VALUES (1604, @ThemeId);
END

-- Question 59
SET IDENTITY_INSERT [dbo].[Question_QST] ON;
IF NOT EXISTS (SELECT 1 FROM [dbo].[Question_QST] WHERE Id = 1605)
BEGIN
    INSERT INTO [dbo].[Question_QST] ([Id], [Question], [Id_Difficulty])
    VALUES (1605, N'Quel est le plus grand lac salé du monde ?', 2);
END
SET IDENTITY_INSERT [dbo].[Question_QST] OFF;

INSERT INTO [dbo].[Answer_ANS] ([Id_Question], [Value], [Valid]) VALUES
    (1605, N'Mer Caspienne', 1),
    (1605, N'Lac Supérieur', 0),
    (1605, N'Lac Victoria', 0),
    (1605, N'Mer Morte', 0);

IF NOT EXISTS (SELECT 1 FROM [dbo].[QuestionTheme_QTH] WHERE Id_Question = 1605 AND Id_Theme = @ThemeId)
BEGIN
    INSERT INTO [dbo].[QuestionTheme_QTH] ([Id_Question], [Id_Theme]) VALUES (1605, @ThemeId);
END

-- Question 60
SET IDENTITY_INSERT [dbo].[Question_QST] ON;
IF NOT EXISTS (SELECT 1 FROM [dbo].[Question_QST] WHERE Id = 1606)
BEGIN
    INSERT INTO [dbo].[Question_QST] ([Id], [Question], [Id_Difficulty])
    VALUES (1606, N'Quelle chaîne de montagnes traverse l''Italie du nord au sud ?', 2);
END
SET IDENTITY_INSERT [dbo].[Question_QST] OFF;

INSERT INTO [dbo].[Answer_ANS] ([Id_Question], [Value], [Valid]) VALUES
    (1606, N'Apennins', 1),
    (1606, N'Alpes', 0),
    (1606, N'Carpates', 0),
    (1606, N'Pyrénées', 0);

IF NOT EXISTS (SELECT 1 FROM [dbo].[QuestionTheme_QTH] WHERE Id_Question = 1606 AND Id_Theme = @ThemeId)
BEGIN
    INSERT INTO [dbo].[QuestionTheme_QTH] ([Id_Question], [Id_Theme]) VALUES (1606, @ThemeId);
END

-- Question 61
SET IDENTITY_INSERT [dbo].[Question_QST] ON;
IF NOT EXISTS (SELECT 1 FROM [dbo].[Question_QST] WHERE Id = 1607)
BEGIN
    INSERT INTO [dbo].[Question_QST] ([Id], [Question], [Id_Difficulty])
    VALUES (1607, N'Quelle ville est située à cheval sur deux continents ?', 2);
END
SET IDENTITY_INSERT [dbo].[Question_QST] OFF;

INSERT INTO [dbo].[Answer_ANS] ([Id_Question], [Value], [Valid]) VALUES
    (1607, N'Istanbul', 1),
    (1607, N'Athènes', 0),
    (1607, N'Le Caire', 0),
    (1607, N'Auckland', 0);

IF NOT EXISTS (SELECT 1 FROM [dbo].[QuestionTheme_QTH] WHERE Id_Question = 1607 AND Id_Theme = @ThemeId)
BEGIN
    INSERT INTO [dbo].[QuestionTheme_QTH] ([Id_Question], [Id_Theme]) VALUES (1607, @ThemeId);
END

-- Question 62
SET IDENTITY_INSERT [dbo].[Question_QST] ON;
IF NOT EXISTS (SELECT 1 FROM [dbo].[Question_QST] WHERE Id = 1608)
BEGIN
    INSERT INTO [dbo].[Question_QST] ([Id], [Question], [Id_Difficulty])
    VALUES (1608, N'Quel pays a pour capitale Oslo ?', 2);
END
SET IDENTITY_INSERT [dbo].[Question_QST] OFF;

INSERT INTO [dbo].[Answer_ANS] ([Id_Question], [Value], [Valid]) VALUES
    (1608, N'Norvège', 1),
    (1608, N'Suède', 0),
    (1608, N'Finlande', 0),
    (1608, N'Danemark', 0);

IF NOT EXISTS (SELECT 1 FROM [dbo].[QuestionTheme_QTH] WHERE Id_Question = 1608 AND Id_Theme = @ThemeId)
BEGIN
    INSERT INTO [dbo].[QuestionTheme_QTH] ([Id_Question], [Id_Theme]) VALUES (1608, @ThemeId);
END

-- Question 63
SET IDENTITY_INSERT [dbo].[Question_QST] ON;
IF NOT EXISTS (SELECT 1 FROM [dbo].[Question_QST] WHERE Id = 1609)
BEGIN
    INSERT INTO [dbo].[Question_QST] ([Id], [Question], [Id_Difficulty])
    VALUES (1609, N'Quel fleuve africain se jette dans l''océan Atlantique ?', 2);
END
SET IDENTITY_INSERT [dbo].[Question_QST] OFF;

INSERT INTO [dbo].[Answer_ANS] ([Id_Question], [Value], [Valid]) VALUES
    (1609, N'Congo', 1),
    (1609, N'Nil', 0),
    (1609, N'Zambèze', 0),
    (1609, N'Niger', 0);

IF NOT EXISTS (SELECT 1 FROM [dbo].[QuestionTheme_QTH] WHERE Id_Question = 1609 AND Id_Theme = @ThemeId)
BEGIN
    INSERT INTO [dbo].[QuestionTheme_QTH] ([Id_Question], [Id_Theme]) VALUES (1609, @ThemeId);
END

-- Question 64
SET IDENTITY_INSERT [dbo].[Question_QST] ON;
IF NOT EXISTS (SELECT 1 FROM [dbo].[Question_QST] WHERE Id = 1610)
BEGIN
    INSERT INTO [dbo].[Question_QST] ([Id], [Question], [Id_Difficulty])
    VALUES (1610, N'Quel pays est traversé par le fleuve Yangzi ?', 2);
END
SET IDENTITY_INSERT [dbo].[Question_QST] OFF;

INSERT INTO [dbo].[Answer_ANS] ([Id_Question], [Value], [Valid]) VALUES
    (1610, N'Chine', 1),
    (1610, N'Vietnam', 0),
    (1610, N'Thaïlande', 0),
    (1610, N'Inde', 0);

IF NOT EXISTS (SELECT 1 FROM [dbo].[QuestionTheme_QTH] WHERE Id_Question = 1610 AND Id_Theme = @ThemeId)
BEGIN
    INSERT INTO [dbo].[QuestionTheme_QTH] ([Id_Question], [Id_Theme]) VALUES (1610, @ThemeId);
END

-- Question 65
SET IDENTITY_INSERT [dbo].[Question_QST] ON;
IF NOT EXISTS (SELECT 1 FROM [dbo].[Question_QST] WHERE Id = 1611)
BEGIN
    INSERT INTO [dbo].[Question_QST] ([Id], [Question], [Id_Difficulty])
    VALUES (1611, N'Quel est le plus grand désert froid du monde ?', 2);
END
SET IDENTITY_INSERT [dbo].[Question_QST] OFF;

INSERT INTO [dbo].[Answer_ANS] ([Id_Question], [Value], [Valid]) VALUES
    (1611, N'Antarctique', 1),
    (1611, N'Gobi', 0),
    (1611, N'Sahara', 0),
    (1611, N'Arctique', 0);

IF NOT EXISTS (SELECT 1 FROM [dbo].[QuestionTheme_QTH] WHERE Id_Question = 1611 AND Id_Theme = @ThemeId)
BEGIN
    INSERT INTO [dbo].[QuestionTheme_QTH] ([Id_Question], [Id_Theme]) VALUES (1611, @ThemeId);
END

-- Question 66
SET IDENTITY_INSERT [dbo].[Question_QST] ON;
IF NOT EXISTS (SELECT 1 FROM [dbo].[Question_QST] WHERE Id = 1612)
BEGIN
    INSERT INTO [dbo].[Question_QST] ([Id], [Question], [Id_Difficulty])
    VALUES (1612, N'Quelle est la capitale de l''Arabie Saoudite ?', 2);
END
SET IDENTITY_INSERT [dbo].[Question_QST] OFF;

INSERT INTO [dbo].[Answer_ANS] ([Id_Question], [Value], [Valid]) VALUES
    (1612, N'Riyad', 1),
    (1612, N'Djeddah', 0),
    (1612, N'Dammam', 0),
    (1612, N'La Mecque', 0);

IF NOT EXISTS (SELECT 1 FROM [dbo].[QuestionTheme_QTH] WHERE Id_Question = 1612 AND Id_Theme = @ThemeId)
BEGIN
    INSERT INTO [dbo].[QuestionTheme_QTH] ([Id_Question], [Id_Theme]) VALUES (1612, @ThemeId);
END

-- Question 67
SET IDENTITY_INSERT [dbo].[Question_QST] ON;
IF NOT EXISTS (SELECT 1 FROM [dbo].[Question_QST] WHERE Id = 1613)
BEGIN
    INSERT INTO [dbo].[Question_QST] ([Id], [Question], [Id_Difficulty])
    VALUES (1613, N'Quel pays possède la ville de Quito ?', 2);
END
SET IDENTITY_INSERT [dbo].[Question_QST] OFF;

INSERT INTO [dbo].[Answer_ANS] ([Id_Question], [Value], [Valid]) VALUES
    (1613, N'Équateur', 1),
    (1613, N'Colombie', 0),
    (1613, N'Pérou', 0),
    (1613, N'Bolivie', 0);

IF NOT EXISTS (SELECT 1 FROM [dbo].[QuestionTheme_QTH] WHERE Id_Question = 1613 AND Id_Theme = @ThemeId)
BEGIN
    INSERT INTO [dbo].[QuestionTheme_QTH] ([Id_Question], [Id_Theme]) VALUES (1613, @ThemeId);
END

-- Question 68
SET IDENTITY_INSERT [dbo].[Question_QST] ON;
IF NOT EXISTS (SELECT 1 FROM [dbo].[Question_QST] WHERE Id = 1614)
BEGIN
    INSERT INTO [dbo].[Question_QST] ([Id], [Question], [Id_Difficulty])
    VALUES (1614, N'Quel est le plus long fleuve d''Europe ?', 2);
END
SET IDENTITY_INSERT [dbo].[Question_QST] OFF;

INSERT INTO [dbo].[Answer_ANS] ([Id_Question], [Value], [Valid]) VALUES
    (1614, N'Volga', 1),
    (1614, N'Danube', 0),
    (1614, N'Rhône', 0),
    (1614, N'Rhin', 0);

IF NOT EXISTS (SELECT 1 FROM [dbo].[QuestionTheme_QTH] WHERE Id_Question = 1614 AND Id_Theme = @ThemeId)
BEGIN
    INSERT INTO [dbo].[QuestionTheme_QTH] ([Id_Question], [Id_Theme]) VALUES (1614, @ThemeId);
END

-- Question 69
SET IDENTITY_INSERT [dbo].[Question_QST] ON;
IF NOT EXISTS (SELECT 1 FROM [dbo].[Question_QST] WHERE Id = 1615)
BEGIN
    INSERT INTO [dbo].[Question_QST] ([Id], [Question], [Id_Difficulty])
    VALUES (1615, N'Quel pays possède le lac Baïkal ?', 2);
END
SET IDENTITY_INSERT [dbo].[Question_QST] OFF;

INSERT INTO [dbo].[Answer_ANS] ([Id_Question], [Value], [Valid]) VALUES
    (1615, N'Russie', 1),
    (1615, N'Mongolie', 0),
    (1615, N'Kazakhstan', 0),
    (1615, N'Chine', 0);

IF NOT EXISTS (SELECT 1 FROM [dbo].[QuestionTheme_QTH] WHERE Id_Question = 1615 AND Id_Theme = @ThemeId)
BEGIN
    INSERT INTO [dbo].[QuestionTheme_QTH] ([Id_Question], [Id_Theme]) VALUES (1615, @ThemeId);
END

-- Question 70
SET IDENTITY_INSERT [dbo].[Question_QST] ON;
IF NOT EXISTS (SELECT 1 FROM [dbo].[Question_QST] WHERE Id = 1616)
BEGIN
    INSERT INTO [dbo].[Question_QST] ([Id], [Question], [Id_Difficulty])
    VALUES (1616, N'Quelle ville est surnommée ''la ville des sept collines'' en Italie ?', 2);
END
SET IDENTITY_INSERT [dbo].[Question_QST] OFF;

INSERT INTO [dbo].[Answer_ANS] ([Id_Question], [Value], [Valid]) VALUES
    (1616, N'Rome', 1),
    (1616, N'Florence', 0),
    (1616, N'Naples', 0),
    (1616, N'Milan', 0);

IF NOT EXISTS (SELECT 1 FROM [dbo].[QuestionTheme_QTH] WHERE Id_Question = 1616 AND Id_Theme = @ThemeId)
BEGIN
    INSERT INTO [dbo].[QuestionTheme_QTH] ([Id_Question], [Id_Theme]) VALUES (1616, @ThemeId);
END

-- Question 71
SET IDENTITY_INSERT [dbo].[Question_QST] ON;
IF NOT EXISTS (SELECT 1 FROM [dbo].[Question_QST] WHERE Id = 1617)
BEGIN
    INSERT INTO [dbo].[Question_QST] ([Id], [Question], [Id_Difficulty])
    VALUES (1617, N'Quel pays possède la ville de Casablanca ?', 2);
END
SET IDENTITY_INSERT [dbo].[Question_QST] OFF;

INSERT INTO [dbo].[Answer_ANS] ([Id_Question], [Value], [Valid]) VALUES
    (1617, N'Maroc', 1),
    (1617, N'Algérie', 0),
    (1617, N'Tunisie', 0),
    (1617, N'Libye', 0);

IF NOT EXISTS (SELECT 1 FROM [dbo].[QuestionTheme_QTH] WHERE Id_Question = 1617 AND Id_Theme = @ThemeId)
BEGIN
    INSERT INTO [dbo].[QuestionTheme_QTH] ([Id_Question], [Id_Theme]) VALUES (1617, @ThemeId);
END

-- Question 72
SET IDENTITY_INSERT [dbo].[Question_QST] ON;
IF NOT EXISTS (SELECT 1 FROM [dbo].[Question_QST] WHERE Id = 1618)
BEGIN
    INSERT INTO [dbo].[Question_QST] ([Id], [Question], [Id_Difficulty])
    VALUES (1618, N'Quel fleuve traverse Vienne et Bratislava ?', 2);
END
SET IDENTITY_INSERT [dbo].[Question_QST] OFF;

INSERT INTO [dbo].[Answer_ANS] ([Id_Question], [Value], [Valid]) VALUES
    (1618, N'Danube', 1),
    (1618, N'Rhône', 0),
    (1618, N'Rhin', 0),
    (1618, N'Elbe', 0);

IF NOT EXISTS (SELECT 1 FROM [dbo].[QuestionTheme_QTH] WHERE Id_Question = 1618 AND Id_Theme = @ThemeId)
BEGIN
    INSERT INTO [dbo].[QuestionTheme_QTH] ([Id_Question], [Id_Theme]) VALUES (1618, @ThemeId);
END

-- Question 73
SET IDENTITY_INSERT [dbo].[Question_QST] ON;
IF NOT EXISTS (SELECT 1 FROM [dbo].[Question_QST] WHERE Id = 1619)
BEGIN
    INSERT INTO [dbo].[Question_QST] ([Id], [Question], [Id_Difficulty])
    VALUES (1619, N'Quel pays possède la ville de Durban ?', 2);
END
SET IDENTITY_INSERT [dbo].[Question_QST] OFF;

INSERT INTO [dbo].[Answer_ANS] ([Id_Question], [Value], [Valid]) VALUES
    (1619, N'Afrique du Sud', 1),
    (1619, N'Namibie', 0),
    (1619, N'Zimbabwe', 0),
    (1619, N'Botswana', 0);

IF NOT EXISTS (SELECT 1 FROM [dbo].[QuestionTheme_QTH] WHERE Id_Question = 1619 AND Id_Theme = @ThemeId)
BEGIN
    INSERT INTO [dbo].[QuestionTheme_QTH] ([Id_Question], [Id_Theme]) VALUES (1619, @ThemeId);
END

-- Question 74
SET IDENTITY_INSERT [dbo].[Question_QST] ON;
IF NOT EXISTS (SELECT 1 FROM [dbo].[Question_QST] WHERE Id = 1620)
BEGIN
    INSERT INTO [dbo].[Question_QST] ([Id], [Question], [Id_Difficulty])
    VALUES (1620, N'Quel est le plus grand archipel du monde ?', 2);
END
SET IDENTITY_INSERT [dbo].[Question_QST] OFF;

INSERT INTO [dbo].[Answer_ANS] ([Id_Question], [Value], [Valid]) VALUES
    (1620, N'Indonésie', 1),
    (1620, N'Philippines', 0),
    (1620, N'Japon', 0),
    (1620, N'Malaisie', 0);

IF NOT EXISTS (SELECT 1 FROM [dbo].[QuestionTheme_QTH] WHERE Id_Question = 1620 AND Id_Theme = @ThemeId)
BEGIN
    INSERT INTO [dbo].[QuestionTheme_QTH] ([Id_Question], [Id_Theme]) VALUES (1620, @ThemeId);
END

-- Question 75
SET IDENTITY_INSERT [dbo].[Question_QST] ON;
IF NOT EXISTS (SELECT 1 FROM [dbo].[Question_QST] WHERE Id = 1621)
BEGIN
    INSERT INTO [dbo].[Question_QST] ([Id], [Question], [Id_Difficulty])
    VALUES (1621, N'Quel pays possède les chutes Victoria ?', 2);
END
SET IDENTITY_INSERT [dbo].[Question_QST] OFF;

INSERT INTO [dbo].[Answer_ANS] ([Id_Question], [Value], [Valid]) VALUES
    (1621, N'Zambie', 0),
    (1621, N'Zimbabwe', 1),
    (1621, N'Botswana', 0),
    (1621, N'Namibie', 0);

IF NOT EXISTS (SELECT 1 FROM [dbo].[QuestionTheme_QTH] WHERE Id_Question = 1621 AND Id_Theme = @ThemeId)
BEGIN
    INSERT INTO [dbo].[QuestionTheme_QTH] ([Id_Question], [Id_Theme]) VALUES (1621, @ThemeId);
END

-- Question 76
SET IDENTITY_INSERT [dbo].[Question_QST] ON;
IF NOT EXISTS (SELECT 1 FROM [dbo].[Question_QST] WHERE Id = 1622)
BEGIN
    INSERT INTO [dbo].[Question_QST] ([Id], [Question], [Id_Difficulty])
    VALUES (1622, N'Quelle chaîne de montagnes traverse le Chili ?', 2);
END
SET IDENTITY_INSERT [dbo].[Question_QST] OFF;

INSERT INTO [dbo].[Answer_ANS] ([Id_Question], [Value], [Valid]) VALUES
    (1622, N'Andes', 1),
    (1622, N'Alpes', 0),
    (1622, N'Rockies', 0),
    (1622, N'Himalaya', 0);

IF NOT EXISTS (SELECT 1 FROM [dbo].[QuestionTheme_QTH] WHERE Id_Question = 1622 AND Id_Theme = @ThemeId)
BEGIN
    INSERT INTO [dbo].[QuestionTheme_QTH] ([Id_Question], [Id_Theme]) VALUES (1622, @ThemeId);
END

-- Question 77
SET IDENTITY_INSERT [dbo].[Question_QST] ON;
IF NOT EXISTS (SELECT 1 FROM [dbo].[Question_QST] WHERE Id = 1623)
BEGIN
    INSERT INTO [dbo].[Question_QST] ([Id], [Question], [Id_Difficulty])
    VALUES (1623, N'Quel pays a pour capitale Hanoï ?', 2);
END
SET IDENTITY_INSERT [dbo].[Question_QST] OFF;

INSERT INTO [dbo].[Answer_ANS] ([Id_Question], [Value], [Valid]) VALUES
    (1623, N'Vietnam', 1),
    (1623, N'Laos', 0),
    (1623, N'Cambodge', 0),
    (1623, N'Thaïlande', 0);

IF NOT EXISTS (SELECT 1 FROM [dbo].[QuestionTheme_QTH] WHERE Id_Question = 1623 AND Id_Theme = @ThemeId)
BEGIN
    INSERT INTO [dbo].[QuestionTheme_QTH] ([Id_Question], [Id_Theme]) VALUES (1623, @ThemeId);
END

-- Question 78
SET IDENTITY_INSERT [dbo].[Question_QST] ON;
IF NOT EXISTS (SELECT 1 FROM [dbo].[Question_QST] WHERE Id = 1624)
BEGIN
    INSERT INTO [dbo].[Question_QST] ([Id], [Question], [Id_Difficulty])
    VALUES (1624, N'Quel fleuve traverse Prague ?', 2);
END
SET IDENTITY_INSERT [dbo].[Question_QST] OFF;

INSERT INTO [dbo].[Answer_ANS] ([Id_Question], [Value], [Valid]) VALUES
    (1624, N'Vltava', 1),
    (1624, N'Danube', 0),
    (1624, N'Elbe', 0),
    (1624, N'Rhine', 0);

IF NOT EXISTS (SELECT 1 FROM [dbo].[QuestionTheme_QTH] WHERE Id_Question = 1624 AND Id_Theme = @ThemeId)
BEGIN
    INSERT INTO [dbo].[QuestionTheme_QTH] ([Id_Question], [Id_Theme]) VALUES (1624, @ThemeId);
END

-- Question 79
SET IDENTITY_INSERT [dbo].[Question_QST] ON;
IF NOT EXISTS (SELECT 1 FROM [dbo].[Question_QST] WHERE Id = 1625)
BEGIN
    INSERT INTO [dbo].[Question_QST] ([Id], [Question], [Id_Difficulty])
    VALUES (1625, N'Quel pays possède la ville de Marrakech ?', 2);
END
SET IDENTITY_INSERT [dbo].[Question_QST] OFF;

INSERT INTO [dbo].[Answer_ANS] ([Id_Question], [Value], [Valid]) VALUES
    (1625, N'Maroc', 1),
    (1625, N'Algérie', 0),
    (1625, N'Tunisie', 0),
    (1625, N'Libye', 0);

IF NOT EXISTS (SELECT 1 FROM [dbo].[QuestionTheme_QTH] WHERE Id_Question = 1625 AND Id_Theme = @ThemeId)
BEGIN
    INSERT INTO [dbo].[QuestionTheme_QTH] ([Id_Question], [Id_Theme]) VALUES (1625, @ThemeId);
END

-- Question 80
SET IDENTITY_INSERT [dbo].[Question_QST] ON;
IF NOT EXISTS (SELECT 1 FROM [dbo].[Question_QST] WHERE Id = 1626)
BEGIN
    INSERT INTO [dbo].[Question_QST] ([Id], [Question], [Id_Difficulty])
    VALUES (1626, N'Quel pays a pour capitale Jakarta ?', 2);
END
SET IDENTITY_INSERT [dbo].[Question_QST] OFF;

INSERT INTO [dbo].[Answer_ANS] ([Id_Question], [Value], [Valid]) VALUES
    (1626, N'Indonésie', 1),
    (1626, N'Malaisie', 0),
    (1626, N'Philippines', 0),
    (1626, N'Thaïlande', 0);

IF NOT EXISTS (SELECT 1 FROM [dbo].[QuestionTheme_QTH] WHERE Id_Question = 1626 AND Id_Theme = @ThemeId)
BEGIN
    INSERT INTO [dbo].[QuestionTheme_QTH] ([Id_Question], [Id_Theme]) VALUES (1626, @ThemeId);
END

-- Question 81
SET IDENTITY_INSERT [dbo].[Question_QST] ON;
IF NOT EXISTS (SELECT 1 FROM [dbo].[Question_QST] WHERE Id = 1627)
BEGIN
    INSERT INTO [dbo].[Question_QST] ([Id], [Question], [Id_Difficulty])
    VALUES (1627, N'Quel fleuve traverse l''Égypte ?', 2);
END
SET IDENTITY_INSERT [dbo].[Question_QST] OFF;

INSERT INTO [dbo].[Answer_ANS] ([Id_Question], [Value], [Valid]) VALUES
    (1627, N'Nil', 1),
    (1627, N'Niger', 0),
    (1627, N'Zambèze', 0),
    (1627, N'Congo', 0);

IF NOT EXISTS (SELECT 1 FROM [dbo].[QuestionTheme_QTH] WHERE Id_Question = 1627 AND Id_Theme = @ThemeId)
BEGIN
    INSERT INTO [dbo].[QuestionTheme_QTH] ([Id_Question], [Id_Theme]) VALUES (1627, @ThemeId);
END

-- Question 82
SET IDENTITY_INSERT [dbo].[Question_QST] ON;
IF NOT EXISTS (SELECT 1 FROM [dbo].[Question_QST] WHERE Id = 1628)
BEGIN
    INSERT INTO [dbo].[Question_QST] ([Id], [Question], [Id_Difficulty])
    VALUES (1628, N'Quelle mer borde le Japon à l''est ?', 2);
END
SET IDENTITY_INSERT [dbo].[Question_QST] OFF;

INSERT INTO [dbo].[Answer_ANS] ([Id_Question], [Value], [Valid]) VALUES
    (1628, N'Pacifique', 1),
    (1628, N'Mer de Chine', 0),
    (1628, N'Mer du Japon', 0),
    (1628, N'Mer d''Okhotsk', 0);

IF NOT EXISTS (SELECT 1 FROM [dbo].[QuestionTheme_QTH] WHERE Id_Question = 1628 AND Id_Theme = @ThemeId)
BEGIN
    INSERT INTO [dbo].[QuestionTheme_QTH] ([Id_Question], [Id_Theme]) VALUES (1628, @ThemeId);
END

-- Question 83
SET IDENTITY_INSERT [dbo].[Question_QST] ON;
IF NOT EXISTS (SELECT 1 FROM [dbo].[Question_QST] WHERE Id = 1629)
BEGIN
    INSERT INTO [dbo].[Question_QST] ([Id], [Question], [Id_Difficulty])
    VALUES (1629, N'Quel pays possède la ville de Medellín ?', 2);
END
SET IDENTITY_INSERT [dbo].[Question_QST] OFF;

INSERT INTO [dbo].[Answer_ANS] ([Id_Question], [Value], [Valid]) VALUES
    (1629, N'Colombie', 1),
    (1629, N'Venezuela', 0),
    (1629, N'Équateur', 0),
    (1629, N'Pérou', 0);

IF NOT EXISTS (SELECT 1 FROM [dbo].[QuestionTheme_QTH] WHERE Id_Question = 1629 AND Id_Theme = @ThemeId)
BEGIN
    INSERT INTO [dbo].[QuestionTheme_QTH] ([Id_Question], [Id_Theme]) VALUES (1629, @ThemeId);
END

-- Question 84
SET IDENTITY_INSERT [dbo].[Question_QST] ON;
IF NOT EXISTS (SELECT 1 FROM [dbo].[Question_QST] WHERE Id = 1630)
BEGIN
    INSERT INTO [dbo].[Question_QST] ([Id], [Question], [Id_Difficulty])
    VALUES (1630, N'Quel est le plus haut sommet d''Amérique du Sud ?', 2);
END
SET IDENTITY_INSERT [dbo].[Question_QST] OFF;

INSERT INTO [dbo].[Answer_ANS] ([Id_Question], [Value], [Valid]) VALUES
    (1630, N'Aconcagua', 1),
    (1630, N'Huascarán', 0),
    (1630, N'Chimborazo', 0),
    (1630, N'Ojos del Salado', 0);

IF NOT EXISTS (SELECT 1 FROM [dbo].[QuestionTheme_QTH] WHERE Id_Question = 1630 AND Id_Theme = @ThemeId)
BEGIN
    INSERT INTO [dbo].[QuestionTheme_QTH] ([Id_Question], [Id_Theme]) VALUES (1630, @ThemeId);
END

-- Question 85
SET IDENTITY_INSERT [dbo].[Question_QST] ON;
IF NOT EXISTS (SELECT 1 FROM [dbo].[Question_QST] WHERE Id = 1631)
BEGIN
    INSERT INTO [dbo].[Question_QST] ([Id], [Question], [Id_Difficulty])
    VALUES (1631, N'Quelle est la capitale du Nigeria ?', 2);
END
SET IDENTITY_INSERT [dbo].[Question_QST] OFF;

INSERT INTO [dbo].[Answer_ANS] ([Id_Question], [Value], [Valid]) VALUES
    (1631, N'Abuja', 1),
    (1631, N'Lagos', 0),
    (1631, N'Kano', 0),
    (1631, N'Port Harcourt', 0);

IF NOT EXISTS (SELECT 1 FROM [dbo].[QuestionTheme_QTH] WHERE Id_Question = 1631 AND Id_Theme = @ThemeId)
BEGIN
    INSERT INTO [dbo].[QuestionTheme_QTH] ([Id_Question], [Id_Theme]) VALUES (1631, @ThemeId);
END

-- Question 86
SET IDENTITY_INSERT [dbo].[Question_QST] ON;
IF NOT EXISTS (SELECT 1 FROM [dbo].[Question_QST] WHERE Id = 1632)
BEGIN
    INSERT INTO [dbo].[Question_QST] ([Id], [Question], [Id_Difficulty])
    VALUES (1632, N'Quel pays possède la vallée de la Mort ?', 2);
END
SET IDENTITY_INSERT [dbo].[Question_QST] OFF;

INSERT INTO [dbo].[Answer_ANS] ([Id_Question], [Value], [Valid]) VALUES
    (1632, N'USA', 1),
    (1632, N'Canada', 0),
    (1632, N'Chili', 0),
    (1632, N'Argentine', 0);

IF NOT EXISTS (SELECT 1 FROM [dbo].[QuestionTheme_QTH] WHERE Id_Question = 1632 AND Id_Theme = @ThemeId)
BEGIN
    INSERT INTO [dbo].[QuestionTheme_QTH] ([Id_Question], [Id_Theme]) VALUES (1632, @ThemeId);
END

-- Question 87
SET IDENTITY_INSERT [dbo].[Question_QST] ON;
IF NOT EXISTS (SELECT 1 FROM [dbo].[Question_QST] WHERE Id = 1633)
BEGIN
    INSERT INTO [dbo].[Question_QST] ([Id], [Question], [Id_Difficulty])
    VALUES (1633, N'Quel est le plus grand lac d''Europe ?', 2);
END
SET IDENTITY_INSERT [dbo].[Question_QST] OFF;

INSERT INTO [dbo].[Answer_ANS] ([Id_Question], [Value], [Valid]) VALUES
    (1633, N'Ladoga', 1),
    (1633, N'Onega', 0),
    (1633, N'Balaton', 0),
    (1633, N'Genève', 0);

IF NOT EXISTS (SELECT 1 FROM [dbo].[QuestionTheme_QTH] WHERE Id_Question = 1633 AND Id_Theme = @ThemeId)
BEGIN
    INSERT INTO [dbo].[QuestionTheme_QTH] ([Id_Question], [Id_Theme]) VALUES (1633, @ThemeId);
END

-- Question 88
SET IDENTITY_INSERT [dbo].[Question_QST] ON;
IF NOT EXISTS (SELECT 1 FROM [dbo].[Question_QST] WHERE Id = 1634)
BEGIN
    INSERT INTO [dbo].[Question_QST] ([Id], [Question], [Id_Difficulty])
    VALUES (1634, N'Quel pays possède la ville de Katmandou ?', 2);
END
SET IDENTITY_INSERT [dbo].[Question_QST] OFF;

INSERT INTO [dbo].[Answer_ANS] ([Id_Question], [Value], [Valid]) VALUES
    (1634, N'Népal', 1),
    (1634, N'Bhoutan', 0),
    (1634, N'Inde', 0),
    (1634, N'Tibet', 0);

IF NOT EXISTS (SELECT 1 FROM [dbo].[QuestionTheme_QTH] WHERE Id_Question = 1634 AND Id_Theme = @ThemeId)
BEGIN
    INSERT INTO [dbo].[QuestionTheme_QTH] ([Id_Question], [Id_Theme]) VALUES (1634, @ThemeId);
END

-- Question 89
SET IDENTITY_INSERT [dbo].[Question_QST] ON;
IF NOT EXISTS (SELECT 1 FROM [dbo].[Question_QST] WHERE Id = 1635)
BEGIN
    INSERT INTO [dbo].[Question_QST] ([Id], [Question], [Id_Difficulty])
    VALUES (1635, N'Quel fleuve traverse Londres ?', 2);
END
SET IDENTITY_INSERT [dbo].[Question_QST] OFF;

INSERT INTO [dbo].[Answer_ANS] ([Id_Question], [Value], [Valid]) VALUES
    (1635, N'Thames', 1),
    (1635, N'Seine', 0),
    (1635, N'Rhin', 0),
    (1635, N'Loire', 0);

IF NOT EXISTS (SELECT 1 FROM [dbo].[QuestionTheme_QTH] WHERE Id_Question = 1635 AND Id_Theme = @ThemeId)
BEGIN
    INSERT INTO [dbo].[QuestionTheme_QTH] ([Id_Question], [Id_Theme]) VALUES (1635, @ThemeId);
END

-- Question 90
SET IDENTITY_INSERT [dbo].[Question_QST] ON;
IF NOT EXISTS (SELECT 1 FROM [dbo].[Question_QST] WHERE Id = 1636)
BEGIN
    INSERT INTO [dbo].[Question_QST] ([Id], [Question], [Id_Difficulty])
    VALUES (1636, N'Quelle est la capitale de l’Argentine ?', 2);
END
SET IDENTITY_INSERT [dbo].[Question_QST] OFF;

INSERT INTO [dbo].[Answer_ANS] ([Id_Question], [Value], [Valid]) VALUES
    (1636, N'Buenos Aires', 1),
    (1636, N'Córdoba', 0),
    (1636, N'Rosario', 0),
    (1636, N'Mendoza', 0);

IF NOT EXISTS (SELECT 1 FROM [dbo].[QuestionTheme_QTH] WHERE Id_Question = 1636 AND Id_Theme = @ThemeId)
BEGIN
    INSERT INTO [dbo].[QuestionTheme_QTH] ([Id_Question], [Id_Theme]) VALUES (1636, @ThemeId);
END

-- Question 91
SET IDENTITY_INSERT [dbo].[Question_QST] ON;
IF NOT EXISTS (SELECT 1 FROM [dbo].[Question_QST] WHERE Id = 1637)
BEGIN
    INSERT INTO [dbo].[Question_QST] ([Id], [Question], [Id_Difficulty])
    VALUES (1637, N'Quel pays possède le mont Elbrouz ?', 2);
END
SET IDENTITY_INSERT [dbo].[Question_QST] OFF;

INSERT INTO [dbo].[Answer_ANS] ([Id_Question], [Value], [Valid]) VALUES
    (1637, N'Russie', 1),
    (1637, N'Géorgie', 0),
    (1637, N'Arménie', 0),
    (1637, N'Turquie', 0);

IF NOT EXISTS (SELECT 1 FROM [dbo].[QuestionTheme_QTH] WHERE Id_Question = 1637 AND Id_Theme = @ThemeId)
BEGIN
    INSERT INTO [dbo].[QuestionTheme_QTH] ([Id_Question], [Id_Theme]) VALUES (1637, @ThemeId);
END

-- Question 92
SET IDENTITY_INSERT [dbo].[Question_QST] ON;
IF NOT EXISTS (SELECT 1 FROM [dbo].[Question_QST] WHERE Id = 1638)
BEGIN
    INSERT INTO [dbo].[Question_QST] ([Id], [Question], [Id_Difficulty])
    VALUES (1638, N'Quel est le plus grand delta fluvial du monde ?', 2);
END
SET IDENTITY_INSERT [dbo].[Question_QST] OFF;

INSERT INTO [dbo].[Answer_ANS] ([Id_Question], [Value], [Valid]) VALUES
    (1638, N'Nil', 0),
    (1638, N'Gange-Brahmapoutre', 1),
    (1638, N'Mississippi', 0),
    (1638, N'Amazon', 0);

IF NOT EXISTS (SELECT 1 FROM [dbo].[QuestionTheme_QTH] WHERE Id_Question = 1638 AND Id_Theme = @ThemeId)
BEGIN
    INSERT INTO [dbo].[QuestionTheme_QTH] ([Id_Question], [Id_Theme]) VALUES (1638, @ThemeId);
END

-- Question 93
SET IDENTITY_INSERT [dbo].[Question_QST] ON;
IF NOT EXISTS (SELECT 1 FROM [dbo].[Question_QST] WHERE Id = 1639)
BEGIN
    INSERT INTO [dbo].[Question_QST] ([Id], [Question], [Id_Difficulty])
    VALUES (1639, N'Quel pays possède la ville de Reykjavik ?', 2);
END
SET IDENTITY_INSERT [dbo].[Question_QST] OFF;

INSERT INTO [dbo].[Answer_ANS] ([Id_Question], [Value], [Valid]) VALUES
    (1639, N'Islande', 1),
    (1639, N'Norvège', 0),
    (1639, N'Finlande', 0),
    (1639, N'Danemark', 0);

IF NOT EXISTS (SELECT 1 FROM [dbo].[QuestionTheme_QTH] WHERE Id_Question = 1639 AND Id_Theme = @ThemeId)
BEGIN
    INSERT INTO [dbo].[QuestionTheme_QTH] ([Id_Question], [Id_Theme]) VALUES (1639, @ThemeId);
END

-- Question 94
SET IDENTITY_INSERT [dbo].[Question_QST] ON;
IF NOT EXISTS (SELECT 1 FROM [dbo].[Question_QST] WHERE Id = 1640)
BEGIN
    INSERT INTO [dbo].[Question_QST] ([Id], [Question], [Id_Difficulty])
    VALUES (1640, N'Quel est le plus grand archipel de l''océan Pacifique ?', 2);
END
SET IDENTITY_INSERT [dbo].[Question_QST] OFF;

INSERT INTO [dbo].[Answer_ANS] ([Id_Question], [Value], [Valid]) VALUES
    (1640, N'Philippines', 0),
    (1640, N'Indonésie', 1),
    (1640, N'Nouvelle-Zélande', 0),
    (1640, N'Japon', 0);

IF NOT EXISTS (SELECT 1 FROM [dbo].[QuestionTheme_QTH] WHERE Id_Question = 1640 AND Id_Theme = @ThemeId)
BEGIN
    INSERT INTO [dbo].[QuestionTheme_QTH] ([Id_Question], [Id_Theme]) VALUES (1640, @ThemeId);
END

-- Question 95
SET IDENTITY_INSERT [dbo].[Question_QST] ON;
IF NOT EXISTS (SELECT 1 FROM [dbo].[Question_QST] WHERE Id = 1641)
BEGIN
    INSERT INTO [dbo].[Question_QST] ([Id], [Question], [Id_Difficulty])
    VALUES (1641, N'Quelle mer borde l’Italie à l’est ?', 2);
END
SET IDENTITY_INSERT [dbo].[Question_QST] OFF;

INSERT INTO [dbo].[Answer_ANS] ([Id_Question], [Value], [Valid]) VALUES
    (1641, N'Adriatique', 1),
    (1641, N'Ionienne', 0),
    (1641, N'Tyrrhénienne', 0),
    (1641, N'Méditerranée', 0);

IF NOT EXISTS (SELECT 1 FROM [dbo].[QuestionTheme_QTH] WHERE Id_Question = 1641 AND Id_Theme = @ThemeId)
BEGIN
    INSERT INTO [dbo].[QuestionTheme_QTH] ([Id_Question], [Id_Theme]) VALUES (1641, @ThemeId);
END

-- Question 96
SET IDENTITY_INSERT [dbo].[Question_QST] ON;
IF NOT EXISTS (SELECT 1 FROM [dbo].[Question_QST] WHERE Id = 1642)
BEGIN
    INSERT INTO [dbo].[Question_QST] ([Id], [Question], [Id_Difficulty])
    VALUES (1642, N'Quel pays possède les îles Galápagos ?', 2);
END
SET IDENTITY_INSERT [dbo].[Question_QST] OFF;

INSERT INTO [dbo].[Answer_ANS] ([Id_Question], [Value], [Valid]) VALUES
    (1642, N'Équateur', 1),
    (1642, N'Pérou', 0),
    (1642, N'Chili', 0),
    (1642, N'Colombie', 0);

IF NOT EXISTS (SELECT 1 FROM [dbo].[QuestionTheme_QTH] WHERE Id_Question = 1642 AND Id_Theme = @ThemeId)
BEGIN
    INSERT INTO [dbo].[QuestionTheme_QTH] ([Id_Question], [Id_Theme]) VALUES (1642, @ThemeId);
END

-- Question 97
SET IDENTITY_INSERT [dbo].[Question_QST] ON;
IF NOT EXISTS (SELECT 1 FROM [dbo].[Question_QST] WHERE Id = 1643)
BEGIN
    INSERT INTO [dbo].[Question_QST] ([Id], [Question], [Id_Difficulty])
    VALUES (1643, N'Quel fleuve traverse Vienne, Bratislava et Budapest ?', 2);
END
SET IDENTITY_INSERT [dbo].[Question_QST] OFF;

INSERT INTO [dbo].[Answer_ANS] ([Id_Question], [Value], [Valid]) VALUES
    (1643, N'Danube', 1),
    (1643, N'Rhin', 0),
    (1643, N'Rhône', 0),
    (1643, N'Elbe', 0);

IF NOT EXISTS (SELECT 1 FROM [dbo].[QuestionTheme_QTH] WHERE Id_Question = 1643 AND Id_Theme = @ThemeId)
BEGIN
    INSERT INTO [dbo].[QuestionTheme_QTH] ([Id_Question], [Id_Theme]) VALUES (1643, @ThemeId);
END

-- Question 98
SET IDENTITY_INSERT [dbo].[Question_QST] ON;
IF NOT EXISTS (SELECT 1 FROM [dbo].[Question_QST] WHERE Id = 1644)
BEGIN
    INSERT INTO [dbo].[Question_QST] ([Id], [Question], [Id_Difficulty])
    VALUES (1644, N'Quelle est la capitale de la Finlande ?', 2);
END
SET IDENTITY_INSERT [dbo].[Question_QST] OFF;

INSERT INTO [dbo].[Answer_ANS] ([Id_Question], [Value], [Valid]) VALUES
    (1644, N'Helsinki', 1),
    (1644, N'Turku', 0),
    (1644, N'Tampere', 0),
    (1644, N'Oulu', 0);

IF NOT EXISTS (SELECT 1 FROM [dbo].[QuestionTheme_QTH] WHERE Id_Question = 1644 AND Id_Theme = @ThemeId)
BEGIN
    INSERT INTO [dbo].[QuestionTheme_QTH] ([Id_Question], [Id_Theme]) VALUES (1644, @ThemeId);
END

-- Question 99
SET IDENTITY_INSERT [dbo].[Question_QST] ON;
IF NOT EXISTS (SELECT 1 FROM [dbo].[Question_QST] WHERE Id = 1645)
BEGIN
    INSERT INTO [dbo].[Question_QST] ([Id], [Question], [Id_Difficulty])
    VALUES (1645, N'Quel pays possède la ville de Porto ?', 2);
END
SET IDENTITY_INSERT [dbo].[Question_QST] OFF;

INSERT INTO [dbo].[Answer_ANS] ([Id_Question], [Value], [Valid]) VALUES
    (1645, N'Portugal', 1),
    (1645, N'Espagne', 0),
    (1645, N'Italie', 0),
    (1645, N'France', 0);

IF NOT EXISTS (SELECT 1 FROM [dbo].[QuestionTheme_QTH] WHERE Id_Question = 1645 AND Id_Theme = @ThemeId)
BEGIN
    INSERT INTO [dbo].[QuestionTheme_QTH] ([Id_Question], [Id_Theme]) VALUES (1645, @ThemeId);
END

-- Question 100
SET IDENTITY_INSERT [dbo].[Question_QST] ON;
IF NOT EXISTS (SELECT 1 FROM [dbo].[Question_QST] WHERE Id = 1646)
BEGIN
    INSERT INTO [dbo].[Question_QST] ([Id], [Question], [Id_Difficulty])
    VALUES (1646, N'Quel pays possède le Kilimandjaro ?', 2);
END
SET IDENTITY_INSERT [dbo].[Question_QST] OFF;

INSERT INTO [dbo].[Answer_ANS] ([Id_Question], [Value], [Valid]) VALUES
    (1646, N'Tanzanie', 1),
    (1646, N'Kenya', 0),
    (1646, N'Ouganda', 0),
    (1646, N'Éthiopie', 0);

IF NOT EXISTS (SELECT 1 FROM [dbo].[QuestionTheme_QTH] WHERE Id_Question = 1646 AND Id_Theme = @ThemeId)
BEGIN
    INSERT INTO [dbo].[QuestionTheme_QTH] ([Id_Question], [Id_Theme]) VALUES (1646, @ThemeId);
END

-- Question 101
SET IDENTITY_INSERT [dbo].[Question_QST] ON;
IF NOT EXISTS (SELECT 1 FROM [dbo].[Question_QST] WHERE Id = 1647)
BEGIN
    INSERT INTO [dbo].[Question_QST] ([Id], [Question], [Id_Difficulty])
    VALUES (1647, N'Quel pays possède le plus grand nombre de volcans actifs ?', 3);
END
SET IDENTITY_INSERT [dbo].[Question_QST] OFF;

INSERT INTO [dbo].[Answer_ANS] ([Id_Question], [Value], [Valid]) VALUES
    (1647, N'Indonésie', 1),
    (1647, N'Japon', 0),
    (1647, N'États-Unis', 0),
    (1647, N'Chili', 0);

IF NOT EXISTS (SELECT 1 FROM [dbo].[QuestionTheme_QTH] WHERE Id_Question = 1647 AND Id_Theme = @ThemeId)
BEGIN
    INSERT INTO [dbo].[QuestionTheme_QTH] ([Id_Question], [Id_Theme]) VALUES (1647, @ThemeId);
END

-- Question 102
SET IDENTITY_INSERT [dbo].[Question_QST] ON;
IF NOT EXISTS (SELECT 1 FROM [dbo].[Question_QST] WHERE Id = 1648)
BEGIN
    INSERT INTO [dbo].[Question_QST] ([Id], [Question], [Id_Difficulty])
    VALUES (1648, N'Quel est le point le plus bas sur terre en surface sèche ?', 3);
END
SET IDENTITY_INSERT [dbo].[Question_QST] OFF;

INSERT INTO [dbo].[Answer_ANS] ([Id_Question], [Value], [Valid]) VALUES
    (1648, N'Mer Morte', 1),
    (1648, N'Lac Assal', 0),
    (1648, N'Vallée de la Mort', 0),
    (1648, N'Lac Eyre', 0);

IF NOT EXISTS (SELECT 1 FROM [dbo].[QuestionTheme_QTH] WHERE Id_Question = 1648 AND Id_Theme = @ThemeId)
BEGIN
    INSERT INTO [dbo].[QuestionTheme_QTH] ([Id_Question], [Id_Theme]) VALUES (1648, @ThemeId);
END

-- Question 103
SET IDENTITY_INSERT [dbo].[Question_QST] ON;
IF NOT EXISTS (SELECT 1 FROM [dbo].[Question_QST] WHERE Id = 1649)
BEGIN
    INSERT INTO [dbo].[Question_QST] ([Id], [Question], [Id_Difficulty])
    VALUES (1649, N'Quel est le plus grand delta fluvial en superficie ?', 3);
END
SET IDENTITY_INSERT [dbo].[Question_QST] OFF;

INSERT INTO [dbo].[Answer_ANS] ([Id_Question], [Value], [Valid]) VALUES
    (1649, N'Gange-Brahmapoutre', 1),
    (1649, N'Nil', 0),
    (1649, N'Mississippi', 0),
    (1649, N'Amazon', 0);

IF NOT EXISTS (SELECT 1 FROM [dbo].[QuestionTheme_QTH] WHERE Id_Question = 1649 AND Id_Theme = @ThemeId)
BEGIN
    INSERT INTO [dbo].[QuestionTheme_QTH] ([Id_Question], [Id_Theme]) VALUES (1649, @ThemeId);
END

-- Question 104
SET IDENTITY_INSERT [dbo].[Question_QST] ON;
IF NOT EXISTS (SELECT 1 FROM [dbo].[Question_QST] WHERE Id = 1650)
BEGIN
    INSERT INTO [dbo].[Question_QST] ([Id], [Question], [Id_Difficulty])
    VALUES (1650, N'Quelle ville est surnommée ''la ville aux ponts'' et se trouve sur plus de 100 îles ?', 3);
END
SET IDENTITY_INSERT [dbo].[Question_QST] OFF;

INSERT INTO [dbo].[Answer_ANS] ([Id_Question], [Value], [Valid]) VALUES
    (1650, N'Stockholm', 1),
    (1650, N'Venise', 0),
    (1650, N'Amsterdam', 0),
    (1650, N'Saint-Pétersbourg', 0);

IF NOT EXISTS (SELECT 1 FROM [dbo].[QuestionTheme_QTH] WHERE Id_Question = 1650 AND Id_Theme = @ThemeId)
BEGIN
    INSERT INTO [dbo].[QuestionTheme_QTH] ([Id_Question], [Id_Theme]) VALUES (1650, @ThemeId);
END

-- Question 105
SET IDENTITY_INSERT [dbo].[Question_QST] ON;
IF NOT EXISTS (SELECT 1 FROM [dbo].[Question_QST] WHERE Id = 1651)
BEGIN
    INSERT INTO [dbo].[Question_QST] ([Id], [Question], [Id_Difficulty])
    VALUES (1651, N'Quel désert occupe la plus grande partie de la Mongolie ?', 3);
END
SET IDENTITY_INSERT [dbo].[Question_QST] OFF;

INSERT INTO [dbo].[Answer_ANS] ([Id_Question], [Value], [Valid]) VALUES
    (1651, N'Gobi', 1),
    (1651, N'Karakum', 0),
    (1651, N'Taklamakan', 0),
    (1651, N'Kyzylkum', 0);

IF NOT EXISTS (SELECT 1 FROM [dbo].[QuestionTheme_QTH] WHERE Id_Question = 1651 AND Id_Theme = @ThemeId)
BEGIN
    INSERT INTO [dbo].[QuestionTheme_QTH] ([Id_Question], [Id_Theme]) VALUES (1651, @ThemeId);
END

-- Question 106
SET IDENTITY_INSERT [dbo].[Question_QST] ON;
IF NOT EXISTS (SELECT 1 FROM [dbo].[Question_QST] WHERE Id = 1652)
BEGIN
    INSERT INTO [dbo].[Question_QST] ([Id], [Question], [Id_Difficulty])
    VALUES (1652, N'Quel pays possède le plus grand nombre de fuseaux horaires ?', 3);
END
SET IDENTITY_INSERT [dbo].[Question_QST] OFF;

INSERT INTO [dbo].[Answer_ANS] ([Id_Question], [Value], [Valid]) VALUES
    (1652, N'France', 1),
    (1652, N'Russie', 0),
    (1652, N'États-Unis', 0),
    (1652, N'Canada', 0);

IF NOT EXISTS (SELECT 1 FROM [dbo].[QuestionTheme_QTH] WHERE Id_Question = 1652 AND Id_Theme = @ThemeId)
BEGIN
    INSERT INTO [dbo].[QuestionTheme_QTH] ([Id_Question], [Id_Theme]) VALUES (1652, @ThemeId);
END

-- Question 107
SET IDENTITY_INSERT [dbo].[Question_QST] ON;
IF NOT EXISTS (SELECT 1 FROM [dbo].[Question_QST] WHERE Id = 1653)
BEGIN
    INSERT INTO [dbo].[Question_QST] ([Id], [Question], [Id_Difficulty])
    VALUES (1653, N'Quel est le plus grand lac d''eau douce par volume ?', 3);
END
SET IDENTITY_INSERT [dbo].[Question_QST] OFF;

INSERT INTO [dbo].[Answer_ANS] ([Id_Question], [Value], [Valid]) VALUES
    (1653, N'Lac Baïkal', 1),
    (1653, N'Lac Supérieur', 0),
    (1653, N'Lac Tanganyika', 0),
    (1653, N'Lac Victoria', 0);

IF NOT EXISTS (SELECT 1 FROM [dbo].[QuestionTheme_QTH] WHERE Id_Question = 1653 AND Id_Theme = @ThemeId)
BEGIN
    INSERT INTO [dbo].[QuestionTheme_QTH] ([Id_Question], [Id_Theme]) VALUES (1653, @ThemeId);
END

-- Question 108
SET IDENTITY_INSERT [dbo].[Question_QST] ON;
IF NOT EXISTS (SELECT 1 FROM [dbo].[Question_QST] WHERE Id = 1654)
BEGIN
    INSERT INTO [dbo].[Question_QST] ([Id], [Question], [Id_Difficulty])
    VALUES (1654, N'Quelle est la plus grande île du monde ?', 3);
END
SET IDENTITY_INSERT [dbo].[Question_QST] OFF;

INSERT INTO [dbo].[Answer_ANS] ([Id_Question], [Value], [Valid]) VALUES
    (1654, N'Groenland', 1),
    (1654, N'Nouvelle-Guinée', 0),
    (1654, N'Bornéo', 0),
    (1654, N'Madagascar', 0);

IF NOT EXISTS (SELECT 1 FROM [dbo].[QuestionTheme_QTH] WHERE Id_Question = 1654 AND Id_Theme = @ThemeId)
BEGIN
    INSERT INTO [dbo].[QuestionTheme_QTH] ([Id_Question], [Id_Theme]) VALUES (1654, @ThemeId);
END

-- Question 109
SET IDENTITY_INSERT [dbo].[Question_QST] ON;
IF NOT EXISTS (SELECT 1 FROM [dbo].[Question_QST] WHERE Id = 1655)
BEGIN
    INSERT INTO [dbo].[Question_QST] ([Id], [Question], [Id_Difficulty])
    VALUES (1655, N'Quel pays possède la ville de Timbuktu ?', 3);
END
SET IDENTITY_INSERT [dbo].[Question_QST] OFF;

INSERT INTO [dbo].[Answer_ANS] ([Id_Question], [Value], [Valid]) VALUES
    (1655, N'Mali', 1),
    (1655, N'Niger', 0),
    (1655, N'Sénégal', 0),
    (1655, N'Burkina Faso', 0);

IF NOT EXISTS (SELECT 1 FROM [dbo].[QuestionTheme_QTH] WHERE Id_Question = 1655 AND Id_Theme = @ThemeId)
BEGIN
    INSERT INTO [dbo].[QuestionTheme_QTH] ([Id_Question], [Id_Theme]) VALUES (1655, @ThemeId);
END

-- Question 110
SET IDENTITY_INSERT [dbo].[Question_QST] ON;
IF NOT EXISTS (SELECT 1 FROM [dbo].[Question_QST] WHERE Id = 1656)
BEGIN
    INSERT INTO [dbo].[Question_QST] ([Id], [Question], [Id_Difficulty])
    VALUES (1656, N'Quel fleuve d''Amérique du Sud possède le plus grand bassin versant ?', 3);
END
SET IDENTITY_INSERT [dbo].[Question_QST] OFF;

INSERT INTO [dbo].[Answer_ANS] ([Id_Question], [Value], [Valid]) VALUES
    (1656, N'Amazon', 1),
    (1656, N'Paraná', 0),
    (1656, N'Orénoque', 0),
    (1656, N'São Francisco', 0);

IF NOT EXISTS (SELECT 1 FROM [dbo].[QuestionTheme_QTH] WHERE Id_Question = 1656 AND Id_Theme = @ThemeId)
BEGIN
    INSERT INTO [dbo].[QuestionTheme_QTH] ([Id_Question], [Id_Theme]) VALUES (1656, @ThemeId);
END

-- Question 111
SET IDENTITY_INSERT [dbo].[Question_QST] ON;
IF NOT EXISTS (SELECT 1 FROM [dbo].[Question_QST] WHERE Id = 1657)
BEGIN
    INSERT INTO [dbo].[Question_QST] ([Id], [Question], [Id_Difficulty])
    VALUES (1657, N'Quel est le plus grand lac d''Amérique du Sud ?', 3);
END
SET IDENTITY_INSERT [dbo].[Question_QST] OFF;

INSERT INTO [dbo].[Answer_ANS] ([Id_Question], [Value], [Valid]) VALUES
    (1657, N'Titicaca', 1),
    (1657, N'Maracaibo', 0),
    (1657, N'Poopó', 0),
    (1657, N'General Carrera', 0);

IF NOT EXISTS (SELECT 1 FROM [dbo].[QuestionTheme_QTH] WHERE Id_Question = 1657 AND Id_Theme = @ThemeId)
BEGIN
    INSERT INTO [dbo].[QuestionTheme_QTH] ([Id_Question], [Id_Theme]) VALUES (1657, @ThemeId);
END

-- Question 112
SET IDENTITY_INSERT [dbo].[Question_QST] ON;
IF NOT EXISTS (SELECT 1 FROM [dbo].[Question_QST] WHERE Id = 1658)
BEGIN
    INSERT INTO [dbo].[Question_QST] ([Id], [Question], [Id_Difficulty])
    VALUES (1658, N'Quel pays possède le plus grand nombre de volcans sous-marins ?', 3);
END
SET IDENTITY_INSERT [dbo].[Question_QST] OFF;

INSERT INTO [dbo].[Answer_ANS] ([Id_Question], [Value], [Valid]) VALUES
    (1658, N'Islande', 0),
    (1658, N'Japon', 1),
    (1658, N'Chili', 0),
    (1658, N'Nouvelle-Zélande', 0);

IF NOT EXISTS (SELECT 1 FROM [dbo].[QuestionTheme_QTH] WHERE Id_Question = 1658 AND Id_Theme = @ThemeId)
BEGIN
    INSERT INTO [dbo].[QuestionTheme_QTH] ([Id_Question], [Id_Theme]) VALUES (1658, @ThemeId);
END

-- Question 113
SET IDENTITY_INSERT [dbo].[Question_QST] ON;
IF NOT EXISTS (SELECT 1 FROM [dbo].[Question_QST] WHERE Id = 1659)
BEGIN
    INSERT INTO [dbo].[Question_QST] ([Id], [Question], [Id_Difficulty])
    VALUES (1659, N'Quel est le plus long fleuve d''Inde ?', 3);
END
SET IDENTITY_INSERT [dbo].[Question_QST] OFF;

INSERT INTO [dbo].[Answer_ANS] ([Id_Question], [Value], [Valid]) VALUES
    (1659, N'Gange', 1),
    (1659, N'Brahmapoutre', 0),
    (1659, N'Indus', 0),
    (1659, N'Godavari', 0);

IF NOT EXISTS (SELECT 1 FROM [dbo].[QuestionTheme_QTH] WHERE Id_Question = 1659 AND Id_Theme = @ThemeId)
BEGIN
    INSERT INTO [dbo].[QuestionTheme_QTH] ([Id_Question], [Id_Theme]) VALUES (1659, @ThemeId);
END

-- Question 114
SET IDENTITY_INSERT [dbo].[Question_QST] ON;
IF NOT EXISTS (SELECT 1 FROM [dbo].[Question_QST] WHERE Id = 1660)
BEGIN
    INSERT INTO [dbo].[Question_QST] ([Id], [Question], [Id_Difficulty])
    VALUES (1660, N'Quel pays possède le parc national de Banff ?', 3);
END
SET IDENTITY_INSERT [dbo].[Question_QST] OFF;

INSERT INTO [dbo].[Answer_ANS] ([Id_Question], [Value], [Valid]) VALUES
    (1660, N'Canada', 1),
    (1660, N'USA', 0),
    (1660, N'Australie', 0),
    (1660, N'Nouvelle-Zélande', 0);

IF NOT EXISTS (SELECT 1 FROM [dbo].[QuestionTheme_QTH] WHERE Id_Question = 1660 AND Id_Theme = @ThemeId)
BEGIN
    INSERT INTO [dbo].[QuestionTheme_QTH] ([Id_Question], [Id_Theme]) VALUES (1660, @ThemeId);
END

-- Question 115
SET IDENTITY_INSERT [dbo].[Question_QST] ON;
IF NOT EXISTS (SELECT 1 FROM [dbo].[Question_QST] WHERE Id = 1661)
BEGIN
    INSERT INTO [dbo].[Question_QST] ([Id], [Question], [Id_Difficulty])
    VALUES (1661, N'Quel est le plus grand plateau désertique du monde ?', 3);
END
SET IDENTITY_INSERT [dbo].[Question_QST] OFF;

INSERT INTO [dbo].[Answer_ANS] ([Id_Question], [Value], [Valid]) VALUES
    (1661, N'Plateau tibétain', 1),
    (1661, N'Sahara', 0),
    (1661, N'Gobi', 0),
    (1661, N'Karakum', 0);

IF NOT EXISTS (SELECT 1 FROM [dbo].[QuestionTheme_QTH] WHERE Id_Question = 1661 AND Id_Theme = @ThemeId)
BEGIN
    INSERT INTO [dbo].[QuestionTheme_QTH] ([Id_Question], [Id_Theme]) VALUES (1661, @ThemeId);
END

-- Question 116
SET IDENTITY_INSERT [dbo].[Question_QST] ON;
IF NOT EXISTS (SELECT 1 FROM [dbo].[Question_QST] WHERE Id = 1662)
BEGIN
    INSERT INTO [dbo].[Question_QST] ([Id], [Question], [Id_Difficulty])
    VALUES (1662, N'Quel est le plus grand lac d''Asie ?', 3);
END
SET IDENTITY_INSERT [dbo].[Question_QST] OFF;

INSERT INTO [dbo].[Answer_ANS] ([Id_Question], [Value], [Valid]) VALUES
    (1662, N'Mer Caspienne', 1),
    (1662, N'Baïkal', 0),
    (1662, N'Ladoga', 0),
    (1662, N'Aral', 0);

IF NOT EXISTS (SELECT 1 FROM [dbo].[QuestionTheme_QTH] WHERE Id_Question = 1662 AND Id_Theme = @ThemeId)
BEGIN
    INSERT INTO [dbo].[QuestionTheme_QTH] ([Id_Question], [Id_Theme]) VALUES (1662, @ThemeId);
END

-- Question 117
SET IDENTITY_INSERT [dbo].[Question_QST] ON;
IF NOT EXISTS (SELECT 1 FROM [dbo].[Question_QST] WHERE Id = 1663)
BEGIN
    INSERT INTO [dbo].[Question_QST] ([Id], [Question], [Id_Difficulty])
    VALUES (1663, N'Quelle île possède les volcans Mauna Loa et Mauna Kea ?', 3);
END
SET IDENTITY_INSERT [dbo].[Question_QST] OFF;

INSERT INTO [dbo].[Answer_ANS] ([Id_Question], [Value], [Valid]) VALUES
    (1663, N'Hawaï', 1),
    (1663, N'Sumatra', 0),
    (1663, N'Java', 0),
    (1663, N'Bali', 0);

IF NOT EXISTS (SELECT 1 FROM [dbo].[QuestionTheme_QTH] WHERE Id_Question = 1663 AND Id_Theme = @ThemeId)
BEGIN
    INSERT INTO [dbo].[QuestionTheme_QTH] ([Id_Question], [Id_Theme]) VALUES (1663, @ThemeId);
END

-- Question 118
SET IDENTITY_INSERT [dbo].[Question_QST] ON;
IF NOT EXISTS (SELECT 1 FROM [dbo].[Question_QST] WHERE Id = 1664)
BEGIN
    INSERT INTO [dbo].[Question_QST] ([Id], [Question], [Id_Difficulty])
    VALUES (1664, N'Quel pays possède les chutes d''Iguaçu ?', 3);
END
SET IDENTITY_INSERT [dbo].[Question_QST] OFF;

INSERT INTO [dbo].[Answer_ANS] ([Id_Question], [Value], [Valid]) VALUES
    (1664, N'Brésil', 0),
    (1664, N'Argentine', 0),
    (1664, N'Paraguay', 0),
    (1664, N'Tous les trois', 1);

IF NOT EXISTS (SELECT 1 FROM [dbo].[QuestionTheme_QTH] WHERE Id_Question = 1664 AND Id_Theme = @ThemeId)
BEGIN
    INSERT INTO [dbo].[QuestionTheme_QTH] ([Id_Question], [Id_Theme]) VALUES (1664, @ThemeId);
END

-- Question 119
SET IDENTITY_INSERT [dbo].[Question_QST] ON;
IF NOT EXISTS (SELECT 1 FROM [dbo].[Question_QST] WHERE Id = 1665)
BEGIN
    INSERT INTO [dbo].[Question_QST] ([Id], [Question], [Id_Difficulty])
    VALUES (1665, N'Quel pays possède la péninsule de Kamchatka ?', 3);
END
SET IDENTITY_INSERT [dbo].[Question_QST] OFF;

INSERT INTO [dbo].[Answer_ANS] ([Id_Question], [Value], [Valid]) VALUES
    (1665, N'Russie', 1),
    (1665, N'Canada', 0),
    (1665, N'Norvège', 0),
    (1665, N'Finlande', 0);

IF NOT EXISTS (SELECT 1 FROM [dbo].[QuestionTheme_QTH] WHERE Id_Question = 1665 AND Id_Theme = @ThemeId)
BEGIN
    INSERT INTO [dbo].[QuestionTheme_QTH] ([Id_Question], [Id_Theme]) VALUES (1665, @ThemeId);
END

-- Question 120
SET IDENTITY_INSERT [dbo].[Question_QST] ON;
IF NOT EXISTS (SELECT 1 FROM [dbo].[Question_QST] WHERE Id = 1666)
BEGIN
    INSERT INTO [dbo].[Question_QST] ([Id], [Question], [Id_Difficulty])
    VALUES (1666, N'Quel est le point le plus bas des États-Unis ?', 3);
END
SET IDENTITY_INSERT [dbo].[Question_QST] OFF;

INSERT INTO [dbo].[Answer_ANS] ([Id_Question], [Value], [Valid]) VALUES
    (1666, N'Vallée de la Mort', 1),
    (1666, N'Grand Canyon', 0),
    (1666, N'Lac Salé', 0),
    (1666, N'Mont Whitney', 0);

IF NOT EXISTS (SELECT 1 FROM [dbo].[QuestionTheme_QTH] WHERE Id_Question = 1666 AND Id_Theme = @ThemeId)
BEGIN
    INSERT INTO [dbo].[QuestionTheme_QTH] ([Id_Question], [Id_Theme]) VALUES (1666, @ThemeId);
END

-- Question 121
SET IDENTITY_INSERT [dbo].[Question_QST] ON;
IF NOT EXISTS (SELECT 1 FROM [dbo].[Question_QST] WHERE Id = 1667)
BEGIN
    INSERT INTO [dbo].[Question_QST] ([Id], [Question], [Id_Difficulty])
    VALUES (1667, N'Quelle est la capitale du Kazakhstan ?', 3);
END
SET IDENTITY_INSERT [dbo].[Question_QST] OFF;

INSERT INTO [dbo].[Answer_ANS] ([Id_Question], [Value], [Valid]) VALUES
    (1667, N'Noursoultan (Astana)', 1),
    (1667, N'Almaty', 0),
    (1667, N'Shymkent', 0),
    (1667, N'Karaganda', 0);

IF NOT EXISTS (SELECT 1 FROM [dbo].[QuestionTheme_QTH] WHERE Id_Question = 1667 AND Id_Theme = @ThemeId)
BEGIN
    INSERT INTO [dbo].[QuestionTheme_QTH] ([Id_Question], [Id_Theme]) VALUES (1667, @ThemeId);
END

-- Question 122
SET IDENTITY_INSERT [dbo].[Question_QST] ON;
IF NOT EXISTS (SELECT 1 FROM [dbo].[Question_QST] WHERE Id = 1668)
BEGIN
    INSERT INTO [dbo].[Question_QST] ([Id], [Question], [Id_Difficulty])
    VALUES (1668, N'Quel est le plus haut volcan du monde ?', 3);
END
SET IDENTITY_INSERT [dbo].[Question_QST] OFF;

INSERT INTO [dbo].[Answer_ANS] ([Id_Question], [Value], [Valid]) VALUES
    (1668, N'Ojos del Salado', 1),
    (1668, N'Llullaillaco', 0),
    (1668, N'Cotopaxi', 0),
    (1668, N'Mauna Kea', 0);

IF NOT EXISTS (SELECT 1 FROM [dbo].[QuestionTheme_QTH] WHERE Id_Question = 1668 AND Id_Theme = @ThemeId)
BEGIN
    INSERT INTO [dbo].[QuestionTheme_QTH] ([Id_Question], [Id_Theme]) VALUES (1668, @ThemeId);
END

-- Question 123
SET IDENTITY_INSERT [dbo].[Question_QST] ON;
IF NOT EXISTS (SELECT 1 FROM [dbo].[Question_QST] WHERE Id = 1669)
BEGIN
    INSERT INTO [dbo].[Question_QST] ([Id], [Question], [Id_Difficulty])
    VALUES (1669, N'Quel pays possède la ville de Lhasa ?', 3);
END
SET IDENTITY_INSERT [dbo].[Question_QST] OFF;

INSERT INTO [dbo].[Answer_ANS] ([Id_Question], [Value], [Valid]) VALUES
    (1669, N'Tibet', 0),
    (1669, N'Chine', 1),
    (1669, N'Népal', 0),
    (1669, N'Bhoutan', 0);

IF NOT EXISTS (SELECT 1 FROM [dbo].[QuestionTheme_QTH] WHERE Id_Question = 1669 AND Id_Theme = @ThemeId)
BEGIN
    INSERT INTO [dbo].[QuestionTheme_QTH] ([Id_Question], [Id_Theme]) VALUES (1669, @ThemeId);
END

-- Question 124
SET IDENTITY_INSERT [dbo].[Question_QST] ON;
IF NOT EXISTS (SELECT 1 FROM [dbo].[Question_QST] WHERE Id = 1670)
BEGIN
    INSERT INTO [dbo].[Question_QST] ([Id], [Question], [Id_Difficulty])
    VALUES (1670, N'Quelle chaîne de montagnes traverse l''Éthiopie ?', 3);
END
SET IDENTITY_INSERT [dbo].[Question_QST] OFF;

INSERT INTO [dbo].[Answer_ANS] ([Id_Question], [Value], [Valid]) VALUES
    (1670, N'Simien', 1),
    (1670, N'Atlas', 0),
    (1670, N'Drakensberg', 0),
    (1670, N'Alpes', 0);

IF NOT EXISTS (SELECT 1 FROM [dbo].[QuestionTheme_QTH] WHERE Id_Question = 1670 AND Id_Theme = @ThemeId)
BEGIN
    INSERT INTO [dbo].[QuestionTheme_QTH] ([Id_Question], [Id_Theme]) VALUES (1670, @ThemeId);
END

-- Question 125
SET IDENTITY_INSERT [dbo].[Question_QST] ON;
IF NOT EXISTS (SELECT 1 FROM [dbo].[Question_QST] WHERE Id = 1671)
BEGIN
    INSERT INTO [dbo].[Question_QST] ([Id], [Question], [Id_Difficulty])
    VALUES (1671, N'Quel est le plus grand golfe du monde ?', 3);
END
SET IDENTITY_INSERT [dbo].[Question_QST] OFF;

INSERT INTO [dbo].[Answer_ANS] ([Id_Question], [Value], [Valid]) VALUES
    (1671, N'Golfe du Mexique', 1),
    (1671, N'Golfe d''Aden', 0),
    (1671, N'Golfe de Guinée', 0),
    (1671, N'Golfe Persique', 0);

IF NOT EXISTS (SELECT 1 FROM [dbo].[QuestionTheme_QTH] WHERE Id_Question = 1671 AND Id_Theme = @ThemeId)
BEGIN
    INSERT INTO [dbo].[QuestionTheme_QTH] ([Id_Question], [Id_Theme]) VALUES (1671, @ThemeId);
END

-- Question 126
SET IDENTITY_INSERT [dbo].[Question_QST] ON;
IF NOT EXISTS (SELECT 1 FROM [dbo].[Question_QST] WHERE Id = 1672)
BEGIN
    INSERT INTO [dbo].[Question_QST] ([Id], [Question], [Id_Difficulty])
    VALUES (1672, N'Quel pays possède le lac Titicaca ?', 3);
END
SET IDENTITY_INSERT [dbo].[Question_QST] OFF;

INSERT INTO [dbo].[Answer_ANS] ([Id_Question], [Value], [Valid]) VALUES
    (1672, N'Pérou et Bolivie', 1),
    (1672, N'Chili et Argentine', 0),
    (1672, N'Colombie et Venezuela', 0),
    (1672, N'Équateur et Pérou', 0);

IF NOT EXISTS (SELECT 1 FROM [dbo].[QuestionTheme_QTH] WHERE Id_Question = 1672 AND Id_Theme = @ThemeId)
BEGIN
    INSERT INTO [dbo].[QuestionTheme_QTH] ([Id_Question], [Id_Theme]) VALUES (1672, @ThemeId);
END

-- Question 127
SET IDENTITY_INSERT [dbo].[Question_QST] ON;
IF NOT EXISTS (SELECT 1 FROM [dbo].[Question_QST] WHERE Id = 1673)
BEGIN
    INSERT INTO [dbo].[Question_QST] ([Id], [Question], [Id_Difficulty])
    VALUES (1673, N'Quel est le plus grand archipel d''Amérique ?', 3);
END
SET IDENTITY_INSERT [dbo].[Question_QST] OFF;

INSERT INTO [dbo].[Answer_ANS] ([Id_Question], [Value], [Valid]) VALUES
    (1673, N'Canada', 1),
    (1673, N'Philippines', 0),
    (1673, N'Indonésie', 0),
    (1673, N'États-Unis', 0);

IF NOT EXISTS (SELECT 1 FROM [dbo].[QuestionTheme_QTH] WHERE Id_Question = 1673 AND Id_Theme = @ThemeId)
BEGIN
    INSERT INTO [dbo].[QuestionTheme_QTH] ([Id_Question], [Id_Theme]) VALUES (1673, @ThemeId);
END

-- Question 128
SET IDENTITY_INSERT [dbo].[Question_QST] ON;
IF NOT EXISTS (SELECT 1 FROM [dbo].[Question_QST] WHERE Id = 1674)
BEGIN
    INSERT INTO [dbo].[Question_QST] ([Id], [Question], [Id_Difficulty])
    VALUES (1674, N'Quelle est la plus grande baie au monde ?', 3);
END
SET IDENTITY_INSERT [dbo].[Question_QST] OFF;

INSERT INTO [dbo].[Answer_ANS] ([Id_Question], [Value], [Valid]) VALUES
    (1674, N'Baie d''Hudson', 1),
    (1674, N'Baie de Baffin', 0),
    (1674, N'Baie de San Francisco', 0),
    (1674, N'Baie de Bengale', 0);

IF NOT EXISTS (SELECT 1 FROM [dbo].[QuestionTheme_QTH] WHERE Id_Question = 1674 AND Id_Theme = @ThemeId)
BEGIN
    INSERT INTO [dbo].[QuestionTheme_QTH] ([Id_Question], [Id_Theme]) VALUES (1674, @ThemeId);
END

-- Question 129
SET IDENTITY_INSERT [dbo].[Question_QST] ON;
IF NOT EXISTS (SELECT 1 FROM [dbo].[Question_QST] WHERE Id = 1675)
BEGIN
    INSERT INTO [dbo].[Question_QST] ([Id], [Question], [Id_Difficulty])
    VALUES (1675, N'Quel pays possède le plateau du Deccan ?', 3);
END
SET IDENTITY_INSERT [dbo].[Question_QST] OFF;

INSERT INTO [dbo].[Answer_ANS] ([Id_Question], [Value], [Valid]) VALUES
    (1675, N'Inde', 1),
    (1675, N'Pakistan', 0),
    (1675, N'Bangladesh', 0),
    (1675, N'Sri Lanka', 0);

IF NOT EXISTS (SELECT 1 FROM [dbo].[QuestionTheme_QTH] WHERE Id_Question = 1675 AND Id_Theme = @ThemeId)
BEGIN
    INSERT INTO [dbo].[QuestionTheme_QTH] ([Id_Question], [Id_Theme]) VALUES (1675, @ThemeId);
END

-- Question 130
SET IDENTITY_INSERT [dbo].[Question_QST] ON;
IF NOT EXISTS (SELECT 1 FROM [dbo].[Question_QST] WHERE Id = 1676)
BEGIN
    INSERT INTO [dbo].[Question_QST] ([Id], [Question], [Id_Difficulty])
    VALUES (1676, N'Quel pays possède la ville de Samarcande ?', 3);
END
SET IDENTITY_INSERT [dbo].[Question_QST] OFF;

INSERT INTO [dbo].[Answer_ANS] ([Id_Question], [Value], [Valid]) VALUES
    (1676, N'Ouzbékistan', 1),
    (1676, N'Turkménistan', 0),
    (1676, N'Kazakhstan', 0),
    (1676, N'Kirghizistan', 0);

IF NOT EXISTS (SELECT 1 FROM [dbo].[QuestionTheme_QTH] WHERE Id_Question = 1676 AND Id_Theme = @ThemeId)
BEGIN
    INSERT INTO [dbo].[QuestionTheme_QTH] ([Id_Question], [Id_Theme]) VALUES (1676, @ThemeId);
END

-- Question 131
SET IDENTITY_INSERT [dbo].[Question_QST] ON;
IF NOT EXISTS (SELECT 1 FROM [dbo].[Question_QST] WHERE Id = 1677)
BEGIN
    INSERT INTO [dbo].[Question_QST] ([Id], [Question], [Id_Difficulty])
    VALUES (1677, N'Quel est le plus grand fjord du monde ?', 3);
END
SET IDENTITY_INSERT [dbo].[Question_QST] OFF;

INSERT INTO [dbo].[Answer_ANS] ([Id_Question], [Value], [Valid]) VALUES
    (1677, N'Scoresby Sund', 1),
    (1677, N'Geirangerfjord', 0),
    (1677, N'Sognefjord', 0),
    (1677, N'Hardangerfjord', 0);

IF NOT EXISTS (SELECT 1 FROM [dbo].[QuestionTheme_QTH] WHERE Id_Question = 1677 AND Id_Theme = @ThemeId)
BEGIN
    INSERT INTO [dbo].[QuestionTheme_QTH] ([Id_Question], [Id_Theme]) VALUES (1677, @ThemeId);
END

-- Question 132
SET IDENTITY_INSERT [dbo].[Question_QST] ON;
IF NOT EXISTS (SELECT 1 FROM [dbo].[Question_QST] WHERE Id = 1678)
BEGIN
    INSERT INTO [dbo].[Question_QST] ([Id], [Question], [Id_Difficulty])
    VALUES (1678, N'Quel pays possède le canyon du Colca ?', 3);
END
SET IDENTITY_INSERT [dbo].[Question_QST] OFF;

INSERT INTO [dbo].[Answer_ANS] ([Id_Question], [Value], [Valid]) VALUES
    (1678, N'Pérou', 1),
    (1678, N'Chili', 0),
    (1678, N'Bolivie', 0),
    (1678, N'Équateur', 0);

IF NOT EXISTS (SELECT 1 FROM [dbo].[QuestionTheme_QTH] WHERE Id_Question = 1678 AND Id_Theme = @ThemeId)
BEGIN
    INSERT INTO [dbo].[QuestionTheme_QTH] ([Id_Question], [Id_Theme]) VALUES (1678, @ThemeId);
END

-- Question 133
SET IDENTITY_INSERT [dbo].[Question_QST] ON;
IF NOT EXISTS (SELECT 1 FROM [dbo].[Question_QST] WHERE Id = 1679)
BEGIN
    INSERT INTO [dbo].[Question_QST] ([Id], [Question], [Id_Difficulty])
    VALUES (1679, N'Quel fleuve traverse Bagdad ?', 3);
END
SET IDENTITY_INSERT [dbo].[Question_QST] OFF;

INSERT INTO [dbo].[Answer_ANS] ([Id_Question], [Value], [Valid]) VALUES
    (1679, N'Tigre', 1),
    (1679, N'Euphrate', 0),
    (1679, N'Nil', 0),
    (1679, N'Jourdain', 0);

IF NOT EXISTS (SELECT 1 FROM [dbo].[QuestionTheme_QTH] WHERE Id_Question = 1679 AND Id_Theme = @ThemeId)
BEGIN
    INSERT INTO [dbo].[QuestionTheme_QTH] ([Id_Question], [Id_Theme]) VALUES (1679, @ThemeId);
END

-- Question 134
SET IDENTITY_INSERT [dbo].[Question_QST] ON;
IF NOT EXISTS (SELECT 1 FROM [dbo].[Question_QST] WHERE Id = 1680)
BEGIN
    INSERT INTO [dbo].[Question_QST] ([Id], [Question], [Id_Difficulty])
    VALUES (1680, N'Quel pays possède les îles Faroe ?', 3);
END
SET IDENTITY_INSERT [dbo].[Question_QST] OFF;

INSERT INTO [dbo].[Answer_ANS] ([Id_Question], [Value], [Valid]) VALUES
    (1680, N'Danemark', 1),
    (1680, N'Norvège', 0),
    (1680, N'Islande', 0),
    (1680, N'Écosse', 0);

IF NOT EXISTS (SELECT 1 FROM [dbo].[QuestionTheme_QTH] WHERE Id_Question = 1680 AND Id_Theme = @ThemeId)
BEGIN
    INSERT INTO [dbo].[QuestionTheme_QTH] ([Id_Question], [Id_Theme]) VALUES (1680, @ThemeId);
END

-- Question 135
SET IDENTITY_INSERT [dbo].[Question_QST] ON;
IF NOT EXISTS (SELECT 1 FROM [dbo].[Question_QST] WHERE Id = 1681)
BEGIN
    INSERT INTO [dbo].[Question_QST] ([Id], [Question], [Id_Difficulty])
    VALUES (1681, N'Quel pays possède le mont Logan ?', 3);
END
SET IDENTITY_INSERT [dbo].[Question_QST] OFF;

INSERT INTO [dbo].[Answer_ANS] ([Id_Question], [Value], [Valid]) VALUES
    (1681, N'Canada', 1),
    (1681, N'USA', 0),
    (1681, N'Alaska', 0),
    (1681, N'Russie', 0);

IF NOT EXISTS (SELECT 1 FROM [dbo].[QuestionTheme_QTH] WHERE Id_Question = 1681 AND Id_Theme = @ThemeId)
BEGIN
    INSERT INTO [dbo].[QuestionTheme_QTH] ([Id_Question], [Id_Theme]) VALUES (1681, @ThemeId);
END

-- Question 136
SET IDENTITY_INSERT [dbo].[Question_QST] ON;
IF NOT EXISTS (SELECT 1 FROM [dbo].[Question_QST] WHERE Id = 1682)
BEGIN
    INSERT INTO [dbo].[Question_QST] ([Id], [Question], [Id_Difficulty])
    VALUES (1682, N'Quel est le plus grand delta de l''Asie du Sud ?', 3);
END
SET IDENTITY_INSERT [dbo].[Question_QST] OFF;

INSERT INTO [dbo].[Answer_ANS] ([Id_Question], [Value], [Valid]) VALUES
    (1682, N'Gange-Brahmapoutre', 1),
    (1682, N'Mékong', 0),
    (1682, N'Yangzi', 0),
    (1682, N'Indus', 0);

IF NOT EXISTS (SELECT 1 FROM [dbo].[QuestionTheme_QTH] WHERE Id_Question = 1682 AND Id_Theme = @ThemeId)
BEGIN
    INSERT INTO [dbo].[QuestionTheme_QTH] ([Id_Question], [Id_Theme]) VALUES (1682, @ThemeId);
END

-- Question 137
SET IDENTITY_INSERT [dbo].[Question_QST] ON;
IF NOT EXISTS (SELECT 1 FROM [dbo].[Question_QST] WHERE Id = 1683)
BEGIN
    INSERT INTO [dbo].[Question_QST] ([Id], [Question], [Id_Difficulty])
    VALUES (1683, N'Quel pays possède le parc national de Serengeti ?', 3);
END
SET IDENTITY_INSERT [dbo].[Question_QST] OFF;

INSERT INTO [dbo].[Answer_ANS] ([Id_Question], [Value], [Valid]) VALUES
    (1683, N'Tanzanie', 1),
    (1683, N'Kenya', 0),
    (1683, N'Botswana', 0),
    (1683, N'Ouganda', 0);

IF NOT EXISTS (SELECT 1 FROM [dbo].[QuestionTheme_QTH] WHERE Id_Question = 1683 AND Id_Theme = @ThemeId)
BEGIN
    INSERT INTO [dbo].[QuestionTheme_QTH] ([Id_Question], [Id_Theme]) VALUES (1683, @ThemeId);
END

-- Question 138
SET IDENTITY_INSERT [dbo].[Question_QST] ON;
IF NOT EXISTS (SELECT 1 FROM [dbo].[Question_QST] WHERE Id = 1684)
BEGIN
    INSERT INTO [dbo].[Question_QST] ([Id], [Question], [Id_Difficulty])
    VALUES (1684, N'Quelle est la capitale de l’Ouzbékistan ?', 3);
END
SET IDENTITY_INSERT [dbo].[Question_QST] OFF;

INSERT INTO [dbo].[Answer_ANS] ([Id_Question], [Value], [Valid]) VALUES
    (1684, N'Tachkent', 1),
    (1684, N'Samarcande', 0),
    (1684, N'Boukhara', 0),
    (1684, N'Nukus', 0);

IF NOT EXISTS (SELECT 1 FROM [dbo].[QuestionTheme_QTH] WHERE Id_Question = 1684 AND Id_Theme = @ThemeId)
BEGIN
    INSERT INTO [dbo].[QuestionTheme_QTH] ([Id_Question], [Id_Theme]) VALUES (1684, @ThemeId);
END

-- Question 139
SET IDENTITY_INSERT [dbo].[Question_QST] ON;
IF NOT EXISTS (SELECT 1 FROM [dbo].[Question_QST] WHERE Id = 1685)
BEGIN
    INSERT INTO [dbo].[Question_QST] ([Id], [Question], [Id_Difficulty])
    VALUES (1685, N'Quel pays possède le plateau du Pamir ?', 3);
END
SET IDENTITY_INSERT [dbo].[Question_QST] OFF;

INSERT INTO [dbo].[Answer_ANS] ([Id_Question], [Value], [Valid]) VALUES
    (1685, N'Tadjikistan', 1),
    (1685, N'Afghanistan', 0),
    (1685, N'Kirghizistan', 0),
    (1685, N'Chine', 0);

IF NOT EXISTS (SELECT 1 FROM [dbo].[QuestionTheme_QTH] WHERE Id_Question = 1685 AND Id_Theme = @ThemeId)
BEGIN
    INSERT INTO [dbo].[QuestionTheme_QTH] ([Id_Question], [Id_Theme]) VALUES (1685, @ThemeId);
END

-- Question 140
SET IDENTITY_INSERT [dbo].[Question_QST] ON;
IF NOT EXISTS (SELECT 1 FROM [dbo].[Question_QST] WHERE Id = 1686)
BEGIN
    INSERT INTO [dbo].[Question_QST] ([Id], [Question], [Id_Difficulty])
    VALUES (1686, N'Quel est le plus grand canyon du monde ?', 3);
END
SET IDENTITY_INSERT [dbo].[Question_QST] OFF;

INSERT INTO [dbo].[Answer_ANS] ([Id_Question], [Value], [Valid]) VALUES
    (1686, N'Canyon du Yarlung Tsangpo', 1),
    (1686, N'Grand Canyon', 0),
    (1686, N'Colca Canyon', 0),
    (1686, N'Fish River Canyon', 0);

IF NOT EXISTS (SELECT 1 FROM [dbo].[QuestionTheme_QTH] WHERE Id_Question = 1686 AND Id_Theme = @ThemeId)
BEGIN
    INSERT INTO [dbo].[QuestionTheme_QTH] ([Id_Question], [Id_Theme]) VALUES (1686, @ThemeId);
END

-- Question 141
SET IDENTITY_INSERT [dbo].[Question_QST] ON;
IF NOT EXISTS (SELECT 1 FROM [dbo].[Question_QST] WHERE Id = 1687)
BEGIN
    INSERT INTO [dbo].[Question_QST] ([Id], [Question], [Id_Difficulty])
    VALUES (1687, N'Quel pays possède la ville de Nuuk ?', 3);
END
SET IDENTITY_INSERT [dbo].[Question_QST] OFF;

INSERT INTO [dbo].[Answer_ANS] ([Id_Question], [Value], [Valid]) VALUES
    (1687, N'Groenland', 1),
    (1687, N'Islande', 0),
    (1687, N'Norvège', 0),
    (1687, N'Danemark', 0);

IF NOT EXISTS (SELECT 1 FROM [dbo].[QuestionTheme_QTH] WHERE Id_Question = 1687 AND Id_Theme = @ThemeId)
BEGIN
    INSERT INTO [dbo].[QuestionTheme_QTH] ([Id_Question], [Id_Theme]) VALUES (1687, @ThemeId);
END

-- Question 142
SET IDENTITY_INSERT [dbo].[Question_QST] ON;
IF NOT EXISTS (SELECT 1 FROM [dbo].[Question_QST] WHERE Id = 1688)
BEGIN
    INSERT INTO [dbo].[Question_QST] ([Id], [Question], [Id_Difficulty])
    VALUES (1688, N'Quel est le plus grand archipel du Pacifique ?', 3);
END
SET IDENTITY_INSERT [dbo].[Question_QST] OFF;

INSERT INTO [dbo].[Answer_ANS] ([Id_Question], [Value], [Valid]) VALUES
    (1688, N'Indonésie', 1),
    (1688, N'Philippines', 0),
    (1688, N'Japon', 0),
    (1688, N'Nouvelle-Zélande', 0);

IF NOT EXISTS (SELECT 1 FROM [dbo].[QuestionTheme_QTH] WHERE Id_Question = 1688 AND Id_Theme = @ThemeId)
BEGIN
    INSERT INTO [dbo].[QuestionTheme_QTH] ([Id_Question], [Id_Theme]) VALUES (1688, @ThemeId);
END

-- Question 143
SET IDENTITY_INSERT [dbo].[Question_QST] ON;
IF NOT EXISTS (SELECT 1 FROM [dbo].[Question_QST] WHERE Id = 1689)
BEGIN
    INSERT INTO [dbo].[Question_QST] ([Id], [Question], [Id_Difficulty])
    VALUES (1689, N'Quel est le plus long fleuve de Russie ?', 3);
END
SET IDENTITY_INSERT [dbo].[Question_QST] OFF;

INSERT INTO [dbo].[Answer_ANS] ([Id_Question], [Value], [Valid]) VALUES
    (1689, N'Volga', 1),
    (1689, N'Léna', 0),
    (1689, N'Enisseï', 0),
    (1689, N'Ob', 0);

IF NOT EXISTS (SELECT 1 FROM [dbo].[QuestionTheme_QTH] WHERE Id_Question = 1689 AND Id_Theme = @ThemeId)
BEGIN
    INSERT INTO [dbo].[QuestionTheme_QTH] ([Id_Question], [Id_Theme]) VALUES (1689, @ThemeId);
END

-- Question 144
SET IDENTITY_INSERT [dbo].[Question_QST] ON;
IF NOT EXISTS (SELECT 1 FROM [dbo].[Question_QST] WHERE Id = 1690)
BEGIN
    INSERT INTO [dbo].[Question_QST] ([Id], [Question], [Id_Difficulty])
    VALUES (1690, N'Quel pays possède le mont Vinson ?', 3);
END
SET IDENTITY_INSERT [dbo].[Question_QST] OFF;

INSERT INTO [dbo].[Answer_ANS] ([Id_Question], [Value], [Valid]) VALUES
    (1690, N'Antarctique', 1),
    (1690, N'Chili', 0),
    (1690, N'Argentine', 0),
    (1690, N'Australie', 0);

IF NOT EXISTS (SELECT 1 FROM [dbo].[QuestionTheme_QTH] WHERE Id_Question = 1690 AND Id_Theme = @ThemeId)
BEGIN
    INSERT INTO [dbo].[QuestionTheme_QTH] ([Id_Question], [Id_Theme]) VALUES (1690, @ThemeId);
END

-- Question 145
SET IDENTITY_INSERT [dbo].[Question_QST] ON;
IF NOT EXISTS (SELECT 1 FROM [dbo].[Question_QST] WHERE Id = 1691)
BEGIN
    INSERT INTO [dbo].[Question_QST] ([Id], [Question], [Id_Difficulty])
    VALUES (1691, N'Quel est le plus grand désert d’Australie ?', 3);
END
SET IDENTITY_INSERT [dbo].[Question_QST] OFF;

INSERT INTO [dbo].[Answer_ANS] ([Id_Question], [Value], [Valid]) VALUES
    (1691, N'Great Victoria Desert', 1),
    (1691, N'Simpson Desert', 0),
    (1691, N'Gibson Desert', 0),
    (1691, N'Great Sandy Desert', 0);

IF NOT EXISTS (SELECT 1 FROM [dbo].[QuestionTheme_QTH] WHERE Id_Question = 1691 AND Id_Theme = @ThemeId)
BEGIN
    INSERT INTO [dbo].[QuestionTheme_QTH] ([Id_Question], [Id_Theme]) VALUES (1691, @ThemeId);
END

-- Question 146
SET IDENTITY_INSERT [dbo].[Question_QST] ON;
IF NOT EXISTS (SELECT 1 FROM [dbo].[Question_QST] WHERE Id = 1692)
BEGIN
    INSERT INTO [dbo].[Question_QST] ([Id], [Question], [Id_Difficulty])
    VALUES (1692, N'Quel pays possède la ville de Petra ?', 3);
END
SET IDENTITY_INSERT [dbo].[Question_QST] OFF;

INSERT INTO [dbo].[Answer_ANS] ([Id_Question], [Value], [Valid]) VALUES
    (1692, N'Jordanie', 1),
    (1692, N'Israël', 0),
    (1692, N'Égypte', 0),
    (1692, N'Liban', 0);

IF NOT EXISTS (SELECT 1 FROM [dbo].[QuestionTheme_QTH] WHERE Id_Question = 1692 AND Id_Theme = @ThemeId)
BEGIN
    INSERT INTO [dbo].[QuestionTheme_QTH] ([Id_Question], [Id_Theme]) VALUES (1692, @ThemeId);
END

-- Question 147
SET IDENTITY_INSERT [dbo].[Question_QST] ON;
IF NOT EXISTS (SELECT 1 FROM [dbo].[Question_QST] WHERE Id = 1693)
BEGIN
    INSERT INTO [dbo].[Question_QST] ([Id], [Question], [Id_Difficulty])
    VALUES (1693, N'Quel pays possède le plus grand lac de volcans ?', 3);
END
SET IDENTITY_INSERT [dbo].[Question_QST] OFF;

INSERT INTO [dbo].[Answer_ANS] ([Id_Question], [Value], [Valid]) VALUES
    (1693, N'Russie (Baïkal)', 1),
    (1693, N'Indonésie (Toba)', 0),
    (1693, N'Tanzanie (Manyara)', 0),
    (1693, N'Chili (Llanquihue)', 0);

IF NOT EXISTS (SELECT 1 FROM [dbo].[QuestionTheme_QTH] WHERE Id_Question = 1693 AND Id_Theme = @ThemeId)
BEGIN
    INSERT INTO [dbo].[QuestionTheme_QTH] ([Id_Question], [Id_Theme]) VALUES (1693, @ThemeId);
END

-- Question 148
SET IDENTITY_INSERT [dbo].[Question_QST] ON;
IF NOT EXISTS (SELECT 1 FROM [dbo].[Question_QST] WHERE Id = 1694)
BEGIN
    INSERT INTO [dbo].[Question_QST] ([Id], [Question], [Id_Difficulty])
    VALUES (1694, N'Quel est le plus grand delta fluvial d’Afrique ?', 3);
END
SET IDENTITY_INSERT [dbo].[Question_QST] OFF;

INSERT INTO [dbo].[Answer_ANS] ([Id_Question], [Value], [Valid]) VALUES
    (1694, N'Niger', 1),
    (1694, N'Nil', 0),
    (1694, N'Zambèze', 0),
    (1694, N'Congo', 0);

IF NOT EXISTS (SELECT 1 FROM [dbo].[QuestionTheme_QTH] WHERE Id_Question = 1694 AND Id_Theme = @ThemeId)
BEGIN
    INSERT INTO [dbo].[QuestionTheme_QTH] ([Id_Question], [Id_Theme]) VALUES (1694, @ThemeId);
END

-- Question 149
SET IDENTITY_INSERT [dbo].[Question_QST] ON;
IF NOT EXISTS (SELECT 1 FROM [dbo].[Question_QST] WHERE Id = 1695)
BEGIN
    INSERT INTO [dbo].[Question_QST] ([Id], [Question], [Id_Difficulty])
    VALUES (1695, N'Quel pays possède les fjords du Groenland ?', 3);
END
SET IDENTITY_INSERT [dbo].[Question_QST] OFF;

INSERT INTO [dbo].[Answer_ANS] ([Id_Question], [Value], [Valid]) VALUES
    (1695, N'Danemark', 1),
    (1695, N'Norvège', 0),
    (1695, N'Islande', 0),
    (1695, N'Canada', 0);

IF NOT EXISTS (SELECT 1 FROM [dbo].[QuestionTheme_QTH] WHERE Id_Question = 1695 AND Id_Theme = @ThemeId)
BEGIN
    INSERT INTO [dbo].[QuestionTheme_QTH] ([Id_Question], [Id_Theme]) VALUES (1695, @ThemeId);
END

-- Question 150
SET IDENTITY_INSERT [dbo].[Question_QST] ON;
IF NOT EXISTS (SELECT 1 FROM [dbo].[Question_QST] WHERE Id = 1696)
BEGIN
    INSERT INTO [dbo].[Question_QST] ([Id], [Question], [Id_Difficulty])
    VALUES (1696, N'Quel est le pays le plus méridional du monde ?', 4);
END
SET IDENTITY_INSERT [dbo].[Question_QST] OFF;

INSERT INTO [dbo].[Answer_ANS] ([Id_Question], [Value], [Valid]) VALUES
    (1696, N'Chili', 0),
    (1696, N'Argentine', 0),
    (1696, N'Nouvelle-Zélande', 0),
    (1696, N'Antarctique', 1);

IF NOT EXISTS (SELECT 1 FROM [dbo].[QuestionTheme_QTH] WHERE Id_Question = 1696 AND Id_Theme = @ThemeId)
BEGIN
    INSERT INTO [dbo].[QuestionTheme_QTH] ([Id_Question], [Id_Theme]) VALUES (1696, @ThemeId);
END

-- Question 151
SET IDENTITY_INSERT [dbo].[Question_QST] ON;
IF NOT EXISTS (SELECT 1 FROM [dbo].[Question_QST] WHERE Id = 1697)
BEGIN
    INSERT INTO [dbo].[Question_QST] ([Id], [Question], [Id_Difficulty])
    VALUES (1697, N'Quel est le plus ancien lac d’eau douce du monde ?', 4);
END
SET IDENTITY_INSERT [dbo].[Question_QST] OFF;

INSERT INTO [dbo].[Answer_ANS] ([Id_Question], [Value], [Valid]) VALUES
    (1697, N'Baïkal', 1),
    (1697, N'Tanganyika', 0),
    (1697, N'Supérieur', 0),
    (1697, N'Victoria', 0);

IF NOT EXISTS (SELECT 1 FROM [dbo].[QuestionTheme_QTH] WHERE Id_Question = 1697 AND Id_Theme = @ThemeId)
BEGIN
    INSERT INTO [dbo].[QuestionTheme_QTH] ([Id_Question], [Id_Theme]) VALUES (1697, @ThemeId);
END

-- Question 152
SET IDENTITY_INSERT [dbo].[Question_QST] ON;
IF NOT EXISTS (SELECT 1 FROM [dbo].[Question_QST] WHERE Id = 1698)
BEGIN
    INSERT INTO [dbo].[Question_QST] ([Id], [Question], [Id_Difficulty])
    VALUES (1698, N'Quel pays possède le plus grand nombre de volcans éteints et actifs ?', 4);
END
SET IDENTITY_INSERT [dbo].[Question_QST] OFF;

INSERT INTO [dbo].[Answer_ANS] ([Id_Question], [Value], [Valid]) VALUES
    (1698, N'Indonésie', 1),
    (1698, N'Japon', 0),
    (1698, N'Chili', 0),
    (1698, N'Russie', 0);

IF NOT EXISTS (SELECT 1 FROM [dbo].[QuestionTheme_QTH] WHERE Id_Question = 1698 AND Id_Theme = @ThemeId)
BEGIN
    INSERT INTO [dbo].[QuestionTheme_QTH] ([Id_Question], [Id_Theme]) VALUES (1698, @ThemeId);
END

-- Question 153
SET IDENTITY_INSERT [dbo].[Question_QST] ON;
IF NOT EXISTS (SELECT 1 FROM [dbo].[Question_QST] WHERE Id = 1699)
BEGIN
    INSERT INTO [dbo].[Question_QST] ([Id], [Question], [Id_Difficulty])
    VALUES (1699, N'Quel pays possède le plus grand nombre de langues parlées ?', 4);
END
SET IDENTITY_INSERT [dbo].[Question_QST] OFF;

INSERT INTO [dbo].[Answer_ANS] ([Id_Question], [Value], [Valid]) VALUES
    (1699, N'Papouasie-Nouvelle-Guinée', 1),
    (1699, N'Inde', 0),
    (1699, N'Indonésie', 0),
    (1699, N'Nigeria', 0);

IF NOT EXISTS (SELECT 1 FROM [dbo].[QuestionTheme_QTH] WHERE Id_Question = 1699 AND Id_Theme = @ThemeId)
BEGIN
    INSERT INTO [dbo].[QuestionTheme_QTH] ([Id_Question], [Id_Theme]) VALUES (1699, @ThemeId);
END

-- Question 154
SET IDENTITY_INSERT [dbo].[Question_QST] ON;
IF NOT EXISTS (SELECT 1 FROM [dbo].[Question_QST] WHERE Id = 1700)
BEGIN
    INSERT INTO [dbo].[Question_QST] ([Id], [Question], [Id_Difficulty])
    VALUES (1700, N'Quel est le plus haut sommet d’Océanie ?', 4);
END
SET IDENTITY_INSERT [dbo].[Question_QST] OFF;

INSERT INTO [dbo].[Answer_ANS] ([Id_Question], [Value], [Valid]) VALUES
    (1700, N'Puncak Jaya', 1),
    (1700, N'Mount Cook', 0),
    (1700, N'Kosciuszko', 0),
    (1700, N'Mauna Kea', 0);

IF NOT EXISTS (SELECT 1 FROM [dbo].[QuestionTheme_QTH] WHERE Id_Question = 1700 AND Id_Theme = @ThemeId)
BEGIN
    INSERT INTO [dbo].[QuestionTheme_QTH] ([Id_Question], [Id_Theme]) VALUES (1700, @ThemeId);
END

-- Question 155
SET IDENTITY_INSERT [dbo].[Question_QST] ON;
IF NOT EXISTS (SELECT 1 FROM [dbo].[Question_QST] WHERE Id = 1701)
BEGIN
    INSERT INTO [dbo].[Question_QST] ([Id], [Question], [Id_Difficulty])
    VALUES (1701, N'Quel est le plus profond océan du monde ?', 4);
END
SET IDENTITY_INSERT [dbo].[Question_QST] OFF;

INSERT INTO [dbo].[Answer_ANS] ([Id_Question], [Value], [Valid]) VALUES
    (1701, N'Pacifique', 1),
    (1701, N'Atlantique', 0),
    (1701, N'Indien', 0),
    (1701, N'Arctique', 0);

IF NOT EXISTS (SELECT 1 FROM [dbo].[QuestionTheme_QTH] WHERE Id_Question = 1701 AND Id_Theme = @ThemeId)
BEGIN
    INSERT INTO [dbo].[QuestionTheme_QTH] ([Id_Question], [Id_Theme]) VALUES (1701, @ThemeId);
END

-- Question 156
SET IDENTITY_INSERT [dbo].[Question_QST] ON;
IF NOT EXISTS (SELECT 1 FROM [dbo].[Question_QST] WHERE Id = 1702)
BEGIN
    INSERT INTO [dbo].[Question_QST] ([Id], [Question], [Id_Difficulty])
    VALUES (1702, N'Quelle est la capitale de Tuvalu ?', 4);
END
SET IDENTITY_INSERT [dbo].[Question_QST] OFF;

INSERT INTO [dbo].[Answer_ANS] ([Id_Question], [Value], [Valid]) VALUES
    (1702, N'Funafuti', 1),
    (1702, N'Nukufetau', 0),
    (1702, N'Vaitupu', 0),
    (1702, N'Nanumea', 0);

IF NOT EXISTS (SELECT 1 FROM [dbo].[QuestionTheme_QTH] WHERE Id_Question = 1702 AND Id_Theme = @ThemeId)
BEGIN
    INSERT INTO [dbo].[QuestionTheme_QTH] ([Id_Question], [Id_Theme]) VALUES (1702, @ThemeId);
END

-- Question 157
SET IDENTITY_INSERT [dbo].[Question_QST] ON;
IF NOT EXISTS (SELECT 1 FROM [dbo].[Question_QST] WHERE Id = 1703)
BEGIN
    INSERT INTO [dbo].[Question_QST] ([Id], [Question], [Id_Difficulty])
    VALUES (1703, N'Quel est le pays le plus densément peuplé du monde ?', 4);
END
SET IDENTITY_INSERT [dbo].[Question_QST] OFF;

INSERT INTO [dbo].[Answer_ANS] ([Id_Question], [Value], [Valid]) VALUES
    (1703, N'Monaco', 1),
    (1703, N'Singapour', 0),
    (1703, N'Bangladesh', 0),
    (1703, N'Malte', 0);

IF NOT EXISTS (SELECT 1 FROM [dbo].[QuestionTheme_QTH] WHERE Id_Question = 1703 AND Id_Theme = @ThemeId)
BEGIN
    INSERT INTO [dbo].[QuestionTheme_QTH] ([Id_Question], [Id_Theme]) VALUES (1703, @ThemeId);
END

-- Question 158
SET IDENTITY_INSERT [dbo].[Question_QST] ON;
IF NOT EXISTS (SELECT 1 FROM [dbo].[Question_QST] WHERE Id = 1704)
BEGIN
    INSERT INTO [dbo].[Question_QST] ([Id], [Question], [Id_Difficulty])
    VALUES (1704, N'Quel est le plus grand désert froid en dehors de l’Antarctique ?', 4);
END
SET IDENTITY_INSERT [dbo].[Question_QST] OFF;

INSERT INTO [dbo].[Answer_ANS] ([Id_Question], [Value], [Valid]) VALUES
    (1704, N'Arctique', 1),
    (1704, N'Gobi', 0),
    (1704, N'Karakum', 0),
    (1704, N'Ladakh', 0);

IF NOT EXISTS (SELECT 1 FROM [dbo].[QuestionTheme_QTH] WHERE Id_Question = 1704 AND Id_Theme = @ThemeId)
BEGIN
    INSERT INTO [dbo].[QuestionTheme_QTH] ([Id_Question], [Id_Theme]) VALUES (1704, @ThemeId);
END

-- Question 159
SET IDENTITY_INSERT [dbo].[Question_QST] ON;
IF NOT EXISTS (SELECT 1 FROM [dbo].[Question_QST] WHERE Id = 1705)
BEGIN
    INSERT INTO [dbo].[Question_QST] ([Id], [Question], [Id_Difficulty])
    VALUES (1705, N'Quel pays possède le plus de volcans actifs en Europe ?', 4);
END
SET IDENTITY_INSERT [dbo].[Question_QST] OFF;

INSERT INTO [dbo].[Answer_ANS] ([Id_Question], [Value], [Valid]) VALUES
    (1705, N'Islande', 1),
    (1705, N'Italie', 0),
    (1705, N'Grèce', 0),
    (1705, N'Espagne', 0);

IF NOT EXISTS (SELECT 1 FROM [dbo].[QuestionTheme_QTH] WHERE Id_Question = 1705 AND Id_Theme = @ThemeId)
BEGIN
    INSERT INTO [dbo].[QuestionTheme_QTH] ([Id_Question], [Id_Theme]) VALUES (1705, @ThemeId);
END

-- Question 160
SET IDENTITY_INSERT [dbo].[Question_QST] ON;
IF NOT EXISTS (SELECT 1 FROM [dbo].[Question_QST] WHERE Id = 1706)
BEGIN
    INSERT INTO [dbo].[Question_QST] ([Id], [Question], [Id_Difficulty])
    VALUES (1706, N'Quel est le plus long fleuve d’Océanie ?', 4);
END
SET IDENTITY_INSERT [dbo].[Question_QST] OFF;

INSERT INTO [dbo].[Answer_ANS] ([Id_Question], [Value], [Valid]) VALUES
    (1706, N'Murray', 1),
    (1706, N'Sepik', 0),
    (1706, N'Fly', 0),
    (1706, N'Darling', 0);

IF NOT EXISTS (SELECT 1 FROM [dbo].[QuestionTheme_QTH] WHERE Id_Question = 1706 AND Id_Theme = @ThemeId)
BEGIN
    INSERT INTO [dbo].[QuestionTheme_QTH] ([Id_Question], [Id_Theme]) VALUES (1706, @ThemeId);
END

-- Question 161
SET IDENTITY_INSERT [dbo].[Question_QST] ON;
IF NOT EXISTS (SELECT 1 FROM [dbo].[Question_QST] WHERE Id = 1707)
BEGIN
    INSERT INTO [dbo].[Question_QST] ([Id], [Question], [Id_Difficulty])
    VALUES (1707, N'Quel est le plus grand delta fluvial du Moyen-Orient ?', 4);
END
SET IDENTITY_INSERT [dbo].[Question_QST] OFF;

INSERT INTO [dbo].[Answer_ANS] ([Id_Question], [Value], [Valid]) VALUES
    (1707, N'Nil', 1),
    (1707, N'Shatt al-Arab', 0),
    (1707, N'Tigre-Euphrate', 0),
    (1707, N'Jourdain', 0);

IF NOT EXISTS (SELECT 1 FROM [dbo].[QuestionTheme_QTH] WHERE Id_Question = 1707 AND Id_Theme = @ThemeId)
BEGIN
    INSERT INTO [dbo].[QuestionTheme_QTH] ([Id_Question], [Id_Theme]) VALUES (1707, @ThemeId);
END

-- Question 162
SET IDENTITY_INSERT [dbo].[Question_QST] ON;
IF NOT EXISTS (SELECT 1 FROM [dbo].[Question_QST] WHERE Id = 1708)
BEGIN
    INSERT INTO [dbo].[Question_QST] ([Id], [Question], [Id_Difficulty])
    VALUES (1708, N'Quel pays possède la ville de Timbuktu ?', 4);
END
SET IDENTITY_INSERT [dbo].[Question_QST] OFF;

INSERT INTO [dbo].[Answer_ANS] ([Id_Question], [Value], [Valid]) VALUES
    (1708, N'Mali', 1),
    (1708, N'Niger', 0),
    (1708, N'Burkina Faso', 0),
    (1708, N'Algérie', 0);

IF NOT EXISTS (SELECT 1 FROM [dbo].[QuestionTheme_QTH] WHERE Id_Question = 1708 AND Id_Theme = @ThemeId)
BEGIN
    INSERT INTO [dbo].[QuestionTheme_QTH] ([Id_Question], [Id_Theme]) VALUES (1708, @ThemeId);
END

-- Question 163
SET IDENTITY_INSERT [dbo].[Question_QST] ON;
IF NOT EXISTS (SELECT 1 FROM [dbo].[Question_QST] WHERE Id = 1709)
BEGIN
    INSERT INTO [dbo].[Question_QST] ([Id], [Question], [Id_Difficulty])
    VALUES (1709, N'Quel est le plus grand lac volcanique du monde ?', 4);
END
SET IDENTITY_INSERT [dbo].[Question_QST] OFF;

INSERT INTO [dbo].[Answer_ANS] ([Id_Question], [Value], [Valid]) VALUES
    (1709, N'Toba', 1),
    (1709, N'Kelimutu', 0),
    (1709, N'Ngorongoro', 0),
    (1709, N'Lake Taupo', 0);

IF NOT EXISTS (SELECT 1 FROM [dbo].[QuestionTheme_QTH] WHERE Id_Question = 1709 AND Id_Theme = @ThemeId)
BEGIN
    INSERT INTO [dbo].[QuestionTheme_QTH] ([Id_Question], [Id_Theme]) VALUES (1709, @ThemeId);
END

-- Question 164
SET IDENTITY_INSERT [dbo].[Question_QST] ON;
IF NOT EXISTS (SELECT 1 FROM [dbo].[Question_QST] WHERE Id = 1710)
BEGIN
    INSERT INTO [dbo].[Question_QST] ([Id], [Question], [Id_Difficulty])
    VALUES (1710, N'Quel pays possède la vallée de l’Omo ?', 4);
END
SET IDENTITY_INSERT [dbo].[Question_QST] OFF;

INSERT INTO [dbo].[Answer_ANS] ([Id_Question], [Value], [Valid]) VALUES
    (1710, N'Éthiopie', 1),
    (1710, N'Kenya', 0),
    (1710, N'Tanzanie', 0),
    (1710, N'Soudan du Sud', 0);

IF NOT EXISTS (SELECT 1 FROM [dbo].[QuestionTheme_QTH] WHERE Id_Question = 1710 AND Id_Theme = @ThemeId)
BEGIN
    INSERT INTO [dbo].[QuestionTheme_QTH] ([Id_Question], [Id_Theme]) VALUES (1710, @ThemeId);
END

-- Question 165
SET IDENTITY_INSERT [dbo].[Question_QST] ON;
IF NOT EXISTS (SELECT 1 FROM [dbo].[Question_QST] WHERE Id = 1711)
BEGIN
    INSERT INTO [dbo].[Question_QST] ([Id], [Question], [Id_Difficulty])
    VALUES (1711, N'Quel est le plus grand canyon glaciaire du monde ?', 4);
END
SET IDENTITY_INSERT [dbo].[Question_QST] OFF;

INSERT INTO [dbo].[Answer_ANS] ([Id_Question], [Value], [Valid]) VALUES
    (1711, N'Columbia Icefield Canyon', 1),
    (1711, N'Troy Canyon', 0),
    (1711, N'Sognefjord', 0),
    (1711, N'Colca Canyon', 0);

IF NOT EXISTS (SELECT 1 FROM [dbo].[QuestionTheme_QTH] WHERE Id_Question = 1711 AND Id_Theme = @ThemeId)
BEGIN
    INSERT INTO [dbo].[QuestionTheme_QTH] ([Id_Question], [Id_Theme]) VALUES (1711, @ThemeId);
END

-- Question 166
SET IDENTITY_INSERT [dbo].[Question_QST] ON;
IF NOT EXISTS (SELECT 1 FROM [dbo].[Question_QST] WHERE Id = 1712)
BEGIN
    INSERT INTO [dbo].[Question_QST] ([Id], [Question], [Id_Difficulty])
    VALUES (1712, N'Quel pays possède le plus grand nombre d’îles dans l’océan Atlantique ?', 4);
END
SET IDENTITY_INSERT [dbo].[Question_QST] OFF;

INSERT INTO [dbo].[Answer_ANS] ([Id_Question], [Value], [Valid]) VALUES
    (1712, N'Norvège', 1),
    (1712, N'Canada', 0),
    (1712, N'Brésil', 0),
    (1712, N'Grèce', 0);

IF NOT EXISTS (SELECT 1 FROM [dbo].[QuestionTheme_QTH] WHERE Id_Question = 1712 AND Id_Theme = @ThemeId)
BEGIN
    INSERT INTO [dbo].[QuestionTheme_QTH] ([Id_Question], [Id_Theme]) VALUES (1712, @ThemeId);
END

-- Question 167
SET IDENTITY_INSERT [dbo].[Question_QST] ON;
IF NOT EXISTS (SELECT 1 FROM [dbo].[Question_QST] WHERE Id = 1713)
BEGIN
    INSERT INTO [dbo].[Question_QST] ([Id], [Question], [Id_Difficulty])
    VALUES (1713, N'Quel est le plus haut sommet volcanique actif ?', 4);
END
SET IDENTITY_INSERT [dbo].[Question_QST] OFF;

INSERT INTO [dbo].[Answer_ANS] ([Id_Question], [Value], [Valid]) VALUES
    (1713, N'Ojos del Salado', 1),
    (1713, N'Cotopaxi', 0),
    (1713, N'Llullaillaco', 0),
    (1713, N'Popocatépetl', 0);

IF NOT EXISTS (SELECT 1 FROM [dbo].[QuestionTheme_QTH] WHERE Id_Question = 1713 AND Id_Theme = @ThemeId)
BEGIN
    INSERT INTO [dbo].[QuestionTheme_QTH] ([Id_Question], [Id_Theme]) VALUES (1713, @ThemeId);
END

-- Question 168
SET IDENTITY_INSERT [dbo].[Question_QST] ON;
IF NOT EXISTS (SELECT 1 FROM [dbo].[Question_QST] WHERE Id = 1714)
BEGIN
    INSERT INTO [dbo].[Question_QST] ([Id], [Question], [Id_Difficulty])
    VALUES (1714, N'Quel pays possède la péninsule de Kamchatka ?', 4);
END
SET IDENTITY_INSERT [dbo].[Question_QST] OFF;

INSERT INTO [dbo].[Answer_ANS] ([Id_Question], [Value], [Valid]) VALUES
    (1714, N'Russie', 1),
    (1714, N'Canada', 0),
    (1714, N'Norvège', 0),
    (1714, N'Finlande', 0);

IF NOT EXISTS (SELECT 1 FROM [dbo].[QuestionTheme_QTH] WHERE Id_Question = 1714 AND Id_Theme = @ThemeId)
BEGIN
    INSERT INTO [dbo].[QuestionTheme_QTH] ([Id_Question], [Id_Theme]) VALUES (1714, @ThemeId);
END

-- Question 169
SET IDENTITY_INSERT [dbo].[Question_QST] ON;
IF NOT EXISTS (SELECT 1 FROM [dbo].[Question_QST] WHERE Id = 1715)
BEGIN
    INSERT INTO [dbo].[Question_QST] ([Id], [Question], [Id_Difficulty])
    VALUES (1715, N'Quel est le plus grand delta fluvial en Amérique du Sud ?', 4);
END
SET IDENTITY_INSERT [dbo].[Question_QST] OFF;

INSERT INTO [dbo].[Answer_ANS] ([Id_Question], [Value], [Valid]) VALUES
    (1715, N'Amazon', 1),
    (1715, N'Paraná', 0),
    (1715, N'Orénoque', 0),
    (1715, N'São Francisco', 0);

IF NOT EXISTS (SELECT 1 FROM [dbo].[QuestionTheme_QTH] WHERE Id_Question = 1715 AND Id_Theme = @ThemeId)
BEGIN
    INSERT INTO [dbo].[QuestionTheme_QTH] ([Id_Question], [Id_Theme]) VALUES (1715, @ThemeId);
END

-- Question 170
SET IDENTITY_INSERT [dbo].[Question_QST] ON;
IF NOT EXISTS (SELECT 1 FROM [dbo].[Question_QST] WHERE Id = 1716)
BEGIN
    INSERT INTO [dbo].[Question_QST] ([Id], [Question], [Id_Difficulty])
    VALUES (1716, N'Quel pays possède le lac Assal ?', 4);
END
SET IDENTITY_INSERT [dbo].[Question_QST] OFF;

INSERT INTO [dbo].[Answer_ANS] ([Id_Question], [Value], [Valid]) VALUES
    (1716, N'Djibouti', 1),
    (1716, N'Érythrée', 0),
    (1716, N'Somalie', 0),
    (1716, N'Éthiopie', 0);

IF NOT EXISTS (SELECT 1 FROM [dbo].[QuestionTheme_QTH] WHERE Id_Question = 1716 AND Id_Theme = @ThemeId)
BEGIN
    INSERT INTO [dbo].[QuestionTheme_QTH] ([Id_Question], [Id_Theme]) VALUES (1716, @ThemeId);
END

-- Question 171
SET IDENTITY_INSERT [dbo].[Question_QST] ON;
IF NOT EXISTS (SELECT 1 FROM [dbo].[Question_QST] WHERE Id = 1717)
BEGIN
    INSERT INTO [dbo].[Question_QST] ([Id], [Question], [Id_Difficulty])
    VALUES (1717, N'Quel est le plus grand delta fluvial de Russie ?', 4);
END
SET IDENTITY_INSERT [dbo].[Question_QST] OFF;

INSERT INTO [dbo].[Answer_ANS] ([Id_Question], [Value], [Valid]) VALUES
    (1717, N'Volga', 1),
    (1717, N'Don', 0),
    (1717, N'Ob', 0),
    (1717, N'Dniepr', 0);

IF NOT EXISTS (SELECT 1 FROM [dbo].[QuestionTheme_QTH] WHERE Id_Question = 1717 AND Id_Theme = @ThemeId)
BEGIN
    INSERT INTO [dbo].[QuestionTheme_QTH] ([Id_Question], [Id_Theme]) VALUES (1717, @ThemeId);
END

-- Question 172
SET IDENTITY_INSERT [dbo].[Question_QST] ON;
IF NOT EXISTS (SELECT 1 FROM [dbo].[Question_QST] WHERE Id = 1718)
BEGIN
    INSERT INTO [dbo].[Question_QST] ([Id], [Question], [Id_Difficulty])
    VALUES (1718, N'Quel pays possède le plateau du Pamir ?', 4);
END
SET IDENTITY_INSERT [dbo].[Question_QST] OFF;

INSERT INTO [dbo].[Answer_ANS] ([Id_Question], [Value], [Valid]) VALUES
    (1718, N'Tadjikistan', 1),
    (1718, N'Afghanistan', 0),
    (1718, N'Kirghizistan', 0),
    (1718, N'Chine', 0);

IF NOT EXISTS (SELECT 1 FROM [dbo].[QuestionTheme_QTH] WHERE Id_Question = 1718 AND Id_Theme = @ThemeId)
BEGIN
    INSERT INTO [dbo].[QuestionTheme_QTH] ([Id_Question], [Id_Theme]) VALUES (1718, @ThemeId);
END

-- Question 173
SET IDENTITY_INSERT [dbo].[Question_QST] ON;
IF NOT EXISTS (SELECT 1 FROM [dbo].[Question_QST] WHERE Id = 1719)
BEGIN
    INSERT INTO [dbo].[Question_QST] ([Id], [Question], [Id_Difficulty])
    VALUES (1719, N'Quel est le plus grand canyon en volume ?', 4);
END
SET IDENTITY_INSERT [dbo].[Question_QST] OFF;

INSERT INTO [dbo].[Answer_ANS] ([Id_Question], [Value], [Valid]) VALUES
    (1719, N'Canyon du Yarlung Tsangpo', 1),
    (1719, N'Grand Canyon', 0),
    (1719, N'Colca Canyon', 0),
    (1719, N'Fish River Canyon', 0);

IF NOT EXISTS (SELECT 1 FROM [dbo].[QuestionTheme_QTH] WHERE Id_Question = 1719 AND Id_Theme = @ThemeId)
BEGIN
    INSERT INTO [dbo].[QuestionTheme_QTH] ([Id_Question], [Id_Theme]) VALUES (1719, @ThemeId);
END

-- Question 174
SET IDENTITY_INSERT [dbo].[Question_QST] ON;
IF NOT EXISTS (SELECT 1 FROM [dbo].[Question_QST] WHERE Id = 1720)
BEGIN
    INSERT INTO [dbo].[Question_QST] ([Id], [Question], [Id_Difficulty])
    VALUES (1720, N'Quel pays possède le lac Eyre ?', 4);
END
SET IDENTITY_INSERT [dbo].[Question_QST] OFF;

INSERT INTO [dbo].[Answer_ANS] ([Id_Question], [Value], [Valid]) VALUES
    (1720, N'Australie', 1),
    (1720, N'USA', 0),
    (1720, N'Chili', 0),
    (1720, N'Argentine', 0);

IF NOT EXISTS (SELECT 1 FROM [dbo].[QuestionTheme_QTH] WHERE Id_Question = 1720 AND Id_Theme = @ThemeId)
BEGIN
    INSERT INTO [dbo].[QuestionTheme_QTH] ([Id_Question], [Id_Theme]) VALUES (1720, @ThemeId);
END

-- Question 175
SET IDENTITY_INSERT [dbo].[Question_QST] ON;
IF NOT EXISTS (SELECT 1 FROM [dbo].[Question_QST] WHERE Id = 1721)
BEGIN
    INSERT INTO [dbo].[Question_QST] ([Id], [Question], [Id_Difficulty])
    VALUES (1721, N'Quel est le point le plus bas en Amérique du Sud ?', 4);
END
SET IDENTITY_INSERT [dbo].[Question_QST] OFF;

INSERT INTO [dbo].[Answer_ANS] ([Id_Question], [Value], [Valid]) VALUES
    (1721, N'Laguna del Carbón', 1),
    (1721, N'Salar de Uyuni', 0),
    (1721, N'Mar Chiquita', 0),
    (1721, N'Lago Argentino', 0);

IF NOT EXISTS (SELECT 1 FROM [dbo].[QuestionTheme_QTH] WHERE Id_Question = 1721 AND Id_Theme = @ThemeId)
BEGIN
    INSERT INTO [dbo].[QuestionTheme_QTH] ([Id_Question], [Id_Theme]) VALUES (1721, @ThemeId);
END

-- Question 176
SET IDENTITY_INSERT [dbo].[Question_QST] ON;
IF NOT EXISTS (SELECT 1 FROM [dbo].[Question_QST] WHERE Id = 1722)
BEGIN
    INSERT INTO [dbo].[Question_QST] ([Id], [Question], [Id_Difficulty])
    VALUES (1722, N'Quel est le plus grand glacier hors Antarctique ?', 4);
END
SET IDENTITY_INSERT [dbo].[Question_QST] OFF;

INSERT INTO [dbo].[Answer_ANS] ([Id_Question], [Value], [Valid]) VALUES
    (1722, N'Lambert', 1),
    (1722, N'Vatnajökull', 0),
    (1722, N'Byrd', 0),
    (1722, N'Bering', 0);

IF NOT EXISTS (SELECT 1 FROM [dbo].[QuestionTheme_QTH] WHERE Id_Question = 1722 AND Id_Theme = @ThemeId)
BEGIN
    INSERT INTO [dbo].[QuestionTheme_QTH] ([Id_Question], [Id_Theme]) VALUES (1722, @ThemeId);
END

-- Question 177
SET IDENTITY_INSERT [dbo].[Question_QST] ON;
IF NOT EXISTS (SELECT 1 FROM [dbo].[Question_QST] WHERE Id = 1723)
BEGIN
    INSERT INTO [dbo].[Question_QST] ([Id], [Question], [Id_Difficulty])
    VALUES (1723, N'Quel pays possède le plus grand nombre d’îles dans l’océan Pacifique ?', 4);
END
SET IDENTITY_INSERT [dbo].[Question_QST] OFF;

INSERT INTO [dbo].[Answer_ANS] ([Id_Question], [Value], [Valid]) VALUES
    (1723, N'Indonésie', 1),
    (1723, N'Philippines', 0),
    (1723, N'Japon', 0),
    (1723, N'Papouasie-Nouvelle-Guinée', 0);

IF NOT EXISTS (SELECT 1 FROM [dbo].[QuestionTheme_QTH] WHERE Id_Question = 1723 AND Id_Theme = @ThemeId)
BEGIN
    INSERT INTO [dbo].[QuestionTheme_QTH] ([Id_Question], [Id_Theme]) VALUES (1723, @ThemeId);
END

-- Question 178
SET IDENTITY_INSERT [dbo].[Question_QST] ON;
IF NOT EXISTS (SELECT 1 FROM [dbo].[Question_QST] WHERE Id = 1724)
BEGIN
    INSERT INTO [dbo].[Question_QST] ([Id], [Question], [Id_Difficulty])
    VALUES (1724, N'Quel est le plus grand delta fluvial d’Australie ?', 4);
END
SET IDENTITY_INSERT [dbo].[Question_QST] OFF;

INSERT INTO [dbo].[Answer_ANS] ([Id_Question], [Value], [Valid]) VALUES
    (1724, N'Murray-Darling', 1),
    (1724, N'Cooper Creek', 0),
    (1724, N'Fitzroy', 0),
    (1724, N'Mitchell', 0);

IF NOT EXISTS (SELECT 1 FROM [dbo].[QuestionTheme_QTH] WHERE Id_Question = 1724 AND Id_Theme = @ThemeId)
BEGIN
    INSERT INTO [dbo].[QuestionTheme_QTH] ([Id_Question], [Id_Theme]) VALUES (1724, @ThemeId);
END

-- Question 179
SET IDENTITY_INSERT [dbo].[Question_QST] ON;
IF NOT EXISTS (SELECT 1 FROM [dbo].[Question_QST] WHERE Id = 1725)
BEGIN
    INSERT INTO [dbo].[Question_QST] ([Id], [Question], [Id_Difficulty])
    VALUES (1725, N'Quel pays possède la ville de Lhasa ?', 4);
END
SET IDENTITY_INSERT [dbo].[Question_QST] OFF;

INSERT INTO [dbo].[Answer_ANS] ([Id_Question], [Value], [Valid]) VALUES
    (1725, N'Tibet', 0),
    (1725, N'Chine', 1),
    (1725, N'Népal', 0),
    (1725, N'Bhoutan', 0);

IF NOT EXISTS (SELECT 1 FROM [dbo].[QuestionTheme_QTH] WHERE Id_Question = 1725 AND Id_Theme = @ThemeId)
BEGIN
    INSERT INTO [dbo].[QuestionTheme_QTH] ([Id_Question], [Id_Theme]) VALUES (1725, @ThemeId);
END

-- Question 180
SET IDENTITY_INSERT [dbo].[Question_QST] ON;
IF NOT EXISTS (SELECT 1 FROM [dbo].[Question_QST] WHERE Id = 1726)
BEGIN
    INSERT INTO [dbo].[Question_QST] ([Id], [Question], [Id_Difficulty])
    VALUES (1726, N'Quel pays possède le lac Titicaca ?', 4);
END
SET IDENTITY_INSERT [dbo].[Question_QST] OFF;

INSERT INTO [dbo].[Answer_ANS] ([Id_Question], [Value], [Valid]) VALUES
    (1726, N'Pérou et Bolivie', 1),
    (1726, N'Chili et Argentine', 0),
    (1726, N'Colombie et Venezuela', 0),
    (1726, N'Équateur et Pérou', 0);

IF NOT EXISTS (SELECT 1 FROM [dbo].[QuestionTheme_QTH] WHERE Id_Question = 1726 AND Id_Theme = @ThemeId)
BEGIN
    INSERT INTO [dbo].[QuestionTheme_QTH] ([Id_Question], [Id_Theme]) VALUES (1726, @ThemeId);
END

-- Question 181
SET IDENTITY_INSERT [dbo].[Question_QST] ON;
IF NOT EXISTS (SELECT 1 FROM [dbo].[Question_QST] WHERE Id = 1727)
BEGIN
    INSERT INTO [dbo].[Question_QST] ([Id], [Question], [Id_Difficulty])
    VALUES (1727, N'Quel est le plus haut sommet de l’Alaska ?', 4);
END
SET IDENTITY_INSERT [dbo].[Question_QST] OFF;

INSERT INTO [dbo].[Answer_ANS] ([Id_Question], [Value], [Valid]) VALUES
    (1727, N'Denali', 1),
    (1727, N'Mount Logan', 0),
    (1727, N'Mount Foraker', 0),
    (1727, N'Mount Saint Elias', 0);

IF NOT EXISTS (SELECT 1 FROM [dbo].[QuestionTheme_QTH] WHERE Id_Question = 1727 AND Id_Theme = @ThemeId)
BEGIN
    INSERT INTO [dbo].[QuestionTheme_QTH] ([Id_Question], [Id_Theme]) VALUES (1727, @ThemeId);
END

-- Question 182
SET IDENTITY_INSERT [dbo].[Question_QST] ON;
IF NOT EXISTS (SELECT 1 FROM [dbo].[Question_QST] WHERE Id = 1728)
BEGIN
    INSERT INTO [dbo].[Question_QST] ([Id], [Question], [Id_Difficulty])
    VALUES (1728, N'Quel pays possède la ville de Nuuk ?', 4);
END
SET IDENTITY_INSERT [dbo].[Question_QST] OFF;

INSERT INTO [dbo].[Answer_ANS] ([Id_Question], [Value], [Valid]) VALUES
    (1728, N'Groenland', 1),
    (1728, N'Islande', 0),
    (1728, N'Norvège', 0),
    (1728, N'Danemark', 0);

IF NOT EXISTS (SELECT 1 FROM [dbo].[QuestionTheme_QTH] WHERE Id_Question = 1728 AND Id_Theme = @ThemeId)
BEGIN
    INSERT INTO [dbo].[QuestionTheme_QTH] ([Id_Question], [Id_Theme]) VALUES (1728, @ThemeId);
END

-- Question 183
SET IDENTITY_INSERT [dbo].[Question_QST] ON;
IF NOT EXISTS (SELECT 1 FROM [dbo].[Question_QST] WHERE Id = 1729)
BEGIN
    INSERT INTO [dbo].[Question_QST] ([Id], [Question], [Id_Difficulty])
    VALUES (1729, N'Quel est le plus grand delta fluvial en Afrique ?', 4);
END
SET IDENTITY_INSERT [dbo].[Question_QST] OFF;

INSERT INTO [dbo].[Answer_ANS] ([Id_Question], [Value], [Valid]) VALUES
    (1729, N'Niger', 1),
    (1729, N'Nil', 0),
    (1729, N'Zambèze', 0),
    (1729, N'Congo', 0);

IF NOT EXISTS (SELECT 1 FROM [dbo].[QuestionTheme_QTH] WHERE Id_Question = 1729 AND Id_Theme = @ThemeId)
BEGIN
    INSERT INTO [dbo].[QuestionTheme_QTH] ([Id_Question], [Id_Theme]) VALUES (1729, @ThemeId);
END

-- Question 184
SET IDENTITY_INSERT [dbo].[Question_QST] ON;
IF NOT EXISTS (SELECT 1 FROM [dbo].[Question_QST] WHERE Id = 1730)
BEGIN
    INSERT INTO [dbo].[Question_QST] ([Id], [Question], [Id_Difficulty])
    VALUES (1730, N'Quel est le plus long fleuve d’Afrique ?', 4);
END
SET IDENTITY_INSERT [dbo].[Question_QST] OFF;

INSERT INTO [dbo].[Answer_ANS] ([Id_Question], [Value], [Valid]) VALUES
    (1730, N'Nil', 1),
    (1730, N'Congo', 0),
    (1730, N'Niger', 0),
    (1730, N'Zambèze', 0);

IF NOT EXISTS (SELECT 1 FROM [dbo].[QuestionTheme_QTH] WHERE Id_Question = 1730 AND Id_Theme = @ThemeId)
BEGIN
    INSERT INTO [dbo].[QuestionTheme_QTH] ([Id_Question], [Id_Theme]) VALUES (1730, @ThemeId);
END

-- Question 185
SET IDENTITY_INSERT [dbo].[Question_QST] ON;
IF NOT EXISTS (SELECT 1 FROM [dbo].[Question_QST] WHERE Id = 1731)
BEGIN
    INSERT INTO [dbo].[Question_QST] ([Id], [Question], [Id_Difficulty])
    VALUES (1731, N'Quel pays possède le plateau de Dekkan ?', 4);
END
SET IDENTITY_INSERT [dbo].[Question_QST] OFF;

INSERT INTO [dbo].[Answer_ANS] ([Id_Question], [Value], [Valid]) VALUES
    (1731, N'Inde', 1),
    (1731, N'Pakistan', 0),
    (1731, N'Bangladesh', 0),
    (1731, N'Sri Lanka', 0);

IF NOT EXISTS (SELECT 1 FROM [dbo].[QuestionTheme_QTH] WHERE Id_Question = 1731 AND Id_Theme = @ThemeId)
BEGIN
    INSERT INTO [dbo].[QuestionTheme_QTH] ([Id_Question], [Id_Theme]) VALUES (1731, @ThemeId);
END

-- Question 186
SET IDENTITY_INSERT [dbo].[Question_QST] ON;
IF NOT EXISTS (SELECT 1 FROM [dbo].[Question_QST] WHERE Id = 1732)
BEGIN
    INSERT INTO [dbo].[Question_QST] ([Id], [Question], [Id_Difficulty])
    VALUES (1732, N'Quel est le plus grand delta fluvial d’Asie du Sud-Est ?', 4);
END
SET IDENTITY_INSERT [dbo].[Question_QST] OFF;

INSERT INTO [dbo].[Answer_ANS] ([Id_Question], [Value], [Valid]) VALUES
    (1732, N'Mékong', 1),
    (1732, N'Chao Phraya', 0),
    (1732, N'Irrawaddy', 0),
    (1732, N'Salween', 0);

IF NOT EXISTS (SELECT 1 FROM [dbo].[QuestionTheme_QTH] WHERE Id_Question = 1732 AND Id_Theme = @ThemeId)
BEGIN
    INSERT INTO [dbo].[QuestionTheme_QTH] ([Id_Question], [Id_Theme]) VALUES (1732, @ThemeId);
END

-- Question 187
SET IDENTITY_INSERT [dbo].[Question_QST] ON;
IF NOT EXISTS (SELECT 1 FROM [dbo].[Question_QST] WHERE Id = 1733)
BEGIN
    INSERT INTO [dbo].[Question_QST] ([Id], [Question], [Id_Difficulty])
    VALUES (1733, N'Quel est le point le plus haut de la Patagonie ?', 4);
END
SET IDENTITY_INSERT [dbo].[Question_QST] OFF;

INSERT INTO [dbo].[Answer_ANS] ([Id_Question], [Value], [Valid]) VALUES
    (1733, N'Cerro Aconcagua', 1),
    (1733, N'Cerro Torre', 0),
    (1733, N'Monte Fitz Roy', 0),
    (1733, N'Cerro Bonete', 0);

IF NOT EXISTS (SELECT 1 FROM [dbo].[QuestionTheme_QTH] WHERE Id_Question = 1733 AND Id_Theme = @ThemeId)
BEGIN
    INSERT INTO [dbo].[QuestionTheme_QTH] ([Id_Question], [Id_Theme]) VALUES (1733, @ThemeId);
END

-- Question 188
SET IDENTITY_INSERT [dbo].[Question_QST] ON;
IF NOT EXISTS (SELECT 1 FROM [dbo].[Question_QST] WHERE Id = 1734)
BEGIN
    INSERT INTO [dbo].[Question_QST] ([Id], [Question], [Id_Difficulty])
    VALUES (1734, N'Quel pays possède le canyon du Colca ?', 4);
END
SET IDENTITY_INSERT [dbo].[Question_QST] OFF;

INSERT INTO [dbo].[Answer_ANS] ([Id_Question], [Value], [Valid]) VALUES
    (1734, N'Pérou', 1),
    (1734, N'Chili', 0),
    (1734, N'Bolivie', 0),
    (1734, N'Équateur', 0);

IF NOT EXISTS (SELECT 1 FROM [dbo].[QuestionTheme_QTH] WHERE Id_Question = 1734 AND Id_Theme = @ThemeId)
BEGIN
    INSERT INTO [dbo].[QuestionTheme_QTH] ([Id_Question], [Id_Theme]) VALUES (1734, @ThemeId);
END

-- Question 189
SET IDENTITY_INSERT [dbo].[Question_QST] ON;
IF NOT EXISTS (SELECT 1 FROM [dbo].[Question_QST] WHERE Id = 1735)
BEGIN
    INSERT INTO [dbo].[Question_QST] ([Id], [Question], [Id_Difficulty])
    VALUES (1735, N'Quel est le plus grand lac salé d’Amérique du Nord ?', 4);
END
SET IDENTITY_INSERT [dbo].[Question_QST] OFF;

INSERT INTO [dbo].[Answer_ANS] ([Id_Question], [Value], [Valid]) VALUES
    (1735, N'Lac Salé', 1),
    (1735, N'Great Bear Lake', 0),
    (1735, N'Great Slave Lake', 0),
    (1735, N'Lac Winnipeg', 0);

IF NOT EXISTS (SELECT 1 FROM [dbo].[QuestionTheme_QTH] WHERE Id_Question = 1735 AND Id_Theme = @ThemeId)
BEGIN
    INSERT INTO [dbo].[QuestionTheme_QTH] ([Id_Question], [Id_Theme]) VALUES (1735, @ThemeId);
END

-- Question 190
SET IDENTITY_INSERT [dbo].[Question_QST] ON;
IF NOT EXISTS (SELECT 1 FROM [dbo].[Question_QST] WHERE Id = 1736)
BEGIN
    INSERT INTO [dbo].[Question_QST] ([Id], [Question], [Id_Difficulty])
    VALUES (1736, N'Quel est le plus grand plateau désertique de Russie ?', 4);
END
SET IDENTITY_INSERT [dbo].[Question_QST] OFF;

INSERT INTO [dbo].[Answer_ANS] ([Id_Question], [Value], [Valid]) VALUES
    (1736, N'Plateau de Sibérie centrale', 1),
    (1736, N'Plateau de Tunguska', 0),
    (1736, N'Plateau de Lena', 0),
    (1736, N'Plateau de Kolyma', 0);

IF NOT EXISTS (SELECT 1 FROM [dbo].[QuestionTheme_QTH] WHERE Id_Question = 1736 AND Id_Theme = @ThemeId)
BEGIN
    INSERT INTO [dbo].[QuestionTheme_QTH] ([Id_Question], [Id_Theme]) VALUES (1736, @ThemeId);
END

-- Question 191
SET IDENTITY_INSERT [dbo].[Question_QST] ON;
IF NOT EXISTS (SELECT 1 FROM [dbo].[Question_QST] WHERE Id = 1737)
BEGIN
    INSERT INTO [dbo].[Question_QST] ([Id], [Question], [Id_Difficulty])
    VALUES (1737, N'Quel est le plus grand fjord de Norvège ?', 4);
END
SET IDENTITY_INSERT [dbo].[Question_QST] OFF;

INSERT INTO [dbo].[Answer_ANS] ([Id_Question], [Value], [Valid]) VALUES
    (1737, N'Sognefjord', 1),
    (1737, N'Geirangerfjord', 0),
    (1737, N'Hardangerfjord', 0),
    (1737, N'Lysefjord', 0);

IF NOT EXISTS (SELECT 1 FROM [dbo].[QuestionTheme_QTH] WHERE Id_Question = 1737 AND Id_Theme = @ThemeId)
BEGIN
    INSERT INTO [dbo].[QuestionTheme_QTH] ([Id_Question], [Id_Theme]) VALUES (1737, @ThemeId);
END

-- Question 192
SET IDENTITY_INSERT [dbo].[Question_QST] ON;
IF NOT EXISTS (SELECT 1 FROM [dbo].[Question_QST] WHERE Id = 1738)
BEGIN
    INSERT INTO [dbo].[Question_QST] ([Id], [Question], [Id_Difficulty])
    VALUES (1738, N'Quel pays possède le plus grand nombre d’îles dans l’océan Indien ?', 4);
END
SET IDENTITY_INSERT [dbo].[Question_QST] OFF;

INSERT INTO [dbo].[Answer_ANS] ([Id_Question], [Value], [Valid]) VALUES
    (1738, N'Malaisie', 1),
    (1738, N'Inde', 0),
    (1738, N'Indonésie', 0),
    (1738, N'Seychelles', 0);

IF NOT EXISTS (SELECT 1 FROM [dbo].[QuestionTheme_QTH] WHERE Id_Question = 1738 AND Id_Theme = @ThemeId)
BEGIN
    INSERT INTO [dbo].[QuestionTheme_QTH] ([Id_Question], [Id_Theme]) VALUES (1738, @ThemeId);
END

-- Question 193
SET IDENTITY_INSERT [dbo].[Question_QST] ON;
IF NOT EXISTS (SELECT 1 FROM [dbo].[Question_QST] WHERE Id = 1739)
BEGIN
    INSERT INTO [dbo].[Question_QST] ([Id], [Question], [Id_Difficulty])
    VALUES (1739, N'Quel est le plus long fleuve d’Australie ?', 4);
END
SET IDENTITY_INSERT [dbo].[Question_QST] OFF;

INSERT INTO [dbo].[Answer_ANS] ([Id_Question], [Value], [Valid]) VALUES
    (1739, N'Murray', 1),
    (1739, N'Darling', 0),
    (1739, N'Murrumbidgee', 0),
    (1739, N'Lachlan', 0);

IF NOT EXISTS (SELECT 1 FROM [dbo].[QuestionTheme_QTH] WHERE Id_Question = 1739 AND Id_Theme = @ThemeId)
BEGIN
    INSERT INTO [dbo].[QuestionTheme_QTH] ([Id_Question], [Id_Theme]) VALUES (1739, @ThemeId);
END

-- Question 194
SET IDENTITY_INSERT [dbo].[Question_QST] ON;
IF NOT EXISTS (SELECT 1 FROM [dbo].[Question_QST] WHERE Id = 1740)
BEGIN
    INSERT INTO [dbo].[Question_QST] ([Id], [Question], [Id_Difficulty])
    VALUES (1740, N'Quel est le point le plus bas d’Afrique ?', 4);
END
SET IDENTITY_INSERT [dbo].[Question_QST] OFF;

INSERT INTO [dbo].[Answer_ANS] ([Id_Question], [Value], [Valid]) VALUES
    (1740, N'Lac Assal', 0),
    (1740, N'Dépression du Danakil', 1),
    (1740, N'Sahara', 0),
    (1740, N'Lac Tchad', 0);

IF NOT EXISTS (SELECT 1 FROM [dbo].[QuestionTheme_QTH] WHERE Id_Question = 1740 AND Id_Theme = @ThemeId)
BEGIN
    INSERT INTO [dbo].[QuestionTheme_QTH] ([Id_Question], [Id_Theme]) VALUES (1740, @ThemeId);
END

-- Question 195
SET IDENTITY_INSERT [dbo].[Question_QST] ON;
IF NOT EXISTS (SELECT 1 FROM [dbo].[Question_QST] WHERE Id = 1741)
BEGIN
    INSERT INTO [dbo].[Question_QST] ([Id], [Question], [Id_Difficulty])
    VALUES (1741, N'Quel pays possède la baie de Fundy ?', 4);
END
SET IDENTITY_INSERT [dbo].[Question_QST] OFF;

INSERT INTO [dbo].[Answer_ANS] ([Id_Question], [Value], [Valid]) VALUES
    (1741, N'Canada', 1),
    (1741, N'USA', 0),
    (1741, N'Australie', 0),
    (1741, N'Norvège', 0);

IF NOT EXISTS (SELECT 1 FROM [dbo].[QuestionTheme_QTH] WHERE Id_Question = 1741 AND Id_Theme = @ThemeId)
BEGIN
    INSERT INTO [dbo].[QuestionTheme_QTH] ([Id_Question], [Id_Theme]) VALUES (1741, @ThemeId);
END

-- Question 196
SET IDENTITY_INSERT [dbo].[Question_QST] ON;
IF NOT EXISTS (SELECT 1 FROM [dbo].[Question_QST] WHERE Id = 1742)
BEGIN
    INSERT INTO [dbo].[Question_QST] ([Id], [Question], [Id_Difficulty])
    VALUES (1742, N'Quel est le plus grand delta fluvial de Chine ?', 4);
END
SET IDENTITY_INSERT [dbo].[Question_QST] OFF;

INSERT INTO [dbo].[Answer_ANS] ([Id_Question], [Value], [Valid]) VALUES
    (1742, N'Yangzi', 1),
    (1742, N'Jaune', 0),
    (1742, N'Mekong', 0),
    (1742, N'Pearl', 0);

IF NOT EXISTS (SELECT 1 FROM [dbo].[QuestionTheme_QTH] WHERE Id_Question = 1742 AND Id_Theme = @ThemeId)
BEGIN
    INSERT INTO [dbo].[QuestionTheme_QTH] ([Id_Question], [Id_Theme]) VALUES (1742, @ThemeId);
END

-- Question 197
SET IDENTITY_INSERT [dbo].[Question_QST] ON;
IF NOT EXISTS (SELECT 1 FROM [dbo].[Question_QST] WHERE Id = 1743)
BEGIN
    INSERT INTO [dbo].[Question_QST] ([Id], [Question], [Id_Difficulty])
    VALUES (1743, N'Quel est le plus grand lac volcanique en Afrique ?', 4);
END
SET IDENTITY_INSERT [dbo].[Question_QST] OFF;

INSERT INTO [dbo].[Answer_ANS] ([Id_Question], [Value], [Valid]) VALUES
    (1743, N'Lac Kivu', 1),
    (1743, N'Lac Nyos', 0),
    (1743, N'Lac Tanganyika', 0),
    (1743, N'Lac Natron', 0);

IF NOT EXISTS (SELECT 1 FROM [dbo].[QuestionTheme_QTH] WHERE Id_Question = 1743 AND Id_Theme = @ThemeId)
BEGIN
    INSERT INTO [dbo].[QuestionTheme_QTH] ([Id_Question], [Id_Theme]) VALUES (1743, @ThemeId);
END

-- Question 198
SET IDENTITY_INSERT [dbo].[Question_QST] ON;
IF NOT EXISTS (SELECT 1 FROM [dbo].[Question_QST] WHERE Id = 1744)
BEGIN
    INSERT INTO [dbo].[Question_QST] ([Id], [Question], [Id_Difficulty])
    VALUES (1744, N'Quel pays possède la vallée de l’Indus ?', 4);
END
SET IDENTITY_INSERT [dbo].[Question_QST] OFF;

INSERT INTO [dbo].[Answer_ANS] ([Id_Question], [Value], [Valid]) VALUES
    (1744, N'Pakistan', 1),
    (1744, N'Inde', 0),
    (1744, N'Afghanistan', 0),
    (1744, N'Chine', 0);

IF NOT EXISTS (SELECT 1 FROM [dbo].[QuestionTheme_QTH] WHERE Id_Question = 1744 AND Id_Theme = @ThemeId)
BEGIN
    INSERT INTO [dbo].[QuestionTheme_QTH] ([Id_Question], [Id_Theme]) VALUES (1744, @ThemeId);
END

-- Question 199
SET IDENTITY_INSERT [dbo].[Question_QST] ON;
IF NOT EXISTS (SELECT 1 FROM [dbo].[Question_QST] WHERE Id = 1745)
BEGIN
    INSERT INTO [dbo].[Question_QST] ([Id], [Question], [Id_Difficulty])
    VALUES (1745, N'Quel est le plus grand delta fluvial de Russie ?', 4);
END
SET IDENTITY_INSERT [dbo].[Question_QST] OFF;

INSERT INTO [dbo].[Answer_ANS] ([Id_Question], [Value], [Valid]) VALUES
    (1745, N'Volga', 1),
    (1745, N'Ob', 0),
    (1745, N'Yenisei', 0),
    (1745, N'Lena', 0);

IF NOT EXISTS (SELECT 1 FROM [dbo].[QuestionTheme_QTH] WHERE Id_Question = 1745 AND Id_Theme = @ThemeId)
BEGIN
    INSERT INTO [dbo].[QuestionTheme_QTH] ([Id_Question], [Id_Theme]) VALUES (1745, @ThemeId);
END

-- Question 200
SET IDENTITY_INSERT [dbo].[Question_QST] ON;
IF NOT EXISTS (SELECT 1 FROM [dbo].[Question_QST] WHERE Id = 1746)
BEGIN
    INSERT INTO [dbo].[Question_QST] ([Id], [Question], [Id_Difficulty])
    VALUES (1746, N'Quel est le point le plus haut des Andes ?', 4);
END
SET IDENTITY_INSERT [dbo].[Question_QST] OFF;

INSERT INTO [dbo].[Answer_ANS] ([Id_Question], [Value], [Valid]) VALUES
    (1746, N'Aconcagua', 1),
    (1746, N'Huascarán', 0),
    (1746, N'Illimani', 0),
    (1746, N'Chimborazo', 0);

IF NOT EXISTS (SELECT 1 FROM [dbo].[QuestionTheme_QTH] WHERE Id_Question = 1746 AND Id_Theme = @ThemeId)
BEGIN
    INSERT INTO [dbo].[QuestionTheme_QTH] ([Id_Question], [Id_Theme]) VALUES (1746, @ThemeId);
END

-- Question 201
SET IDENTITY_INSERT [dbo].[Question_QST] ON;
IF NOT EXISTS (SELECT 1 FROM [dbo].[Question_QST] WHERE Id = 1747)
BEGIN
    INSERT INTO [dbo].[Question_QST] ([Id], [Question], [Id_Difficulty])
    VALUES (1747, N'Quel pays possède la ville de Samarcande ?', 4);
END
SET IDENTITY_INSERT [dbo].[Question_QST] OFF;

INSERT INTO [dbo].[Answer_ANS] ([Id_Question], [Value], [Valid]) VALUES
    (1747, N'Ouzbékistan', 1),
    (1747, N'Turkménistan', 0),
    (1747, N'Kazakhstan', 0),
    (1747, N'Kirghizistan', 0);

IF NOT EXISTS (SELECT 1 FROM [dbo].[QuestionTheme_QTH] WHERE Id_Question = 1747 AND Id_Theme = @ThemeId)
BEGIN
    INSERT INTO [dbo].[QuestionTheme_QTH] ([Id_Question], [Id_Theme]) VALUES (1747, @ThemeId);
END

-- Question 202
SET IDENTITY_INSERT [dbo].[Question_QST] ON;
IF NOT EXISTS (SELECT 1 FROM [dbo].[Question_QST] WHERE Id = 1748)
BEGIN
    INSERT INTO [dbo].[Question_QST] ([Id], [Question], [Id_Difficulty])
    VALUES (1748, N'Quel est le plus long fleuve d’Europe de l’Est ?', 4);
END
SET IDENTITY_INSERT [dbo].[Question_QST] OFF;

INSERT INTO [dbo].[Answer_ANS] ([Id_Question], [Value], [Valid]) VALUES
    (1748, N'Volga', 1),
    (1748, N'Dniepr', 0),
    (1748, N'Don', 0),
    (1748, N'Daugava', 0);

IF NOT EXISTS (SELECT 1 FROM [dbo].[QuestionTheme_QTH] WHERE Id_Question = 1748 AND Id_Theme = @ThemeId)
BEGIN
    INSERT INTO [dbo].[QuestionTheme_QTH] ([Id_Question], [Id_Theme]) VALUES (1748, @ThemeId);
END

-- Question 203
SET IDENTITY_INSERT [dbo].[Question_QST] ON;
IF NOT EXISTS (SELECT 1 FROM [dbo].[Question_QST] WHERE Id = 1749)
BEGIN
    INSERT INTO [dbo].[Question_QST] ([Id], [Question], [Id_Difficulty])
    VALUES (1749, N'Quel pays possède le plateau de Lhasa ?', 4);
END
SET IDENTITY_INSERT [dbo].[Question_QST] OFF;

INSERT INTO [dbo].[Answer_ANS] ([Id_Question], [Value], [Valid]) VALUES
    (1749, N'Tibet', 0),
    (1749, N'Chine', 1),
    (1749, N'Inde', 0),
    (1749, N'Népal', 0);

IF NOT EXISTS (SELECT 1 FROM [dbo].[QuestionTheme_QTH] WHERE Id_Question = 1749 AND Id_Theme = @ThemeId)
BEGIN
    INSERT INTO [dbo].[QuestionTheme_QTH] ([Id_Question], [Id_Theme]) VALUES (1749, @ThemeId);
END

-- ======================
-- Questions / Réponses - Thème : Technologie (202 questions)
-- ======================
SET @ThemeId = (SELECT Id FROM [dbo].[Theme_THM] WHERE Label = N'Technologie');

-- Question 1
SET IDENTITY_INSERT [dbo].[Question_QST] ON;
IF NOT EXISTS (SELECT 1 FROM [dbo].[Question_QST] WHERE Id = 1750)
BEGIN
    INSERT INTO [dbo].[Question_QST] ([Id], [Question], [Id_Difficulty])
    VALUES (1750, N'Quel est le composant principal d’un ordinateur qui exécute les instructions ?', 1);
END
SET IDENTITY_INSERT [dbo].[Question_QST] OFF;

INSERT INTO [dbo].[Answer_ANS] ([Id_Question], [Value], [Valid]) VALUES
    (1750, N'Processeur', 1),
    (1750, N'Carte mère', 0),
    (1750, N'RAM', 0),
    (1750, N'Disque dur', 0);

IF NOT EXISTS (SELECT 1 FROM [dbo].[QuestionTheme_QTH] WHERE Id_Question = 1750 AND Id_Theme = @ThemeId)
BEGIN
    INSERT INTO [dbo].[QuestionTheme_QTH] ([Id_Question], [Id_Theme]) VALUES (1750, @ThemeId);
END

-- Question 2
SET IDENTITY_INSERT [dbo].[Question_QST] ON;
IF NOT EXISTS (SELECT 1 FROM [dbo].[Question_QST] WHERE Id = 1751)
BEGIN
    INSERT INTO [dbo].[Question_QST] ([Id], [Question], [Id_Difficulty])
    VALUES (1751, N'Quel système d’exploitation est développé par Microsoft ?', 1);
END
SET IDENTITY_INSERT [dbo].[Question_QST] OFF;

INSERT INTO [dbo].[Answer_ANS] ([Id_Question], [Value], [Valid]) VALUES
    (1751, N'Windows', 1),
    (1751, N'Linux', 0),
    (1751, N'macOS', 0),
    (1751, N'Android', 0);

IF NOT EXISTS (SELECT 1 FROM [dbo].[QuestionTheme_QTH] WHERE Id_Question = 1751 AND Id_Theme = @ThemeId)
BEGIN
    INSERT INTO [dbo].[QuestionTheme_QTH] ([Id_Question], [Id_Theme]) VALUES (1751, @ThemeId);
END

-- Question 3
SET IDENTITY_INSERT [dbo].[Question_QST] ON;
IF NOT EXISTS (SELECT 1 FROM [dbo].[Question_QST] WHERE Id = 1752)
BEGIN
    INSERT INTO [dbo].[Question_QST] ([Id], [Question], [Id_Difficulty])
    VALUES (1752, N'Quel est le réseau mondial reliant des milliards d’ordinateurs ?', 1);
END
SET IDENTITY_INSERT [dbo].[Question_QST] OFF;

INSERT INTO [dbo].[Answer_ANS] ([Id_Question], [Value], [Valid]) VALUES
    (1752, N'Internet', 1),
    (1752, N'Intranet', 0),
    (1752, N'Extranet', 0),
    (1752, N'LAN', 0);

IF NOT EXISTS (SELECT 1 FROM [dbo].[QuestionTheme_QTH] WHERE Id_Question = 1752 AND Id_Theme = @ThemeId)
BEGIN
    INSERT INTO [dbo].[QuestionTheme_QTH] ([Id_Question], [Id_Theme]) VALUES (1752, @ThemeId);
END

-- Question 4
SET IDENTITY_INSERT [dbo].[Question_QST] ON;
IF NOT EXISTS (SELECT 1 FROM [dbo].[Question_QST] WHERE Id = 1753)
BEGIN
    INSERT INTO [dbo].[Question_QST] ([Id], [Question], [Id_Difficulty])
    VALUES (1753, N'Quel est le périphérique utilisé pour afficher l’écran d’un ordinateur ?', 1);
END
SET IDENTITY_INSERT [dbo].[Question_QST] OFF;

INSERT INTO [dbo].[Answer_ANS] ([Id_Question], [Value], [Valid]) VALUES
    (1753, N'Moniteur', 1),
    (1753, N'Clavier', 0),
    (1753, N'Souris', 0),
    (1753, N'Imprimante', 0);

IF NOT EXISTS (SELECT 1 FROM [dbo].[QuestionTheme_QTH] WHERE Id_Question = 1753 AND Id_Theme = @ThemeId)
BEGIN
    INSERT INTO [dbo].[QuestionTheme_QTH] ([Id_Question], [Id_Theme]) VALUES (1753, @ThemeId);
END

-- Question 5
SET IDENTITY_INSERT [dbo].[Question_QST] ON;
IF NOT EXISTS (SELECT 1 FROM [dbo].[Question_QST] WHERE Id = 1754)
BEGIN
    INSERT INTO [dbo].[Question_QST] ([Id], [Question], [Id_Difficulty])
    VALUES (1754, N'Quel est le langage utilisé pour créer des pages web ?', 1);
END
SET IDENTITY_INSERT [dbo].[Question_QST] OFF;

INSERT INTO [dbo].[Answer_ANS] ([Id_Question], [Value], [Valid]) VALUES
    (1754, N'HTML', 1),
    (1754, N'Python', 0),
    (1754, N'C++', 0),
    (1754, N'Java', 0);

IF NOT EXISTS (SELECT 1 FROM [dbo].[QuestionTheme_QTH] WHERE Id_Question = 1754 AND Id_Theme = @ThemeId)
BEGIN
    INSERT INTO [dbo].[QuestionTheme_QTH] ([Id_Question], [Id_Theme]) VALUES (1754, @ThemeId);
END

-- Question 6
SET IDENTITY_INSERT [dbo].[Question_QST] ON;
IF NOT EXISTS (SELECT 1 FROM [dbo].[Question_QST] WHERE Id = 1755)
BEGIN
    INSERT INTO [dbo].[Question_QST] ([Id], [Question], [Id_Difficulty])
    VALUES (1755, N'Quel est le périphérique d’entrée principal pour taper du texte ?', 1);
END
SET IDENTITY_INSERT [dbo].[Question_QST] OFF;

INSERT INTO [dbo].[Answer_ANS] ([Id_Question], [Value], [Valid]) VALUES
    (1755, N'Clavier', 1),
    (1755, N'Souris', 0),
    (1755, N'Joystick', 0),
    (1755, N'Scanner', 0);

IF NOT EXISTS (SELECT 1 FROM [dbo].[QuestionTheme_QTH] WHERE Id_Question = 1755 AND Id_Theme = @ThemeId)
BEGIN
    INSERT INTO [dbo].[QuestionTheme_QTH] ([Id_Question], [Id_Theme]) VALUES (1755, @ThemeId);
END

-- Question 7
SET IDENTITY_INSERT [dbo].[Question_QST] ON;
IF NOT EXISTS (SELECT 1 FROM [dbo].[Question_QST] WHERE Id = 1756)
BEGIN
    INSERT INTO [dbo].[Question_QST] ([Id], [Question], [Id_Difficulty])
    VALUES (1756, N'Quel appareil permet de naviguer sur Internet sans fil ?', 1);
END
SET IDENTITY_INSERT [dbo].[Question_QST] OFF;

INSERT INTO [dbo].[Answer_ANS] ([Id_Question], [Value], [Valid]) VALUES
    (1756, N'Wi-Fi Router', 1),
    (1756, N'Modem câble', 0),
    (1756, N'Switch', 0),
    (1756, N'Imprimante', 0);

IF NOT EXISTS (SELECT 1 FROM [dbo].[QuestionTheme_QTH] WHERE Id_Question = 1756 AND Id_Theme = @ThemeId)
BEGIN
    INSERT INTO [dbo].[QuestionTheme_QTH] ([Id_Question], [Id_Theme]) VALUES (1756, @ThemeId);
END

-- Question 8
SET IDENTITY_INSERT [dbo].[Question_QST] ON;
IF NOT EXISTS (SELECT 1 FROM [dbo].[Question_QST] WHERE Id = 1757)
BEGIN
    INSERT INTO [dbo].[Question_QST] ([Id], [Question], [Id_Difficulty])
    VALUES (1757, N'Quel géant technologique a créé l’iPhone ?', 1);
END
SET IDENTITY_INSERT [dbo].[Question_QST] OFF;

INSERT INTO [dbo].[Answer_ANS] ([Id_Question], [Value], [Valid]) VALUES
    (1757, N'Apple', 1),
    (1757, N'Samsung', 0),
    (1757, N'Google', 0),
    (1757, N'Microsoft', 0);

IF NOT EXISTS (SELECT 1 FROM [dbo].[QuestionTheme_QTH] WHERE Id_Question = 1757 AND Id_Theme = @ThemeId)
BEGIN
    INSERT INTO [dbo].[QuestionTheme_QTH] ([Id_Question], [Id_Theme]) VALUES (1757, @ThemeId);
END

-- Question 9
SET IDENTITY_INSERT [dbo].[Question_QST] ON;
IF NOT EXISTS (SELECT 1 FROM [dbo].[Question_QST] WHERE Id = 1758)
BEGIN
    INSERT INTO [dbo].[Question_QST] ([Id], [Question], [Id_Difficulty])
    VALUES (1758, N'Quel est le stockage temporaire pour les données en cours d’utilisation ?', 1);
END
SET IDENTITY_INSERT [dbo].[Question_QST] OFF;

INSERT INTO [dbo].[Answer_ANS] ([Id_Question], [Value], [Valid]) VALUES
    (1758, N'RAM', 1),
    (1758, N'ROM', 0),
    (1758, N'Disque dur', 0),
    (1758, N'SSD', 0);

IF NOT EXISTS (SELECT 1 FROM [dbo].[QuestionTheme_QTH] WHERE Id_Question = 1758 AND Id_Theme = @ThemeId)
BEGIN
    INSERT INTO [dbo].[QuestionTheme_QTH] ([Id_Question], [Id_Theme]) VALUES (1758, @ThemeId);
END

-- Question 10
SET IDENTITY_INSERT [dbo].[Question_QST] ON;
IF NOT EXISTS (SELECT 1 FROM [dbo].[Question_QST] WHERE Id = 1759)
BEGIN
    INSERT INTO [dbo].[Question_QST] ([Id], [Question], [Id_Difficulty])
    VALUES (1759, N'Quel est le moteur de recherche le plus utilisé ?', 1);
END
SET IDENTITY_INSERT [dbo].[Question_QST] OFF;

INSERT INTO [dbo].[Answer_ANS] ([Id_Question], [Value], [Valid]) VALUES
    (1759, N'Google', 1),
    (1759, N'Bing', 0),
    (1759, N'Yahoo', 0),
    (1759, N'DuckDuckGo', 0);

IF NOT EXISTS (SELECT 1 FROM [dbo].[QuestionTheme_QTH] WHERE Id_Question = 1759 AND Id_Theme = @ThemeId)
BEGIN
    INSERT INTO [dbo].[QuestionTheme_QTH] ([Id_Question], [Id_Theme]) VALUES (1759, @ThemeId);
END

-- Question 11
SET IDENTITY_INSERT [dbo].[Question_QST] ON;
IF NOT EXISTS (SELECT 1 FROM [dbo].[Question_QST] WHERE Id = 1760)
BEGIN
    INSERT INTO [dbo].[Question_QST] ([Id], [Question], [Id_Difficulty])
    VALUES (1760, N'Quel est le principal réseau social créé par Mark Zuckerberg ?', 1);
END
SET IDENTITY_INSERT [dbo].[Question_QST] OFF;

INSERT INTO [dbo].[Answer_ANS] ([Id_Question], [Value], [Valid]) VALUES
    (1760, N'Facebook', 1),
    (1760, N'Twitter', 0),
    (1760, N'Instagram', 0),
    (1760, N'LinkedIn', 0);

IF NOT EXISTS (SELECT 1 FROM [dbo].[QuestionTheme_QTH] WHERE Id_Question = 1760 AND Id_Theme = @ThemeId)
BEGIN
    INSERT INTO [dbo].[QuestionTheme_QTH] ([Id_Question], [Id_Theme]) VALUES (1760, @ThemeId);
END

-- Question 12
SET IDENTITY_INSERT [dbo].[Question_QST] ON;
IF NOT EXISTS (SELECT 1 FROM [dbo].[Question_QST] WHERE Id = 1761)
BEGIN
    INSERT INTO [dbo].[Question_QST] ([Id], [Question], [Id_Difficulty])
    VALUES (1761, N'Quel est le périphérique utilisé pour imprimer des documents ?', 1);
END
SET IDENTITY_INSERT [dbo].[Question_QST] OFF;

INSERT INTO [dbo].[Answer_ANS] ([Id_Question], [Value], [Valid]) VALUES
    (1761, N'Imprimante', 1),
    (1761, N'Scanner', 0),
    (1761, N'Clavier', 0),
    (1761, N'Moniteur', 0);

IF NOT EXISTS (SELECT 1 FROM [dbo].[QuestionTheme_QTH] WHERE Id_Question = 1761 AND Id_Theme = @ThemeId)
BEGIN
    INSERT INTO [dbo].[QuestionTheme_QTH] ([Id_Question], [Id_Theme]) VALUES (1761, @ThemeId);
END

-- Question 13
SET IDENTITY_INSERT [dbo].[Question_QST] ON;
IF NOT EXISTS (SELECT 1 FROM [dbo].[Question_QST] WHERE Id = 1762)
BEGIN
    INSERT INTO [dbo].[Question_QST] ([Id], [Question], [Id_Difficulty])
    VALUES (1762, N'Quel langage est principalement utilisé pour créer des applications Android ?', 1);
END
SET IDENTITY_INSERT [dbo].[Question_QST] OFF;

INSERT INTO [dbo].[Answer_ANS] ([Id_Question], [Value], [Valid]) VALUES
    (1762, N'Java', 1),
    (1762, N'Python', 0),
    (1762, N'C#', 0),
    (1762, N'Swift', 0);

IF NOT EXISTS (SELECT 1 FROM [dbo].[QuestionTheme_QTH] WHERE Id_Question = 1762 AND Id_Theme = @ThemeId)
BEGIN
    INSERT INTO [dbo].[QuestionTheme_QTH] ([Id_Question], [Id_Theme]) VALUES (1762, @ThemeId);
END

-- Question 14
SET IDENTITY_INSERT [dbo].[Question_QST] ON;
IF NOT EXISTS (SELECT 1 FROM [dbo].[Question_QST] WHERE Id = 1763)
BEGIN
    INSERT INTO [dbo].[Question_QST] ([Id], [Question], [Id_Difficulty])
    VALUES (1763, N'Quel système d’exploitation est utilisé sur les iPhones ?', 1);
END
SET IDENTITY_INSERT [dbo].[Question_QST] OFF;

INSERT INTO [dbo].[Answer_ANS] ([Id_Question], [Value], [Valid]) VALUES
    (1763, N'iOS', 1),
    (1763, N'Android', 0),
    (1763, N'Windows', 0),
    (1763, N'Linux', 0);

IF NOT EXISTS (SELECT 1 FROM [dbo].[QuestionTheme_QTH] WHERE Id_Question = 1763 AND Id_Theme = @ThemeId)
BEGIN
    INSERT INTO [dbo].[QuestionTheme_QTH] ([Id_Question], [Id_Theme]) VALUES (1763, @ThemeId);
END

-- Question 15
SET IDENTITY_INSERT [dbo].[Question_QST] ON;
IF NOT EXISTS (SELECT 1 FROM [dbo].[Question_QST] WHERE Id = 1764)
BEGIN
    INSERT INTO [dbo].[Question_QST] ([Id], [Question], [Id_Difficulty])
    VALUES (1764, N'Quel type de mémoire conserve les données même après l’arrêt de l’ordinateur ?', 1);
END
SET IDENTITY_INSERT [dbo].[Question_QST] OFF;

INSERT INTO [dbo].[Answer_ANS] ([Id_Question], [Value], [Valid]) VALUES
    (1764, N'ROM', 1),
    (1764, N'RAM', 0),
    (1764, N'Cache', 0),
    (1764, N'Registers', 0);

IF NOT EXISTS (SELECT 1 FROM [dbo].[QuestionTheme_QTH] WHERE Id_Question = 1764 AND Id_Theme = @ThemeId)
BEGIN
    INSERT INTO [dbo].[QuestionTheme_QTH] ([Id_Question], [Id_Theme]) VALUES (1764, @ThemeId);
END

-- Question 16
SET IDENTITY_INSERT [dbo].[Question_QST] ON;
IF NOT EXISTS (SELECT 1 FROM [dbo].[Question_QST] WHERE Id = 1765)
BEGIN
    INSERT INTO [dbo].[Question_QST] ([Id], [Question], [Id_Difficulty])
    VALUES (1765, N'Quel protocole est utilisé pour envoyer des emails ?', 1);
END
SET IDENTITY_INSERT [dbo].[Question_QST] OFF;

INSERT INTO [dbo].[Answer_ANS] ([Id_Question], [Value], [Valid]) VALUES
    (1765, N'SMTP', 1),
    (1765, N'HTTP', 0),
    (1765, N'FTP', 0),
    (1765, N'POP3', 0);

IF NOT EXISTS (SELECT 1 FROM [dbo].[QuestionTheme_QTH] WHERE Id_Question = 1765 AND Id_Theme = @ThemeId)
BEGIN
    INSERT INTO [dbo].[QuestionTheme_QTH] ([Id_Question], [Id_Theme]) VALUES (1765, @ThemeId);
END

-- Question 17
SET IDENTITY_INSERT [dbo].[Question_QST] ON;
IF NOT EXISTS (SELECT 1 FROM [dbo].[Question_QST] WHERE Id = 1766)
BEGIN
    INSERT INTO [dbo].[Question_QST] ([Id], [Question], [Id_Difficulty])
    VALUES (1766, N'Quel est le navigateur développé par Google ?', 1);
END
SET IDENTITY_INSERT [dbo].[Question_QST] OFF;

INSERT INTO [dbo].[Answer_ANS] ([Id_Question], [Value], [Valid]) VALUES
    (1766, N'Chrome', 1),
    (1766, N'Firefox', 0),
    (1766, N'Edge', 0),
    (1766, N'Safari', 0);

IF NOT EXISTS (SELECT 1 FROM [dbo].[QuestionTheme_QTH] WHERE Id_Question = 1766 AND Id_Theme = @ThemeId)
BEGIN
    INSERT INTO [dbo].[QuestionTheme_QTH] ([Id_Question], [Id_Theme]) VALUES (1766, @ThemeId);
END

-- Question 18
SET IDENTITY_INSERT [dbo].[Question_QST] ON;
IF NOT EXISTS (SELECT 1 FROM [dbo].[Question_QST] WHERE Id = 1767)
BEGIN
    INSERT INTO [dbo].[Question_QST] ([Id], [Question], [Id_Difficulty])
    VALUES (1767, N'Quel composant permet de stocker de grandes quantités de données ?', 1);
END
SET IDENTITY_INSERT [dbo].[Question_QST] OFF;

INSERT INTO [dbo].[Answer_ANS] ([Id_Question], [Value], [Valid]) VALUES
    (1767, N'Disque dur', 1),
    (1767, N'RAM', 0),
    (1767, N'Cache', 0),
    (1767, N'ROM', 0);

IF NOT EXISTS (SELECT 1 FROM [dbo].[QuestionTheme_QTH] WHERE Id_Question = 1767 AND Id_Theme = @ThemeId)
BEGIN
    INSERT INTO [dbo].[QuestionTheme_QTH] ([Id_Question], [Id_Theme]) VALUES (1767, @ThemeId);
END

-- Question 19
SET IDENTITY_INSERT [dbo].[Question_QST] ON;
IF NOT EXISTS (SELECT 1 FROM [dbo].[Question_QST] WHERE Id = 1768)
BEGIN
    INSERT INTO [dbo].[Question_QST] ([Id], [Question], [Id_Difficulty])
    VALUES (1768, N'Quel est le terme pour une attaque informatique visant à voler des données ?', 1);
END
SET IDENTITY_INSERT [dbo].[Question_QST] OFF;

INSERT INTO [dbo].[Answer_ANS] ([Id_Question], [Value], [Valid]) VALUES
    (1768, N'Hameçonnage', 1),
    (1768, N'Spam', 0),
    (1768, N'Malware', 0),
    (1768, N'Adware', 0);

IF NOT EXISTS (SELECT 1 FROM [dbo].[QuestionTheme_QTH] WHERE Id_Question = 1768 AND Id_Theme = @ThemeId)
BEGIN
    INSERT INTO [dbo].[QuestionTheme_QTH] ([Id_Question], [Id_Theme]) VALUES (1768, @ThemeId);
END

-- Question 20
SET IDENTITY_INSERT [dbo].[Question_QST] ON;
IF NOT EXISTS (SELECT 1 FROM [dbo].[Question_QST] WHERE Id = 1769)
BEGIN
    INSERT INTO [dbo].[Question_QST] ([Id], [Question], [Id_Difficulty])
    VALUES (1769, N'Quel est le langage de programmation connu pour sa simplicité et utilisé dans l’éducation ?', 1);
END
SET IDENTITY_INSERT [dbo].[Question_QST] OFF;

INSERT INTO [dbo].[Answer_ANS] ([Id_Question], [Value], [Valid]) VALUES
    (1769, N'Python', 1),
    (1769, N'C++', 0),
    (1769, N'Java', 0),
    (1769, N'Ruby', 0);

IF NOT EXISTS (SELECT 1 FROM [dbo].[QuestionTheme_QTH] WHERE Id_Question = 1769 AND Id_Theme = @ThemeId)
BEGIN
    INSERT INTO [dbo].[QuestionTheme_QTH] ([Id_Question], [Id_Theme]) VALUES (1769, @ThemeId);
END

-- Question 21
SET IDENTITY_INSERT [dbo].[Question_QST] ON;
IF NOT EXISTS (SELECT 1 FROM [dbo].[Question_QST] WHERE Id = 1770)
BEGIN
    INSERT INTO [dbo].[Question_QST] ([Id], [Question], [Id_Difficulty])
    VALUES (1770, N'Quel composant relie tous les autres composants d’un ordinateur ?', 1);
END
SET IDENTITY_INSERT [dbo].[Question_QST] OFF;

INSERT INTO [dbo].[Answer_ANS] ([Id_Question], [Value], [Valid]) VALUES
    (1770, N'Carte mère', 1),
    (1770, N'Processeur', 0),
    (1770, N'RAM', 0),
    (1770, N'GPU', 0);

IF NOT EXISTS (SELECT 1 FROM [dbo].[QuestionTheme_QTH] WHERE Id_Question = 1770 AND Id_Theme = @ThemeId)
BEGIN
    INSERT INTO [dbo].[QuestionTheme_QTH] ([Id_Question], [Id_Theme]) VALUES (1770, @ThemeId);
END

-- Question 22
SET IDENTITY_INSERT [dbo].[Question_QST] ON;
IF NOT EXISTS (SELECT 1 FROM [dbo].[Question_QST] WHERE Id = 1771)
BEGIN
    INSERT INTO [dbo].[Question_QST] ([Id], [Question], [Id_Difficulty])
    VALUES (1771, N'Quel est le terme pour un réseau sans fil sécurisé ?', 1);
END
SET IDENTITY_INSERT [dbo].[Question_QST] OFF;

INSERT INTO [dbo].[Answer_ANS] ([Id_Question], [Value], [Valid]) VALUES
    (1771, N'Wi-Fi', 1),
    (1771, N'LAN', 0),
    (1771, N'WAN', 0),
    (1771, N'VPN', 0);

IF NOT EXISTS (SELECT 1 FROM [dbo].[QuestionTheme_QTH] WHERE Id_Question = 1771 AND Id_Theme = @ThemeId)
BEGIN
    INSERT INTO [dbo].[QuestionTheme_QTH] ([Id_Question], [Id_Theme]) VALUES (1771, @ThemeId);
END

-- Question 23
SET IDENTITY_INSERT [dbo].[Question_QST] ON;
IF NOT EXISTS (SELECT 1 FROM [dbo].[Question_QST] WHERE Id = 1772)
BEGIN
    INSERT INTO [dbo].[Question_QST] ([Id], [Question], [Id_Difficulty])
    VALUES (1772, N'Quel type de logiciel est destiné à protéger contre les virus ?', 1);
END
SET IDENTITY_INSERT [dbo].[Question_QST] OFF;

INSERT INTO [dbo].[Answer_ANS] ([Id_Question], [Value], [Valid]) VALUES
    (1772, N'Antivirus', 1),
    (1772, N'Navigateur', 0),
    (1772, N'Traitement de texte', 0),
    (1772, N'Système d’exploitation', 0);

IF NOT EXISTS (SELECT 1 FROM [dbo].[QuestionTheme_QTH] WHERE Id_Question = 1772 AND Id_Theme = @ThemeId)
BEGIN
    INSERT INTO [dbo].[QuestionTheme_QTH] ([Id_Question], [Id_Theme]) VALUES (1772, @ThemeId);
END

-- Question 24
SET IDENTITY_INSERT [dbo].[Question_QST] ON;
IF NOT EXISTS (SELECT 1 FROM [dbo].[Question_QST] WHERE Id = 1773)
BEGIN
    INSERT INTO [dbo].[Question_QST] ([Id], [Question], [Id_Difficulty])
    VALUES (1773, N'Quel est le périphérique utilisé pour capturer des images numériques ?', 1);
END
SET IDENTITY_INSERT [dbo].[Question_QST] OFF;

INSERT INTO [dbo].[Answer_ANS] ([Id_Question], [Value], [Valid]) VALUES
    (1773, N'Scanner', 1),
    (1773, N'Imprimante', 0),
    (1773, N'Moniteur', 0),
    (1773, N'Clavier', 0);

IF NOT EXISTS (SELECT 1 FROM [dbo].[QuestionTheme_QTH] WHERE Id_Question = 1773 AND Id_Theme = @ThemeId)
BEGIN
    INSERT INTO [dbo].[QuestionTheme_QTH] ([Id_Question], [Id_Theme]) VALUES (1773, @ThemeId);
END

-- Question 25
SET IDENTITY_INSERT [dbo].[Question_QST] ON;
IF NOT EXISTS (SELECT 1 FROM [dbo].[Question_QST] WHERE Id = 1774)
BEGIN
    INSERT INTO [dbo].[Question_QST] ([Id], [Question], [Id_Difficulty])
    VALUES (1774, N'Quel langage est utilisé pour styliser les pages web ?', 1);
END
SET IDENTITY_INSERT [dbo].[Question_QST] OFF;

INSERT INTO [dbo].[Answer_ANS] ([Id_Question], [Value], [Valid]) VALUES
    (1774, N'CSS', 1),
    (1774, N'HTML', 0),
    (1774, N'JavaScript', 0),
    (1774, N'Python', 0);

IF NOT EXISTS (SELECT 1 FROM [dbo].[QuestionTheme_QTH] WHERE Id_Question = 1774 AND Id_Theme = @ThemeId)
BEGIN
    INSERT INTO [dbo].[QuestionTheme_QTH] ([Id_Question], [Id_Theme]) VALUES (1774, @ThemeId);
END

-- Question 26
SET IDENTITY_INSERT [dbo].[Question_QST] ON;
IF NOT EXISTS (SELECT 1 FROM [dbo].[Question_QST] WHERE Id = 1775)
BEGIN
    INSERT INTO [dbo].[Question_QST] ([Id], [Question], [Id_Difficulty])
    VALUES (1775, N'Quel est le principal service cloud d’Amazon ?', 1);
END
SET IDENTITY_INSERT [dbo].[Question_QST] OFF;

INSERT INTO [dbo].[Answer_ANS] ([Id_Question], [Value], [Valid]) VALUES
    (1775, N'AWS', 1),
    (1775, N'Azure', 0),
    (1775, N'Google Cloud', 0),
    (1775, N'iCloud', 0);

IF NOT EXISTS (SELECT 1 FROM [dbo].[QuestionTheme_QTH] WHERE Id_Question = 1775 AND Id_Theme = @ThemeId)
BEGIN
    INSERT INTO [dbo].[QuestionTheme_QTH] ([Id_Question], [Id_Theme]) VALUES (1775, @ThemeId);
END

-- Question 27
SET IDENTITY_INSERT [dbo].[Question_QST] ON;
IF NOT EXISTS (SELECT 1 FROM [dbo].[Question_QST] WHERE Id = 1776)
BEGIN
    INSERT INTO [dbo].[Question_QST] ([Id], [Question], [Id_Difficulty])
    VALUES (1776, N'Quel est le périphérique utilisé pour pointer et cliquer sur un écran ?', 1);
END
SET IDENTITY_INSERT [dbo].[Question_QST] OFF;

INSERT INTO [dbo].[Answer_ANS] ([Id_Question], [Value], [Valid]) VALUES
    (1776, N'Souris', 1),
    (1776, N'Clavier', 0),
    (1776, N'Joystick', 0),
    (1776, N'Trackpad', 0);

IF NOT EXISTS (SELECT 1 FROM [dbo].[QuestionTheme_QTH] WHERE Id_Question = 1776 AND Id_Theme = @ThemeId)
BEGIN
    INSERT INTO [dbo].[QuestionTheme_QTH] ([Id_Question], [Id_Theme]) VALUES (1776, @ThemeId);
END

-- Question 28
SET IDENTITY_INSERT [dbo].[Question_QST] ON;
IF NOT EXISTS (SELECT 1 FROM [dbo].[Question_QST] WHERE Id = 1777)
BEGIN
    INSERT INTO [dbo].[Question_QST] ([Id], [Question], [Id_Difficulty])
    VALUES (1777, N'Quel est le principal réseau social de microblogging ?', 1);
END
SET IDENTITY_INSERT [dbo].[Question_QST] OFF;

INSERT INTO [dbo].[Answer_ANS] ([Id_Question], [Value], [Valid]) VALUES
    (1777, N'Twitter', 1),
    (1777, N'Facebook', 0),
    (1777, N'Instagram', 0),
    (1777, N'LinkedIn', 0);

IF NOT EXISTS (SELECT 1 FROM [dbo].[QuestionTheme_QTH] WHERE Id_Question = 1777 AND Id_Theme = @ThemeId)
BEGIN
    INSERT INTO [dbo].[QuestionTheme_QTH] ([Id_Question], [Id_Theme]) VALUES (1777, @ThemeId);
END

-- Question 29
SET IDENTITY_INSERT [dbo].[Question_QST] ON;
IF NOT EXISTS (SELECT 1 FROM [dbo].[Question_QST] WHERE Id = 1778)
BEGIN
    INSERT INTO [dbo].[Question_QST] ([Id], [Question], [Id_Difficulty])
    VALUES (1778, N'Quel type de mémoire est utilisée pour accélérer l’accès aux données ?', 1);
END
SET IDENTITY_INSERT [dbo].[Question_QST] OFF;

INSERT INTO [dbo].[Answer_ANS] ([Id_Question], [Value], [Valid]) VALUES
    (1778, N'Cache', 1),
    (1778, N'RAM', 0),
    (1778, N'ROM', 0),
    (1778, N'Disque dur', 0);

IF NOT EXISTS (SELECT 1 FROM [dbo].[QuestionTheme_QTH] WHERE Id_Question = 1778 AND Id_Theme = @ThemeId)
BEGIN
    INSERT INTO [dbo].[QuestionTheme_QTH] ([Id_Question], [Id_Theme]) VALUES (1778, @ThemeId);
END

-- Question 30
SET IDENTITY_INSERT [dbo].[Question_QST] ON;
IF NOT EXISTS (SELECT 1 FROM [dbo].[Question_QST] WHERE Id = 1779)
BEGIN
    INSERT INTO [dbo].[Question_QST] ([Id], [Question], [Id_Difficulty])
    VALUES (1779, N'Quel langage est principalement utilisé pour les scripts web côté client ?', 1);
END
SET IDENTITY_INSERT [dbo].[Question_QST] OFF;

INSERT INTO [dbo].[Answer_ANS] ([Id_Question], [Value], [Valid]) VALUES
    (1779, N'JavaScript', 1),
    (1779, N'Python', 0),
    (1779, N'C++', 0),
    (1779, N'PHP', 0);

IF NOT EXISTS (SELECT 1 FROM [dbo].[QuestionTheme_QTH] WHERE Id_Question = 1779 AND Id_Theme = @ThemeId)
BEGIN
    INSERT INTO [dbo].[QuestionTheme_QTH] ([Id_Question], [Id_Theme]) VALUES (1779, @ThemeId);
END

-- Question 31
SET IDENTITY_INSERT [dbo].[Question_QST] ON;
IF NOT EXISTS (SELECT 1 FROM [dbo].[Question_QST] WHERE Id = 1780)
BEGIN
    INSERT INTO [dbo].[Question_QST] ([Id], [Question], [Id_Difficulty])
    VALUES (1780, N'Quel est le principal système de gestion de bases de données ?', 1);
END
SET IDENTITY_INSERT [dbo].[Question_QST] OFF;

INSERT INTO [dbo].[Answer_ANS] ([Id_Question], [Value], [Valid]) VALUES
    (1780, N'SQL', 1),
    (1780, N'HTML', 0),
    (1780, N'CSS', 0),
    (1780, N'Python', 0);

IF NOT EXISTS (SELECT 1 FROM [dbo].[QuestionTheme_QTH] WHERE Id_Question = 1780 AND Id_Theme = @ThemeId)
BEGIN
    INSERT INTO [dbo].[QuestionTheme_QTH] ([Id_Question], [Id_Theme]) VALUES (1780, @ThemeId);
END

-- Question 32
SET IDENTITY_INSERT [dbo].[Question_QST] ON;
IF NOT EXISTS (SELECT 1 FROM [dbo].[Question_QST] WHERE Id = 1781)
BEGIN
    INSERT INTO [dbo].[Question_QST] ([Id], [Question], [Id_Difficulty])
    VALUES (1781, N'Quel est le nom du protocole sécurisé pour naviguer sur Internet ?', 1);
END
SET IDENTITY_INSERT [dbo].[Question_QST] OFF;

INSERT INTO [dbo].[Answer_ANS] ([Id_Question], [Value], [Valid]) VALUES
    (1781, N'HTTPS', 1),
    (1781, N'HTTP', 0),
    (1781, N'FTP', 0),
    (1781, N'SMTP', 0);

IF NOT EXISTS (SELECT 1 FROM [dbo].[QuestionTheme_QTH] WHERE Id_Question = 1781 AND Id_Theme = @ThemeId)
BEGIN
    INSERT INTO [dbo].[QuestionTheme_QTH] ([Id_Question], [Id_Theme]) VALUES (1781, @ThemeId);
END

-- Question 33
SET IDENTITY_INSERT [dbo].[Question_QST] ON;
IF NOT EXISTS (SELECT 1 FROM [dbo].[Question_QST] WHERE Id = 1782)
BEGIN
    INSERT INTO [dbo].[Question_QST] ([Id], [Question], [Id_Difficulty])
    VALUES (1782, N'Quel est le terme pour un logiciel gratuit et open-source ?', 1);
END
SET IDENTITY_INSERT [dbo].[Question_QST] OFF;

INSERT INTO [dbo].[Answer_ANS] ([Id_Question], [Value], [Valid]) VALUES
    (1782, N'Libre', 1),
    (1782, N'Propriétaire', 0),
    (1782, N'Shareware', 0),
    (1782, N'Trial', 0);

IF NOT EXISTS (SELECT 1 FROM [dbo].[QuestionTheme_QTH] WHERE Id_Question = 1782 AND Id_Theme = @ThemeId)
BEGIN
    INSERT INTO [dbo].[QuestionTheme_QTH] ([Id_Question], [Id_Theme]) VALUES (1782, @ThemeId);
END

-- Question 34
SET IDENTITY_INSERT [dbo].[Question_QST] ON;
IF NOT EXISTS (SELECT 1 FROM [dbo].[Question_QST] WHERE Id = 1783)
BEGIN
    INSERT INTO [dbo].[Question_QST] ([Id], [Question], [Id_Difficulty])
    VALUES (1783, N'Quel est le nom du fondateur de Microsoft ?', 1);
END
SET IDENTITY_INSERT [dbo].[Question_QST] OFF;

INSERT INTO [dbo].[Answer_ANS] ([Id_Question], [Value], [Valid]) VALUES
    (1783, N'Bill Gates', 1),
    (1783, N'Steve Jobs', 0),
    (1783, N'Mark Zuckerberg', 0),
    (1783, N'Larry Page', 0);

IF NOT EXISTS (SELECT 1 FROM [dbo].[QuestionTheme_QTH] WHERE Id_Question = 1783 AND Id_Theme = @ThemeId)
BEGIN
    INSERT INTO [dbo].[QuestionTheme_QTH] ([Id_Question], [Id_Theme]) VALUES (1783, @ThemeId);
END

-- Question 35
SET IDENTITY_INSERT [dbo].[Question_QST] ON;
IF NOT EXISTS (SELECT 1 FROM [dbo].[Question_QST] WHERE Id = 1784)
BEGIN
    INSERT INTO [dbo].[Question_QST] ([Id], [Question], [Id_Difficulty])
    VALUES (1784, N'Quel est le terme pour un réseau privé virtuel ?', 1);
END
SET IDENTITY_INSERT [dbo].[Question_QST] OFF;

INSERT INTO [dbo].[Answer_ANS] ([Id_Question], [Value], [Valid]) VALUES
    (1784, N'VPN', 1),
    (1784, N'LAN', 0),
    (1784, N'WAN', 0),
    (1784, N'HTTP', 0);

IF NOT EXISTS (SELECT 1 FROM [dbo].[QuestionTheme_QTH] WHERE Id_Question = 1784 AND Id_Theme = @ThemeId)
BEGIN
    INSERT INTO [dbo].[QuestionTheme_QTH] ([Id_Question], [Id_Theme]) VALUES (1784, @ThemeId);
END

-- Question 36
SET IDENTITY_INSERT [dbo].[Question_QST] ON;
IF NOT EXISTS (SELECT 1 FROM [dbo].[Question_QST] WHERE Id = 1785)
BEGIN
    INSERT INTO [dbo].[Question_QST] ([Id], [Question], [Id_Difficulty])
    VALUES (1785, N'Quel est le composant graphique principal d’un ordinateur ?', 1);
END
SET IDENTITY_INSERT [dbo].[Question_QST] OFF;

INSERT INTO [dbo].[Answer_ANS] ([Id_Question], [Value], [Valid]) VALUES
    (1785, N'GPU', 1),
    (1785, N'CPU', 0),
    (1785, N'RAM', 0),
    (1785, N'ROM', 0);

IF NOT EXISTS (SELECT 1 FROM [dbo].[QuestionTheme_QTH] WHERE Id_Question = 1785 AND Id_Theme = @ThemeId)
BEGIN
    INSERT INTO [dbo].[QuestionTheme_QTH] ([Id_Question], [Id_Theme]) VALUES (1785, @ThemeId);
END

-- Question 37
SET IDENTITY_INSERT [dbo].[Question_QST] ON;
IF NOT EXISTS (SELECT 1 FROM [dbo].[Question_QST] WHERE Id = 1786)
BEGIN
    INSERT INTO [dbo].[Question_QST] ([Id], [Question], [Id_Difficulty])
    VALUES (1786, N'Quel langage est utilisé pour le développement d’applications iOS ?', 1);
END
SET IDENTITY_INSERT [dbo].[Question_QST] OFF;

INSERT INTO [dbo].[Answer_ANS] ([Id_Question], [Value], [Valid]) VALUES
    (1786, N'Swift', 1),
    (1786, N'Java', 0),
    (1786, N'Python', 0),
    (1786, N'C#', 0);

IF NOT EXISTS (SELECT 1 FROM [dbo].[QuestionTheme_QTH] WHERE Id_Question = 1786 AND Id_Theme = @ThemeId)
BEGIN
    INSERT INTO [dbo].[QuestionTheme_QTH] ([Id_Question], [Id_Theme]) VALUES (1786, @ThemeId);
END

-- Question 38
SET IDENTITY_INSERT [dbo].[Question_QST] ON;
IF NOT EXISTS (SELECT 1 FROM [dbo].[Question_QST] WHERE Id = 1787)
BEGIN
    INSERT INTO [dbo].[Question_QST] ([Id], [Question], [Id_Difficulty])
    VALUES (1787, N'Quel est le protocole de transfert de fichiers sur Internet ?', 1);
END
SET IDENTITY_INSERT [dbo].[Question_QST] OFF;

INSERT INTO [dbo].[Answer_ANS] ([Id_Question], [Value], [Valid]) VALUES
    (1787, N'FTP', 1),
    (1787, N'SMTP', 0),
    (1787, N'HTTP', 0),
    (1787, N'HTTPS', 0);

IF NOT EXISTS (SELECT 1 FROM [dbo].[QuestionTheme_QTH] WHERE Id_Question = 1787 AND Id_Theme = @ThemeId)
BEGIN
    INSERT INTO [dbo].[QuestionTheme_QTH] ([Id_Question], [Id_Theme]) VALUES (1787, @ThemeId);
END

-- Question 39
SET IDENTITY_INSERT [dbo].[Question_QST] ON;
IF NOT EXISTS (SELECT 1 FROM [dbo].[Question_QST] WHERE Id = 1788)
BEGIN
    INSERT INTO [dbo].[Question_QST] ([Id], [Question], [Id_Difficulty])
    VALUES (1788, N'Quel service de messagerie est développé par Google ?', 1);
END
SET IDENTITY_INSERT [dbo].[Question_QST] OFF;

INSERT INTO [dbo].[Answer_ANS] ([Id_Question], [Value], [Valid]) VALUES
    (1788, N'Gmail', 1),
    (1788, N'Outlook', 0),
    (1788, N'Yahoo Mail', 0),
    (1788, N'ProtonMail', 0);

IF NOT EXISTS (SELECT 1 FROM [dbo].[QuestionTheme_QTH] WHERE Id_Question = 1788 AND Id_Theme = @ThemeId)
BEGIN
    INSERT INTO [dbo].[QuestionTheme_QTH] ([Id_Question], [Id_Theme]) VALUES (1788, @ThemeId);
END

-- Question 40
SET IDENTITY_INSERT [dbo].[Question_QST] ON;
IF NOT EXISTS (SELECT 1 FROM [dbo].[Question_QST] WHERE Id = 1789)
BEGIN
    INSERT INTO [dbo].[Question_QST] ([Id], [Question], [Id_Difficulty])
    VALUES (1789, N'Quel est le terme pour un logiciel malveillant qui se propage tout seul ?', 1);
END
SET IDENTITY_INSERT [dbo].[Question_QST] OFF;

INSERT INTO [dbo].[Answer_ANS] ([Id_Question], [Value], [Valid]) VALUES
    (1789, N'Ver informatique', 1),
    (1789, N'Virus', 0),
    (1789, N'Cheval de Troie', 0),
    (1789, N'Spyware', 0);

IF NOT EXISTS (SELECT 1 FROM [dbo].[QuestionTheme_QTH] WHERE Id_Question = 1789 AND Id_Theme = @ThemeId)
BEGIN
    INSERT INTO [dbo].[QuestionTheme_QTH] ([Id_Question], [Id_Theme]) VALUES (1789, @ThemeId);
END

-- Question 41
SET IDENTITY_INSERT [dbo].[Question_QST] ON;
IF NOT EXISTS (SELECT 1 FROM [dbo].[Question_QST] WHERE Id = 1790)
BEGIN
    INSERT INTO [dbo].[Question_QST] ([Id], [Question], [Id_Difficulty])
    VALUES (1790, N'Quel est le langage utilisé pour programmer les pages web dynamiques côté serveur ?', 1);
END
SET IDENTITY_INSERT [dbo].[Question_QST] OFF;

INSERT INTO [dbo].[Answer_ANS] ([Id_Question], [Value], [Valid]) VALUES
    (1790, N'PHP', 1),
    (1790, N'HTML', 0),
    (1790, N'CSS', 0),
    (1790, N'JavaScript', 0);

IF NOT EXISTS (SELECT 1 FROM [dbo].[QuestionTheme_QTH] WHERE Id_Question = 1790 AND Id_Theme = @ThemeId)
BEGIN
    INSERT INTO [dbo].[QuestionTheme_QTH] ([Id_Question], [Id_Theme]) VALUES (1790, @ThemeId);
END

-- Question 42
SET IDENTITY_INSERT [dbo].[Question_QST] ON;
IF NOT EXISTS (SELECT 1 FROM [dbo].[Question_QST] WHERE Id = 1791)
BEGIN
    INSERT INTO [dbo].[Question_QST] ([Id], [Question], [Id_Difficulty])
    VALUES (1791, N'Quel composant permet d’exécuter les calculs graphiques 3D ?', 1);
END
SET IDENTITY_INSERT [dbo].[Question_QST] OFF;

INSERT INTO [dbo].[Answer_ANS] ([Id_Question], [Value], [Valid]) VALUES
    (1791, N'GPU', 1),
    (1791, N'CPU', 0),
    (1791, N'RAM', 0),
    (1791, N'SSD', 0);

IF NOT EXISTS (SELECT 1 FROM [dbo].[QuestionTheme_QTH] WHERE Id_Question = 1791 AND Id_Theme = @ThemeId)
BEGIN
    INSERT INTO [dbo].[QuestionTheme_QTH] ([Id_Question], [Id_Theme]) VALUES (1791, @ThemeId);
END

-- Question 43
SET IDENTITY_INSERT [dbo].[Question_QST] ON;
IF NOT EXISTS (SELECT 1 FROM [dbo].[Question_QST] WHERE Id = 1792)
BEGIN
    INSERT INTO [dbo].[Question_QST] ([Id], [Question], [Id_Difficulty])
    VALUES (1792, N'Quel est le système d’exploitation open-source basé sur Unix ?', 1);
END
SET IDENTITY_INSERT [dbo].[Question_QST] OFF;

INSERT INTO [dbo].[Answer_ANS] ([Id_Question], [Value], [Valid]) VALUES
    (1792, N'Linux', 1),
    (1792, N'Windows', 0),
    (1792, N'macOS', 0),
    (1792, N'iOS', 0);

IF NOT EXISTS (SELECT 1 FROM [dbo].[QuestionTheme_QTH] WHERE Id_Question = 1792 AND Id_Theme = @ThemeId)
BEGIN
    INSERT INTO [dbo].[QuestionTheme_QTH] ([Id_Question], [Id_Theme]) VALUES (1792, @ThemeId);
END

-- Question 44
SET IDENTITY_INSERT [dbo].[Question_QST] ON;
IF NOT EXISTS (SELECT 1 FROM [dbo].[Question_QST] WHERE Id = 1793)
BEGIN
    INSERT INTO [dbo].[Question_QST] ([Id], [Question], [Id_Difficulty])
    VALUES (1793, N'Quel est le nom du fondateur de Tesla et SpaceX ?', 1);
END
SET IDENTITY_INSERT [dbo].[Question_QST] OFF;

INSERT INTO [dbo].[Answer_ANS] ([Id_Question], [Value], [Valid]) VALUES
    (1793, N'Elon Musk', 1),
    (1793, N'Jeff Bezos', 0),
    (1793, N'Mark Zuckerberg', 0),
    (1793, N'Bill Gates', 0);

IF NOT EXISTS (SELECT 1 FROM [dbo].[QuestionTheme_QTH] WHERE Id_Question = 1793 AND Id_Theme = @ThemeId)
BEGIN
    INSERT INTO [dbo].[QuestionTheme_QTH] ([Id_Question], [Id_Theme]) VALUES (1793, @ThemeId);
END

-- Question 45
SET IDENTITY_INSERT [dbo].[Question_QST] ON;
IF NOT EXISTS (SELECT 1 FROM [dbo].[Question_QST] WHERE Id = 1794)
BEGIN
    INSERT INTO [dbo].[Question_QST] ([Id], [Question], [Id_Difficulty])
    VALUES (1794, N'Quel est le protocole utilisé pour sécuriser les emails ?', 1);
END
SET IDENTITY_INSERT [dbo].[Question_QST] OFF;

INSERT INTO [dbo].[Answer_ANS] ([Id_Question], [Value], [Valid]) VALUES
    (1794, N'SSL/TLS', 1),
    (1794, N'HTTP', 0),
    (1794, N'FTP', 0),
    (1794, N'SMTP', 0);

IF NOT EXISTS (SELECT 1 FROM [dbo].[QuestionTheme_QTH] WHERE Id_Question = 1794 AND Id_Theme = @ThemeId)
BEGIN
    INSERT INTO [dbo].[QuestionTheme_QTH] ([Id_Question], [Id_Theme]) VALUES (1794, @ThemeId);
END

-- Question 46
SET IDENTITY_INSERT [dbo].[Question_QST] ON;
IF NOT EXISTS (SELECT 1 FROM [dbo].[Question_QST] WHERE Id = 1795)
BEGIN
    INSERT INTO [dbo].[Question_QST] ([Id], [Question], [Id_Difficulty])
    VALUES (1795, N'Quel est le terme pour un réseau d’ordinateurs interconnectés ?', 1);
END
SET IDENTITY_INSERT [dbo].[Question_QST] OFF;

INSERT INTO [dbo].[Answer_ANS] ([Id_Question], [Value], [Valid]) VALUES
    (1795, N'LAN', 0),
    (1795, N'Internet', 1),
    (1795, N'VPN', 0),
    (1795, N'Intranet', 0);

IF NOT EXISTS (SELECT 1 FROM [dbo].[QuestionTheme_QTH] WHERE Id_Question = 1795 AND Id_Theme = @ThemeId)
BEGIN
    INSERT INTO [dbo].[QuestionTheme_QTH] ([Id_Question], [Id_Theme]) VALUES (1795, @ThemeId);
END

-- Question 47
SET IDENTITY_INSERT [dbo].[Question_QST] ON;
IF NOT EXISTS (SELECT 1 FROM [dbo].[Question_QST] WHERE Id = 1796)
BEGIN
    INSERT INTO [dbo].[Question_QST] ([Id], [Question], [Id_Difficulty])
    VALUES (1796, N'Quel périphérique convertit les signaux numériques en signaux analogiques ?', 1);
END
SET IDENTITY_INSERT [dbo].[Question_QST] OFF;

INSERT INTO [dbo].[Answer_ANS] ([Id_Question], [Value], [Valid]) VALUES
    (1796, N'Modem', 1),
    (1796, N'Routeur', 0),
    (1796, N'Switch', 0),
    (1796, N'Hub', 0);

IF NOT EXISTS (SELECT 1 FROM [dbo].[QuestionTheme_QTH] WHERE Id_Question = 1796 AND Id_Theme = @ThemeId)
BEGIN
    INSERT INTO [dbo].[QuestionTheme_QTH] ([Id_Question], [Id_Theme]) VALUES (1796, @ThemeId);
END

-- Question 48
SET IDENTITY_INSERT [dbo].[Question_QST] ON;
IF NOT EXISTS (SELECT 1 FROM [dbo].[Question_QST] WHERE Id = 1797)
BEGIN
    INSERT INTO [dbo].[Question_QST] ([Id], [Question], [Id_Difficulty])
    VALUES (1797, N'Quel langage est utilisé pour le développement d’Android ?', 1);
END
SET IDENTITY_INSERT [dbo].[Question_QST] OFF;

INSERT INTO [dbo].[Answer_ANS] ([Id_Question], [Value], [Valid]) VALUES
    (1797, N'Java', 1),
    (1797, N'Swift', 0),
    (1797, N'C#', 0),
    (1797, N'Python', 0);

IF NOT EXISTS (SELECT 1 FROM [dbo].[QuestionTheme_QTH] WHERE Id_Question = 1797 AND Id_Theme = @ThemeId)
BEGIN
    INSERT INTO [dbo].[QuestionTheme_QTH] ([Id_Question], [Id_Theme]) VALUES (1797, @ThemeId);
END

-- Question 49
SET IDENTITY_INSERT [dbo].[Question_QST] ON;
IF NOT EXISTS (SELECT 1 FROM [dbo].[Question_QST] WHERE Id = 1798)
BEGIN
    INSERT INTO [dbo].[Question_QST] ([Id], [Question], [Id_Difficulty])
    VALUES (1798, N'Quel est le nom du fondateur de Facebook ?', 1);
END
SET IDENTITY_INSERT [dbo].[Question_QST] OFF;

INSERT INTO [dbo].[Answer_ANS] ([Id_Question], [Value], [Valid]) VALUES
    (1798, N'Mark Zuckerberg', 1),
    (1798, N'Bill Gates', 0),
    (1798, N'Steve Jobs', 0),
    (1798, N'Elon Musk', 0);

IF NOT EXISTS (SELECT 1 FROM [dbo].[QuestionTheme_QTH] WHERE Id_Question = 1798 AND Id_Theme = @ThemeId)
BEGIN
    INSERT INTO [dbo].[QuestionTheme_QTH] ([Id_Question], [Id_Theme]) VALUES (1798, @ThemeId);
END

-- Question 50
SET IDENTITY_INSERT [dbo].[Question_QST] ON;
IF NOT EXISTS (SELECT 1 FROM [dbo].[Question_QST] WHERE Id = 1799)
BEGIN
    INSERT INTO [dbo].[Question_QST] ([Id], [Question], [Id_Difficulty])
    VALUES (1799, N'Quel service cloud est développé par Microsoft ?', 1);
END
SET IDENTITY_INSERT [dbo].[Question_QST] OFF;

INSERT INTO [dbo].[Answer_ANS] ([Id_Question], [Value], [Valid]) VALUES
    (1799, N'Azure', 1),
    (1799, N'AWS', 0),
    (1799, N'Google Cloud', 0),
    (1799, N'iCloud', 0);

IF NOT EXISTS (SELECT 1 FROM [dbo].[QuestionTheme_QTH] WHERE Id_Question = 1799 AND Id_Theme = @ThemeId)
BEGIN
    INSERT INTO [dbo].[QuestionTheme_QTH] ([Id_Question], [Id_Theme]) VALUES (1799, @ThemeId);
END

-- Question 51
SET IDENTITY_INSERT [dbo].[Question_QST] ON;
IF NOT EXISTS (SELECT 1 FROM [dbo].[Question_QST] WHERE Id = 1800)
BEGIN
    INSERT INTO [dbo].[Question_QST] ([Id], [Question], [Id_Difficulty])
    VALUES (1800, N'Quel langage de programmation est principalement utilisé pour l''intelligence artificielle ?', 2);
END
SET IDENTITY_INSERT [dbo].[Question_QST] OFF;

INSERT INTO [dbo].[Answer_ANS] ([Id_Question], [Value], [Valid]) VALUES
    (1800, N'Python', 1),
    (1800, N'Java', 0),
    (1800, N'C++', 0),
    (1800, N'Ruby', 0);

IF NOT EXISTS (SELECT 1 FROM [dbo].[QuestionTheme_QTH] WHERE Id_Question = 1800 AND Id_Theme = @ThemeId)
BEGIN
    INSERT INTO [dbo].[QuestionTheme_QTH] ([Id_Question], [Id_Theme]) VALUES (1800, @ThemeId);
END

-- Question 52
SET IDENTITY_INSERT [dbo].[Question_QST] ON;
IF NOT EXISTS (SELECT 1 FROM [dbo].[Question_QST] WHERE Id = 1801)
BEGIN
    INSERT INTO [dbo].[Question_QST] ([Id], [Question], [Id_Difficulty])
    VALUES (1801, N'Quel protocole est utilisé pour sécuriser les transactions en ligne ?', 2);
END
SET IDENTITY_INSERT [dbo].[Question_QST] OFF;

INSERT INTO [dbo].[Answer_ANS] ([Id_Question], [Value], [Valid]) VALUES
    (1801, N'HTTPS', 1),
    (1801, N'HTTP', 0),
    (1801, N'FTP', 0),
    (1801, N'SMTP', 0);

IF NOT EXISTS (SELECT 1 FROM [dbo].[QuestionTheme_QTH] WHERE Id_Question = 1801 AND Id_Theme = @ThemeId)
BEGIN
    INSERT INTO [dbo].[QuestionTheme_QTH] ([Id_Question], [Id_Theme]) VALUES (1801, @ThemeId);
END

-- Question 53
SET IDENTITY_INSERT [dbo].[Question_QST] ON;
IF NOT EXISTS (SELECT 1 FROM [dbo].[Question_QST] WHERE Id = 1802)
BEGIN
    INSERT INTO [dbo].[Question_QST] ([Id], [Question], [Id_Difficulty])
    VALUES (1802, N'Quel est le système de gestion de bases de données le plus utilisé ?', 2);
END
SET IDENTITY_INSERT [dbo].[Question_QST] OFF;

INSERT INTO [dbo].[Answer_ANS] ([Id_Question], [Value], [Valid]) VALUES
    (1802, N'MySQL', 1),
    (1802, N'PostgreSQL', 0),
    (1802, N'MongoDB', 0),
    (1802, N'Oracle', 0);

IF NOT EXISTS (SELECT 1 FROM [dbo].[QuestionTheme_QTH] WHERE Id_Question = 1802 AND Id_Theme = @ThemeId)
BEGIN
    INSERT INTO [dbo].[QuestionTheme_QTH] ([Id_Question], [Id_Theme]) VALUES (1802, @ThemeId);
END

-- Question 54
SET IDENTITY_INSERT [dbo].[Question_QST] ON;
IF NOT EXISTS (SELECT 1 FROM [dbo].[Question_QST] WHERE Id = 1803)
BEGIN
    INSERT INTO [dbo].[Question_QST] ([Id], [Question], [Id_Difficulty])
    VALUES (1803, N'Quel langage est principalement utilisé pour le développement iOS ?', 2);
END
SET IDENTITY_INSERT [dbo].[Question_QST] OFF;

INSERT INTO [dbo].[Answer_ANS] ([Id_Question], [Value], [Valid]) VALUES
    (1803, N'Swift', 1),
    (1803, N'Objective-C', 0),
    (1803, N'Java', 0),
    (1803, N'Kotlin', 0);

IF NOT EXISTS (SELECT 1 FROM [dbo].[QuestionTheme_QTH] WHERE Id_Question = 1803 AND Id_Theme = @ThemeId)
BEGIN
    INSERT INTO [dbo].[QuestionTheme_QTH] ([Id_Question], [Id_Theme]) VALUES (1803, @ThemeId);
END

-- Question 55
SET IDENTITY_INSERT [dbo].[Question_QST] ON;
IF NOT EXISTS (SELECT 1 FROM [dbo].[Question_QST] WHERE Id = 1804)
BEGIN
    INSERT INTO [dbo].[Question_QST] ([Id], [Question], [Id_Difficulty])
    VALUES (1804, N'Quel type de stockage est le plus rapide ?', 2);
END
SET IDENTITY_INSERT [dbo].[Question_QST] OFF;

INSERT INTO [dbo].[Answer_ANS] ([Id_Question], [Value], [Valid]) VALUES
    (1804, N'SSD', 1),
    (1804, N'HDD', 0),
    (1804, N'RAM', 0),
    (1804, N'ROM', 0);

IF NOT EXISTS (SELECT 1 FROM [dbo].[QuestionTheme_QTH] WHERE Id_Question = 1804 AND Id_Theme = @ThemeId)
BEGIN
    INSERT INTO [dbo].[QuestionTheme_QTH] ([Id_Question], [Id_Theme]) VALUES (1804, @ThemeId);
END

-- Question 56
SET IDENTITY_INSERT [dbo].[Question_QST] ON;
IF NOT EXISTS (SELECT 1 FROM [dbo].[Question_QST] WHERE Id = 1805)
BEGIN
    INSERT INTO [dbo].[Question_QST] ([Id], [Question], [Id_Difficulty])
    VALUES (1805, N'Quel est le terme pour un réseau interconnectant plusieurs LAN ?', 2);
END
SET IDENTITY_INSERT [dbo].[Question_QST] OFF;

INSERT INTO [dbo].[Answer_ANS] ([Id_Question], [Value], [Valid]) VALUES
    (1805, N'WAN', 1),
    (1805, N'LAN', 0),
    (1805, N'VPN', 0),
    (1805, N'Intranet', 0);

IF NOT EXISTS (SELECT 1 FROM [dbo].[QuestionTheme_QTH] WHERE Id_Question = 1805 AND Id_Theme = @ThemeId)
BEGIN
    INSERT INTO [dbo].[QuestionTheme_QTH] ([Id_Question], [Id_Theme]) VALUES (1805, @ThemeId);
END

-- Question 57
SET IDENTITY_INSERT [dbo].[Question_QST] ON;
IF NOT EXISTS (SELECT 1 FROM [dbo].[Question_QST] WHERE Id = 1806)
BEGIN
    INSERT INTO [dbo].[Question_QST] ([Id], [Question], [Id_Difficulty])
    VALUES (1806, N'Quel framework JavaScript est utilisé pour créer des interfaces web interactives ?', 2);
END
SET IDENTITY_INSERT [dbo].[Question_QST] OFF;

INSERT INTO [dbo].[Answer_ANS] ([Id_Question], [Value], [Valid]) VALUES
    (1806, N'React', 1),
    (1806, N'Angular', 0),
    (1806, N'Vue', 0),
    (1806, N'jQuery', 0);

IF NOT EXISTS (SELECT 1 FROM [dbo].[QuestionTheme_QTH] WHERE Id_Question = 1806 AND Id_Theme = @ThemeId)
BEGIN
    INSERT INTO [dbo].[QuestionTheme_QTH] ([Id_Question], [Id_Theme]) VALUES (1806, @ThemeId);
END

-- Question 58
SET IDENTITY_INSERT [dbo].[Question_QST] ON;
IF NOT EXISTS (SELECT 1 FROM [dbo].[Question_QST] WHERE Id = 1807)
BEGIN
    INSERT INTO [dbo].[Question_QST] ([Id], [Question], [Id_Difficulty])
    VALUES (1807, N'Quel protocole permet le transfert de fichiers de manière sécurisée ?', 2);
END
SET IDENTITY_INSERT [dbo].[Question_QST] OFF;

INSERT INTO [dbo].[Answer_ANS] ([Id_Question], [Value], [Valid]) VALUES
    (1807, N'SFTP', 1),
    (1807, N'FTP', 0),
    (1807, N'HTTP', 0),
    (1807, N'SMTP', 0);

IF NOT EXISTS (SELECT 1 FROM [dbo].[QuestionTheme_QTH] WHERE Id_Question = 1807 AND Id_Theme = @ThemeId)
BEGIN
    INSERT INTO [dbo].[QuestionTheme_QTH] ([Id_Question], [Id_Theme]) VALUES (1807, @ThemeId);
END

-- Question 59
SET IDENTITY_INSERT [dbo].[Question_QST] ON;
IF NOT EXISTS (SELECT 1 FROM [dbo].[Question_QST] WHERE Id = 1808)
BEGIN
    INSERT INTO [dbo].[Question_QST] ([Id], [Question], [Id_Difficulty])
    VALUES (1808, N'Quel type de mémoire est volatile ?', 2);
END
SET IDENTITY_INSERT [dbo].[Question_QST] OFF;

INSERT INTO [dbo].[Answer_ANS] ([Id_Question], [Value], [Valid]) VALUES
    (1808, N'RAM', 1),
    (1808, N'ROM', 0),
    (1808, N'SSD', 0),
    (1808, N'Disque dur', 0);

IF NOT EXISTS (SELECT 1 FROM [dbo].[QuestionTheme_QTH] WHERE Id_Question = 1808 AND Id_Theme = @ThemeId)
BEGIN
    INSERT INTO [dbo].[QuestionTheme_QTH] ([Id_Question], [Id_Theme]) VALUES (1808, @ThemeId);
END

-- Question 60
SET IDENTITY_INSERT [dbo].[Question_QST] ON;
IF NOT EXISTS (SELECT 1 FROM [dbo].[Question_QST] WHERE Id = 1809)
BEGIN
    INSERT INTO [dbo].[Question_QST] ([Id], [Question], [Id_Difficulty])
    VALUES (1809, N'Quel langage de programmation est utilisé pour le développement de jeux vidéo ?', 2);
END
SET IDENTITY_INSERT [dbo].[Question_QST] OFF;

INSERT INTO [dbo].[Answer_ANS] ([Id_Question], [Value], [Valid]) VALUES
    (1809, N'C++', 1),
    (1809, N'Python', 0),
    (1809, N'HTML', 0),
    (1809, N'PHP', 0);

IF NOT EXISTS (SELECT 1 FROM [dbo].[QuestionTheme_QTH] WHERE Id_Question = 1809 AND Id_Theme = @ThemeId)
BEGIN
    INSERT INTO [dbo].[QuestionTheme_QTH] ([Id_Question], [Id_Theme]) VALUES (1809, @ThemeId);
END

-- Question 61
SET IDENTITY_INSERT [dbo].[Question_QST] ON;
IF NOT EXISTS (SELECT 1 FROM [dbo].[Question_QST] WHERE Id = 1810)
BEGIN
    INSERT INTO [dbo].[Question_QST] ([Id], [Question], [Id_Difficulty])
    VALUES (1810, N'Quel est le protocole utilisé pour la messagerie instantanée sécurisée ?', 2);
END
SET IDENTITY_INSERT [dbo].[Question_QST] OFF;

INSERT INTO [dbo].[Answer_ANS] ([Id_Question], [Value], [Valid]) VALUES
    (1810, N'XMPP', 1),
    (1810, N'SMTP', 0),
    (1810, N'POP3', 0),
    (1810, N'IMAP', 0);

IF NOT EXISTS (SELECT 1 FROM [dbo].[QuestionTheme_QTH] WHERE Id_Question = 1810 AND Id_Theme = @ThemeId)
BEGIN
    INSERT INTO [dbo].[QuestionTheme_QTH] ([Id_Question], [Id_Theme]) VALUES (1810, @ThemeId);
END

-- Question 62
SET IDENTITY_INSERT [dbo].[Question_QST] ON;
IF NOT EXISTS (SELECT 1 FROM [dbo].[Question_QST] WHERE Id = 1811)
BEGIN
    INSERT INTO [dbo].[Question_QST] ([Id], [Question], [Id_Difficulty])
    VALUES (1811, N'Quel outil permet de virtualiser un système d''exploitation ?', 2);
END
SET IDENTITY_INSERT [dbo].[Question_QST] OFF;

INSERT INTO [dbo].[Answer_ANS] ([Id_Question], [Value], [Valid]) VALUES
    (1811, N'VMware', 1),
    (1811, N'Photoshop', 0),
    (1811, N'Notepad++', 0),
    (1811, N'Git', 0);

IF NOT EXISTS (SELECT 1 FROM [dbo].[QuestionTheme_QTH] WHERE Id_Question = 1811 AND Id_Theme = @ThemeId)
BEGIN
    INSERT INTO [dbo].[QuestionTheme_QTH] ([Id_Question], [Id_Theme]) VALUES (1811, @ThemeId);
END

-- Question 63
SET IDENTITY_INSERT [dbo].[Question_QST] ON;
IF NOT EXISTS (SELECT 1 FROM [dbo].[Question_QST] WHERE Id = 1812)
BEGIN
    INSERT INTO [dbo].[Question_QST] ([Id], [Question], [Id_Difficulty])
    VALUES (1812, N'Quel est le système de versionnage le plus utilisé ?', 2);
END
SET IDENTITY_INSERT [dbo].[Question_QST] OFF;

INSERT INTO [dbo].[Answer_ANS] ([Id_Question], [Value], [Valid]) VALUES
    (1812, N'Git', 1),
    (1812, N'SVN', 0),
    (1812, N'Mercurial', 0),
    (1812, N'CVS', 0);

IF NOT EXISTS (SELECT 1 FROM [dbo].[QuestionTheme_QTH] WHERE Id_Question = 1812 AND Id_Theme = @ThemeId)
BEGIN
    INSERT INTO [dbo].[QuestionTheme_QTH] ([Id_Question], [Id_Theme]) VALUES (1812, @ThemeId);
END

-- Question 64
SET IDENTITY_INSERT [dbo].[Question_QST] ON;
IF NOT EXISTS (SELECT 1 FROM [dbo].[Question_QST] WHERE Id = 1813)
BEGIN
    INSERT INTO [dbo].[Question_QST] ([Id], [Question], [Id_Difficulty])
    VALUES (1813, N'Quel langage est principalement utilisé pour les applications web côté serveur ?', 2);
END
SET IDENTITY_INSERT [dbo].[Question_QST] OFF;

INSERT INTO [dbo].[Answer_ANS] ([Id_Question], [Value], [Valid]) VALUES
    (1813, N'PHP', 1),
    (1813, N'HTML', 0),
    (1813, N'CSS', 0),
    (1813, N'JavaScript', 0);

IF NOT EXISTS (SELECT 1 FROM [dbo].[QuestionTheme_QTH] WHERE Id_Question = 1813 AND Id_Theme = @ThemeId)
BEGIN
    INSERT INTO [dbo].[QuestionTheme_QTH] ([Id_Question], [Id_Theme]) VALUES (1813, @ThemeId);
END

-- Question 65
SET IDENTITY_INSERT [dbo].[Question_QST] ON;
IF NOT EXISTS (SELECT 1 FROM [dbo].[Question_QST] WHERE Id = 1814)
BEGIN
    INSERT INTO [dbo].[Question_QST] ([Id], [Question], [Id_Difficulty])
    VALUES (1814, N'Quel protocole est utilisé pour envoyer des emails ?', 2);
END
SET IDENTITY_INSERT [dbo].[Question_QST] OFF;

INSERT INTO [dbo].[Answer_ANS] ([Id_Question], [Value], [Valid]) VALUES
    (1814, N'SMTP', 1),
    (1814, N'HTTP', 0),
    (1814, N'FTP', 0),
    (1814, N'IMAP', 0);

IF NOT EXISTS (SELECT 1 FROM [dbo].[QuestionTheme_QTH] WHERE Id_Question = 1814 AND Id_Theme = @ThemeId)
BEGIN
    INSERT INTO [dbo].[QuestionTheme_QTH] ([Id_Question], [Id_Theme]) VALUES (1814, @ThemeId);
END

-- Question 66
SET IDENTITY_INSERT [dbo].[Question_QST] ON;
IF NOT EXISTS (SELECT 1 FROM [dbo].[Question_QST] WHERE Id = 1815)
BEGIN
    INSERT INTO [dbo].[Question_QST] ([Id], [Question], [Id_Difficulty])
    VALUES (1815, N'Quel composant matériel détermine la vitesse d''exécution d''un ordinateur ?', 2);
END
SET IDENTITY_INSERT [dbo].[Question_QST] OFF;

INSERT INTO [dbo].[Answer_ANS] ([Id_Question], [Value], [Valid]) VALUES
    (1815, N'Processeur', 1),
    (1815, N'RAM', 0),
    (1815, N'Carte graphique', 0),
    (1815, N'Disque dur', 0);

IF NOT EXISTS (SELECT 1 FROM [dbo].[QuestionTheme_QTH] WHERE Id_Question = 1815 AND Id_Theme = @ThemeId)
BEGIN
    INSERT INTO [dbo].[QuestionTheme_QTH] ([Id_Question], [Id_Theme]) VALUES (1815, @ThemeId);
END

-- Question 67
SET IDENTITY_INSERT [dbo].[Question_QST] ON;
IF NOT EXISTS (SELECT 1 FROM [dbo].[Question_QST] WHERE Id = 1816)
BEGIN
    INSERT INTO [dbo].[Question_QST] ([Id], [Question], [Id_Difficulty])
    VALUES (1816, N'Quel service cloud est développé par Google ?', 2);
END
SET IDENTITY_INSERT [dbo].[Question_QST] OFF;

INSERT INTO [dbo].[Answer_ANS] ([Id_Question], [Value], [Valid]) VALUES
    (1816, N'Google Cloud', 1),
    (1816, N'AWS', 0),
    (1816, N'Azure', 0),
    (1816, N'iCloud', 0);

IF NOT EXISTS (SELECT 1 FROM [dbo].[QuestionTheme_QTH] WHERE Id_Question = 1816 AND Id_Theme = @ThemeId)
BEGIN
    INSERT INTO [dbo].[QuestionTheme_QTH] ([Id_Question], [Id_Theme]) VALUES (1816, @ThemeId);
END

-- Question 68
SET IDENTITY_INSERT [dbo].[Question_QST] ON;
IF NOT EXISTS (SELECT 1 FROM [dbo].[Question_QST] WHERE Id = 1817)
BEGIN
    INSERT INTO [dbo].[Question_QST] ([Id], [Question], [Id_Difficulty])
    VALUES (1817, N'Quel type de réseau utilise des ondes radio pour la communication ?', 2);
END
SET IDENTITY_INSERT [dbo].[Question_QST] OFF;

INSERT INTO [dbo].[Answer_ANS] ([Id_Question], [Value], [Valid]) VALUES
    (1817, N'Wi-Fi', 1),
    (1817, N'LAN', 0),
    (1817, N'WAN', 0),
    (1817, N'VPN', 0);

IF NOT EXISTS (SELECT 1 FROM [dbo].[QuestionTheme_QTH] WHERE Id_Question = 1817 AND Id_Theme = @ThemeId)
BEGIN
    INSERT INTO [dbo].[QuestionTheme_QTH] ([Id_Question], [Id_Theme]) VALUES (1817, @ThemeId);
END

-- Question 69
SET IDENTITY_INSERT [dbo].[Question_QST] ON;
IF NOT EXISTS (SELECT 1 FROM [dbo].[Question_QST] WHERE Id = 1818)
BEGIN
    INSERT INTO [dbo].[Question_QST] ([Id], [Question], [Id_Difficulty])
    VALUES (1818, N'Quel est le terme pour un programme malveillant caché dans un logiciel ?', 2);
END
SET IDENTITY_INSERT [dbo].[Question_QST] OFF;

INSERT INTO [dbo].[Answer_ANS] ([Id_Question], [Value], [Valid]) VALUES
    (1818, N'Cheval de Troie', 1),
    (1818, N'Virus', 0),
    (1818, N'Ver', 0),
    (1818, N'Spyware', 0);

IF NOT EXISTS (SELECT 1 FROM [dbo].[QuestionTheme_QTH] WHERE Id_Question = 1818 AND Id_Theme = @ThemeId)
BEGIN
    INSERT INTO [dbo].[QuestionTheme_QTH] ([Id_Question], [Id_Theme]) VALUES (1818, @ThemeId);
END

-- Question 70
SET IDENTITY_INSERT [dbo].[Question_QST] ON;
IF NOT EXISTS (SELECT 1 FROM [dbo].[Question_QST] WHERE Id = 1819)
BEGIN
    INSERT INTO [dbo].[Question_QST] ([Id], [Question], [Id_Difficulty])
    VALUES (1819, N'Quel langage de programmation est utilisé pour les scripts côté client ?', 2);
END
SET IDENTITY_INSERT [dbo].[Question_QST] OFF;

INSERT INTO [dbo].[Answer_ANS] ([Id_Question], [Value], [Valid]) VALUES
    (1819, N'JavaScript', 1),
    (1819, N'Python', 0),
    (1819, N'PHP', 0),
    (1819, N'C++', 0);

IF NOT EXISTS (SELECT 1 FROM [dbo].[QuestionTheme_QTH] WHERE Id_Question = 1819 AND Id_Theme = @ThemeId)
BEGIN
    INSERT INTO [dbo].[QuestionTheme_QTH] ([Id_Question], [Id_Theme]) VALUES (1819, @ThemeId);
END

-- Question 71
SET IDENTITY_INSERT [dbo].[Question_QST] ON;
IF NOT EXISTS (SELECT 1 FROM [dbo].[Question_QST] WHERE Id = 1820)
BEGIN
    INSERT INTO [dbo].[Question_QST] ([Id], [Question], [Id_Difficulty])
    VALUES (1820, N'Quel est le système d’exploitation utilisé sur les serveurs web Apache ?', 2);
END
SET IDENTITY_INSERT [dbo].[Question_QST] OFF;

INSERT INTO [dbo].[Answer_ANS] ([Id_Question], [Value], [Valid]) VALUES
    (1820, N'Linux', 1),
    (1820, N'Windows', 0),
    (1820, N'macOS', 0),
    (1820, N'iOS', 0);

IF NOT EXISTS (SELECT 1 FROM [dbo].[QuestionTheme_QTH] WHERE Id_Question = 1820 AND Id_Theme = @ThemeId)
BEGIN
    INSERT INTO [dbo].[QuestionTheme_QTH] ([Id_Question], [Id_Theme]) VALUES (1820, @ThemeId);
END

-- Question 72
SET IDENTITY_INSERT [dbo].[Question_QST] ON;
IF NOT EXISTS (SELECT 1 FROM [dbo].[Question_QST] WHERE Id = 1821)
BEGIN
    INSERT INTO [dbo].[Question_QST] ([Id], [Question], [Id_Difficulty])
    VALUES (1821, N'Quel est le protocole utilisé pour sécuriser les communications VoIP ?', 2);
END
SET IDENTITY_INSERT [dbo].[Question_QST] OFF;

INSERT INTO [dbo].[Answer_ANS] ([Id_Question], [Value], [Valid]) VALUES
    (1821, N'SIPS', 1),
    (1821, N'HTTP', 0),
    (1821, N'SMTP', 0),
    (1821, N'FTP', 0);

IF NOT EXISTS (SELECT 1 FROM [dbo].[QuestionTheme_QTH] WHERE Id_Question = 1821 AND Id_Theme = @ThemeId)
BEGIN
    INSERT INTO [dbo].[QuestionTheme_QTH] ([Id_Question], [Id_Theme]) VALUES (1821, @ThemeId);
END

-- Question 73
SET IDENTITY_INSERT [dbo].[Question_QST] ON;
IF NOT EXISTS (SELECT 1 FROM [dbo].[Question_QST] WHERE Id = 1822)
BEGIN
    INSERT INTO [dbo].[Question_QST] ([Id], [Question], [Id_Difficulty])
    VALUES (1822, N'Quel framework est utilisé pour développer des applications mobiles multiplateformes ?', 2);
END
SET IDENTITY_INSERT [dbo].[Question_QST] OFF;

INSERT INTO [dbo].[Answer_ANS] ([Id_Question], [Value], [Valid]) VALUES
    (1822, N'Flutter', 1),
    (1822, N'React Native', 0),
    (1822, N'Xamarin', 0),
    (1822, N'Cordova', 0);

IF NOT EXISTS (SELECT 1 FROM [dbo].[QuestionTheme_QTH] WHERE Id_Question = 1822 AND Id_Theme = @ThemeId)
BEGIN
    INSERT INTO [dbo].[QuestionTheme_QTH] ([Id_Question], [Id_Theme]) VALUES (1822, @ThemeId);
END

-- Question 74
SET IDENTITY_INSERT [dbo].[Question_QST] ON;
IF NOT EXISTS (SELECT 1 FROM [dbo].[Question_QST] WHERE Id = 1823)
BEGIN
    INSERT INTO [dbo].[Question_QST] ([Id], [Question], [Id_Difficulty])
    VALUES (1823, N'Quel type de stockage conserve les données même après la coupure de courant ?', 2);
END
SET IDENTITY_INSERT [dbo].[Question_QST] OFF;

INSERT INTO [dbo].[Answer_ANS] ([Id_Question], [Value], [Valid]) VALUES
    (1823, N'Non-volatile', 1),
    (1823, N'Volatile', 0),
    (1823, N'Cache', 0),
    (1823, N'RAM', 0);

IF NOT EXISTS (SELECT 1 FROM [dbo].[QuestionTheme_QTH] WHERE Id_Question = 1823 AND Id_Theme = @ThemeId)
BEGIN
    INSERT INTO [dbo].[QuestionTheme_QTH] ([Id_Question], [Id_Theme]) VALUES (1823, @ThemeId);
END

-- Question 75
SET IDENTITY_INSERT [dbo].[Question_QST] ON;
IF NOT EXISTS (SELECT 1 FROM [dbo].[Question_QST] WHERE Id = 1824)
BEGIN
    INSERT INTO [dbo].[Question_QST] ([Id], [Question], [Id_Difficulty])
    VALUES (1824, N'Quel est le protocole principal pour les échanges sécurisés sur Internet ?', 2);
END
SET IDENTITY_INSERT [dbo].[Question_QST] OFF;

INSERT INTO [dbo].[Answer_ANS] ([Id_Question], [Value], [Valid]) VALUES
    (1824, N'TLS/SSL', 1),
    (1824, N'HTTP', 0),
    (1824, N'FTP', 0),
    (1824, N'SMTP', 0);

IF NOT EXISTS (SELECT 1 FROM [dbo].[QuestionTheme_QTH] WHERE Id_Question = 1824 AND Id_Theme = @ThemeId)
BEGIN
    INSERT INTO [dbo].[QuestionTheme_QTH] ([Id_Question], [Id_Theme]) VALUES (1824, @ThemeId);
END

-- Question 76
SET IDENTITY_INSERT [dbo].[Question_QST] ON;
IF NOT EXISTS (SELECT 1 FROM [dbo].[Question_QST] WHERE Id = 1825)
BEGIN
    INSERT INTO [dbo].[Question_QST] ([Id], [Question], [Id_Difficulty])
    VALUES (1825, N'Quel langage de programmation est utilisé pour les microcontrôleurs Arduino ?', 2);
END
SET IDENTITY_INSERT [dbo].[Question_QST] OFF;

INSERT INTO [dbo].[Answer_ANS] ([Id_Question], [Value], [Valid]) VALUES
    (1825, N'C/C++', 1),
    (1825, N'Python', 0),
    (1825, N'Java', 0),
    (1825, N'Ruby', 0);

IF NOT EXISTS (SELECT 1 FROM [dbo].[QuestionTheme_QTH] WHERE Id_Question = 1825 AND Id_Theme = @ThemeId)
BEGIN
    INSERT INTO [dbo].[QuestionTheme_QTH] ([Id_Question], [Id_Theme]) VALUES (1825, @ThemeId);
END

-- Question 77
SET IDENTITY_INSERT [dbo].[Question_QST] ON;
IF NOT EXISTS (SELECT 1 FROM [dbo].[Question_QST] WHERE Id = 1826)
BEGIN
    INSERT INTO [dbo].[Question_QST] ([Id], [Question], [Id_Difficulty])
    VALUES (1826, N'Quel est le terme pour une attaque visant à saturer un serveur ?', 2);
END
SET IDENTITY_INSERT [dbo].[Question_QST] OFF;

INSERT INTO [dbo].[Answer_ANS] ([Id_Question], [Value], [Valid]) VALUES
    (1826, N'DDoS', 1),
    (1826, N'Phishing', 0),
    (1826, N'Malware', 0),
    (1826, N'Keylogger', 0);

IF NOT EXISTS (SELECT 1 FROM [dbo].[QuestionTheme_QTH] WHERE Id_Question = 1826 AND Id_Theme = @ThemeId)
BEGIN
    INSERT INTO [dbo].[QuestionTheme_QTH] ([Id_Question], [Id_Theme]) VALUES (1826, @ThemeId);
END

-- Question 78
SET IDENTITY_INSERT [dbo].[Question_QST] ON;
IF NOT EXISTS (SELECT 1 FROM [dbo].[Question_QST] WHERE Id = 1827)
BEGIN
    INSERT INTO [dbo].[Question_QST] ([Id], [Question], [Id_Difficulty])
    VALUES (1827, N'Quel protocole est utilisé pour récupérer les emails depuis un serveur ?', 2);
END
SET IDENTITY_INSERT [dbo].[Question_QST] OFF;

INSERT INTO [dbo].[Answer_ANS] ([Id_Question], [Value], [Valid]) VALUES
    (1827, N'POP3', 1),
    (1827, N'SMTP', 0),
    (1827, N'FTP', 0),
    (1827, N'HTTP', 0);

IF NOT EXISTS (SELECT 1 FROM [dbo].[QuestionTheme_QTH] WHERE Id_Question = 1827 AND Id_Theme = @ThemeId)
BEGIN
    INSERT INTO [dbo].[QuestionTheme_QTH] ([Id_Question], [Id_Theme]) VALUES (1827, @ThemeId);
END

-- Question 79
SET IDENTITY_INSERT [dbo].[Question_QST] ON;
IF NOT EXISTS (SELECT 1 FROM [dbo].[Question_QST] WHERE Id = 1828)
BEGIN
    INSERT INTO [dbo].[Question_QST] ([Id], [Question], [Id_Difficulty])
    VALUES (1828, N'Quel type de logiciel permet de créer des machines virtuelles ?', 2);
END
SET IDENTITY_INSERT [dbo].[Question_QST] OFF;

INSERT INTO [dbo].[Answer_ANS] ([Id_Question], [Value], [Valid]) VALUES
    (1828, N'Hyperviseur', 1),
    (1828, N'IDE', 0),
    (1828, N'Navigateur', 0),
    (1828, N'Suite bureautique', 0);

IF NOT EXISTS (SELECT 1 FROM [dbo].[QuestionTheme_QTH] WHERE Id_Question = 1828 AND Id_Theme = @ThemeId)
BEGIN
    INSERT INTO [dbo].[QuestionTheme_QTH] ([Id_Question], [Id_Theme]) VALUES (1828, @ThemeId);
END

-- Question 80
SET IDENTITY_INSERT [dbo].[Question_QST] ON;
IF NOT EXISTS (SELECT 1 FROM [dbo].[Question_QST] WHERE Id = 1829)
BEGIN
    INSERT INTO [dbo].[Question_QST] ([Id], [Question], [Id_Difficulty])
    VALUES (1829, N'Quel langage est utilisé pour l’automatisation et les scripts système ?', 2);
END
SET IDENTITY_INSERT [dbo].[Question_QST] OFF;

INSERT INTO [dbo].[Answer_ANS] ([Id_Question], [Value], [Valid]) VALUES
    (1829, N'Python', 1),
    (1829, N'C++', 0),
    (1829, N'Java', 0),
    (1829, N'Ruby', 0);

IF NOT EXISTS (SELECT 1 FROM [dbo].[QuestionTheme_QTH] WHERE Id_Question = 1829 AND Id_Theme = @ThemeId)
BEGIN
    INSERT INTO [dbo].[QuestionTheme_QTH] ([Id_Question], [Id_Theme]) VALUES (1829, @ThemeId);
END

-- Question 81
SET IDENTITY_INSERT [dbo].[Question_QST] ON;
IF NOT EXISTS (SELECT 1 FROM [dbo].[Question_QST] WHERE Id = 1830)
BEGIN
    INSERT INTO [dbo].[Question_QST] ([Id], [Question], [Id_Difficulty])
    VALUES (1830, N'Quel service cloud permet le stockage en ligne chez Microsoft ?', 2);
END
SET IDENTITY_INSERT [dbo].[Question_QST] OFF;

INSERT INTO [dbo].[Answer_ANS] ([Id_Question], [Value], [Valid]) VALUES
    (1830, N'OneDrive', 1),
    (1830, N'Google Drive', 0),
    (1830, N'Dropbox', 0),
    (1830, N'iCloud', 0);

IF NOT EXISTS (SELECT 1 FROM [dbo].[QuestionTheme_QTH] WHERE Id_Question = 1830 AND Id_Theme = @ThemeId)
BEGIN
    INSERT INTO [dbo].[QuestionTheme_QTH] ([Id_Question], [Id_Theme]) VALUES (1830, @ThemeId);
END

-- Question 82
SET IDENTITY_INSERT [dbo].[Question_QST] ON;
IF NOT EXISTS (SELECT 1 FROM [dbo].[Question_QST] WHERE Id = 1831)
BEGIN
    INSERT INTO [dbo].[Question_QST] ([Id], [Question], [Id_Difficulty])
    VALUES (1831, N'Quel langage est utilisé pour les bases de données relationnelles ?', 2);
END
SET IDENTITY_INSERT [dbo].[Question_QST] OFF;

INSERT INTO [dbo].[Answer_ANS] ([Id_Question], [Value], [Valid]) VALUES
    (1831, N'SQL', 1),
    (1831, N'Python', 0),
    (1831, N'HTML', 0),
    (1831, N'Java', 0);

IF NOT EXISTS (SELECT 1 FROM [dbo].[QuestionTheme_QTH] WHERE Id_Question = 1831 AND Id_Theme = @ThemeId)
BEGIN
    INSERT INTO [dbo].[QuestionTheme_QTH] ([Id_Question], [Id_Theme]) VALUES (1831, @ThemeId);
END

-- Question 83
SET IDENTITY_INSERT [dbo].[Question_QST] ON;
IF NOT EXISTS (SELECT 1 FROM [dbo].[Question_QST] WHERE Id = 1832)
BEGIN
    INSERT INTO [dbo].[Question_QST] ([Id], [Question], [Id_Difficulty])
    VALUES (1832, N'Quel type de malware enregistre les frappes du clavier ?', 2);
END
SET IDENTITY_INSERT [dbo].[Question_QST] OFF;

INSERT INTO [dbo].[Answer_ANS] ([Id_Question], [Value], [Valid]) VALUES
    (1832, N'Keylogger', 1),
    (1832, N'Virus', 0),
    (1832, N'Spyware', 0),
    (1832, N'Trojan', 0);

IF NOT EXISTS (SELECT 1 FROM [dbo].[QuestionTheme_QTH] WHERE Id_Question = 1832 AND Id_Theme = @ThemeId)
BEGIN
    INSERT INTO [dbo].[QuestionTheme_QTH] ([Id_Question], [Id_Theme]) VALUES (1832, @ThemeId);
END

-- Question 84
SET IDENTITY_INSERT [dbo].[Question_QST] ON;
IF NOT EXISTS (SELECT 1 FROM [dbo].[Question_QST] WHERE Id = 1833)
BEGIN
    INSERT INTO [dbo].[Question_QST] ([Id], [Question], [Id_Difficulty])
    VALUES (1833, N'Quel est le protocole de communication principal pour le web ?', 2);
END
SET IDENTITY_INSERT [dbo].[Question_QST] OFF;

INSERT INTO [dbo].[Answer_ANS] ([Id_Question], [Value], [Valid]) VALUES
    (1833, N'HTTP/HTTPS', 1),
    (1833, N'FTP', 0),
    (1833, N'SMTP', 0),
    (1833, N'POP3', 0);

IF NOT EXISTS (SELECT 1 FROM [dbo].[QuestionTheme_QTH] WHERE Id_Question = 1833 AND Id_Theme = @ThemeId)
BEGIN
    INSERT INTO [dbo].[QuestionTheme_QTH] ([Id_Question], [Id_Theme]) VALUES (1833, @ThemeId);
END

-- Question 85
SET IDENTITY_INSERT [dbo].[Question_QST] ON;
IF NOT EXISTS (SELECT 1 FROM [dbo].[Question_QST] WHERE Id = 1834)
BEGIN
    INSERT INTO [dbo].[Question_QST] ([Id], [Question], [Id_Difficulty])
    VALUES (1834, N'Quel framework Python est utilisé pour le développement web ?', 2);
END
SET IDENTITY_INSERT [dbo].[Question_QST] OFF;

INSERT INTO [dbo].[Answer_ANS] ([Id_Question], [Value], [Valid]) VALUES
    (1834, N'Django', 1),
    (1834, N'Flask', 0),
    (1834, N'Pyramid', 0),
    (1834, N'Tornado', 0);

IF NOT EXISTS (SELECT 1 FROM [dbo].[QuestionTheme_QTH] WHERE Id_Question = 1834 AND Id_Theme = @ThemeId)
BEGIN
    INSERT INTO [dbo].[QuestionTheme_QTH] ([Id_Question], [Id_Theme]) VALUES (1834, @ThemeId);
END

-- Question 86
SET IDENTITY_INSERT [dbo].[Question_QST] ON;
IF NOT EXISTS (SELECT 1 FROM [dbo].[Question_QST] WHERE Id = 1835)
BEGIN
    INSERT INTO [dbo].[Question_QST] ([Id], [Question], [Id_Difficulty])
    VALUES (1835, N'Quel langage est utilisé pour le traitement des données massives ?', 2);
END
SET IDENTITY_INSERT [dbo].[Question_QST] OFF;

INSERT INTO [dbo].[Answer_ANS] ([Id_Question], [Value], [Valid]) VALUES
    (1835, N'Python', 1),
    (1835, N'C++', 0),
    (1835, N'JavaScript', 0),
    (1835, N'Ruby', 0);

IF NOT EXISTS (SELECT 1 FROM [dbo].[QuestionTheme_QTH] WHERE Id_Question = 1835 AND Id_Theme = @ThemeId)
BEGIN
    INSERT INTO [dbo].[QuestionTheme_QTH] ([Id_Question], [Id_Theme]) VALUES (1835, @ThemeId);
END

-- Question 87
SET IDENTITY_INSERT [dbo].[Question_QST] ON;
IF NOT EXISTS (SELECT 1 FROM [dbo].[Question_QST] WHERE Id = 1836)
BEGIN
    INSERT INTO [dbo].[Question_QST] ([Id], [Question], [Id_Difficulty])
    VALUES (1836, N'Quel type de réseau est limité à un bâtiment ou un campus ?', 2);
END
SET IDENTITY_INSERT [dbo].[Question_QST] OFF;

INSERT INTO [dbo].[Answer_ANS] ([Id_Question], [Value], [Valid]) VALUES
    (1836, N'LAN', 1),
    (1836, N'WAN', 0),
    (1836, N'VPN', 0),
    (1836, N'PAN', 0);

IF NOT EXISTS (SELECT 1 FROM [dbo].[QuestionTheme_QTH] WHERE Id_Question = 1836 AND Id_Theme = @ThemeId)
BEGIN
    INSERT INTO [dbo].[QuestionTheme_QTH] ([Id_Question], [Id_Theme]) VALUES (1836, @ThemeId);
END

-- Question 88
SET IDENTITY_INSERT [dbo].[Question_QST] ON;
IF NOT EXISTS (SELECT 1 FROM [dbo].[Question_QST] WHERE Id = 1837)
BEGIN
    INSERT INTO [dbo].[Question_QST] ([Id], [Question], [Id_Difficulty])
    VALUES (1837, N'Quel protocole est utilisé pour le transfert sécurisé de fichiers ?', 2);
END
SET IDENTITY_INSERT [dbo].[Question_QST] OFF;

INSERT INTO [dbo].[Answer_ANS] ([Id_Question], [Value], [Valid]) VALUES
    (1837, N'SFTP', 1),
    (1837, N'FTP', 0),
    (1837, N'HTTP', 0),
    (1837, N'SMTP', 0);

IF NOT EXISTS (SELECT 1 FROM [dbo].[QuestionTheme_QTH] WHERE Id_Question = 1837 AND Id_Theme = @ThemeId)
BEGIN
    INSERT INTO [dbo].[QuestionTheme_QTH] ([Id_Question], [Id_Theme]) VALUES (1837, @ThemeId);
END

-- Question 89
SET IDENTITY_INSERT [dbo].[Question_QST] ON;
IF NOT EXISTS (SELECT 1 FROM [dbo].[Question_QST] WHERE Id = 1838)
BEGIN
    INSERT INTO [dbo].[Question_QST] ([Id], [Question], [Id_Difficulty])
    VALUES (1838, N'Quel est le terme pour un programme qui automatise des tâches répétitives ?', 2);
END
SET IDENTITY_INSERT [dbo].[Question_QST] OFF;

INSERT INTO [dbo].[Answer_ANS] ([Id_Question], [Value], [Valid]) VALUES
    (1838, N'Bot', 1),
    (1838, N'Virus', 0),
    (1838, N'Trojan', 0),
    (1838, N'Spyware', 0);

IF NOT EXISTS (SELECT 1 FROM [dbo].[QuestionTheme_QTH] WHERE Id_Question = 1838 AND Id_Theme = @ThemeId)
BEGIN
    INSERT INTO [dbo].[QuestionTheme_QTH] ([Id_Question], [Id_Theme]) VALUES (1838, @ThemeId);
END

-- Question 90
SET IDENTITY_INSERT [dbo].[Question_QST] ON;
IF NOT EXISTS (SELECT 1 FROM [dbo].[Question_QST] WHERE Id = 1839)
BEGIN
    INSERT INTO [dbo].[Question_QST] ([Id], [Question], [Id_Difficulty])
    VALUES (1839, N'Quel langage est utilisé pour l’apprentissage automatique ?', 2);
END
SET IDENTITY_INSERT [dbo].[Question_QST] OFF;

INSERT INTO [dbo].[Answer_ANS] ([Id_Question], [Value], [Valid]) VALUES
    (1839, N'Python', 1),
    (1839, N'C++', 0),
    (1839, N'Java', 0),
    (1839, N'Swift', 0);

IF NOT EXISTS (SELECT 1 FROM [dbo].[QuestionTheme_QTH] WHERE Id_Question = 1839 AND Id_Theme = @ThemeId)
BEGIN
    INSERT INTO [dbo].[QuestionTheme_QTH] ([Id_Question], [Id_Theme]) VALUES (1839, @ThemeId);
END

-- Question 91
SET IDENTITY_INSERT [dbo].[Question_QST] ON;
IF NOT EXISTS (SELECT 1 FROM [dbo].[Question_QST] WHERE Id = 1840)
BEGIN
    INSERT INTO [dbo].[Question_QST] ([Id], [Question], [Id_Difficulty])
    VALUES (1840, N'Quel est le composant qui gère les calculs graphiques dans un PC ?', 2);
END
SET IDENTITY_INSERT [dbo].[Question_QST] OFF;

INSERT INTO [dbo].[Answer_ANS] ([Id_Question], [Value], [Valid]) VALUES
    (1840, N'GPU', 1),
    (1840, N'CPU', 0),
    (1840, N'RAM', 0),
    (1840, N'ROM', 0);

IF NOT EXISTS (SELECT 1 FROM [dbo].[QuestionTheme_QTH] WHERE Id_Question = 1840 AND Id_Theme = @ThemeId)
BEGIN
    INSERT INTO [dbo].[QuestionTheme_QTH] ([Id_Question], [Id_Theme]) VALUES (1840, @ThemeId);
END

-- Question 92
SET IDENTITY_INSERT [dbo].[Question_QST] ON;
IF NOT EXISTS (SELECT 1 FROM [dbo].[Question_QST] WHERE Id = 1841)
BEGIN
    INSERT INTO [dbo].[Question_QST] ([Id], [Question], [Id_Difficulty])
    VALUES (1841, N'Quel type de cloud est public et accessible à tous ?', 2);
END
SET IDENTITY_INSERT [dbo].[Question_QST] OFF;

INSERT INTO [dbo].[Answer_ANS] ([Id_Question], [Value], [Valid]) VALUES
    (1841, N'Public Cloud', 1),
    (1841, N'Private Cloud', 0),
    (1841, N'Hybrid Cloud', 0),
    (1841, N'Community Cloud', 0);

IF NOT EXISTS (SELECT 1 FROM [dbo].[QuestionTheme_QTH] WHERE Id_Question = 1841 AND Id_Theme = @ThemeId)
BEGIN
    INSERT INTO [dbo].[QuestionTheme_QTH] ([Id_Question], [Id_Theme]) VALUES (1841, @ThemeId);
END

-- Question 93
SET IDENTITY_INSERT [dbo].[Question_QST] ON;
IF NOT EXISTS (SELECT 1 FROM [dbo].[Question_QST] WHERE Id = 1842)
BEGIN
    INSERT INTO [dbo].[Question_QST] ([Id], [Question], [Id_Difficulty])
    VALUES (1842, N'Quel protocole permet de synchroniser des fichiers entre plusieurs appareils ?', 2);
END
SET IDENTITY_INSERT [dbo].[Question_QST] OFF;

INSERT INTO [dbo].[Answer_ANS] ([Id_Question], [Value], [Valid]) VALUES
    (1842, N'WebDAV', 1),
    (1842, N'FTP', 0),
    (1842, N'SMTP', 0),
    (1842, N'HTTP', 0);

IF NOT EXISTS (SELECT 1 FROM [dbo].[QuestionTheme_QTH] WHERE Id_Question = 1842 AND Id_Theme = @ThemeId)
BEGIN
    INSERT INTO [dbo].[QuestionTheme_QTH] ([Id_Question], [Id_Theme]) VALUES (1842, @ThemeId);
END

-- Question 94
SET IDENTITY_INSERT [dbo].[Question_QST] ON;
IF NOT EXISTS (SELECT 1 FROM [dbo].[Question_QST] WHERE Id = 1843)
BEGIN
    INSERT INTO [dbo].[Question_QST] ([Id], [Question], [Id_Difficulty])
    VALUES (1843, N'Quel langage est utilisé pour l’analyse de données et statistiques ?', 2);
END
SET IDENTITY_INSERT [dbo].[Question_QST] OFF;

INSERT INTO [dbo].[Answer_ANS] ([Id_Question], [Value], [Valid]) VALUES
    (1843, N'R', 1),
    (1843, N'Python', 0),
    (1843, N'Java', 0),
    (1843, N'C++', 0);

IF NOT EXISTS (SELECT 1 FROM [dbo].[QuestionTheme_QTH] WHERE Id_Question = 1843 AND Id_Theme = @ThemeId)
BEGIN
    INSERT INTO [dbo].[QuestionTheme_QTH] ([Id_Question], [Id_Theme]) VALUES (1843, @ThemeId);
END

-- Question 95
SET IDENTITY_INSERT [dbo].[Question_QST] ON;
IF NOT EXISTS (SELECT 1 FROM [dbo].[Question_QST] WHERE Id = 1844)
BEGIN
    INSERT INTO [dbo].[Question_QST] ([Id], [Question], [Id_Difficulty])
    VALUES (1844, N'Quel est le terme pour une machine qui imite le fonctionnement du cerveau ?', 2);
END
SET IDENTITY_INSERT [dbo].[Question_QST] OFF;

INSERT INTO [dbo].[Answer_ANS] ([Id_Question], [Value], [Valid]) VALUES
    (1844, N'Réseau de neurones', 1),
    (1844, N'Serveur', 0),
    (1844, N'Superordinateur', 0),
    (1844, N'Mainframe', 0);

IF NOT EXISTS (SELECT 1 FROM [dbo].[QuestionTheme_QTH] WHERE Id_Question = 1844 AND Id_Theme = @ThemeId)
BEGIN
    INSERT INTO [dbo].[QuestionTheme_QTH] ([Id_Question], [Id_Theme]) VALUES (1844, @ThemeId);
END

-- Question 96
SET IDENTITY_INSERT [dbo].[Question_QST] ON;
IF NOT EXISTS (SELECT 1 FROM [dbo].[Question_QST] WHERE Id = 1845)
BEGIN
    INSERT INTO [dbo].[Question_QST] ([Id], [Question], [Id_Difficulty])
    VALUES (1845, N'Quel protocole réseau est utilisé pour attribuer automatiquement des adresses IP ?', 2);
END
SET IDENTITY_INSERT [dbo].[Question_QST] OFF;

INSERT INTO [dbo].[Answer_ANS] ([Id_Question], [Value], [Valid]) VALUES
    (1845, N'DHCP', 1),
    (1845, N'DNS', 0),
    (1845, N'FTP', 0),
    (1845, N'HTTP', 0);

IF NOT EXISTS (SELECT 1 FROM [dbo].[QuestionTheme_QTH] WHERE Id_Question = 1845 AND Id_Theme = @ThemeId)
BEGIN
    INSERT INTO [dbo].[QuestionTheme_QTH] ([Id_Question], [Id_Theme]) VALUES (1845, @ThemeId);
END

-- Question 97
SET IDENTITY_INSERT [dbo].[Question_QST] ON;
IF NOT EXISTS (SELECT 1 FROM [dbo].[Question_QST] WHERE Id = 1846)
BEGIN
    INSERT INTO [dbo].[Question_QST] ([Id], [Question], [Id_Difficulty])
    VALUES (1846, N'Quel est le terme pour le stockage de données sur plusieurs serveurs pour fiabilité ?', 2);
END
SET IDENTITY_INSERT [dbo].[Question_QST] OFF;

INSERT INTO [dbo].[Answer_ANS] ([Id_Question], [Value], [Valid]) VALUES
    (1846, N'Redondance', 1),
    (1846, N'Cache', 0),
    (1846, N'Volatilité', 0),
    (1846, N'RAM', 0);

IF NOT EXISTS (SELECT 1 FROM [dbo].[QuestionTheme_QTH] WHERE Id_Question = 1846 AND Id_Theme = @ThemeId)
BEGIN
    INSERT INTO [dbo].[QuestionTheme_QTH] ([Id_Question], [Id_Theme]) VALUES (1846, @ThemeId);
END

-- Question 98
SET IDENTITY_INSERT [dbo].[Question_QST] ON;
IF NOT EXISTS (SELECT 1 FROM [dbo].[Question_QST] WHERE Id = 1847)
BEGIN
    INSERT INTO [dbo].[Question_QST] ([Id], [Question], [Id_Difficulty])
    VALUES (1847, N'Quel langage est utilisé pour le scripting dans les feuilles de calcul Excel ?', 2);
END
SET IDENTITY_INSERT [dbo].[Question_QST] OFF;

INSERT INTO [dbo].[Answer_ANS] ([Id_Question], [Value], [Valid]) VALUES
    (1847, N'VBA', 1),
    (1847, N'Python', 0),
    (1847, N'JavaScript', 0),
    (1847, N'C++', 0);

IF NOT EXISTS (SELECT 1 FROM [dbo].[QuestionTheme_QTH] WHERE Id_Question = 1847 AND Id_Theme = @ThemeId)
BEGIN
    INSERT INTO [dbo].[QuestionTheme_QTH] ([Id_Question], [Id_Theme]) VALUES (1847, @ThemeId);
END

-- Question 99
SET IDENTITY_INSERT [dbo].[Question_QST] ON;
IF NOT EXISTS (SELECT 1 FROM [dbo].[Question_QST] WHERE Id = 1848)
BEGIN
    INSERT INTO [dbo].[Question_QST] ([Id], [Question], [Id_Difficulty])
    VALUES (1848, N'Quel type de malware se cache dans un programme légitime ?', 2);
END
SET IDENTITY_INSERT [dbo].[Question_QST] OFF;

INSERT INTO [dbo].[Answer_ANS] ([Id_Question], [Value], [Valid]) VALUES
    (1848, N'Trojan', 1),
    (1848, N'Virus', 0),
    (1848, N'Worm', 0),
    (1848, N'Adware', 0);

IF NOT EXISTS (SELECT 1 FROM [dbo].[QuestionTheme_QTH] WHERE Id_Question = 1848 AND Id_Theme = @ThemeId)
BEGIN
    INSERT INTO [dbo].[QuestionTheme_QTH] ([Id_Question], [Id_Theme]) VALUES (1848, @ThemeId);
END

-- Question 100
SET IDENTITY_INSERT [dbo].[Question_QST] ON;
IF NOT EXISTS (SELECT 1 FROM [dbo].[Question_QST] WHERE Id = 1849)
BEGIN
    INSERT INTO [dbo].[Question_QST] ([Id], [Question], [Id_Difficulty])
    VALUES (1849, N'Quel protocole DNS traduit un nom de domaine en adresse IP ?', 2);
END
SET IDENTITY_INSERT [dbo].[Question_QST] OFF;

INSERT INTO [dbo].[Answer_ANS] ([Id_Question], [Value], [Valid]) VALUES
    (1849, N'DNS', 1),
    (1849, N'DHCP', 0),
    (1849, N'HTTP', 0),
    (1849, N'SMTP', 0);

IF NOT EXISTS (SELECT 1 FROM [dbo].[QuestionTheme_QTH] WHERE Id_Question = 1849 AND Id_Theme = @ThemeId)
BEGIN
    INSERT INTO [dbo].[QuestionTheme_QTH] ([Id_Question], [Id_Theme]) VALUES (1849, @ThemeId);
END

-- Question 101
SET IDENTITY_INSERT [dbo].[Question_QST] ON;
IF NOT EXISTS (SELECT 1 FROM [dbo].[Question_QST] WHERE Id = 1850)
BEGIN
    INSERT INTO [dbo].[Question_QST] ([Id], [Question], [Id_Difficulty])
    VALUES (1850, N'Quel framework JavaScript est utilisé pour les applications côté serveur ?', 2);
END
SET IDENTITY_INSERT [dbo].[Question_QST] OFF;

INSERT INTO [dbo].[Answer_ANS] ([Id_Question], [Value], [Valid]) VALUES
    (1850, N'Node.js', 1),
    (1850, N'React', 0),
    (1850, N'Angular', 0),
    (1850, N'Vue', 0);

IF NOT EXISTS (SELECT 1 FROM [dbo].[QuestionTheme_QTH] WHERE Id_Question = 1850 AND Id_Theme = @ThemeId)
BEGIN
    INSERT INTO [dbo].[QuestionTheme_QTH] ([Id_Question], [Id_Theme]) VALUES (1850, @ThemeId);
END

-- Question 102
SET IDENTITY_INSERT [dbo].[Question_QST] ON;
IF NOT EXISTS (SELECT 1 FROM [dbo].[Question_QST] WHERE Id = 1851)
BEGIN
    INSERT INTO [dbo].[Question_QST] ([Id], [Question], [Id_Difficulty])
    VALUES (1851, N'Quel algorithme est principalement utilisé pour le chiffrement des données sur Internet ?', 3);
END
SET IDENTITY_INSERT [dbo].[Question_QST] OFF;

INSERT INTO [dbo].[Answer_ANS] ([Id_Question], [Value], [Valid]) VALUES
    (1851, N'RSA', 0),
    (1851, N'AES', 1),
    (1851, N'DES', 0),
    (1851, N'Blowfish', 0);

IF NOT EXISTS (SELECT 1 FROM [dbo].[QuestionTheme_QTH] WHERE Id_Question = 1851 AND Id_Theme = @ThemeId)
BEGIN
    INSERT INTO [dbo].[QuestionTheme_QTH] ([Id_Question], [Id_Theme]) VALUES (1851, @ThemeId);
END

-- Question 103
SET IDENTITY_INSERT [dbo].[Question_QST] ON;
IF NOT EXISTS (SELECT 1 FROM [dbo].[Question_QST] WHERE Id = 1852)
BEGIN
    INSERT INTO [dbo].[Question_QST] ([Id], [Question], [Id_Difficulty])
    VALUES (1852, N'Quel est le terme pour un réseau de neurones artificiels profond ?', 3);
END
SET IDENTITY_INSERT [dbo].[Question_QST] OFF;

INSERT INTO [dbo].[Answer_ANS] ([Id_Question], [Value], [Valid]) VALUES
    (1852, N'Deep Learning', 1),
    (1852, N'Machine Learning', 0),
    (1852, N'Reinforcement Learning', 0),
    (1852, N'Supervised Learning', 0);

IF NOT EXISTS (SELECT 1 FROM [dbo].[QuestionTheme_QTH] WHERE Id_Question = 1852 AND Id_Theme = @ThemeId)
BEGIN
    INSERT INTO [dbo].[QuestionTheme_QTH] ([Id_Question], [Id_Theme]) VALUES (1852, @ThemeId);
END

-- Question 104
SET IDENTITY_INSERT [dbo].[Question_QST] ON;
IF NOT EXISTS (SELECT 1 FROM [dbo].[Question_QST] WHERE Id = 1853)
BEGIN
    INSERT INTO [dbo].[Question_QST] ([Id], [Question], [Id_Difficulty])
    VALUES (1853, N'Quel protocole de sécurité est utilisé pour les transactions bancaires en ligne ?', 3);
END
SET IDENTITY_INSERT [dbo].[Question_QST] OFF;

INSERT INTO [dbo].[Answer_ANS] ([Id_Question], [Value], [Valid]) VALUES
    (1853, N'TLS', 1),
    (1853, N'SSL', 0),
    (1853, N'HTTPS', 0),
    (1853, N'IPSec', 0);

IF NOT EXISTS (SELECT 1 FROM [dbo].[QuestionTheme_QTH] WHERE Id_Question = 1853 AND Id_Theme = @ThemeId)
BEGIN
    INSERT INTO [dbo].[QuestionTheme_QTH] ([Id_Question], [Id_Theme]) VALUES (1853, @ThemeId);
END

-- Question 105
SET IDENTITY_INSERT [dbo].[Question_QST] ON;
IF NOT EXISTS (SELECT 1 FROM [dbo].[Question_QST] WHERE Id = 1854)
BEGIN
    INSERT INTO [dbo].[Question_QST] ([Id], [Question], [Id_Difficulty])
    VALUES (1854, N'Quel est le langage utilisé pour programmer les microprocesseurs et firmware ?', 3);
END
SET IDENTITY_INSERT [dbo].[Question_QST] OFF;

INSERT INTO [dbo].[Answer_ANS] ([Id_Question], [Value], [Valid]) VALUES
    (1854, N'C', 1),
    (1854, N'Python', 0),
    (1854, N'Java', 0),
    (1854, N'Ruby', 0);

IF NOT EXISTS (SELECT 1 FROM [dbo].[QuestionTheme_QTH] WHERE Id_Question = 1854 AND Id_Theme = @ThemeId)
BEGIN
    INSERT INTO [dbo].[QuestionTheme_QTH] ([Id_Question], [Id_Theme]) VALUES (1854, @ThemeId);
END

-- Question 106
SET IDENTITY_INSERT [dbo].[Question_QST] ON;
IF NOT EXISTS (SELECT 1 FROM [dbo].[Question_QST] WHERE Id = 1855)
BEGIN
    INSERT INTO [dbo].[Question_QST] ([Id], [Question], [Id_Difficulty])
    VALUES (1855, N'Quel type de base de données est orientée documents ?', 3);
END
SET IDENTITY_INSERT [dbo].[Question_QST] OFF;

INSERT INTO [dbo].[Answer_ANS] ([Id_Question], [Value], [Valid]) VALUES
    (1855, N'MongoDB', 1),
    (1855, N'MySQL', 0),
    (1855, N'PostgreSQL', 0),
    (1855, N'SQLite', 0);

IF NOT EXISTS (SELECT 1 FROM [dbo].[QuestionTheme_QTH] WHERE Id_Question = 1855 AND Id_Theme = @ThemeId)
BEGIN
    INSERT INTO [dbo].[QuestionTheme_QTH] ([Id_Question], [Id_Theme]) VALUES (1855, @ThemeId);
END

-- Question 107
SET IDENTITY_INSERT [dbo].[Question_QST] ON;
IF NOT EXISTS (SELECT 1 FROM [dbo].[Question_QST] WHERE Id = 1856)
BEGIN
    INSERT INTO [dbo].[Question_QST] ([Id], [Question], [Id_Difficulty])
    VALUES (1856, N'Quel protocole réseau est utilisé pour la résolution des noms de domaine ?', 3);
END
SET IDENTITY_INSERT [dbo].[Question_QST] OFF;

INSERT INTO [dbo].[Answer_ANS] ([Id_Question], [Value], [Valid]) VALUES
    (1856, N'DNS', 1),
    (1856, N'DHCP', 0),
    (1856, N'HTTP', 0),
    (1856, N'FTP', 0);

IF NOT EXISTS (SELECT 1 FROM [dbo].[QuestionTheme_QTH] WHERE Id_Question = 1856 AND Id_Theme = @ThemeId)
BEGIN
    INSERT INTO [dbo].[QuestionTheme_QTH] ([Id_Question], [Id_Theme]) VALUES (1856, @ThemeId);
END

-- Question 108
SET IDENTITY_INSERT [dbo].[Question_QST] ON;
IF NOT EXISTS (SELECT 1 FROM [dbo].[Question_QST] WHERE Id = 1857)
BEGIN
    INSERT INTO [dbo].[Question_QST] ([Id], [Question], [Id_Difficulty])
    VALUES (1857, N'Quel est le langage utilisé pour le développement d’applications embarquées ?', 3);
END
SET IDENTITY_INSERT [dbo].[Question_QST] OFF;

INSERT INTO [dbo].[Answer_ANS] ([Id_Question], [Value], [Valid]) VALUES
    (1857, N'C/C++', 1),
    (1857, N'Java', 0),
    (1857, N'Python', 0),
    (1857, N'Ruby', 0);

IF NOT EXISTS (SELECT 1 FROM [dbo].[QuestionTheme_QTH] WHERE Id_Question = 1857 AND Id_Theme = @ThemeId)
BEGIN
    INSERT INTO [dbo].[QuestionTheme_QTH] ([Id_Question], [Id_Theme]) VALUES (1857, @ThemeId);
END

-- Question 109
SET IDENTITY_INSERT [dbo].[Question_QST] ON;
IF NOT EXISTS (SELECT 1 FROM [dbo].[Question_QST] WHERE Id = 1858)
BEGIN
    INSERT INTO [dbo].[Question_QST] ([Id], [Question], [Id_Difficulty])
    VALUES (1858, N'Quel type de cloud combine cloud public et privé ?', 3);
END
SET IDENTITY_INSERT [dbo].[Question_QST] OFF;

INSERT INTO [dbo].[Answer_ANS] ([Id_Question], [Value], [Valid]) VALUES
    (1858, N'Hybrid Cloud', 1),
    (1858, N'Public Cloud', 0),
    (1858, N'Private Cloud', 0),
    (1858, N'Community Cloud', 0);

IF NOT EXISTS (SELECT 1 FROM [dbo].[QuestionTheme_QTH] WHERE Id_Question = 1858 AND Id_Theme = @ThemeId)
BEGIN
    INSERT INTO [dbo].[QuestionTheme_QTH] ([Id_Question], [Id_Theme]) VALUES (1858, @ThemeId);
END

-- Question 110
SET IDENTITY_INSERT [dbo].[Question_QST] ON;
IF NOT EXISTS (SELECT 1 FROM [dbo].[Question_QST] WHERE Id = 1859)
BEGIN
    INSERT INTO [dbo].[Question_QST] ([Id], [Question], [Id_Difficulty])
    VALUES (1859, N'Quel est le terme pour un code qui s’exécute sur le serveur et le client ?', 3);
END
SET IDENTITY_INSERT [dbo].[Question_QST] OFF;

INSERT INTO [dbo].[Answer_ANS] ([Id_Question], [Value], [Valid]) VALUES
    (1859, N'Full Stack', 1),
    (1859, N'Back-end', 0),
    (1859, N'Front-end', 0),
    (1859, N'Middleware', 0);

IF NOT EXISTS (SELECT 1 FROM [dbo].[QuestionTheme_QTH] WHERE Id_Question = 1859 AND Id_Theme = @ThemeId)
BEGIN
    INSERT INTO [dbo].[QuestionTheme_QTH] ([Id_Question], [Id_Theme]) VALUES (1859, @ThemeId);
END

-- Question 111
SET IDENTITY_INSERT [dbo].[Question_QST] ON;
IF NOT EXISTS (SELECT 1 FROM [dbo].[Question_QST] WHERE Id = 1860)
BEGIN
    INSERT INTO [dbo].[Question_QST] ([Id], [Question], [Id_Difficulty])
    VALUES (1860, N'Quel protocole est utilisé pour sécuriser le courrier électronique ?', 3);
END
SET IDENTITY_INSERT [dbo].[Question_QST] OFF;

INSERT INTO [dbo].[Answer_ANS] ([Id_Question], [Value], [Valid]) VALUES
    (1860, N'S/MIME', 1),
    (1860, N'PGP', 0),
    (1860, N'TLS', 0),
    (1860, N'SSL', 0);

IF NOT EXISTS (SELECT 1 FROM [dbo].[QuestionTheme_QTH] WHERE Id_Question = 1860 AND Id_Theme = @ThemeId)
BEGIN
    INSERT INTO [dbo].[QuestionTheme_QTH] ([Id_Question], [Id_Theme]) VALUES (1860, @ThemeId);
END

-- Question 112
SET IDENTITY_INSERT [dbo].[Question_QST] ON;
IF NOT EXISTS (SELECT 1 FROM [dbo].[Question_QST] WHERE Id = 1861)
BEGIN
    INSERT INTO [dbo].[Question_QST] ([Id], [Question], [Id_Difficulty])
    VALUES (1861, N'Quel est le terme pour une attaque visant à voler des identifiants via des emails frauduleux ?', 3);
END
SET IDENTITY_INSERT [dbo].[Question_QST] OFF;

INSERT INTO [dbo].[Answer_ANS] ([Id_Question], [Value], [Valid]) VALUES
    (1861, N'Phishing', 1),
    (1861, N'Spoofing', 0),
    (1861, N'DDoS', 0),
    (1861, N'Keylogger', 0);

IF NOT EXISTS (SELECT 1 FROM [dbo].[QuestionTheme_QTH] WHERE Id_Question = 1861 AND Id_Theme = @ThemeId)
BEGIN
    INSERT INTO [dbo].[QuestionTheme_QTH] ([Id_Question], [Id_Theme]) VALUES (1861, @ThemeId);
END

-- Question 113
SET IDENTITY_INSERT [dbo].[Question_QST] ON;
IF NOT EXISTS (SELECT 1 FROM [dbo].[Question_QST] WHERE Id = 1862)
BEGIN
    INSERT INTO [dbo].[Question_QST] ([Id], [Question], [Id_Difficulty])
    VALUES (1862, N'Quel est le protocole principal pour la voix sur IP (VoIP) ?', 3);
END
SET IDENTITY_INSERT [dbo].[Question_QST] OFF;

INSERT INTO [dbo].[Answer_ANS] ([Id_Question], [Value], [Valid]) VALUES
    (1862, N'SIP', 1),
    (1862, N'RTP', 0),
    (1862, N'HTTP', 0),
    (1862, N'FTP', 0);

IF NOT EXISTS (SELECT 1 FROM [dbo].[QuestionTheme_QTH] WHERE Id_Question = 1862 AND Id_Theme = @ThemeId)
BEGIN
    INSERT INTO [dbo].[QuestionTheme_QTH] ([Id_Question], [Id_Theme]) VALUES (1862, @ThemeId);
END

-- Question 114
SET IDENTITY_INSERT [dbo].[Question_QST] ON;
IF NOT EXISTS (SELECT 1 FROM [dbo].[Question_QST] WHERE Id = 1863)
BEGIN
    INSERT INTO [dbo].[Question_QST] ([Id], [Question], [Id_Difficulty])
    VALUES (1863, N'Quel est le type de RAID offrant tolérance aux pannes et performance ?', 3);
END
SET IDENTITY_INSERT [dbo].[Question_QST] OFF;

INSERT INTO [dbo].[Answer_ANS] ([Id_Question], [Value], [Valid]) VALUES
    (1863, N'RAID 5', 1),
    (1863, N'RAID 0', 0),
    (1863, N'RAID 1', 0),
    (1863, N'RAID 10', 0);

IF NOT EXISTS (SELECT 1 FROM [dbo].[QuestionTheme_QTH] WHERE Id_Question = 1863 AND Id_Theme = @ThemeId)
BEGIN
    INSERT INTO [dbo].[QuestionTheme_QTH] ([Id_Question], [Id_Theme]) VALUES (1863, @ThemeId);
END

-- Question 115
SET IDENTITY_INSERT [dbo].[Question_QST] ON;
IF NOT EXISTS (SELECT 1 FROM [dbo].[Question_QST] WHERE Id = 1864)
BEGIN
    INSERT INTO [dbo].[Question_QST] ([Id], [Question], [Id_Difficulty])
    VALUES (1864, N'Quel langage est utilisé pour le traitement de données massives avec Hadoop ?', 3);
END
SET IDENTITY_INSERT [dbo].[Question_QST] OFF;

INSERT INTO [dbo].[Answer_ANS] ([Id_Question], [Value], [Valid]) VALUES
    (1864, N'Java', 1),
    (1864, N'Python', 0),
    (1864, N'C++', 0),
    (1864, N'Ruby', 0);

IF NOT EXISTS (SELECT 1 FROM [dbo].[QuestionTheme_QTH] WHERE Id_Question = 1864 AND Id_Theme = @ThemeId)
BEGIN
    INSERT INTO [dbo].[QuestionTheme_QTH] ([Id_Question], [Id_Theme]) VALUES (1864, @ThemeId);
END

-- Question 116
SET IDENTITY_INSERT [dbo].[Question_QST] ON;
IF NOT EXISTS (SELECT 1 FROM [dbo].[Question_QST] WHERE Id = 1865)
BEGIN
    INSERT INTO [dbo].[Question_QST] ([Id], [Question], [Id_Difficulty])
    VALUES (1865, N'Quel protocole est utilisé pour la synchronisation sécurisée des fichiers ?', 3);
END
SET IDENTITY_INSERT [dbo].[Question_QST] OFF;

INSERT INTO [dbo].[Answer_ANS] ([Id_Question], [Value], [Valid]) VALUES
    (1865, N'WebDAV over HTTPS', 1),
    (1865, N'FTP', 0),
    (1865, N'HTTP', 0),
    (1865, N'SMTP', 0);

IF NOT EXISTS (SELECT 1 FROM [dbo].[QuestionTheme_QTH] WHERE Id_Question = 1865 AND Id_Theme = @ThemeId)
BEGIN
    INSERT INTO [dbo].[QuestionTheme_QTH] ([Id_Question], [Id_Theme]) VALUES (1865, @ThemeId);
END

-- Question 117
SET IDENTITY_INSERT [dbo].[Question_QST] ON;
IF NOT EXISTS (SELECT 1 FROM [dbo].[Question_QST] WHERE Id = 1866)
BEGIN
    INSERT INTO [dbo].[Question_QST] ([Id], [Question], [Id_Difficulty])
    VALUES (1866, N'Quel algorithme est utilisé pour la compression de fichiers sans perte ?', 3);
END
SET IDENTITY_INSERT [dbo].[Question_QST] OFF;

INSERT INTO [dbo].[Answer_ANS] ([Id_Question], [Value], [Valid]) VALUES
    (1866, N'ZIP/Deflate', 1),
    (1866, N'JPEG', 0),
    (1866, N'MP3', 0),
    (1866, N'MPEG', 0);

IF NOT EXISTS (SELECT 1 FROM [dbo].[QuestionTheme_QTH] WHERE Id_Question = 1866 AND Id_Theme = @ThemeId)
BEGIN
    INSERT INTO [dbo].[QuestionTheme_QTH] ([Id_Question], [Id_Theme]) VALUES (1866, @ThemeId);
END

-- Question 118
SET IDENTITY_INSERT [dbo].[Question_QST] ON;
IF NOT EXISTS (SELECT 1 FROM [dbo].[Question_QST] WHERE Id = 1867)
BEGIN
    INSERT INTO [dbo].[Question_QST] ([Id], [Question], [Id_Difficulty])
    VALUES (1867, N'Quel est le protocole utilisé pour l’authentification réseau ?', 3);
END
SET IDENTITY_INSERT [dbo].[Question_QST] OFF;

INSERT INTO [dbo].[Answer_ANS] ([Id_Question], [Value], [Valid]) VALUES
    (1867, N'RADIUS', 1),
    (1867, N'LDAP', 0),
    (1867, N'HTTP', 0),
    (1867, N'SMTP', 0);

IF NOT EXISTS (SELECT 1 FROM [dbo].[QuestionTheme_QTH] WHERE Id_Question = 1867 AND Id_Theme = @ThemeId)
BEGIN
    INSERT INTO [dbo].[QuestionTheme_QTH] ([Id_Question], [Id_Theme]) VALUES (1867, @ThemeId);
END

-- Question 119
SET IDENTITY_INSERT [dbo].[Question_QST] ON;
IF NOT EXISTS (SELECT 1 FROM [dbo].[Question_QST] WHERE Id = 1868)
BEGIN
    INSERT INTO [dbo].[Question_QST] ([Id], [Question], [Id_Difficulty])
    VALUES (1868, N'Quel type de base de données est optimisée pour les relations complexes ?', 3);
END
SET IDENTITY_INSERT [dbo].[Question_QST] OFF;

INSERT INTO [dbo].[Answer_ANS] ([Id_Question], [Value], [Valid]) VALUES
    (1868, N'Graph Database', 1),
    (1868, N'SQL', 0),
    (1868, N'NoSQL', 0),
    (1868, N'Document Database', 0);

IF NOT EXISTS (SELECT 1 FROM [dbo].[QuestionTheme_QTH] WHERE Id_Question = 1868 AND Id_Theme = @ThemeId)
BEGIN
    INSERT INTO [dbo].[QuestionTheme_QTH] ([Id_Question], [Id_Theme]) VALUES (1868, @ThemeId);
END

-- Question 120
SET IDENTITY_INSERT [dbo].[Question_QST] ON;
IF NOT EXISTS (SELECT 1 FROM [dbo].[Question_QST] WHERE Id = 1869)
BEGIN
    INSERT INTO [dbo].[Question_QST] ([Id], [Question], [Id_Difficulty])
    VALUES (1869, N'Quel est le langage utilisé pour le scripting des tests automatisés ?', 3);
END
SET IDENTITY_INSERT [dbo].[Question_QST] OFF;

INSERT INTO [dbo].[Answer_ANS] ([Id_Question], [Value], [Valid]) VALUES
    (1869, N'Python', 1),
    (1869, N'JavaScript', 0),
    (1869, N'Ruby', 0),
    (1869, N'Java', 0);

IF NOT EXISTS (SELECT 1 FROM [dbo].[QuestionTheme_QTH] WHERE Id_Question = 1869 AND Id_Theme = @ThemeId)
BEGIN
    INSERT INTO [dbo].[QuestionTheme_QTH] ([Id_Question], [Id_Theme]) VALUES (1869, @ThemeId);
END

-- Question 121
SET IDENTITY_INSERT [dbo].[Question_QST] ON;
IF NOT EXISTS (SELECT 1 FROM [dbo].[Question_QST] WHERE Id = 1870)
BEGIN
    INSERT INTO [dbo].[Question_QST] ([Id], [Question], [Id_Difficulty])
    VALUES (1870, N'Quel protocole est utilisé pour établir des tunnels VPN sécurisés ?', 3);
END
SET IDENTITY_INSERT [dbo].[Question_QST] OFF;

INSERT INTO [dbo].[Answer_ANS] ([Id_Question], [Value], [Valid]) VALUES
    (1870, N'IPSec', 1),
    (1870, N'HTTP', 0),
    (1870, N'FTP', 0),
    (1870, N'SMTP', 0);

IF NOT EXISTS (SELECT 1 FROM [dbo].[QuestionTheme_QTH] WHERE Id_Question = 1870 AND Id_Theme = @ThemeId)
BEGIN
    INSERT INTO [dbo].[QuestionTheme_QTH] ([Id_Question], [Id_Theme]) VALUES (1870, @ThemeId);
END

-- Question 122
SET IDENTITY_INSERT [dbo].[Question_QST] ON;
IF NOT EXISTS (SELECT 1 FROM [dbo].[Question_QST] WHERE Id = 1871)
BEGIN
    INSERT INTO [dbo].[Question_QST] ([Id], [Question], [Id_Difficulty])
    VALUES (1871, N'Quel langage est utilisé pour la programmation parallèle et scientifique ?', 3);
END
SET IDENTITY_INSERT [dbo].[Question_QST] OFF;

INSERT INTO [dbo].[Answer_ANS] ([Id_Question], [Value], [Valid]) VALUES
    (1871, N'Fortran', 1),
    (1871, N'Python', 0),
    (1871, N'Java', 0),
    (1871, N'C#', 0);

IF NOT EXISTS (SELECT 1 FROM [dbo].[QuestionTheme_QTH] WHERE Id_Question = 1871 AND Id_Theme = @ThemeId)
BEGIN
    INSERT INTO [dbo].[QuestionTheme_QTH] ([Id_Question], [Id_Theme]) VALUES (1871, @ThemeId);
END

-- Question 123
SET IDENTITY_INSERT [dbo].[Question_QST] ON;
IF NOT EXISTS (SELECT 1 FROM [dbo].[Question_QST] WHERE Id = 1872)
BEGIN
    INSERT INTO [dbo].[Question_QST] ([Id], [Question], [Id_Difficulty])
    VALUES (1872, N'Quel protocole est utilisé pour le streaming vidéo sur Internet ?', 3);
END
SET IDENTITY_INSERT [dbo].[Question_QST] OFF;

INSERT INTO [dbo].[Answer_ANS] ([Id_Question], [Value], [Valid]) VALUES
    (1872, N'RTSP', 1),
    (1872, N'HTTP', 0),
    (1872, N'FTP', 0),
    (1872, N'SMTP', 0);

IF NOT EXISTS (SELECT 1 FROM [dbo].[QuestionTheme_QTH] WHERE Id_Question = 1872 AND Id_Theme = @ThemeId)
BEGIN
    INSERT INTO [dbo].[QuestionTheme_QTH] ([Id_Question], [Id_Theme]) VALUES (1872, @ThemeId);
END

-- Question 124
SET IDENTITY_INSERT [dbo].[Question_QST] ON;
IF NOT EXISTS (SELECT 1 FROM [dbo].[Question_QST] WHERE Id = 1873)
BEGIN
    INSERT INTO [dbo].[Question_QST] ([Id], [Question], [Id_Difficulty])
    VALUES (1873, N'Quel est le terme pour un logiciel malveillant qui se propage automatiquement ?', 3);
END
SET IDENTITY_INSERT [dbo].[Question_QST] OFF;

INSERT INTO [dbo].[Answer_ANS] ([Id_Question], [Value], [Valid]) VALUES
    (1873, N'Worm', 1),
    (1873, N'Virus', 0),
    (1873, N'Trojan', 0),
    (1873, N'Spyware', 0);

IF NOT EXISTS (SELECT 1 FROM [dbo].[QuestionTheme_QTH] WHERE Id_Question = 1873 AND Id_Theme = @ThemeId)
BEGIN
    INSERT INTO [dbo].[QuestionTheme_QTH] ([Id_Question], [Id_Theme]) VALUES (1873, @ThemeId);
END

-- Question 125
SET IDENTITY_INSERT [dbo].[Question_QST] ON;
IF NOT EXISTS (SELECT 1 FROM [dbo].[Question_QST] WHERE Id = 1874)
BEGIN
    INSERT INTO [dbo].[Question_QST] ([Id], [Question], [Id_Difficulty])
    VALUES (1874, N'Quel est le protocole principal utilisé pour l’Internet des objets (IoT) ?', 3);
END
SET IDENTITY_INSERT [dbo].[Question_QST] OFF;

INSERT INTO [dbo].[Answer_ANS] ([Id_Question], [Value], [Valid]) VALUES
    (1874, N'MQTT', 1),
    (1874, N'HTTP', 0),
    (1874, N'FTP', 0),
    (1874, N'SMTP', 0);

IF NOT EXISTS (SELECT 1 FROM [dbo].[QuestionTheme_QTH] WHERE Id_Question = 1874 AND Id_Theme = @ThemeId)
BEGIN
    INSERT INTO [dbo].[QuestionTheme_QTH] ([Id_Question], [Id_Theme]) VALUES (1874, @ThemeId);
END

-- Question 126
SET IDENTITY_INSERT [dbo].[Question_QST] ON;
IF NOT EXISTS (SELECT 1 FROM [dbo].[Question_QST] WHERE Id = 1875)
BEGIN
    INSERT INTO [dbo].[Question_QST] ([Id], [Question], [Id_Difficulty])
    VALUES (1875, N'Quel langage est utilisé pour les smart contracts sur Ethereum ?', 3);
END
SET IDENTITY_INSERT [dbo].[Question_QST] OFF;

INSERT INTO [dbo].[Answer_ANS] ([Id_Question], [Value], [Valid]) VALUES
    (1875, N'Solidity', 1),
    (1875, N'Python', 0),
    (1875, N'Java', 0),
    (1875, N'C#', 0);

IF NOT EXISTS (SELECT 1 FROM [dbo].[QuestionTheme_QTH] WHERE Id_Question = 1875 AND Id_Theme = @ThemeId)
BEGIN
    INSERT INTO [dbo].[QuestionTheme_QTH] ([Id_Question], [Id_Theme]) VALUES (1875, @ThemeId);
END

-- Question 127
SET IDENTITY_INSERT [dbo].[Question_QST] ON;
IF NOT EXISTS (SELECT 1 FROM [dbo].[Question_QST] WHERE Id = 1876)
BEGIN
    INSERT INTO [dbo].[Question_QST] ([Id], [Question], [Id_Difficulty])
    VALUES (1876, N'Quel algorithme est utilisé pour le hachage sécurisé des mots de passe ?', 3);
END
SET IDENTITY_INSERT [dbo].[Question_QST] OFF;

INSERT INTO [dbo].[Answer_ANS] ([Id_Question], [Value], [Valid]) VALUES
    (1876, N'SHA-256', 1),
    (1876, N'AES', 0),
    (1876, N'RSA', 0),
    (1876, N'Blowfish', 0);

IF NOT EXISTS (SELECT 1 FROM [dbo].[QuestionTheme_QTH] WHERE Id_Question = 1876 AND Id_Theme = @ThemeId)
BEGIN
    INSERT INTO [dbo].[QuestionTheme_QTH] ([Id_Question], [Id_Theme]) VALUES (1876, @ThemeId);
END

-- Question 128
SET IDENTITY_INSERT [dbo].[Question_QST] ON;
IF NOT EXISTS (SELECT 1 FROM [dbo].[Question_QST] WHERE Id = 1877)
BEGIN
    INSERT INTO [dbo].[Question_QST] ([Id], [Question], [Id_Difficulty])
    VALUES (1877, N'Quel protocole permet la communication sécurisée entre serveurs ?', 3);
END
SET IDENTITY_INSERT [dbo].[Question_QST] OFF;

INSERT INTO [dbo].[Answer_ANS] ([Id_Question], [Value], [Valid]) VALUES
    (1877, N'HTTPS/TLS', 1),
    (1877, N'FTP', 0),
    (1877, N'SMTP', 0),
    (1877, N'IMAP', 0);

IF NOT EXISTS (SELECT 1 FROM [dbo].[QuestionTheme_QTH] WHERE Id_Question = 1877 AND Id_Theme = @ThemeId)
BEGIN
    INSERT INTO [dbo].[QuestionTheme_QTH] ([Id_Question], [Id_Theme]) VALUES (1877, @ThemeId);
END

-- Question 129
SET IDENTITY_INSERT [dbo].[Question_QST] ON;
IF NOT EXISTS (SELECT 1 FROM [dbo].[Question_QST] WHERE Id = 1878)
BEGIN
    INSERT INTO [dbo].[Question_QST] ([Id], [Question], [Id_Difficulty])
    VALUES (1878, N'Quel est le terme pour la virtualisation de serveurs sur un même matériel ?', 3);
END
SET IDENTITY_INSERT [dbo].[Question_QST] OFF;

INSERT INTO [dbo].[Answer_ANS] ([Id_Question], [Value], [Valid]) VALUES
    (1878, N'Hyperviseur', 1),
    (1878, N'Container', 0),
    (1878, N'VMware', 0),
    (1878, N'Docker', 0);

IF NOT EXISTS (SELECT 1 FROM [dbo].[QuestionTheme_QTH] WHERE Id_Question = 1878 AND Id_Theme = @ThemeId)
BEGIN
    INSERT INTO [dbo].[QuestionTheme_QTH] ([Id_Question], [Id_Theme]) VALUES (1878, @ThemeId);
END

-- Question 130
SET IDENTITY_INSERT [dbo].[Question_QST] ON;
IF NOT EXISTS (SELECT 1 FROM [dbo].[Question_QST] WHERE Id = 1879)
BEGIN
    INSERT INTO [dbo].[Question_QST] ([Id], [Question], [Id_Difficulty])
    VALUES (1879, N'Quel langage est utilisé pour l’automatisation des systèmes Windows ?', 3);
END
SET IDENTITY_INSERT [dbo].[Question_QST] OFF;

INSERT INTO [dbo].[Answer_ANS] ([Id_Question], [Value], [Valid]) VALUES
    (1879, N'PowerShell', 1),
    (1879, N'Bash', 0),
    (1879, N'Python', 0),
    (1879, N'Ruby', 0);

IF NOT EXISTS (SELECT 1 FROM [dbo].[QuestionTheme_QTH] WHERE Id_Question = 1879 AND Id_Theme = @ThemeId)
BEGIN
    INSERT INTO [dbo].[QuestionTheme_QTH] ([Id_Question], [Id_Theme]) VALUES (1879, @ThemeId);
END

-- Question 131
SET IDENTITY_INSERT [dbo].[Question_QST] ON;
IF NOT EXISTS (SELECT 1 FROM [dbo].[Question_QST] WHERE Id = 1880)
BEGIN
    INSERT INTO [dbo].[Question_QST] ([Id], [Question], [Id_Difficulty])
    VALUES (1880, N'Quel protocole est utilisé pour le push de notifications mobiles ?', 3);
END
SET IDENTITY_INSERT [dbo].[Question_QST] OFF;

INSERT INTO [dbo].[Answer_ANS] ([Id_Question], [Value], [Valid]) VALUES
    (1880, N'APNs', 1),
    (1880, N'FCM', 0),
    (1880, N'SMTP', 0),
    (1880, N'HTTP', 0);

IF NOT EXISTS (SELECT 1 FROM [dbo].[QuestionTheme_QTH] WHERE Id_Question = 1880 AND Id_Theme = @ThemeId)
BEGIN
    INSERT INTO [dbo].[QuestionTheme_QTH] ([Id_Question], [Id_Theme]) VALUES (1880, @ThemeId);
END

-- Question 132
SET IDENTITY_INSERT [dbo].[Question_QST] ON;
IF NOT EXISTS (SELECT 1 FROM [dbo].[Question_QST] WHERE Id = 1881)
BEGIN
    INSERT INTO [dbo].[Question_QST] ([Id], [Question], [Id_Difficulty])
    VALUES (1881, N'Quel type de stockage cloud est optimisé pour les performances ?', 3);
END
SET IDENTITY_INSERT [dbo].[Question_QST] OFF;

INSERT INTO [dbo].[Answer_ANS] ([Id_Question], [Value], [Valid]) VALUES
    (1881, N'Block Storage', 1),
    (1881, N'Object Storage', 0),
    (1881, N'File Storage', 0),
    (1881, N'Archive Storage', 0);

IF NOT EXISTS (SELECT 1 FROM [dbo].[QuestionTheme_QTH] WHERE Id_Question = 1881 AND Id_Theme = @ThemeId)
BEGIN
    INSERT INTO [dbo].[QuestionTheme_QTH] ([Id_Question], [Id_Theme]) VALUES (1881, @ThemeId);
END

-- Question 133
SET IDENTITY_INSERT [dbo].[Question_QST] ON;
IF NOT EXISTS (SELECT 1 FROM [dbo].[Question_QST] WHERE Id = 1882)
BEGIN
    INSERT INTO [dbo].[Question_QST] ([Id], [Question], [Id_Difficulty])
    VALUES (1882, N'Quel est le terme pour le partitionnement et la gestion des conteneurs dans Kubernetes ?', 3);
END
SET IDENTITY_INSERT [dbo].[Question_QST] OFF;

INSERT INTO [dbo].[Answer_ANS] ([Id_Question], [Value], [Valid]) VALUES
    (1882, N'Pods', 1),
    (1882, N'Nodes', 0),
    (1882, N'Clusters', 0),
    (1882, N'Services', 0);

IF NOT EXISTS (SELECT 1 FROM [dbo].[QuestionTheme_QTH] WHERE Id_Question = 1882 AND Id_Theme = @ThemeId)
BEGIN
    INSERT INTO [dbo].[QuestionTheme_QTH] ([Id_Question], [Id_Theme]) VALUES (1882, @ThemeId);
END

-- Question 134
SET IDENTITY_INSERT [dbo].[Question_QST] ON;
IF NOT EXISTS (SELECT 1 FROM [dbo].[Question_QST] WHERE Id = 1883)
BEGIN
    INSERT INTO [dbo].[Question_QST] ([Id], [Question], [Id_Difficulty])
    VALUES (1883, N'Quel langage est utilisé pour la programmation fonctionnelle populaire ?', 3);
END
SET IDENTITY_INSERT [dbo].[Question_QST] OFF;

INSERT INTO [dbo].[Answer_ANS] ([Id_Question], [Value], [Valid]) VALUES
    (1883, N'Haskell', 1),
    (1883, N'Python', 0),
    (1883, N'C++', 0),
    (1883, N'Java', 0);

IF NOT EXISTS (SELECT 1 FROM [dbo].[QuestionTheme_QTH] WHERE Id_Question = 1883 AND Id_Theme = @ThemeId)
BEGIN
    INSERT INTO [dbo].[QuestionTheme_QTH] ([Id_Question], [Id_Theme]) VALUES (1883, @ThemeId);
END

-- Question 135
SET IDENTITY_INSERT [dbo].[Question_QST] ON;
IF NOT EXISTS (SELECT 1 FROM [dbo].[Question_QST] WHERE Id = 1884)
BEGIN
    INSERT INTO [dbo].[Question_QST] ([Id], [Question], [Id_Difficulty])
    VALUES (1884, N'Quel est le protocole utilisé pour la diffusion de contenu en direct ?', 3);
END
SET IDENTITY_INSERT [dbo].[Question_QST] OFF;

INSERT INTO [dbo].[Answer_ANS] ([Id_Question], [Value], [Valid]) VALUES
    (1884, N'RTMP', 1),
    (1884, N'HTTP', 0),
    (1884, N'FTP', 0),
    (1884, N'SMTP', 0);

IF NOT EXISTS (SELECT 1 FROM [dbo].[QuestionTheme_QTH] WHERE Id_Question = 1884 AND Id_Theme = @ThemeId)
BEGIN
    INSERT INTO [dbo].[QuestionTheme_QTH] ([Id_Question], [Id_Theme]) VALUES (1884, @ThemeId);
END

-- Question 136
SET IDENTITY_INSERT [dbo].[Question_QST] ON;
IF NOT EXISTS (SELECT 1 FROM [dbo].[Question_QST] WHERE Id = 1885)
BEGIN
    INSERT INTO [dbo].[Question_QST] ([Id], [Question], [Id_Difficulty])
    VALUES (1885, N'Quel est le protocole de communication pour le contrôle à distance des serveurs ?', 3);
END
SET IDENTITY_INSERT [dbo].[Question_QST] OFF;

INSERT INTO [dbo].[Answer_ANS] ([Id_Question], [Value], [Valid]) VALUES
    (1885, N'SSH', 1),
    (1885, N'Telnet', 0),
    (1885, N'FTP', 0),
    (1885, N'HTTP', 0);

IF NOT EXISTS (SELECT 1 FROM [dbo].[QuestionTheme_QTH] WHERE Id_Question = 1885 AND Id_Theme = @ThemeId)
BEGIN
    INSERT INTO [dbo].[QuestionTheme_QTH] ([Id_Question], [Id_Theme]) VALUES (1885, @ThemeId);
END

-- Question 137
SET IDENTITY_INSERT [dbo].[Question_QST] ON;
IF NOT EXISTS (SELECT 1 FROM [dbo].[Question_QST] WHERE Id = 1886)
BEGIN
    INSERT INTO [dbo].[Question_QST] ([Id], [Question], [Id_Difficulty])
    VALUES (1886, N'Quel langage est utilisé pour la programmation orientée objet dans Android ?', 3);
END
SET IDENTITY_INSERT [dbo].[Question_QST] OFF;

INSERT INTO [dbo].[Answer_ANS] ([Id_Question], [Value], [Valid]) VALUES
    (1886, N'Java', 1),
    (1886, N'Python', 0),
    (1886, N'C++', 0),
    (1886, N'Swift', 0);

IF NOT EXISTS (SELECT 1 FROM [dbo].[QuestionTheme_QTH] WHERE Id_Question = 1886 AND Id_Theme = @ThemeId)
BEGIN
    INSERT INTO [dbo].[QuestionTheme_QTH] ([Id_Question], [Id_Theme]) VALUES (1886, @ThemeId);
END

-- Question 138
SET IDENTITY_INSERT [dbo].[Question_QST] ON;
IF NOT EXISTS (SELECT 1 FROM [dbo].[Question_QST] WHERE Id = 1887)
BEGIN
    INSERT INTO [dbo].[Question_QST] ([Id], [Question], [Id_Difficulty])
    VALUES (1887, N'Quel est le protocole de routage dynamique le plus utilisé sur Internet ?', 3);
END
SET IDENTITY_INSERT [dbo].[Question_QST] OFF;

INSERT INTO [dbo].[Answer_ANS] ([Id_Question], [Value], [Valid]) VALUES
    (1887, N'BGP', 1),
    (1887, N'OSPF', 0),
    (1887, N'RIP', 0),
    (1887, N'EIGRP', 0);

IF NOT EXISTS (SELECT 1 FROM [dbo].[QuestionTheme_QTH] WHERE Id_Question = 1887 AND Id_Theme = @ThemeId)
BEGIN
    INSERT INTO [dbo].[QuestionTheme_QTH] ([Id_Question], [Id_Theme]) VALUES (1887, @ThemeId);
END

-- Question 139
SET IDENTITY_INSERT [dbo].[Question_QST] ON;
IF NOT EXISTS (SELECT 1 FROM [dbo].[Question_QST] WHERE Id = 1888)
BEGIN
    INSERT INTO [dbo].[Question_QST] ([Id], [Question], [Id_Difficulty])
    VALUES (1888, N'Quel est le terme pour la sécurité basée sur l’identité et les rôles ?', 3);
END
SET IDENTITY_INSERT [dbo].[Question_QST] OFF;

INSERT INTO [dbo].[Answer_ANS] ([Id_Question], [Value], [Valid]) VALUES
    (1888, N'RBAC', 1),
    (1888, N'MAC', 0),
    (1888, N'DAC', 0),
    (1888, N'ABAC', 0);

IF NOT EXISTS (SELECT 1 FROM [dbo].[QuestionTheme_QTH] WHERE Id_Question = 1888 AND Id_Theme = @ThemeId)
BEGIN
    INSERT INTO [dbo].[QuestionTheme_QTH] ([Id_Question], [Id_Theme]) VALUES (1888, @ThemeId);
END

-- Question 140
SET IDENTITY_INSERT [dbo].[Question_QST] ON;
IF NOT EXISTS (SELECT 1 FROM [dbo].[Question_QST] WHERE Id = 1889)
BEGIN
    INSERT INTO [dbo].[Question_QST] ([Id], [Question], [Id_Difficulty])
    VALUES (1889, N'Quel protocole est utilisé pour la distribution sécurisée des certificats numériques ?', 3);
END
SET IDENTITY_INSERT [dbo].[Question_QST] OFF;

INSERT INTO [dbo].[Answer_ANS] ([Id_Question], [Value], [Valid]) VALUES
    (1889, N'PKI', 1),
    (1889, N'SSL', 0),
    (1889, N'HTTPS', 0),
    (1889, N'TLS', 0);

IF NOT EXISTS (SELECT 1 FROM [dbo].[QuestionTheme_QTH] WHERE Id_Question = 1889 AND Id_Theme = @ThemeId)
BEGIN
    INSERT INTO [dbo].[QuestionTheme_QTH] ([Id_Question], [Id_Theme]) VALUES (1889, @ThemeId);
END

-- Question 141
SET IDENTITY_INSERT [dbo].[Question_QST] ON;
IF NOT EXISTS (SELECT 1 FROM [dbo].[Question_QST] WHERE Id = 1890)
BEGIN
    INSERT INTO [dbo].[Question_QST] ([Id], [Question], [Id_Difficulty])
    VALUES (1890, N'Quel est le langage utilisé pour les scripts dans les bases de données ?', 3);
END
SET IDENTITY_INSERT [dbo].[Question_QST] OFF;

INSERT INTO [dbo].[Answer_ANS] ([Id_Question], [Value], [Valid]) VALUES
    (1890, N'SQL', 1),
    (1890, N'Python', 0),
    (1890, N'Java', 0),
    (1890, N'C++', 0);

IF NOT EXISTS (SELECT 1 FROM [dbo].[QuestionTheme_QTH] WHERE Id_Question = 1890 AND Id_Theme = @ThemeId)
BEGIN
    INSERT INTO [dbo].[QuestionTheme_QTH] ([Id_Question], [Id_Theme]) VALUES (1890, @ThemeId);
END

-- Question 142
SET IDENTITY_INSERT [dbo].[Question_QST] ON;
IF NOT EXISTS (SELECT 1 FROM [dbo].[Question_QST] WHERE Id = 1891)
BEGIN
    INSERT INTO [dbo].[Question_QST] ([Id], [Question], [Id_Difficulty])
    VALUES (1891, N'Quel protocole est utilisé pour les appels vidéo et audio sécurisés ?', 3);
END
SET IDENTITY_INSERT [dbo].[Question_QST] OFF;

INSERT INTO [dbo].[Answer_ANS] ([Id_Question], [Value], [Valid]) VALUES
    (1891, N'WebRTC', 1),
    (1891, N'SIP', 0),
    (1891, N'RTP', 0),
    (1891, N'HTTP', 0);

IF NOT EXISTS (SELECT 1 FROM [dbo].[QuestionTheme_QTH] WHERE Id_Question = 1891 AND Id_Theme = @ThemeId)
BEGIN
    INSERT INTO [dbo].[QuestionTheme_QTH] ([Id_Question], [Id_Theme]) VALUES (1891, @ThemeId);
END

-- Question 143
SET IDENTITY_INSERT [dbo].[Question_QST] ON;
IF NOT EXISTS (SELECT 1 FROM [dbo].[Question_QST] WHERE Id = 1892)
BEGIN
    INSERT INTO [dbo].[Question_QST] ([Id], [Question], [Id_Difficulty])
    VALUES (1892, N'Quel langage est utilisé pour la programmation scientifique et l’analyse de données ?', 3);
END
SET IDENTITY_INSERT [dbo].[Question_QST] OFF;

INSERT INTO [dbo].[Answer_ANS] ([Id_Question], [Value], [Valid]) VALUES
    (1892, N'Python', 1),
    (1892, N'R', 0),
    (1892, N'C++', 0),
    (1892, N'Java', 0);

IF NOT EXISTS (SELECT 1 FROM [dbo].[QuestionTheme_QTH] WHERE Id_Question = 1892 AND Id_Theme = @ThemeId)
BEGIN
    INSERT INTO [dbo].[QuestionTheme_QTH] ([Id_Question], [Id_Theme]) VALUES (1892, @ThemeId);
END

-- Question 144
SET IDENTITY_INSERT [dbo].[Question_QST] ON;
IF NOT EXISTS (SELECT 1 FROM [dbo].[Question_QST] WHERE Id = 1893)
BEGIN
    INSERT INTO [dbo].[Question_QST] ([Id], [Question], [Id_Difficulty])
    VALUES (1893, N'Quel est le terme pour une attaque exploitant une faille zéro-day ?', 3);
END
SET IDENTITY_INSERT [dbo].[Question_QST] OFF;

INSERT INTO [dbo].[Answer_ANS] ([Id_Question], [Value], [Valid]) VALUES
    (1893, N'Zero-day exploit', 1),
    (1893, N'Phishing', 0),
    (1893, N'Trojan', 0),
    (1893, N'DDoS', 0);

IF NOT EXISTS (SELECT 1 FROM [dbo].[QuestionTheme_QTH] WHERE Id_Question = 1893 AND Id_Theme = @ThemeId)
BEGIN
    INSERT INTO [dbo].[QuestionTheme_QTH] ([Id_Question], [Id_Theme]) VALUES (1893, @ThemeId);
END

-- Question 145
SET IDENTITY_INSERT [dbo].[Question_QST] ON;
IF NOT EXISTS (SELECT 1 FROM [dbo].[Question_QST] WHERE Id = 1894)
BEGIN
    INSERT INTO [dbo].[Question_QST] ([Id], [Question], [Id_Difficulty])
    VALUES (1894, N'Quel protocole est utilisé pour la synchronisation des horloges réseau ?', 3);
END
SET IDENTITY_INSERT [dbo].[Question_QST] OFF;

INSERT INTO [dbo].[Answer_ANS] ([Id_Question], [Value], [Valid]) VALUES
    (1894, N'NTP', 1),
    (1894, N'HTTP', 0),
    (1894, N'FTP', 0),
    (1894, N'SMTP', 0);

IF NOT EXISTS (SELECT 1 FROM [dbo].[QuestionTheme_QTH] WHERE Id_Question = 1894 AND Id_Theme = @ThemeId)
BEGIN
    INSERT INTO [dbo].[QuestionTheme_QTH] ([Id_Question], [Id_Theme]) VALUES (1894, @ThemeId);
END

-- Question 146
SET IDENTITY_INSERT [dbo].[Question_QST] ON;
IF NOT EXISTS (SELECT 1 FROM [dbo].[Question_QST] WHERE Id = 1895)
BEGIN
    INSERT INTO [dbo].[Question_QST] ([Id], [Question], [Id_Difficulty])
    VALUES (1895, N'Quel langage est utilisé pour le développement front-end moderne ?', 3);
END
SET IDENTITY_INSERT [dbo].[Question_QST] OFF;

INSERT INTO [dbo].[Answer_ANS] ([Id_Question], [Value], [Valid]) VALUES
    (1895, N'JavaScript/TypeScript', 1),
    (1895, N'Python', 0),
    (1895, N'C++', 0),
    (1895, N'Java', 0);

IF NOT EXISTS (SELECT 1 FROM [dbo].[QuestionTheme_QTH] WHERE Id_Question = 1895 AND Id_Theme = @ThemeId)
BEGIN
    INSERT INTO [dbo].[QuestionTheme_QTH] ([Id_Question], [Id_Theme]) VALUES (1895, @ThemeId);
END

-- Question 147
SET IDENTITY_INSERT [dbo].[Question_QST] ON;
IF NOT EXISTS (SELECT 1 FROM [dbo].[Question_QST] WHERE Id = 1896)
BEGIN
    INSERT INTO [dbo].[Question_QST] ([Id], [Question], [Id_Difficulty])
    VALUES (1896, N'Quel est le protocole pour le transfert de courrier électronique sécurisé ?', 3);
END
SET IDENTITY_INSERT [dbo].[Question_QST] OFF;

INSERT INTO [dbo].[Answer_ANS] ([Id_Question], [Value], [Valid]) VALUES
    (1896, N'SMTPS', 1),
    (1896, N'SMTP', 0),
    (1896, N'POP3', 0),
    (1896, N'IMAP', 0);

IF NOT EXISTS (SELECT 1 FROM [dbo].[QuestionTheme_QTH] WHERE Id_Question = 1896 AND Id_Theme = @ThemeId)
BEGIN
    INSERT INTO [dbo].[QuestionTheme_QTH] ([Id_Question], [Id_Theme]) VALUES (1896, @ThemeId);
END

-- Question 148
SET IDENTITY_INSERT [dbo].[Question_QST] ON;
IF NOT EXISTS (SELECT 1 FROM [dbo].[Question_QST] WHERE Id = 1897)
BEGIN
    INSERT INTO [dbo].[Question_QST] ([Id], [Question], [Id_Difficulty])
    VALUES (1897, N'Quel est le terme pour l’orchestration des conteneurs Docker ?', 3);
END
SET IDENTITY_INSERT [dbo].[Question_QST] OFF;

INSERT INTO [dbo].[Answer_ANS] ([Id_Question], [Value], [Valid]) VALUES
    (1897, N'Kubernetes', 1),
    (1897, N'Docker Swarm', 0),
    (1897, N'Mesos', 0),
    (1897, N'Nomad', 0);

IF NOT EXISTS (SELECT 1 FROM [dbo].[QuestionTheme_QTH] WHERE Id_Question = 1897 AND Id_Theme = @ThemeId)
BEGIN
    INSERT INTO [dbo].[QuestionTheme_QTH] ([Id_Question], [Id_Theme]) VALUES (1897, @ThemeId);
END

-- Question 149
SET IDENTITY_INSERT [dbo].[Question_QST] ON;
IF NOT EXISTS (SELECT 1 FROM [dbo].[Question_QST] WHERE Id = 1898)
BEGIN
    INSERT INTO [dbo].[Question_QST] ([Id], [Question], [Id_Difficulty])
    VALUES (1898, N'Quel langage est utilisé pour le traitement parallèle sur GPU ?', 3);
END
SET IDENTITY_INSERT [dbo].[Question_QST] OFF;

INSERT INTO [dbo].[Answer_ANS] ([Id_Question], [Value], [Valid]) VALUES
    (1898, N'CUDA', 1),
    (1898, N'OpenCL', 0),
    (1898, N'Python', 0),
    (1898, N'C++', 0);

IF NOT EXISTS (SELECT 1 FROM [dbo].[QuestionTheme_QTH] WHERE Id_Question = 1898 AND Id_Theme = @ThemeId)
BEGIN
    INSERT INTO [dbo].[QuestionTheme_QTH] ([Id_Question], [Id_Theme]) VALUES (1898, @ThemeId);
END

-- Question 150
SET IDENTITY_INSERT [dbo].[Question_QST] ON;
IF NOT EXISTS (SELECT 1 FROM [dbo].[Question_QST] WHERE Id = 1899)
BEGIN
    INSERT INTO [dbo].[Question_QST] ([Id], [Question], [Id_Difficulty])
    VALUES (1899, N'Quel protocole est utilisé pour les VPN SSL ?', 3);
END
SET IDENTITY_INSERT [dbo].[Question_QST] OFF;

INSERT INTO [dbo].[Answer_ANS] ([Id_Question], [Value], [Valid]) VALUES
    (1899, N'OpenVPN', 1),
    (1899, N'IPSec', 0),
    (1899, N'PPTP', 0),
    (1899, N'L2TP', 0);

IF NOT EXISTS (SELECT 1 FROM [dbo].[QuestionTheme_QTH] WHERE Id_Question = 1899 AND Id_Theme = @ThemeId)
BEGIN
    INSERT INTO [dbo].[QuestionTheme_QTH] ([Id_Question], [Id_Theme]) VALUES (1899, @ThemeId);
END

-- Question 151
SET IDENTITY_INSERT [dbo].[Question_QST] ON;
IF NOT EXISTS (SELECT 1 FROM [dbo].[Question_QST] WHERE Id = 1900)
BEGIN
    INSERT INTO [dbo].[Question_QST] ([Id], [Question], [Id_Difficulty])
    VALUES (1900, N'Quel est le protocole de messagerie instantanée sécurisé utilisé par XMPP ?', 3);
END
SET IDENTITY_INSERT [dbo].[Question_QST] OFF;

INSERT INTO [dbo].[Answer_ANS] ([Id_Question], [Value], [Valid]) VALUES
    (1900, N'XMPP/TLS', 1),
    (1900, N'HTTP', 0),
    (1900, N'FTP', 0),
    (1900, N'SMTP', 0);

IF NOT EXISTS (SELECT 1 FROM [dbo].[QuestionTheme_QTH] WHERE Id_Question = 1900 AND Id_Theme = @ThemeId)
BEGIN
    INSERT INTO [dbo].[QuestionTheme_QTH] ([Id_Question], [Id_Theme]) VALUES (1900, @ThemeId);
END

-- Question 152
SET IDENTITY_INSERT [dbo].[Question_QST] ON;
IF NOT EXISTS (SELECT 1 FROM [dbo].[Question_QST] WHERE Id = 1901)
BEGIN
    INSERT INTO [dbo].[Question_QST] ([Id], [Question], [Id_Difficulty])
    VALUES (1901, N'Quel est le protocole utilisé pour la communication quantique sécurisée ?', 4);
END
SET IDENTITY_INSERT [dbo].[Question_QST] OFF;

INSERT INTO [dbo].[Answer_ANS] ([Id_Question], [Value], [Valid]) VALUES
    (1901, N'QKD', 1),
    (1901, N'TLS', 0),
    (1901, N'SSL', 0),
    (1901, N'HTTPS', 0);

IF NOT EXISTS (SELECT 1 FROM [dbo].[QuestionTheme_QTH] WHERE Id_Question = 1901 AND Id_Theme = @ThemeId)
BEGIN
    INSERT INTO [dbo].[QuestionTheme_QTH] ([Id_Question], [Id_Theme]) VALUES (1901, @ThemeId);
END

-- Question 153
SET IDENTITY_INSERT [dbo].[Question_QST] ON;
IF NOT EXISTS (SELECT 1 FROM [dbo].[Question_QST] WHERE Id = 1902)
BEGIN
    INSERT INTO [dbo].[Question_QST] ([Id], [Question], [Id_Difficulty])
    VALUES (1902, N'Quel algorithme de chiffrement asymétrique est utilisé pour les signatures numériques modernes ?', 4);
END
SET IDENTITY_INSERT [dbo].[Question_QST] OFF;

INSERT INTO [dbo].[Answer_ANS] ([Id_Question], [Value], [Valid]) VALUES
    (1902, N'ECDSA', 1),
    (1902, N'RSA', 0),
    (1902, N'DSA', 0),
    (1902, N'Diffie-Hellman', 0);

IF NOT EXISTS (SELECT 1 FROM [dbo].[QuestionTheme_QTH] WHERE Id_Question = 1902 AND Id_Theme = @ThemeId)
BEGIN
    INSERT INTO [dbo].[QuestionTheme_QTH] ([Id_Question], [Id_Theme]) VALUES (1902, @ThemeId);
END

-- Question 154
SET IDENTITY_INSERT [dbo].[Question_QST] ON;
IF NOT EXISTS (SELECT 1 FROM [dbo].[Question_QST] WHERE Id = 1903)
BEGIN
    INSERT INTO [dbo].[Question_QST] ([Id], [Question], [Id_Difficulty])
    VALUES (1903, N'Quel est le langage utilisé pour le développement des smart contracts sur Hyperledger Fabric ?', 4);
END
SET IDENTITY_INSERT [dbo].[Question_QST] OFF;

INSERT INTO [dbo].[Answer_ANS] ([Id_Question], [Value], [Valid]) VALUES
    (1903, N'Go', 1),
    (1903, N'Solidity', 0),
    (1903, N'Python', 0),
    (1903, N'JavaScript', 0);

IF NOT EXISTS (SELECT 1 FROM [dbo].[QuestionTheme_QTH] WHERE Id_Question = 1903 AND Id_Theme = @ThemeId)
BEGIN
    INSERT INTO [dbo].[QuestionTheme_QTH] ([Id_Question], [Id_Theme]) VALUES (1903, @ThemeId);
END

-- Question 155
SET IDENTITY_INSERT [dbo].[Question_QST] ON;
IF NOT EXISTS (SELECT 1 FROM [dbo].[Question_QST] WHERE Id = 1904)
BEGIN
    INSERT INTO [dbo].[Question_QST] ([Id], [Question], [Id_Difficulty])
    VALUES (1904, N'Quel est le protocole principal utilisé pour l’Internet des objets à faible consommation d’énergie ?', 4);
END
SET IDENTITY_INSERT [dbo].[Question_QST] OFF;

INSERT INTO [dbo].[Answer_ANS] ([Id_Question], [Value], [Valid]) VALUES
    (1904, N'CoAP', 1),
    (1904, N'MQTT', 0),
    (1904, N'HTTP', 0),
    (1904, N'AMQP', 0);

IF NOT EXISTS (SELECT 1 FROM [dbo].[QuestionTheme_QTH] WHERE Id_Question = 1904 AND Id_Theme = @ThemeId)
BEGIN
    INSERT INTO [dbo].[QuestionTheme_QTH] ([Id_Question], [Id_Theme]) VALUES (1904, @ThemeId);
END

-- Question 156
SET IDENTITY_INSERT [dbo].[Question_QST] ON;
IF NOT EXISTS (SELECT 1 FROM [dbo].[Question_QST] WHERE Id = 1905)
BEGIN
    INSERT INTO [dbo].[Question_QST] ([Id], [Question], [Id_Difficulty])
    VALUES (1905, N'Quel est le terme pour un réseau de neurones génératif ?', 4);
END
SET IDENTITY_INSERT [dbo].[Question_QST] OFF;

INSERT INTO [dbo].[Answer_ANS] ([Id_Question], [Value], [Valid]) VALUES
    (1905, N'GAN', 1),
    (1905, N'CNN', 0),
    (1905, N'RNN', 0),
    (1905, N'LSTM', 0);

IF NOT EXISTS (SELECT 1 FROM [dbo].[QuestionTheme_QTH] WHERE Id_Question = 1905 AND Id_Theme = @ThemeId)
BEGIN
    INSERT INTO [dbo].[QuestionTheme_QTH] ([Id_Question], [Id_Theme]) VALUES (1905, @ThemeId);
END

-- Question 157
SET IDENTITY_INSERT [dbo].[Question_QST] ON;
IF NOT EXISTS (SELECT 1 FROM [dbo].[Question_QST] WHERE Id = 1906)
BEGIN
    INSERT INTO [dbo].[Question_QST] ([Id], [Question], [Id_Difficulty])
    VALUES (1906, N'Quel est le protocole de consensus utilisé par Bitcoin ?', 4);
END
SET IDENTITY_INSERT [dbo].[Question_QST] OFF;

INSERT INTO [dbo].[Answer_ANS] ([Id_Question], [Value], [Valid]) VALUES
    (1906, N'Proof of Work', 1),
    (1906, N'Proof of Stake', 0),
    (1906, N'PoA', 0),
    (1906, N'PBFT', 0);

IF NOT EXISTS (SELECT 1 FROM [dbo].[QuestionTheme_QTH] WHERE Id_Question = 1906 AND Id_Theme = @ThemeId)
BEGIN
    INSERT INTO [dbo].[QuestionTheme_QTH] ([Id_Question], [Id_Theme]) VALUES (1906, @ThemeId);
END

-- Question 158
SET IDENTITY_INSERT [dbo].[Question_QST] ON;
IF NOT EXISTS (SELECT 1 FROM [dbo].[Question_QST] WHERE Id = 1907)
BEGIN
    INSERT INTO [dbo].[Question_QST] ([Id], [Question], [Id_Difficulty])
    VALUES (1907, N'Quel type de RAID offre la tolérance aux pannes et la vitesse maximale ?', 4);
END
SET IDENTITY_INSERT [dbo].[Question_QST] OFF;

INSERT INTO [dbo].[Answer_ANS] ([Id_Question], [Value], [Valid]) VALUES
    (1907, N'RAID 10', 1),
    (1907, N'RAID 5', 0),
    (1907, N'RAID 0', 0),
    (1907, N'RAID 1', 0);

IF NOT EXISTS (SELECT 1 FROM [dbo].[QuestionTheme_QTH] WHERE Id_Question = 1907 AND Id_Theme = @ThemeId)
BEGIN
    INSERT INTO [dbo].[QuestionTheme_QTH] ([Id_Question], [Id_Theme]) VALUES (1907, @ThemeId);
END

-- Question 159
SET IDENTITY_INSERT [dbo].[Question_QST] ON;
IF NOT EXISTS (SELECT 1 FROM [dbo].[Question_QST] WHERE Id = 1908)
BEGIN
    INSERT INTO [dbo].[Question_QST] ([Id], [Question], [Id_Difficulty])
    VALUES (1908, N'Quel langage est utilisé pour la programmation parallèle sur des superordinateurs ?', 4);
END
SET IDENTITY_INSERT [dbo].[Question_QST] OFF;

INSERT INTO [dbo].[Answer_ANS] ([Id_Question], [Value], [Valid]) VALUES
    (1908, N'Fortran', 1),
    (1908, N'Python', 0),
    (1908, N'C#', 0),
    (1908, N'Ruby', 0);

IF NOT EXISTS (SELECT 1 FROM [dbo].[QuestionTheme_QTH] WHERE Id_Question = 1908 AND Id_Theme = @ThemeId)
BEGIN
    INSERT INTO [dbo].[QuestionTheme_QTH] ([Id_Question], [Id_Theme]) VALUES (1908, @ThemeId);
END

-- Question 160
SET IDENTITY_INSERT [dbo].[Question_QST] ON;
IF NOT EXISTS (SELECT 1 FROM [dbo].[Question_QST] WHERE Id = 1909)
BEGIN
    INSERT INTO [dbo].[Question_QST] ([Id], [Question], [Id_Difficulty])
    VALUES (1909, N'Quel protocole est utilisé pour la communication sécurisée entre objets connectés et serveurs ?', 4);
END
SET IDENTITY_INSERT [dbo].[Question_QST] OFF;

INSERT INTO [dbo].[Answer_ANS] ([Id_Question], [Value], [Valid]) VALUES
    (1909, N'MQTT over TLS', 1),
    (1909, N'HTTP', 0),
    (1909, N'FTP', 0),
    (1909, N'SMTP', 0);

IF NOT EXISTS (SELECT 1 FROM [dbo].[QuestionTheme_QTH] WHERE Id_Question = 1909 AND Id_Theme = @ThemeId)
BEGIN
    INSERT INTO [dbo].[QuestionTheme_QTH] ([Id_Question], [Id_Theme]) VALUES (1909, @ThemeId);
END

-- Question 161
SET IDENTITY_INSERT [dbo].[Question_QST] ON;
IF NOT EXISTS (SELECT 1 FROM [dbo].[Question_QST] WHERE Id = 1910)
BEGIN
    INSERT INTO [dbo].[Question_QST] ([Id], [Question], [Id_Difficulty])
    VALUES (1910, N'Quel est le terme pour un réseau blockchain privé et permissionné ?', 4);
END
SET IDENTITY_INSERT [dbo].[Question_QST] OFF;

INSERT INTO [dbo].[Answer_ANS] ([Id_Question], [Value], [Valid]) VALUES
    (1910, N'Consortium Blockchain', 1),
    (1910, N'Public Blockchain', 0),
    (1910, N'Hybrid Blockchain', 0),
    (1910, N'Sidechain', 0);

IF NOT EXISTS (SELECT 1 FROM [dbo].[QuestionTheme_QTH] WHERE Id_Question = 1910 AND Id_Theme = @ThemeId)
BEGIN
    INSERT INTO [dbo].[QuestionTheme_QTH] ([Id_Question], [Id_Theme]) VALUES (1910, @ThemeId);
END

-- Question 162
SET IDENTITY_INSERT [dbo].[Question_QST] ON;
IF NOT EXISTS (SELECT 1 FROM [dbo].[Question_QST] WHERE Id = 1911)
BEGIN
    INSERT INTO [dbo].[Question_QST] ([Id], [Question], [Id_Difficulty])
    VALUES (1911, N'Quel est le protocole utilisé pour la gestion des identités décentralisées ?', 4);
END
SET IDENTITY_INSERT [dbo].[Question_QST] OFF;

INSERT INTO [dbo].[Answer_ANS] ([Id_Question], [Value], [Valid]) VALUES
    (1911, N'DID', 1),
    (1911, N'LDAP', 0),
    (1911, N'OAuth', 0),
    (1911, N'SAML', 0);

IF NOT EXISTS (SELECT 1 FROM [dbo].[QuestionTheme_QTH] WHERE Id_Question = 1911 AND Id_Theme = @ThemeId)
BEGIN
    INSERT INTO [dbo].[QuestionTheme_QTH] ([Id_Question], [Id_Theme]) VALUES (1911, @ThemeId);
END

-- Question 163
SET IDENTITY_INSERT [dbo].[Question_QST] ON;
IF NOT EXISTS (SELECT 1 FROM [dbo].[Question_QST] WHERE Id = 1912)
BEGIN
    INSERT INTO [dbo].[Question_QST] ([Id], [Question], [Id_Difficulty])
    VALUES (1912, N'Quel langage est utilisé pour la programmation de FPGA ?', 4);
END
SET IDENTITY_INSERT [dbo].[Question_QST] OFF;

INSERT INTO [dbo].[Answer_ANS] ([Id_Question], [Value], [Valid]) VALUES
    (1912, N'VHDL', 1),
    (1912, N'Verilog', 0),
    (1912, N'C++', 0),
    (1912, N'Python', 0);

IF NOT EXISTS (SELECT 1 FROM [dbo].[QuestionTheme_QTH] WHERE Id_Question = 1912 AND Id_Theme = @ThemeId)
BEGIN
    INSERT INTO [dbo].[QuestionTheme_QTH] ([Id_Question], [Id_Theme]) VALUES (1912, @ThemeId);
END

-- Question 164
SET IDENTITY_INSERT [dbo].[Question_QST] ON;
IF NOT EXISTS (SELECT 1 FROM [dbo].[Question_QST] WHERE Id = 1913)
BEGIN
    INSERT INTO [dbo].[Question_QST] ([Id], [Question], [Id_Difficulty])
    VALUES (1913, N'Quel algorithme de chiffrement post-quantique est en cours d’adoption ?', 4);
END
SET IDENTITY_INSERT [dbo].[Question_QST] OFF;

INSERT INTO [dbo].[Answer_ANS] ([Id_Question], [Value], [Valid]) VALUES
    (1913, N'Lattice-based cryptography', 1),
    (1913, N'RSA', 0),
    (1913, N'AES', 0),
    (1913, N'ECC', 0);

IF NOT EXISTS (SELECT 1 FROM [dbo].[QuestionTheme_QTH] WHERE Id_Question = 1913 AND Id_Theme = @ThemeId)
BEGIN
    INSERT INTO [dbo].[QuestionTheme_QTH] ([Id_Question], [Id_Theme]) VALUES (1913, @ThemeId);
END

-- Question 165
SET IDENTITY_INSERT [dbo].[Question_QST] ON;
IF NOT EXISTS (SELECT 1 FROM [dbo].[Question_QST] WHERE Id = 1914)
BEGIN
    INSERT INTO [dbo].[Question_QST] ([Id], [Question], [Id_Difficulty])
    VALUES (1914, N'Quel protocole est utilisé pour le stockage sécurisé sur des systèmes distribués ?', 4);
END
SET IDENTITY_INSERT [dbo].[Question_QST] OFF;

INSERT INTO [dbo].[Answer_ANS] ([Id_Question], [Value], [Valid]) VALUES
    (1914, N'IPFS', 1),
    (1914, N'FTP', 0),
    (1914, N'HTTP', 0),
    (1914, N'SMB', 0);

IF NOT EXISTS (SELECT 1 FROM [dbo].[QuestionTheme_QTH] WHERE Id_Question = 1914 AND Id_Theme = @ThemeId)
BEGIN
    INSERT INTO [dbo].[QuestionTheme_QTH] ([Id_Question], [Id_Theme]) VALUES (1914, @ThemeId);
END

-- Question 166
SET IDENTITY_INSERT [dbo].[Question_QST] ON;
IF NOT EXISTS (SELECT 1 FROM [dbo].[Question_QST] WHERE Id = 1915)
BEGIN
    INSERT INTO [dbo].[Question_QST] ([Id], [Question], [Id_Difficulty])
    VALUES (1915, N'Quel est le terme pour les attaques exploitant des failles dans les ordinateurs quantiques ?', 4);
END
SET IDENTITY_INSERT [dbo].[Question_QST] OFF;

INSERT INTO [dbo].[Answer_ANS] ([Id_Question], [Value], [Valid]) VALUES
    (1915, N'Quantum attack', 1),
    (1915, N'Side-channel attack', 0),
    (1915, N'DDoS', 0),
    (1915, N'Phishing', 0);

IF NOT EXISTS (SELECT 1 FROM [dbo].[QuestionTheme_QTH] WHERE Id_Question = 1915 AND Id_Theme = @ThemeId)
BEGIN
    INSERT INTO [dbo].[QuestionTheme_QTH] ([Id_Question], [Id_Theme]) VALUES (1915, @ThemeId);
END

-- Question 167
SET IDENTITY_INSERT [dbo].[Question_QST] ON;
IF NOT EXISTS (SELECT 1 FROM [dbo].[Question_QST] WHERE Id = 1916)
BEGIN
    INSERT INTO [dbo].[Question_QST] ([Id], [Question], [Id_Difficulty])
    VALUES (1916, N'Quel langage est utilisé pour les applications scientifiques hautes performances ?', 4);
END
SET IDENTITY_INSERT [dbo].[Question_QST] OFF;

INSERT INTO [dbo].[Answer_ANS] ([Id_Question], [Value], [Valid]) VALUES
    (1916, N'Julia', 1),
    (1916, N'Python', 0),
    (1916, N'C++', 0),
    (1916, N'Fortran', 0);

IF NOT EXISTS (SELECT 1 FROM [dbo].[QuestionTheme_QTH] WHERE Id_Question = 1916 AND Id_Theme = @ThemeId)
BEGIN
    INSERT INTO [dbo].[QuestionTheme_QTH] ([Id_Question], [Id_Theme]) VALUES (1916, @ThemeId);
END

-- Question 168
SET IDENTITY_INSERT [dbo].[Question_QST] ON;
IF NOT EXISTS (SELECT 1 FROM [dbo].[Question_QST] WHERE Id = 1917)
BEGIN
    INSERT INTO [dbo].[Question_QST] ([Id], [Question], [Id_Difficulty])
    VALUES (1917, N'Quel protocole permet la synchronisation des données blockchain entre nœuds ?', 4);
END
SET IDENTITY_INSERT [dbo].[Question_QST] OFF;

INSERT INTO [dbo].[Answer_ANS] ([Id_Question], [Value], [Valid]) VALUES
    (1917, N'Gossip Protocol', 1),
    (1917, N'HTTP', 0),
    (1917, N'FTP', 0),
    (1917, N'SMTP', 0);

IF NOT EXISTS (SELECT 1 FROM [dbo].[QuestionTheme_QTH] WHERE Id_Question = 1917 AND Id_Theme = @ThemeId)
BEGIN
    INSERT INTO [dbo].[QuestionTheme_QTH] ([Id_Question], [Id_Theme]) VALUES (1917, @ThemeId);
END

-- Question 169
SET IDENTITY_INSERT [dbo].[Question_QST] ON;
IF NOT EXISTS (SELECT 1 FROM [dbo].[Question_QST] WHERE Id = 1918)
BEGIN
    INSERT INTO [dbo].[Question_QST] ([Id], [Question], [Id_Difficulty])
    VALUES (1918, N'Quel type de stockage est utilisé dans les systèmes NVMe pour la vitesse extrême ?', 4);
END
SET IDENTITY_INSERT [dbo].[Question_QST] OFF;

INSERT INTO [dbo].[Answer_ANS] ([Id_Question], [Value], [Valid]) VALUES
    (1918, N'PCIe SSD', 1),
    (1918, N'SATA SSD', 0),
    (1918, N'RAM Disk', 0),
    (1918, N'HDD', 0);

IF NOT EXISTS (SELECT 1 FROM [dbo].[QuestionTheme_QTH] WHERE Id_Question = 1918 AND Id_Theme = @ThemeId)
BEGIN
    INSERT INTO [dbo].[QuestionTheme_QTH] ([Id_Question], [Id_Theme]) VALUES (1918, @ThemeId);
END

-- Question 170
SET IDENTITY_INSERT [dbo].[Question_QST] ON;
IF NOT EXISTS (SELECT 1 FROM [dbo].[Question_QST] WHERE Id = 1919)
BEGIN
    INSERT INTO [dbo].[Question_QST] ([Id], [Question], [Id_Difficulty])
    VALUES (1919, N'Quel est le terme pour l’orchestration distribuée des conteneurs dans le cloud ?', 4);
END
SET IDENTITY_INSERT [dbo].[Question_QST] OFF;

INSERT INTO [dbo].[Answer_ANS] ([Id_Question], [Value], [Valid]) VALUES
    (1919, N'Kubernetes', 1),
    (1919, N'Docker Swarm', 0),
    (1919, N'Mesos', 0),
    (1919, N'Nomad', 0);

IF NOT EXISTS (SELECT 1 FROM [dbo].[QuestionTheme_QTH] WHERE Id_Question = 1919 AND Id_Theme = @ThemeId)
BEGIN
    INSERT INTO [dbo].[QuestionTheme_QTH] ([Id_Question], [Id_Theme]) VALUES (1919, @ThemeId);
END

-- Question 171
SET IDENTITY_INSERT [dbo].[Question_QST] ON;
IF NOT EXISTS (SELECT 1 FROM [dbo].[Question_QST] WHERE Id = 1920)
BEGIN
    INSERT INTO [dbo].[Question_QST] ([Id], [Question], [Id_Difficulty])
    VALUES (1920, N'Quel protocole IoT est conçu pour les environnements industriels ?', 4);
END
SET IDENTITY_INSERT [dbo].[Question_QST] OFF;

INSERT INTO [dbo].[Answer_ANS] ([Id_Question], [Value], [Valid]) VALUES
    (1920, N'OPC UA', 1),
    (1920, N'MQTT', 0),
    (1920, N'CoAP', 0),
    (1920, N'HTTP', 0);

IF NOT EXISTS (SELECT 1 FROM [dbo].[QuestionTheme_QTH] WHERE Id_Question = 1920 AND Id_Theme = @ThemeId)
BEGIN
    INSERT INTO [dbo].[QuestionTheme_QTH] ([Id_Question], [Id_Theme]) VALUES (1920, @ThemeId);
END

-- Question 172
SET IDENTITY_INSERT [dbo].[Question_QST] ON;
IF NOT EXISTS (SELECT 1 FROM [dbo].[Question_QST] WHERE Id = 1921)
BEGIN
    INSERT INTO [dbo].[Question_QST] ([Id], [Question], [Id_Difficulty])
    VALUES (1921, N'Quel est le protocole cryptographique utilisé dans les transactions Monero ?', 4);
END
SET IDENTITY_INSERT [dbo].[Question_QST] OFF;

INSERT INTO [dbo].[Answer_ANS] ([Id_Question], [Value], [Valid]) VALUES
    (1921, N'RingCT', 1),
    (1921, N'ECDSA', 0),
    (1921, N'RSA', 0),
    (1921, N'SHA-256', 0);

IF NOT EXISTS (SELECT 1 FROM [dbo].[QuestionTheme_QTH] WHERE Id_Question = 1921 AND Id_Theme = @ThemeId)
BEGIN
    INSERT INTO [dbo].[QuestionTheme_QTH] ([Id_Question], [Id_Theme]) VALUES (1921, @ThemeId);
END

-- Question 173
SET IDENTITY_INSERT [dbo].[Question_QST] ON;
IF NOT EXISTS (SELECT 1 FROM [dbo].[Question_QST] WHERE Id = 1922)
BEGIN
    INSERT INTO [dbo].[Question_QST] ([Id], [Question], [Id_Difficulty])
    VALUES (1922, N'Quel est le terme pour une attaque exploitant l’ordinateur quantique pour casser RSA ?', 4);
END
SET IDENTITY_INSERT [dbo].[Question_QST] OFF;

INSERT INTO [dbo].[Answer_ANS] ([Id_Question], [Value], [Valid]) VALUES
    (1922, N'Shor’s Algorithm Attack', 1),
    (1922, N'Grover Attack', 0),
    (1922, N'Side-channel attack', 0),
    (1922, N'Phishing', 0);

IF NOT EXISTS (SELECT 1 FROM [dbo].[QuestionTheme_QTH] WHERE Id_Question = 1922 AND Id_Theme = @ThemeId)
BEGIN
    INSERT INTO [dbo].[QuestionTheme_QTH] ([Id_Question], [Id_Theme]) VALUES (1922, @ThemeId);
END

-- Question 174
SET IDENTITY_INSERT [dbo].[Question_QST] ON;
IF NOT EXISTS (SELECT 1 FROM [dbo].[Question_QST] WHERE Id = 1923)
BEGIN
    INSERT INTO [dbo].[Question_QST] ([Id], [Question], [Id_Difficulty])
    VALUES (1923, N'Quel langage est utilisé pour les applications de calcul haute performance GPU ?', 4);
END
SET IDENTITY_INSERT [dbo].[Question_QST] OFF;

INSERT INTO [dbo].[Answer_ANS] ([Id_Question], [Value], [Valid]) VALUES
    (1923, N'CUDA', 1),
    (1923, N'OpenCL', 0),
    (1923, N'Python', 0),
    (1923, N'C++', 0);

IF NOT EXISTS (SELECT 1 FROM [dbo].[QuestionTheme_QTH] WHERE Id_Question = 1923 AND Id_Theme = @ThemeId)
BEGIN
    INSERT INTO [dbo].[QuestionTheme_QTH] ([Id_Question], [Id_Theme]) VALUES (1923, @ThemeId);
END

-- Question 175
SET IDENTITY_INSERT [dbo].[Question_QST] ON;
IF NOT EXISTS (SELECT 1 FROM [dbo].[Question_QST] WHERE Id = 1924)
BEGIN
    INSERT INTO [dbo].[Question_QST] ([Id], [Question], [Id_Difficulty])
    VALUES (1924, N'Quel protocole blockchain est basé sur la preuve d’enjeu déléguée ?', 4);
END
SET IDENTITY_INSERT [dbo].[Question_QST] OFF;

INSERT INTO [dbo].[Answer_ANS] ([Id_Question], [Value], [Valid]) VALUES
    (1924, N'DPoS', 1),
    (1924, N'PoW', 0),
    (1924, N'PoA', 0),
    (1924, N'PBFT', 0);

IF NOT EXISTS (SELECT 1 FROM [dbo].[QuestionTheme_QTH] WHERE Id_Question = 1924 AND Id_Theme = @ThemeId)
BEGIN
    INSERT INTO [dbo].[QuestionTheme_QTH] ([Id_Question], [Id_Theme]) VALUES (1924, @ThemeId);
END

-- Question 176
SET IDENTITY_INSERT [dbo].[Question_QST] ON;
IF NOT EXISTS (SELECT 1 FROM [dbo].[Question_QST] WHERE Id = 1925)
BEGIN
    INSERT INTO [dbo].[Question_QST] ([Id], [Question], [Id_Difficulty])
    VALUES (1925, N'Quel algorithme est utilisé pour la confidentialité transactionnelle dans Zcash ?', 4);
END
SET IDENTITY_INSERT [dbo].[Question_QST] OFF;

INSERT INTO [dbo].[Answer_ANS] ([Id_Question], [Value], [Valid]) VALUES
    (1925, N'zk-SNARKs', 1),
    (1925, N'RSA', 0),
    (1925, N'AES', 0),
    (1925, N'ECDSA', 0);

IF NOT EXISTS (SELECT 1 FROM [dbo].[QuestionTheme_QTH] WHERE Id_Question = 1925 AND Id_Theme = @ThemeId)
BEGIN
    INSERT INTO [dbo].[QuestionTheme_QTH] ([Id_Question], [Id_Theme]) VALUES (1925, @ThemeId);
END

-- Question 177
SET IDENTITY_INSERT [dbo].[Question_QST] ON;
IF NOT EXISTS (SELECT 1 FROM [dbo].[Question_QST] WHERE Id = 1926)
BEGIN
    INSERT INTO [dbo].[Question_QST] ([Id], [Question], [Id_Difficulty])
    VALUES (1926, N'Quel est le terme pour le stockage sécurisé avec redondance multi-régions dans le cloud ?', 4);
END
SET IDENTITY_INSERT [dbo].[Question_QST] OFF;

INSERT INTO [dbo].[Answer_ANS] ([Id_Question], [Value], [Valid]) VALUES
    (1926, N'Geo-redundant storage', 1),
    (1926, N'RAID 0', 0),
    (1926, N'RAID 1', 0),
    (1926, N'Cache', 0);

IF NOT EXISTS (SELECT 1 FROM [dbo].[QuestionTheme_QTH] WHERE Id_Question = 1926 AND Id_Theme = @ThemeId)
BEGIN
    INSERT INTO [dbo].[QuestionTheme_QTH] ([Id_Question], [Id_Theme]) VALUES (1926, @ThemeId);
END

-- Question 178
SET IDENTITY_INSERT [dbo].[Question_QST] ON;
IF NOT EXISTS (SELECT 1 FROM [dbo].[Question_QST] WHERE Id = 1927)
BEGIN
    INSERT INTO [dbo].[Question_QST] ([Id], [Question], [Id_Difficulty])
    VALUES (1927, N'Quel protocole est utilisé pour l’authentification forte dans les systèmes d’entreprise ?', 4);
END
SET IDENTITY_INSERT [dbo].[Question_QST] OFF;

INSERT INTO [dbo].[Answer_ANS] ([Id_Question], [Value], [Valid]) VALUES
    (1927, N'FIDO2', 1),
    (1927, N'OAuth2', 0),
    (1927, N'SAML', 0),
    (1927, N'Kerberos', 0);

IF NOT EXISTS (SELECT 1 FROM [dbo].[QuestionTheme_QTH] WHERE Id_Question = 1927 AND Id_Theme = @ThemeId)
BEGIN
    INSERT INTO [dbo].[QuestionTheme_QTH] ([Id_Question], [Id_Theme]) VALUES (1927, @ThemeId);
END

-- Question 179
SET IDENTITY_INSERT [dbo].[Question_QST] ON;
IF NOT EXISTS (SELECT 1 FROM [dbo].[Question_QST] WHERE Id = 1928)
BEGIN
    INSERT INTO [dbo].[Question_QST] ([Id], [Question], [Id_Difficulty])
    VALUES (1928, N'Quel langage est utilisé pour le deep learning avec TensorFlow et PyTorch ?', 4);
END
SET IDENTITY_INSERT [dbo].[Question_QST] OFF;

INSERT INTO [dbo].[Answer_ANS] ([Id_Question], [Value], [Valid]) VALUES
    (1928, N'Python', 1),
    (1928, N'C++', 0),
    (1928, N'Java', 0),
    (1928, N'R', 0);

IF NOT EXISTS (SELECT 1 FROM [dbo].[QuestionTheme_QTH] WHERE Id_Question = 1928 AND Id_Theme = @ThemeId)
BEGIN
    INSERT INTO [dbo].[QuestionTheme_QTH] ([Id_Question], [Id_Theme]) VALUES (1928, @ThemeId);
END

-- Question 180
SET IDENTITY_INSERT [dbo].[Question_QST] ON;
IF NOT EXISTS (SELECT 1 FROM [dbo].[Question_QST] WHERE Id = 1929)
BEGIN
    INSERT INTO [dbo].[Question_QST] ([Id], [Question], [Id_Difficulty])
    VALUES (1929, N'Quel protocole de communication ultra-basse latence est utilisé dans la finance ?', 4);
END
SET IDENTITY_INSERT [dbo].[Question_QST] OFF;

INSERT INTO [dbo].[Answer_ANS] ([Id_Question], [Value], [Valid]) VALUES
    (1929, N'FIX Protocol', 1),
    (1929, N'MQTT', 0),
    (1929, N'HTTP', 0),
    (1929, N'FTP', 0);

IF NOT EXISTS (SELECT 1 FROM [dbo].[QuestionTheme_QTH] WHERE Id_Question = 1929 AND Id_Theme = @ThemeId)
BEGIN
    INSERT INTO [dbo].[QuestionTheme_QTH] ([Id_Question], [Id_Theme]) VALUES (1929, @ThemeId);
END

-- Question 181
SET IDENTITY_INSERT [dbo].[Question_QST] ON;
IF NOT EXISTS (SELECT 1 FROM [dbo].[Question_QST] WHERE Id = 1930)
BEGIN
    INSERT INTO [dbo].[Question_QST] ([Id], [Question], [Id_Difficulty])
    VALUES (1930, N'Quel type de blockchain permet l’anonymat complet ?', 4);
END
SET IDENTITY_INSERT [dbo].[Question_QST] OFF;

INSERT INTO [dbo].[Answer_ANS] ([Id_Question], [Value], [Valid]) VALUES
    (1930, N'Privacy Blockchain', 1),
    (1930, N'Public Blockchain', 0),
    (1930, N'Consortium Blockchain', 0),
    (1930, N'Hybrid Blockchain', 0);

IF NOT EXISTS (SELECT 1 FROM [dbo].[QuestionTheme_QTH] WHERE Id_Question = 1930 AND Id_Theme = @ThemeId)
BEGIN
    INSERT INTO [dbo].[QuestionTheme_QTH] ([Id_Question], [Id_Theme]) VALUES (1930, @ThemeId);
END

-- Question 182
SET IDENTITY_INSERT [dbo].[Question_QST] ON;
IF NOT EXISTS (SELECT 1 FROM [dbo].[Question_QST] WHERE Id = 1931)
BEGIN
    INSERT INTO [dbo].[Question_QST] ([Id], [Question], [Id_Difficulty])
    VALUES (1931, N'Quel protocole quantique permet le transfert sécurisé de clés ?', 4);
END
SET IDENTITY_INSERT [dbo].[Question_QST] OFF;

INSERT INTO [dbo].[Answer_ANS] ([Id_Question], [Value], [Valid]) VALUES
    (1931, N'QKD', 1),
    (1931, N'TLS', 0),
    (1931, N'SSL', 0),
    (1931, N'HTTPS', 0);

IF NOT EXISTS (SELECT 1 FROM [dbo].[QuestionTheme_QTH] WHERE Id_Question = 1931 AND Id_Theme = @ThemeId)
BEGIN
    INSERT INTO [dbo].[QuestionTheme_QTH] ([Id_Question], [Id_Theme]) VALUES (1931, @ThemeId);
END

-- Question 183
SET IDENTITY_INSERT [dbo].[Question_QST] ON;
IF NOT EXISTS (SELECT 1 FROM [dbo].[Question_QST] WHERE Id = 1932)
BEGIN
    INSERT INTO [dbo].[Question_QST] ([Id], [Question], [Id_Difficulty])
    VALUES (1932, N'Quel langage est utilisé pour le scripting dans Kubernetes ?', 4);
END
SET IDENTITY_INSERT [dbo].[Question_QST] OFF;

INSERT INTO [dbo].[Answer_ANS] ([Id_Question], [Value], [Valid]) VALUES
    (1932, N'YAML', 1),
    (1932, N'Python', 0),
    (1932, N'JavaScript', 0),
    (1932, N'JSON', 0);

IF NOT EXISTS (SELECT 1 FROM [dbo].[QuestionTheme_QTH] WHERE Id_Question = 1932 AND Id_Theme = @ThemeId)
BEGIN
    INSERT INTO [dbo].[QuestionTheme_QTH] ([Id_Question], [Id_Theme]) VALUES (1932, @ThemeId);
END

-- Question 184
SET IDENTITY_INSERT [dbo].[Question_QST] ON;
IF NOT EXISTS (SELECT 1 FROM [dbo].[Question_QST] WHERE Id = 1933)
BEGIN
    INSERT INTO [dbo].[Question_QST] ([Id], [Question], [Id_Difficulty])
    VALUES (1933, N'Quel protocole est utilisé pour la communication entre véhicules autonomes ?', 4);
END
SET IDENTITY_INSERT [dbo].[Question_QST] OFF;

INSERT INTO [dbo].[Answer_ANS] ([Id_Question], [Value], [Valid]) VALUES
    (1933, N'V2X', 1),
    (1933, N'MQTT', 0),
    (1933, N'HTTP', 0),
    (1933, N'FTP', 0);

IF NOT EXISTS (SELECT 1 FROM [dbo].[QuestionTheme_QTH] WHERE Id_Question = 1933 AND Id_Theme = @ThemeId)
BEGIN
    INSERT INTO [dbo].[QuestionTheme_QTH] ([Id_Question], [Id_Theme]) VALUES (1933, @ThemeId);
END

-- Question 185
SET IDENTITY_INSERT [dbo].[Question_QST] ON;
IF NOT EXISTS (SELECT 1 FROM [dbo].[Question_QST] WHERE Id = 1934)
BEGIN
    INSERT INTO [dbo].[Question_QST] ([Id], [Question], [Id_Difficulty])
    VALUES (1934, N'Quel algorithme permet le hachage sécurisé post-quantique ?', 4);
END
SET IDENTITY_INSERT [dbo].[Question_QST] OFF;

INSERT INTO [dbo].[Answer_ANS] ([Id_Question], [Value], [Valid]) VALUES
    (1934, N'SHA-3', 1),
    (1934, N'SHA-256', 0),
    (1934, N'RSA', 0),
    (1934, N'AES', 0);

IF NOT EXISTS (SELECT 1 FROM [dbo].[QuestionTheme_QTH] WHERE Id_Question = 1934 AND Id_Theme = @ThemeId)
BEGIN
    INSERT INTO [dbo].[QuestionTheme_QTH] ([Id_Question], [Id_Theme]) VALUES (1934, @ThemeId);
END

-- Question 186
SET IDENTITY_INSERT [dbo].[Question_QST] ON;
IF NOT EXISTS (SELECT 1 FROM [dbo].[Question_QST] WHERE Id = 1935)
BEGIN
    INSERT INTO [dbo].[Question_QST] ([Id], [Question], [Id_Difficulty])
    VALUES (1935, N'Quel protocole IoT léger est adapté aux capteurs à faible bande passante ?', 4);
END
SET IDENTITY_INSERT [dbo].[Question_QST] OFF;

INSERT INTO [dbo].[Answer_ANS] ([Id_Question], [Value], [Valid]) VALUES
    (1935, N'CoAP', 1),
    (1935, N'MQTT', 0),
    (1935, N'HTTP', 0),
    (1935, N'FTP', 0);

IF NOT EXISTS (SELECT 1 FROM [dbo].[QuestionTheme_QTH] WHERE Id_Question = 1935 AND Id_Theme = @ThemeId)
BEGIN
    INSERT INTO [dbo].[QuestionTheme_QTH] ([Id_Question], [Id_Theme]) VALUES (1935, @ThemeId);
END

-- Question 187
SET IDENTITY_INSERT [dbo].[Question_QST] ON;
IF NOT EXISTS (SELECT 1 FROM [dbo].[Question_QST] WHERE Id = 1936)
BEGIN
    INSERT INTO [dbo].[Question_QST] ([Id], [Question], [Id_Difficulty])
    VALUES (1936, N'Quel langage est utilisé pour la programmation des smart contracts Hyperledger Sawtooth ?', 4);
END
SET IDENTITY_INSERT [dbo].[Question_QST] OFF;

INSERT INTO [dbo].[Answer_ANS] ([Id_Question], [Value], [Valid]) VALUES
    (1936, N'Python', 1),
    (1936, N'Java', 0),
    (1936, N'C++', 0),
    (1936, N'Go', 0);

IF NOT EXISTS (SELECT 1 FROM [dbo].[QuestionTheme_QTH] WHERE Id_Question = 1936 AND Id_Theme = @ThemeId)
BEGIN
    INSERT INTO [dbo].[QuestionTheme_QTH] ([Id_Question], [Id_Theme]) VALUES (1936, @ThemeId);
END

-- Question 188
SET IDENTITY_INSERT [dbo].[Question_QST] ON;
IF NOT EXISTS (SELECT 1 FROM [dbo].[Question_QST] WHERE Id = 1937)
BEGIN
    INSERT INTO [dbo].[Question_QST] ([Id], [Question], [Id_Difficulty])
    VALUES (1937, N'Quel protocole est utilisé pour l’identité décentralisée et vérifiable ?', 4);
END
SET IDENTITY_INSERT [dbo].[Question_QST] OFF;

INSERT INTO [dbo].[Answer_ANS] ([Id_Question], [Value], [Valid]) VALUES
    (1937, N'DID', 1),
    (1937, N'OAuth2', 0),
    (1937, N'SAML', 0),
    (1937, N'LDAP', 0);

IF NOT EXISTS (SELECT 1 FROM [dbo].[QuestionTheme_QTH] WHERE Id_Question = 1937 AND Id_Theme = @ThemeId)
BEGIN
    INSERT INTO [dbo].[QuestionTheme_QTH] ([Id_Question], [Id_Theme]) VALUES (1937, @ThemeId);
END

-- Question 189
SET IDENTITY_INSERT [dbo].[Question_QST] ON;
IF NOT EXISTS (SELECT 1 FROM [dbo].[Question_QST] WHERE Id = 1938)
BEGIN
    INSERT INTO [dbo].[Question_QST] ([Id], [Question], [Id_Difficulty])
    VALUES (1938, N'Quel algorithme quantique est utilisé pour accélérer la recherche dans une base de données ?', 4);
END
SET IDENTITY_INSERT [dbo].[Question_QST] OFF;

INSERT INTO [dbo].[Answer_ANS] ([Id_Question], [Value], [Valid]) VALUES
    (1938, N'Grover’s Algorithm', 1),
    (1938, N'Shor’s Algorithm', 0),
    (1938, N'RSA', 0),
    (1938, N'AES', 0);

IF NOT EXISTS (SELECT 1 FROM [dbo].[QuestionTheme_QTH] WHERE Id_Question = 1938 AND Id_Theme = @ThemeId)
BEGIN
    INSERT INTO [dbo].[QuestionTheme_QTH] ([Id_Question], [Id_Theme]) VALUES (1938, @ThemeId);
END

-- Question 190
SET IDENTITY_INSERT [dbo].[Question_QST] ON;
IF NOT EXISTS (SELECT 1 FROM [dbo].[Question_QST] WHERE Id = 1939)
BEGIN
    INSERT INTO [dbo].[Question_QST] ([Id], [Question], [Id_Difficulty])
    VALUES (1939, N'Quel protocole permet la mise à jour sécurisée des firmware IoT ?', 4);
END
SET IDENTITY_INSERT [dbo].[Question_QST] OFF;

INSERT INTO [dbo].[Answer_ANS] ([Id_Question], [Value], [Valid]) VALUES
    (1939, N'OTA with TLS', 1),
    (1939, N'HTTP', 0),
    (1939, N'FTP', 0),
    (1939, N'SMTP', 0);

IF NOT EXISTS (SELECT 1 FROM [dbo].[QuestionTheme_QTH] WHERE Id_Question = 1939 AND Id_Theme = @ThemeId)
BEGIN
    INSERT INTO [dbo].[QuestionTheme_QTH] ([Id_Question], [Id_Theme]) VALUES (1939, @ThemeId);
END

-- Question 191
SET IDENTITY_INSERT [dbo].[Question_QST] ON;
IF NOT EXISTS (SELECT 1 FROM [dbo].[Question_QST] WHERE Id = 1940)
BEGIN
    INSERT INTO [dbo].[Question_QST] ([Id], [Question], [Id_Difficulty])
    VALUES (1940, N'Quel est le protocole de sécurité pour la communication M2M industrielle ?', 4);
END
SET IDENTITY_INSERT [dbo].[Question_QST] OFF;

INSERT INTO [dbo].[Answer_ANS] ([Id_Question], [Value], [Valid]) VALUES
    (1940, N'OPC UA over TLS', 1),
    (1940, N'MQTT', 0),
    (1940, N'CoAP', 0),
    (1940, N'HTTP', 0);

IF NOT EXISTS (SELECT 1 FROM [dbo].[QuestionTheme_QTH] WHERE Id_Question = 1940 AND Id_Theme = @ThemeId)
BEGIN
    INSERT INTO [dbo].[QuestionTheme_QTH] ([Id_Question], [Id_Theme]) VALUES (1940, @ThemeId);
END

-- Question 192
SET IDENTITY_INSERT [dbo].[Question_QST] ON;
IF NOT EXISTS (SELECT 1 FROM [dbo].[Question_QST] WHERE Id = 1941)
BEGIN
    INSERT INTO [dbo].[Question_QST] ([Id], [Question], [Id_Difficulty])
    VALUES (1941, N'Quel langage est utilisé pour l’analyse de données massives avec Apache Spark ?', 4);
END
SET IDENTITY_INSERT [dbo].[Question_QST] OFF;

INSERT INTO [dbo].[Answer_ANS] ([Id_Question], [Value], [Valid]) VALUES
    (1941, N'Scala', 1),
    (1941, N'Python', 0),
    (1941, N'Java', 0),
    (1941, N'R', 0);

IF NOT EXISTS (SELECT 1 FROM [dbo].[QuestionTheme_QTH] WHERE Id_Question = 1941 AND Id_Theme = @ThemeId)
BEGIN
    INSERT INTO [dbo].[QuestionTheme_QTH] ([Id_Question], [Id_Theme]) VALUES (1941, @ThemeId);
END

-- Question 193
SET IDENTITY_INSERT [dbo].[Question_QST] ON;
IF NOT EXISTS (SELECT 1 FROM [dbo].[Question_QST] WHERE Id = 1942)
BEGIN
    INSERT INTO [dbo].[Question_QST] ([Id], [Question], [Id_Difficulty])
    VALUES (1942, N'Quel protocole permet la synchronisation sécurisée dans les systèmes distribués ?', 4);
END
SET IDENTITY_INSERT [dbo].[Question_QST] OFF;

INSERT INTO [dbo].[Answer_ANS] ([Id_Question], [Value], [Valid]) VALUES
    (1942, N'Raft', 1),
    (1942, N'Paxos', 0),
    (1942, N'HTTP', 0),
    (1942, N'FTP', 0);

IF NOT EXISTS (SELECT 1 FROM [dbo].[QuestionTheme_QTH] WHERE Id_Question = 1942 AND Id_Theme = @ThemeId)
BEGIN
    INSERT INTO [dbo].[QuestionTheme_QTH] ([Id_Question], [Id_Theme]) VALUES (1942, @ThemeId);
END

-- Question 194
SET IDENTITY_INSERT [dbo].[Question_QST] ON;
IF NOT EXISTS (SELECT 1 FROM [dbo].[Question_QST] WHERE Id = 1943)
BEGIN
    INSERT INTO [dbo].[Question_QST] ([Id], [Question], [Id_Difficulty])
    VALUES (1943, N'Quel algorithme cryptographique est utilisé pour la confidentialité homomorphique ?', 4);
END
SET IDENTITY_INSERT [dbo].[Question_QST] OFF;

INSERT INTO [dbo].[Answer_ANS] ([Id_Question], [Value], [Valid]) VALUES
    (1943, N'Paillier', 1),
    (1943, N'RSA', 0),
    (1943, N'AES', 0),
    (1943, N'ECDSA', 0);

IF NOT EXISTS (SELECT 1 FROM [dbo].[QuestionTheme_QTH] WHERE Id_Question = 1943 AND Id_Theme = @ThemeId)
BEGIN
    INSERT INTO [dbo].[QuestionTheme_QTH] ([Id_Question], [Id_Theme]) VALUES (1943, @ThemeId);
END

-- Question 195
SET IDENTITY_INSERT [dbo].[Question_QST] ON;
IF NOT EXISTS (SELECT 1 FROM [dbo].[Question_QST] WHERE Id = 1944)
BEGIN
    INSERT INTO [dbo].[Question_QST] ([Id], [Question], [Id_Difficulty])
    VALUES (1944, N'Quel protocole IoT utilise des topics et messages publish-subscribe ?', 4);
END
SET IDENTITY_INSERT [dbo].[Question_QST] OFF;

INSERT INTO [dbo].[Answer_ANS] ([Id_Question], [Value], [Valid]) VALUES
    (1944, N'MQTT', 1),
    (1944, N'CoAP', 0),
    (1944, N'HTTP', 0),
    (1944, N'FTP', 0);

IF NOT EXISTS (SELECT 1 FROM [dbo].[QuestionTheme_QTH] WHERE Id_Question = 1944 AND Id_Theme = @ThemeId)
BEGIN
    INSERT INTO [dbo].[QuestionTheme_QTH] ([Id_Question], [Id_Theme]) VALUES (1944, @ThemeId);
END

-- Question 196
SET IDENTITY_INSERT [dbo].[Question_QST] ON;
IF NOT EXISTS (SELECT 1 FROM [dbo].[Question_QST] WHERE Id = 1945)
BEGIN
    INSERT INTO [dbo].[Question_QST] ([Id], [Question], [Id_Difficulty])
    VALUES (1945, N'Quel langage est utilisé pour le calcul quantique avec Qiskit ?', 4);
END
SET IDENTITY_INSERT [dbo].[Question_QST] OFF;

INSERT INTO [dbo].[Answer_ANS] ([Id_Question], [Value], [Valid]) VALUES
    (1945, N'Python', 1),
    (1945, N'C++', 0),
    (1945, N'Java', 0),
    (1945, N'Julia', 0);

IF NOT EXISTS (SELECT 1 FROM [dbo].[QuestionTheme_QTH] WHERE Id_Question = 1945 AND Id_Theme = @ThemeId)
BEGIN
    INSERT INTO [dbo].[QuestionTheme_QTH] ([Id_Question], [Id_Theme]) VALUES (1945, @ThemeId);
END

-- Question 197
SET IDENTITY_INSERT [dbo].[Question_QST] ON;
IF NOT EXISTS (SELECT 1 FROM [dbo].[Question_QST] WHERE Id = 1946)
BEGIN
    INSERT INTO [dbo].[Question_QST] ([Id], [Question], [Id_Difficulty])
    VALUES (1946, N'Quel protocole blockchain permet la finalité instantanée des transactions ?', 4);
END
SET IDENTITY_INSERT [dbo].[Question_QST] OFF;

INSERT INTO [dbo].[Answer_ANS] ([Id_Question], [Value], [Valid]) VALUES
    (1946, N'PBFT', 1),
    (1946, N'PoW', 0),
    (1946, N'PoS', 0),
    (1946, N'DPoS', 0);

IF NOT EXISTS (SELECT 1 FROM [dbo].[QuestionTheme_QTH] WHERE Id_Question = 1946 AND Id_Theme = @ThemeId)
BEGIN
    INSERT INTO [dbo].[QuestionTheme_QTH] ([Id_Question], [Id_Theme]) VALUES (1946, @ThemeId);
END

-- Question 198
SET IDENTITY_INSERT [dbo].[Question_QST] ON;
IF NOT EXISTS (SELECT 1 FROM [dbo].[Question_QST] WHERE Id = 1947)
BEGIN
    INSERT INTO [dbo].[Question_QST] ([Id], [Question], [Id_Difficulty])
    VALUES (1947, N'Quel type de stockage dans le cloud est optimisé pour l’archivage à long terme ?', 4);
END
SET IDENTITY_INSERT [dbo].[Question_QST] OFF;

INSERT INTO [dbo].[Answer_ANS] ([Id_Question], [Value], [Valid]) VALUES
    (1947, N'Object Storage Archive', 1),
    (1947, N'Block Storage', 0),
    (1947, N'File Storage', 0),
    (1947, N'RAM Disk', 0);

IF NOT EXISTS (SELECT 1 FROM [dbo].[QuestionTheme_QTH] WHERE Id_Question = 1947 AND Id_Theme = @ThemeId)
BEGIN
    INSERT INTO [dbo].[QuestionTheme_QTH] ([Id_Question], [Id_Theme]) VALUES (1947, @ThemeId);
END

-- Question 199
SET IDENTITY_INSERT [dbo].[Question_QST] ON;
IF NOT EXISTS (SELECT 1 FROM [dbo].[Question_QST] WHERE Id = 1948)
BEGIN
    INSERT INTO [dbo].[Question_QST] ([Id], [Question], [Id_Difficulty])
    VALUES (1948, N'Quel algorithme quantique permet de factoriser des entiers ?', 4);
END
SET IDENTITY_INSERT [dbo].[Question_QST] OFF;

INSERT INTO [dbo].[Answer_ANS] ([Id_Question], [Value], [Valid]) VALUES
    (1948, N'Shor’s Algorithm', 1),
    (1948, N'Grover’s Algorithm', 0),
    (1948, N'RSA', 0),
    (1948, N'AES', 0);

IF NOT EXISTS (SELECT 1 FROM [dbo].[QuestionTheme_QTH] WHERE Id_Question = 1948 AND Id_Theme = @ThemeId)
BEGIN
    INSERT INTO [dbo].[QuestionTheme_QTH] ([Id_Question], [Id_Theme]) VALUES (1948, @ThemeId);
END

-- Question 200
SET IDENTITY_INSERT [dbo].[Question_QST] ON;
IF NOT EXISTS (SELECT 1 FROM [dbo].[Question_QST] WHERE Id = 1949)
BEGIN
    INSERT INTO [dbo].[Question_QST] ([Id], [Question], [Id_Difficulty])
    VALUES (1949, N'Quel protocole assure la haute disponibilité et la réplication entre datacenters ?', 4);
END
SET IDENTITY_INSERT [dbo].[Question_QST] OFF;

INSERT INTO [dbo].[Answer_ANS] ([Id_Question], [Value], [Valid]) VALUES
    (1949, N'Geo-replication', 1),
    (1949, N'HTTP', 0),
    (1949, N'FTP', 0),
    (1949, N'SMTP', 0);

IF NOT EXISTS (SELECT 1 FROM [dbo].[QuestionTheme_QTH] WHERE Id_Question = 1949 AND Id_Theme = @ThemeId)
BEGIN
    INSERT INTO [dbo].[QuestionTheme_QTH] ([Id_Question], [Id_Theme]) VALUES (1949, @ThemeId);
END

-- Question 201
SET IDENTITY_INSERT [dbo].[Question_QST] ON;
IF NOT EXISTS (SELECT 1 FROM [dbo].[Question_QST] WHERE Id = 1950)
BEGIN
    INSERT INTO [dbo].[Question_QST] ([Id], [Question], [Id_Difficulty])
    VALUES (1950, N'Quel langage est utilisé pour le développement de l’IA avec PyTorch et TensorRT ?', 4);
END
SET IDENTITY_INSERT [dbo].[Question_QST] OFF;

INSERT INTO [dbo].[Answer_ANS] ([Id_Question], [Value], [Valid]) VALUES
    (1950, N'Python', 1),
    (1950, N'C++', 0),
    (1950, N'Java', 0),
    (1950, N'R', 0);

IF NOT EXISTS (SELECT 1 FROM [dbo].[QuestionTheme_QTH] WHERE Id_Question = 1950 AND Id_Theme = @ThemeId)
BEGIN
    INSERT INTO [dbo].[QuestionTheme_QTH] ([Id_Question], [Id_Theme]) VALUES (1950, @ThemeId);
END

-- Question 202
SET IDENTITY_INSERT [dbo].[Question_QST] ON;
IF NOT EXISTS (SELECT 1 FROM [dbo].[Question_QST] WHERE Id = 1951)
BEGIN
    INSERT INTO [dbo].[Question_QST] ([Id], [Question], [Id_Difficulty])
    VALUES (1951, N'Quel protocole permet l’échange sécurisé de données biométriques IoT ?', 4);
END
SET IDENTITY_INSERT [dbo].[Question_QST] OFF;

INSERT INTO [dbo].[Answer_ANS] ([Id_Question], [Value], [Valid]) VALUES
    (1951, N'TLS/SSL', 1),
    (1951, N'HTTP', 0),
    (1951, N'FTP', 0),
    (1951, N'SMTP', 0);

IF NOT EXISTS (SELECT 1 FROM [dbo].[QuestionTheme_QTH] WHERE Id_Question = 1951 AND Id_Theme = @ThemeId)
BEGIN
    INSERT INTO [dbo].[QuestionTheme_QTH] ([Id_Question], [Id_Theme]) VALUES (1951, @ThemeId);
END
